node_id,node_name,system_code,system_group,node_type,voivodeship_code,gmina_code,criticality_class,cascade_nodes,cascade_max_wave,cascade_systems,cascade_population,cascade_gminas,cascade_k1_nodes,first_secondary_hour,cascade_index,cascade_tier
IK-01-00181,GPZ 110/SN pomorskie-zachodni-09-02-00181,IK01,energy,GPZ 110/SN,22,2209002,K2,114,9,11,642162,45,30,1.1,90.63,krytyczny
IK-01-00332,magazyn/terminal paliw dolnośląskie-centralny-10-06-00332,IK01,energy,magazyn/terminal paliw,02,0210006,K2,130,8,11,522795,43,41,46.1,90.41,krytyczny
IK-01-00193,GPZ 110/SN dolnośląskie-zachodni-21-06-00193,IK01,energy,GPZ 110/SN,02,0221006,K2,130,8,11,522795,43,41,0.0,90.41,krytyczny
IK-01-00013,stacja NN 400/220 kV dolnośląskie-zachodni-15-06-00013,IK01,energy,stacja NN 400/220 kV,02,0215006,K1,130,6,11,522795,43,40,0.0,90.08,krytyczny
IK-01-00331,magazyn/terminal paliw dolnośląskie-południowy-25-06-00331,IK01,energy,magazyn/terminal paliw,02,0225006,K2,136,7,11,432434,38,45,32.5,87.59,krytyczny
IK-01-00198,GPZ 110/SN dolnośląskie-zachodni-09-04-00198,IK01,energy,GPZ 110/SN,02,0209004,K3,136,8,11,432434,38,45,0.0,87.59,krytyczny
IK-01-00006,stacja NN 400/220 kV dolnośląskie-miejski-05-07-00006,IK01,energy,stacja NN 400/220 kV,02,0205007,K1,136,5,11,432434,38,44,0.0,87.26,krytyczny
IK-01-00026,stacja NN 400/220 kV dolnośląskie-miejski-23-07-00026,IK01,energy,stacja NN 400/220 kV,02,0223007,K1,104,6,11,538453,34,29,0.0,82.18,krytyczny
IK-01-00376,stacja redukcyjna gazu pomorskie-zachodni-09-05-00376,IK01,energy,stacja redukcyjna gazu,22,2209005,K2,101,8,11,542568,38,27,42.1,81.16,krytyczny
IK-01-00173,GPZ 110/SN zachodniopomorskie-wschodni-02-02-00173,IK01,energy,GPZ 110/SN,32,3202002,K2,75,8,11,507922,32,23,1.7,72.61,krytyczny
IK-01-00009,stacja NN 400/220 kV opolskie-północny-06-07-00009,IK01,energy,stacja NN 400/220 kV,16,1606007,K1,118,7,11,291258,25,31,0.0,71.0,krytyczny
IK-01-00020,stacja NN 400/220 kV mazowieckie-południowy-37-02-00020,IK01,energy,stacja NN 400/220 kV,14,1437002,K1,83,5,11,478174,31,15,0.0,69.77,krytyczny
IK-01-00060,GPZ 110/SN mazowieckie-miejski-29-05-00060,IK01,energy,GPZ 110/SN,14,1429005,K1,56,4,11,604847,23,8,0.0,69.58,krytyczny
IK-01-00096,GPZ 110/SN małopolskie-wschodni-14-04-00096,IK01,energy,GPZ 110/SN,12,1214004,K2,69,7,10,472338,31,21,0.0,66.83,krytyczny
IK-01-00361,magazyn/terminal paliw małopolskie-miejski-11-06-00361,IK01,energy,magazyn/terminal paliw,12,1211006,K2,69,6,10,472338,31,21,24.3,66.83,krytyczny
IK-01-00028,stacja NN 400/220 kV małopolskie-miejski-17-01-00028,IK01,energy,stacja NN 400/220 kV,12,1217001,K1,69,8,10,472338,31,20,0.0,66.5,krytyczny
IK-01-00011,stacja NN 400/220 kV podkarpackie-miejski-17-05-00011,IK01,energy,stacja NN 400/220 kV,18,1817005,K1,86,6,10,364783,27,25,0.0,65.17,krytyczny
IK-01-00037,stacja NN 400/220 kV dolnośląskie-północny-18-04-00037,IK01,energy,stacja NN 400/220 kV,02,0218004,K1,81,5,11,343851,24,22,0.0,63.76,krytyczny
IK-01-00408,stacja redukcyjna gazu świętokrzyskie-wschodni-14-04-00408,IK01,energy,stacja redukcyjna gazu,26,2614004,K3,74,11,11,327259,33,25,39.1,62.39,krytyczny
IK-01-00234,GPZ 110/SN świętokrzyskie-zachodni-03-01-00234,IK01,energy,GPZ 110/SN,26,2603001,K2,74,8,11,327259,33,25,0.0,62.39,krytyczny
IK-01-00019,stacja NN 400/220 kV świętokrzyskie-miejski-05-04-00019,IK01,energy,stacja NN 400/220 kV,26,2605004,K1,74,9,11,327259,33,24,0.0,62.06,krytyczny
IK-01-00010,stacja NN 400/220 kV świętokrzyskie-miejski-11-03-00010,IK01,energy,stacja NN 400/220 kV,26,2611003,K1,74,8,11,327259,33,24,0.0,62.06,krytyczny
IK-01-00012,stacja NN 400/220 kV wielkopolskie-centralny-04-02-00012,IK01,energy,stacja NN 400/220 kV,30,3004002,K1,63,6,11,380220,26,18,0.0,61.01,krytyczny
IK-01-00334,magazyn/terminal paliw zachodniopomorskie-wschodni-20-03-00334,IK01,energy,magazyn/terminal paliw,32,3220003,K1,52,6,10,397418,26,12,21.8,56.02,krytyczny
IK-01-00008,stacja NN 400/220 kV łódzkie-centralny-10-01-00008,IK01,energy,stacja NN 400/220 kV,10,1010001,K1,59,4,11,267515,30,21,0.0,54.54,krytyczny
IK-01-00030,stacja NN 400/220 kV łódzkie-północny-24-06-00030,IK01,energy,stacja NN 400/220 kV,10,1024006,K1,39,3,10,336055,21,7,0.0,48.14,krytyczny
IK-01-00001,stacja NN 400/220 kV mazowieckie-miejski-05-03-00001,IK01,energy,stacja NN 400/220 kV,14,1405003,K1,47,4,11,245109,18,9,0.0,46.84,krytyczny
IK-01-00024,stacja NN 400/220 kV zachodniopomorskie-miejski-17-05-00024,IK01,energy,stacja NN 400/220 kV,32,3217005,K1,39,4,10,303195,17,5,0.0,45.53,krytyczny
IK-01-00218,GPZ 110/SN dolnośląskie-zachodni-15-03-00218,IK01,energy,GPZ 110/SN,02,0215003,K2,48,3,11,194316,14,13,0.0,45.36,krytyczny
IK-01-00033,stacja NN 400/220 kV opolskie-południowy-07-06-00033,IK01,energy,stacja NN 400/220 kV,16,1607006,K1,55,5,10,188255,18,13,0.0,44.57,wysoki
IK-01-00036,stacja NN 400/220 kV lubuskie-południowy-01-01-00036,IK01,energy,stacja NN 400/220 kV,08,0801001,K1,38,3,9,286924,22,5,0.0,42.55,wysoki
IK-01-00119,GPZ 110/SN dolnośląskie-południowy-13-02-00119,IK01,energy,GPZ 110/SN,02,0213002,K2,49,4,11,96027,9,17,0.0,41.08,wysoki
IK-01-00043,GPZ 110/SN opolskie-wschodni-08-01-00043,IK01,energy,GPZ 110/SN,16,1608001,K3,51,7,11,127971,11,10,1.5,41.03,wysoki
IK-01-00073,GPZ 110/SN podlaskie-wschodni-14-03-00073,IK01,energy,GPZ 110/SN,20,2014003,K1,37,4,11,143678,8,10,0.0,39.18,wysoki
IK-01-00023,stacja NN 400/220 kV opolskie-zachodni-03-03-00023,IK01,energy,stacja NN 400/220 kV,16,1603003,K1,40,4,10,152989,11,7,0.0,37.51,wysoki
IK-01-00215,GPZ 110/SN świętokrzyskie-południowy-07-04-00215,IK01,energy,GPZ 110/SN,26,2607004,K2,34,4,9,171876,14,11,0.0,36.95,wysoki
IK-01-00156,GPZ 110/SN dolnośląskie-zachodni-15-05-00156,IK01,energy,GPZ 110/SN,02,0215005,K2,30,4,10,169196,8,8,1.2,36.82,wysoki
IK-01-00034,stacja NN 400/220 kV kujawsko-pomorskie-zachodni-15-04-00034,IK01,energy,stacja NN 400/220 kV,04,0415004,K1,30,4,9,162058,13,8,0.0,34.58,wysoki
IK-01-00161,GPZ 110/SN lubelskie-południowy-13-01-00161,IK01,energy,GPZ 110/SN,06,0613001,K2,26,3,10,105838,11,14,0.0,34.27,wysoki
IK-01-00015,stacja NN 400/220 kV zachodniopomorskie-południowy-07-06-00015,IK01,energy,stacja NN 400/220 kV,32,3207006,K1,22,3,8,229666,12,3,0.0,33.5,wysoki
IK-01-00002,stacja NN 400/220 kV śląskie-miejski-23-05-00002,IK01,energy,stacja NN 400/220 kV,24,2423005,K1,19,3,9,208813,10,3,0.0,33.49,wysoki
IK-01-00038,stacja NN 400/220 kV łódzkie-centralny-22-05-00038,IK01,energy,stacja NN 400/220 kV,10,1022005,K1,26,4,8,202780,14,5,0.0,33.37,wysoki
IK-01-00160,GPZ 110/SN wielkopolskie-miejski-35-04-00160,IK01,energy,GPZ 110/SN,30,3035004,K2,29,4,10,100606,11,8,0.0,32.56,wysoki
IK-01-00102,GPZ 110/SN małopolskie-wschodni-02-03-00102,IK01,energy,GPZ 110/SN,12,1202003,K1,22,4,9,153009,9,8,0.0,32.45,wysoki
IK-01-00035,stacja NN 400/220 kV opolskie-wschodni-08-06-00035,IK01,energy,stacja NN 400/220 kV,16,1608006,K1,38,4,9,99988,8,7,0.0,32.16,wysoki
IK-01-00232,GPZ 110/SN małopolskie-centralny-16-01-00232,IK01,energy,GPZ 110/SN,12,1216001,K2,26,3,9,118144,12,9,0.0,31.52,wysoki
IK-01-00022,stacja NN 400/220 kV pomorskie-północny-12-05-00022,IK01,energy,stacja NN 400/220 kV,22,2212005,K1,21,3,9,156274,12,5,0.0,31.45,wysoki
IK-01-00041,GPZ 110/SN warmińsko-mazurskie-zachodni-15-05-00041,IK01,energy,GPZ 110/SN,28,2815005,K2,19,2,9,135299,10,5,0.0,29.81,wysoki
IK-01-00168,GPZ 110/SN dolnośląskie-miejski-11-02-00168,IK01,energy,GPZ 110/SN,02,0211002,K2,21,3,9,105800,5,9,0.0,29.79,wysoki
IK-01-00128,GPZ 110/SN wielkopolskie-wschodni-32-06-00128,IK01,energy,GPZ 110/SN,30,3032006,K2,15,2,10,121622,7,4,0.0,29.69,wysoki
IK-01-00087,GPZ 110/SN dolnośląskie-północny-06-07-00087,IK01,energy,GPZ 110/SN,02,0206007,K2,15,2,7,190113,10,7,0.0,29.29,wysoki
IK-01-00204,GPZ 110/SN opolskie-wschodni-02-01-00204,IK01,energy,GPZ 110/SN,16,1602001,K1,23,3,10,72129,3,6,0.0,29.02,wysoki
IK-01-00113,GPZ 110/SN podlaskie-południowy-13-01-00113,IK01,energy,GPZ 110/SN,20,2013001,K2,26,3,10,69993,7,4,0.0,28.82,wysoki
IK-01-00016,stacja NN 400/220 kV opolskie-południowy-01-01-00016,IK01,energy,stacja NN 400/220 kV,16,1601001,K1,29,3,8,93082,11,9,0.0,28.81,wysoki
IK-01-00129,GPZ 110/SN lubuskie-centralny-10-02-00129,IK01,energy,GPZ 110/SN,08,0810002,K2,19,3,8,167740,11,1,0.0,28.58,wysoki
IK-01-00207,GPZ 110/SN śląskie-centralny-04-01-00207,IK01,energy,GPZ 110/SN,24,2404001,K2,12,2,8,158432,5,1,0.0,26.64,wysoki
IK-01-00092,GPZ 110/SN podkarpackie-centralny-22-03-00092,IK01,energy,GPZ 110/SN,18,1822003,K2,16,2,8,111788,8,6,0.0,26.34,wysoki
IK-01-00135,GPZ 110/SN wielkopolskie-północny-12-04-00135,IK01,energy,GPZ 110/SN,30,3012004,K2,16,3,9,86062,5,5,0.0,26.3,wysoki
IK-01-00097,GPZ 110/SN podkarpackie-centralny-04-06-00097,IK01,energy,GPZ 110/SN,18,1804006,K2,17,2,9,74654,6,6,0.0,26.16,wysoki
IK-01-00217,GPZ 110/SN dolnośląskie-wschodni-26-05-00217,IK01,energy,GPZ 110/SN,02,0226005,K2,22,4,9,31117,5,9,0.0,25.57,wysoki
IK-01-00061,GPZ 110/SN kujawsko-pomorskie-zachodni-09-06-00061,IK01,energy,GPZ 110/SN,04,0409006,K2,24,3,9,31681,5,6,1.9,25.0,wysoki
IK-01-00078,GPZ 110/SN dolnośląskie-południowy-19-05-00078,IK01,energy,GPZ 110/SN,02,0219005,K3,20,4,8,53176,4,10,3.9,25.0,wysoki
IK-01-00027,stacja NN 400/220 kV opolskie-południowy-01-03-00027,IK01,energy,stacja NN 400/220 kV,16,1601003,K2,21,3,7,102181,9,6,0.0,24.94,wysoki
IK-01-00044,GPZ 110/SN lubuskie-wschodni-02-07-00044,IK01,energy,GPZ 110/SN,08,0802007,K2,16,2,7,130060,12,3,0.0,24.6,wysoki
IK-01-00213,GPZ 110/SN opolskie-północny-12-02-00213,IK01,energy,GPZ 110/SN,16,1612002,K2,24,3,8,48119,4,2,0.0,22.82,wysoki
IK-01-00062,GPZ 110/SN świętokrzyskie-zachodni-03-03-00062,IK01,energy,GPZ 110/SN,26,2603003,K2,14,2,7,98704,9,4,0.0,22.68,wysoki
IK-01-00079,GPZ 110/SN łódzkie-wschodni-20-05-00079,IK01,energy,GPZ 110/SN,10,1020005,K1,13,2,8,81188,7,2,1.0,22.6,wysoki
IK-01-00203,GPZ 110/SN dolnośląskie-północny-30-03-00203,IK01,energy,GPZ 110/SN,02,0230003,K1,14,3,8,87592,7,0,0.0,22.51,wysoki
IK-01-00162,GPZ 110/SN dolnośląskie-wschodni-02-04-00162,IK01,energy,GPZ 110/SN,02,0202004,K2,16,3,9,32852,3,3,0.0,22.48,wysoki
IK-01-00117,GPZ 110/SN warmińsko-mazurskie-południowy-01-04-00117,IK01,energy,GPZ 110/SN,28,2801004,K2,16,2,8,59249,3,3,0.0,22.23,wysoki
IK-01-00167,GPZ 110/SN mazowieckie-wschodni-14-05-00167,IK01,energy,GPZ 110/SN,14,1414005,K1,9,2,7,120409,4,0,0.0,21.64,wysoki
IK-01-00151,GPZ 110/SN opolskie-wschodni-02-06-00151,IK01,energy,GPZ 110/SN,16,1602006,K2,14,3,7,70812,6,5,0.0,21.36,wysoki
IK-01-00005,stacja NN 400/220 kV podkarpackie-zachodni-21-06-00005,IK01,energy,stacja NN 400/220 kV,18,1821006,K1,15,3,6,114807,8,2,0.0,21.35,wysoki
IK-01-00202,GPZ 110/SN dolnośląskie-zachodni-27-02-00202,IK01,energy,GPZ 110/SN,02,0227002,K2,12,2,8,62515,5,2,0.0,21.29,wysoki
IK-01-00082,GPZ 110/SN dolnośląskie-zachodni-27-05-00082,IK01,energy,GPZ 110/SN,02,0227005,K2,13,2,9,28077,5,2,0.0,21.27,wysoki
IK-01-00210,GPZ 110/SN łódzkie-północny-06-06-00210,IK01,energy,GPZ 110/SN,10,1006006,K2,12,2,8,54693,4,3,0.0,21.16,wysoki
IK-01-00103,GPZ 110/SN warmińsko-mazurskie-miejski-05-05-00103,IK01,energy,GPZ 110/SN,28,2805005,K2,13,2,6,105901,9,4,0.0,21.09,wysoki
IK-01-00105,GPZ 110/SN pomorskie-północny-06-05-00105,IK01,energy,GPZ 110/SN,22,2206005,K2,15,2,7,55789,6,6,0.0,21.01,wysoki
IK-01-00109,GPZ 110/SN opolskie-zachodni-09-04-00109,IK01,energy,GPZ 110/SN,16,1609004,K2,20,6,7,31362,3,7,6.3,20.89,wysoki
IK-01-00158,GPZ 110/SN podkarpackie-zachodni-03-06-00158,IK01,energy,GPZ 110/SN,18,1803006,K2,14,2,6,110185,7,2,0.0,20.88,wysoki
IK-01-00025,stacja NN 400/220 kV kujawsko-pomorskie-wschodni-02-05-00025,IK01,energy,stacja NN 400/220 kV,04,0402005,K1,15,3,6,98022,11,3,0.0,20.69,wysoki
IK-01-00118,GPZ 110/SN opolskie-centralny-10-07-00118,IK01,energy,GPZ 110/SN,16,1610007,K2,14,2,7,58861,6,4,0.0,20.32,wysoki
IK-01-00047,GPZ 110/SN dolnośląskie-północny-24-04-00047,IK01,energy,GPZ 110/SN,02,0224004,K3,12,4,8,29067,3,5,1.9,20.31,wysoki
IK-01-00049,GPZ 110/SN dolnośląskie-miejski-23-03-00049,IK01,energy,GPZ 110/SN,02,0223003,K3,14,2,7,69943,5,2,0.0,20.31,wysoki
IK-01-00071,GPZ 110/SN dolnośląskie-wschodni-08-07-00071,IK01,energy,GPZ 110/SN,02,0208007,K1,11,2,6,105175,6,2,0.0,19.98,istotny
IK-01-00057,GPZ 110/SN opolskie-miejski-11-01-00057,IK01,energy,GPZ 110/SN,16,1611001,K2,18,3,8,20033,2,2,0.0,19.97,istotny
IK-01-00122,GPZ 110/SN lubuskie-centralny-04-06-00122,IK01,energy,GPZ 110/SN,08,0804006,K2,15,2,6,79819,7,4,0.0,19.94,istotny
IK-01-00110,GPZ 110/SN podlaskie-południowy-07-06-00110,IK01,energy,GPZ 110/SN,20,2007006,K2,17,2,6,66587,3,5,0.0,19.89,istotny
IK-01-00042,GPZ 110/SN dolnośląskie-północny-18-04-00042,IK01,energy,GPZ 110/SN,02,0218004,K2,11,2,7,71135,4,2,0.0,19.79,istotny
IK-01-00127,GPZ 110/SN warmińsko-mazurskie-zachodni-15-06-00127,IK01,energy,GPZ 110/SN,28,2815006,K1,12,3,8,31355,4,3,2.9,19.78,istotny
IK-01-00125,GPZ 110/SN łódzkie-miejski-11-02-00125,IK01,energy,GPZ 110/SN,10,1011002,K2,13,2,6,80768,8,4,2.0,19.6,istotny
IK-01-00055,GPZ 110/SN pomorskie-miejski-17-06-00055,IK01,energy,GPZ 110/SN,22,2217006,K1,7,2,7,84018,3,1,0.0,19.42,istotny
IK-01-00231,GPZ 110/SN opolskie-zachodni-09-01-00231,IK01,energy,GPZ 110/SN,16,1609001,K2,12,3,7,65870,4,1,0.0,19.34,istotny
IK-01-00069,GPZ 110/SN dolnośląskie-centralny-22-04-00069,IK01,energy,GPZ 110/SN,02,0222004,K2,12,2,7,53577,5,3,2.5,19.28,istotny
IK-01-00194,GPZ 110/SN łódzkie-zachodni-21-05-00194,IK01,energy,GPZ 110/SN,10,1021005,K2,12,3,7,48942,5,3,0.0,19.01,istotny
IK-01-00166,GPZ 110/SN warmińsko-mazurskie-centralny-04-05-00166,IK01,energy,GPZ 110/SN,28,2804005,K3,11,2,6,82327,6,3,0.0,18.96,istotny
IK-01-00101,GPZ 110/SN śląskie-miejski-17-03-00101,IK01,energy,GPZ 110/SN,24,2417003,K2,11,2,6,79811,7,3,0.0,18.82,istotny
IK-01-00221,GPZ 110/SN opolskie-miejski-05-01-00221,IK01,energy,GPZ 110/SN,16,1605001,K2,14,3,6,63668,4,4,0.0,18.79,istotny
IK-01-00059,GPZ 110/SN podlaskie-miejski-05-03-00059,IK01,energy,GPZ 110/SN,20,2005003,K2,11,2,7,59769,5,1,0.0,18.78,istotny
IK-01-00039,stacja NN 400/220 kV wielkopolskie-południowy-01-03-00039,IK01,energy,stacja NN 400/220 kV,30,3001003,K1,12,4,7,39140,4,4,0.0,18.76,istotny
IK-01-00224,GPZ 110/SN opolskie-południowy-07-03-00224,IK01,energy,GPZ 110/SN,16,1607003,K2,13,4,6,64621,6,4,0.0,18.65,istotny
IK-01-00116,GPZ 110/SN opolskie-zachodni-03-06-00116,IK01,energy,GPZ 110/SN,16,1603006,K3,15,3,6,68018,5,2,0.0,18.58,istotny
IK-01-00185,GPZ 110/SN opolskie-południowy-07-04-00185,IK01,energy,GPZ 110/SN,16,1607004,K2,15,2,6,36450,5,7,0.0,18.38,istotny
IK-01-00195,GPZ 110/SN zachodniopomorskie-północny-12-04-00195,IK01,energy,GPZ 110/SN,32,3212004,K2,12,3,6,71476,5,1,0.0,17.85,istotny
IK-01-00064,GPZ 110/SN lubelskie-wschodni-20-03-00064,IK01,energy,GPZ 110/SN,06,0620003,K1,9,3,6,60234,3,4,0.0,17.59,istotny
IK-01-00214,GPZ 110/SN opolskie-miejski-11-06-00214,IK01,energy,GPZ 110/SN,16,1611006,K2,9,3,6,59151,3,4,0.0,17.53,istotny
IK-01-00007,stacja NN 400/220 kV kujawsko-pomorskie-miejski-11-01-00007,IK01,energy,stacja NN 400/220 kV,04,0411001,K1,10,3,6,64626,7,2,0.0,17.39,istotny
IK-01-00200,GPZ 110/SN zachodniopomorskie-południowy-01-01-00200,IK01,energy,GPZ 110/SN,32,3201001,K2,6,2,4,148966,4,0,0.0,17.28,istotny
IK-01-00031,stacja NN 400/220 kV małopolskie-miejski-11-01-00031,IK01,energy,stacja NN 400/220 kV,12,1211001,K1,10,3,5,99901,7,0,0.0,16.99,istotny
IK-01-00065,GPZ 110/SN śląskie-wschodni-14-04-00065,IK01,energy,GPZ 110/SN,24,2414004,K2,10,2,6,57723,7,2,0.0,16.98,istotny
IK-01-00174,GPZ 110/SN opolskie-północny-06-01-00174,IK01,energy,GPZ 110/SN,16,1606001,K1,13,3,6,44959,4,2,0.5,16.82,istotny
IK-01-00212,GPZ 110/SN pomorskie-centralny-04-05-00212,IK01,energy,GPZ 110/SN,22,2204005,K1,9,2,6,45344,4,3,3.8,16.38,istotny
IK-01-00227,GPZ 110/SN podkarpackie-wschodni-08-06-00227,IK01,energy,GPZ 110/SN,18,1808006,K1,16,3,5,18782,2,9,2.8,16.38,istotny
IK-01-00106,GPZ 110/SN śląskie-północny-06-01-00106,IK01,energy,GPZ 110/SN,24,2406001,K2,9,3,7,16678,3,2,0.0,16.17,istotny
IK-01-00182,GPZ 110/SN małopolskie-południowy-01-07-00182,IK01,energy,GPZ 110/SN,12,1201007,K2,9,2,5,89348,6,0,1.1,16.16,istotny
IK-01-00205,GPZ 110/SN dolnośląskie-północny-06-03-00205,IK01,energy,GPZ 110/SN,02,0206003,K2,11,2,6,34696,4,3,0.0,16.15,istotny
IK-01-00093,GPZ 110/SN podkarpackie-północny-24-04-00093,IK01,energy,GPZ 110/SN,18,1824004,K2,11,2,6,31883,4,3,2.3,15.98,istotny
IK-01-00058,GPZ 110/SN podlaskie-miejski-17-04-00058,IK01,energy,GPZ 110/SN,20,2017004,K2,9,2,6,47795,5,1,0.0,15.86,istotny
IK-01-00223,GPZ 110/SN pomorskie-centralny-16-06-00223,IK01,energy,GPZ 110/SN,22,2216006,K2,7,2,4,115315,6,1,0.0,15.82,istotny
IK-01-00155,GPZ 110/SN opolskie-zachodni-03-03-00155,IK01,energy,GPZ 110/SN,16,1603003,K1,11,2,6,23461,3,4,2.1,15.81,istotny
IK-01-00070,GPZ 110/SN opolskie-południowy-01-02-00070,IK01,energy,GPZ 110/SN,16,1601002,K2,11,2,6,26157,4,3,0.0,15.64,istotny
IK-01-00142,GPZ 110/SN wielkopolskie-wschodni-14-01-00142,IK01,energy,GPZ 110/SN,30,3014001,K2,10,2,4,100329,6,1,0.0,15.53,istotny
IK-01-00230,GPZ 110/SN dolnośląskie-wschodni-02-06-00230,IK01,energy,GPZ 110/SN,02,0202006,K1,7,2,4,107261,6,1,0.9,15.34,istotny
IK-01-00040,stacja NN 400/220 kV pomorskie-północny-18-03-00040,IK01,energy,stacja NN 400/220 kV,22,2218003,K1,14,3,5,12805,2,8,0.0,15.29,istotny
IK-01-00150,GPZ 110/SN świętokrzyskie-centralny-10-04-00150,IK01,energy,GPZ 110/SN,26,2610004,K2,9,2,4,98363,5,1,0.0,15.21,istotny
IK-01-00086,GPZ 110/SN lubuskie-południowy-01-02-00086,IK01,energy,GPZ 110/SN,08,0801002,K1,9,3,6,24279,2,3,1.1,15.13,istotny
IK-01-00141,GPZ 110/SN śląskie-zachodni-33-06-00141,IK01,energy,GPZ 110/SN,24,2433006,K2,6,2,4,100694,5,2,0.0,15.09,istotny
IK-01-00177,GPZ 110/SN opolskie-południowy-01-03-00177,IK01,energy,GPZ 110/SN,16,1601003,K2,12,3,6,10079,2,3,7.0,14.89,istotny
IK-01-00191,GPZ 110/SN pomorskie-północny-18-02-00191,IK01,energy,GPZ 110/SN,22,2218002,K1,13,2,5,12805,2,7,1.9,14.76,istotny
IK-01-00076,GPZ 110/SN łódzkie-miejski-11-02-00076,IK01,energy,GPZ 110/SN,10,1011002,K2,7,2,4,77716,6,4,1.7,14.59,istotny
IK-01-00083,GPZ 110/SN kujawsko-pomorskie-zachodni-09-07-00083,IK01,energy,GPZ 110/SN,04,0409007,K1,9,2,5,56795,6,1,0.0,14.57,istotny
IK-01-00219,GPZ 110/SN kujawsko-pomorskie-południowy-07-05-00219,IK01,energy,GPZ 110/SN,04,0407005,K1,5,1,5,74660,3,0,0.0,14.5,istotny
IK-01-00004,stacja NN 400/220 kV opolskie-północny-06-03-00004,IK01,energy,stacja NN 400/220 kV,16,1606003,K1,10,3,5,29306,4,5,0.0,14.48,istotny
IK-01-00115,GPZ 110/SN zachodniopomorskie-miejski-17-03-00115,IK01,energy,GPZ 110/SN,32,3217003,K2,8,2,4,76497,4,2,0.0,14.05,istotny
IK-01-00157,GPZ 110/SN lubelskie-centralny-22-03-00157,IK01,energy,GPZ 110/SN,06,0622003,K2,8,3,5,49404,4,1,0.0,13.94,istotny
IK-02-00480,węzeł szkieletowy telekom podlaskie-miejski-11-06-00480,IK02,telecom,węzeł szkieletowy telekom,20,2011006,K2,16,2,5,0,0,5,0.28,13.93,istotny
IK-01-00072,GPZ 110/SN kujawsko-pomorskie-zachodni-15-04-00072,IK01,energy,GPZ 110/SN,04,0415004,K2,6,2,5,43251,3,3,1.8,13.84,istotny
IK-01-00228,GPZ 110/SN lubelskie-południowy-13-06-00228,IK01,energy,GPZ 110/SN,06,0613006,K2,9,2,4,73739,5,1,0.0,13.76,istotny
IK-01-00131,GPZ 110/SN kujawsko-pomorskie-centralny-16-07-00131,IK01,energy,GPZ 110/SN,04,0416007,K2,7,2,3,97467,7,3,0.0,13.61,istotny
IK-06-01079,ujęcie wody mazowieckie-miejski-11-01-01079,IK06,water,ujęcie wody,14,1411001,K1,2,1,2,156475,2,0,2.49,13.29,istotny
IK-01-00130,GPZ 110/SN świętokrzyskie-wschodni-02-04-00130,IK01,energy,GPZ 110/SN,26,2602004,K1,8,2,5,25134,3,2,0.0,12.83,istotny
IK-01-00237,GPZ 110/SN lubelskie-wschodni-02-02-00237,IK01,energy,GPZ 110/SN,06,0602002,K1,6,2,4,49502,6,4,1.5,12.73,istotny
IK-01-00056,GPZ 110/SN opolskie-północny-06-01-00056,IK01,energy,GPZ 110/SN,16,1606001,K2,9,2,4,43243,3,3,0.0,12.62,istotny
IK-01-00163,GPZ 110/SN dolnośląskie-wschodni-02-06-00163,IK01,energy,GPZ 110/SN,02,0202006,K2,5,2,4,67461,2,1,1.7,12.59,istotny
IK-01-00170,GPZ 110/SN dolnośląskie-miejski-23-04-00170,IK01,energy,GPZ 110/SN,02,0223004,K2,8,2,5,19497,3,2,0.0,12.5,istotny
IK-01-00050,GPZ 110/SN wielkopolskie-zachodni-15-06-00050,IK01,energy,GPZ 110/SN,30,3015006,K1,6,2,5,25359,3,2,0.0,12.45,istotny
IK-01-00164,GPZ 110/SN warmińsko-mazurskie-północny-18-04-00164,IK01,energy,GPZ 110/SN,28,2818004,K1,5,1,4,63978,4,1,0.0,12.38,istotny
IK-01-00144,GPZ 110/SN lubelskie-północny-06-06-00144,IK01,energy,GPZ 110/SN,06,0606006,K3,10,2,4,48448,5,0,0.0,12.12,istotny
IK-01-00216,GPZ 110/SN łódzkie-południowy-07-04-00216,IK01,energy,GPZ 110/SN,10,1007004,K3,3,1,3,102016,3,0,0.0,12.09,istotny
IK-01-00145,GPZ 110/SN kujawsko-pomorskie-wschodni-08-07-00145,IK01,energy,GPZ 110/SN,04,0408007,K3,7,3,5,17721,2,1,0.9,11.86,istotny
IK-01-00178,GPZ 110/SN śląskie-zachodni-21-03-00178,IK01,energy,GPZ 110/SN,24,2421003,K1,6,3,5,15125,3,2,0.0,11.84,istotny
IK-01-00199,GPZ 110/SN opolskie-południowy-01-03-00199,IK01,energy,GPZ 110/SN,16,1601003,K1,8,2,5,13644,2,1,6.8,11.82,istotny
IK-01-00094,GPZ 110/SN zachodniopomorskie-centralny-10-05-00094,IK01,energy,GPZ 110/SN,32,3210005,K2,9,2,4,25050,3,3,1.4,11.54,istotny
IK-01-00091,GPZ 110/SN dolnośląskie-południowy-13-02-00091,IK01,energy,GPZ 110/SN,02,0213002,K2,8,2,4,31549,5,2,0.0,11.39,istotny
IK-01-00067,GPZ 110/SN śląskie-północny-24-02-00067,IK01,energy,GPZ 110/SN,24,2424002,K2,6,2,4,49520,5,0,0.0,11.39,istotny
IK-01-00148,GPZ 110/SN dolnośląskie-wschodni-02-06-00148,IK01,energy,GPZ 110/SN,02,0202006,K1,4,1,4,49877,1,1,3.8,11.35,istotny
IK-01-00045,GPZ 110/SN opolskie-południowy-07-06-00045,IK01,energy,GPZ 110/SN,16,1607006,K2,5,2,4,37957,3,2,1.8,11.18,istotny
IK-01-00186,GPZ 110/SN opolskie-zachodni-03-07-00186,IK01,energy,GPZ 110/SN,16,1603007,K3,5,2,5,16767,2,0,0.0,11.08,istotny
IK-01-00171,GPZ 110/SN opolskie-północny-12-06-00171,IK01,energy,GPZ 110/SN,16,1612006,K2,7,2,4,23819,3,3,0.0,11.07,istotny
IK-01-00089,GPZ 110/SN podkarpackie-południowy-07-01-00089,IK01,energy,GPZ 110/SN,18,1807001,K1,3,1,3,84727,2,0,0.0,11.06,istotny
IK-02-00474,węzeł szkieletowy telekom zachodniopomorskie-centralny-10-04-00474,IK02,telecom,węzeł szkieletowy telekom,32,3210004,K1,9,2,4,0,0,6,0.24,11.06,istotny
IK-02-00471,węzeł szkieletowy telekom opolskie-wschodni-02-04-00471,IK02,telecom,węzeł szkieletowy telekom,16,1602004,K1,12,2,4,0,0,4,0.34,10.99,istotny
IK-02-00448,węzeł szkieletowy telekom kujawsko-pomorskie-północny-06-06-00448,IK02,telecom,węzeł szkieletowy telekom,04,0406006,K3,13,2,4,0,0,3,0.33,10.85,istotny
IK-01-00085,GPZ 110/SN kujawsko-pomorskie-północny-12-03-00085,IK01,energy,GPZ 110/SN,04,0412003,K2,5,1,3,63764,4,1,0.0,10.55,istotny
IK-01-00104,GPZ 110/SN opolskie-miejski-05-04-00104,IK01,energy,GPZ 110/SN,16,1605004,K1,4,2,3,66907,3,1,0.0,10.54,istotny
IK-02-00439,węzeł szkieletowy telekom dolnośląskie-północny-24-05-00439,IK02,telecom,węzeł szkieletowy telekom,02,0224005,K1,11,2,4,0,0,3,0.39,10.46,istotny
IK-01-00099,GPZ 110/SN dolnośląskie-wschodni-02-05-00099,IK01,energy,GPZ 110/SN,02,0202005,K3,6,2,4,21868,2,2,1.0,10.42,istotny
IK-02-00457,węzeł szkieletowy telekom podkarpackie-południowy-13-03-00457,IK02,telecom,węzeł szkieletowy telekom,18,1813003,K1,13,2,3,0,0,7,0.27,10.37,istotny
IK-01-00090,GPZ 110/SN łódzkie-centralny-10-06-00090,IK01,energy,GPZ 110/SN,10,1010006,K2,5,2,4,30924,4,0,1.7,10.1,istotny
IK-01-00235,GPZ 110/SN dolnośląskie-miejski-29-06-00235,IK01,energy,GPZ 110/SN,02,0229006,K1,5,2,4,19744,2,2,0.0,10.1,istotny
IK-01-00152,GPZ 110/SN opolskie-wschodni-02-07-00152,IK01,energy,GPZ 110/SN,16,1602007,K1,4,2,4,22270,2,2,1.4,10.05,istotny
IK-02-00447,węzeł szkieletowy telekom małopolskie-miejski-05-01-00447,IK02,telecom,węzeł szkieletowy telekom,12,1205001,K1,7,2,4,0,0,4,0.35,10.0,istotny
IK-02-00428,węzeł szkieletowy telekom lubelskie-miejski-05-01-00428,IK02,telecom,węzeł szkieletowy telekom,06,0605001,K1,8,2,4,0,0,3,0.29,9.86,istotny
IK-01-00066,GPZ 110/SN świętokrzyskie-południowy-13-01-00066,IK01,energy,GPZ 110/SN,26,2613001,K2,6,2,4,11834,2,2,0.0,9.83,istotny
IK-06-01235,stacja uzdatniania wody podlaskie-wschodni-08-01-01235,IK06,water,stacja uzdatniania wody,20,2008001,K2,3,1,2,81944,3,2,2.25,9.75,istotny
IK-01-00074,GPZ 110/SN warmińsko-mazurskie-centralny-10-01-00074,IK01,energy,GPZ 110/SN,28,2810001,K3,6,2,4,21578,4,0,0.0,9.74,istotny
IK-01-00098,GPZ 110/SN lubuskie-miejski-05-02-00098,IK01,energy,GPZ 110/SN,08,0805002,K2,5,2,3,37493,4,3,0.0,9.67,istotny
IK-01-00197,GPZ 110/SN kujawsko-pomorskie-centralny-04-03-00197,IK01,energy,GPZ 110/SN,04,0404003,K2,4,2,4,26381,3,0,0.0,9.63,istotny
IK-01-00143,GPZ 110/SN dolnośląskie-centralny-10-05-00143,IK01,energy,GPZ 110/SN,02,0210005,K2,3,2,3,59816,3,0,2.1,9.59,istotny
IK-01-00153,GPZ 110/SN opolskie-zachodni-03-02-00153,IK01,energy,GPZ 110/SN,16,1603002,K2,5,2,4,16778,2,0,0.0,9.26,istotny
IK-01-00149,GPZ 110/SN podkarpackie-południowy-07-03-00149,IK01,energy,GPZ 110/SN,18,1807003,K2,5,1,4,9076,1,1,0.0,9.14,istotny
IK-02-00444,węzeł szkieletowy telekom wielkopolskie-północny-12-04-00444,IK02,telecom,węzeł szkieletowy telekom,30,3012004,K1,6,2,4,0,0,2,0.37,9.13,istotny
IK-01-00190,GPZ 110/SN dolnośląskie-południowy-07-04-00190,IK01,energy,GPZ 110/SN,02,0207004,K2,5,2,2,74910,2,0,1.7,9.06,istotny
IK-01-00046,GPZ 110/SN łódzkie-wschodni-14-07-00046,IK01,energy,GPZ 110/SN,10,1014007,K2,3,2,2,75389,4,1,2.5,9.03,istotny
IK-06-01211,stacja uzdatniania wody dolnośląskie-północny-12-03-01211,IK06,water,stacja uzdatniania wody,02,0212003,K2,5,1,1,85505,6,3,3.05,8.87,istotny
IK-02-00421,węzeł szkieletowy telekom mazowieckie-zachodni-15-05-00421,IK02,telecom,węzeł szkieletowy telekom,14,1415005,K1,6,2,4,0,0,1,0.3,8.8,istotny
IK-02-00438,węzeł szkieletowy telekom dolnośląskie-północny-06-01-00438,IK02,telecom,węzeł szkieletowy telekom,02,0206001,K1,4,1,4,0,0,2,0.55,8.73,istotny
IK-01-00088,GPZ 110/SN opolskie-południowy-07-03-00088,IK01,energy,GPZ 110/SN,16,1607003,K2,4,2,3,36117,2,1,3.6,8.72,istotny
IK-06-01209,stacja uzdatniania wody łódzkie-wschodni-08-04-01209,IK06,water,stacja uzdatniania wody,10,1008004,K1,4,1,2,60902,4,2,2.09,8.7,istotny
IK-01-00240,GPZ 110/SN dolnośląskie-zachodni-03-05-00240,IK01,energy,GPZ 110/SN,02,0203005,K2,6,2,3,17799,3,3,0.0,8.7,istotny
IK-01-00201,GPZ 110/SN mazowieckie-centralny-10-04-00201,IK01,energy,GPZ 110/SN,14,1410004,K1,3,2,3,40949,4,0,1.2,8.47,istotny
IK-02-00477,węzeł szkieletowy telekom warmińsko-mazurskie-południowy-01-05-00477,IK02,telecom,węzeł szkieletowy telekom,28,2801005,K2,4,2,4,0,0,1,0.47,8.4,istotny
IK-02-00459,węzeł szkieletowy telekom lubuskie-wschodni-08-07-00459,IK02,telecom,węzeł szkieletowy telekom,08,0808007,K2,4,2,4,0,0,1,0.46,8.4,istotny
IK-02-00469,węzeł szkieletowy telekom dolnośląskie-zachodni-09-02-00469,IK02,telecom,węzeł szkieletowy telekom,02,0209002,K2,4,2,4,0,0,1,0.38,8.4,istotny
IK-01-00225,GPZ 110/SN dolnośląskie-południowy-07-01-00225,IK01,energy,GPZ 110/SN,02,0207001,K1,4,2,3,30446,3,1,2.8,8.38,istotny
IK-01-00211,GPZ 110/SN dolnośląskie-miejski-29-07-00211,IK01,energy,GPZ 110/SN,02,0229007,K2,3,1,3,30558,2,1,0.0,8.19,istotny
IK-06-01350,oczyszczalnia ścieków mazowieckie-zachodni-03-04-01350,IK06,water,oczyszczalnia ścieków,14,1403004,K2,0,0,0,137093,1,0,0.0,8.11,istotny
IK-01-00134,GPZ 110/SN opolskie-północny-06-07-00134,IK01,energy,GPZ 110/SN,16,1606007,K1,6,2,2,43243,3,2,1.5,8.05,istotny
IK-06-01176,stacja uzdatniania wody opolskie-południowy-07-03-01176,IK06,water,stacja uzdatniania wody,16,1607003,K2,4,1,2,55269,4,1,2.15,8.03,istotny
IK-01-00196,GPZ 110/SN opolskie-centralny-04-02-00196,IK01,energy,GPZ 110/SN,16,1604002,K3,7,2,2,39233,5,2,0.0,8.01,istotny
IK-06-01132,ujęcie wody małopolskie-północny-06-03-01132,IK06,water,ujęcie wody,12,1206003,K3,5,1,1,82113,6,1,3.01,8.0,istotny
IK-02-00470,węzeł szkieletowy telekom świętokrzyskie-zachodni-09-04-00470,IK02,telecom,węzeł szkieletowy telekom,26,2609004,K1,6,1,3,0,0,4,0.26,7.98,istotny
IK-01-00136,GPZ 110/SN lubelskie-wschodni-08-03-00136,IK01,energy,GPZ 110/SN,06,0608003,K2,3,1,3,26884,2,1,0.0,7.97,istotny
IK-06-01162,stacja uzdatniania wody mazowieckie-centralny-16-03-01162,IK06,water,stacja uzdatniania wody,14,1416003,K2,4,1,2,47423,4,2,2.38,7.9,istotny
IK-01-00184,GPZ 110/SN kujawsko-pomorskie-północny-18-02-00184,IK01,energy,GPZ 110/SN,04,0418002,K2,4,2,3,21911,4,1,0.0,7.88,istotny
IK-06-01095,ujęcie wody zachodniopomorskie-miejski-11-01-01095,IK06,water,ujęcie wody,32,3211001,K2,1,1,1,98711,2,0,3.13,7.86,istotny
IK-02-00467,węzeł szkieletowy telekom opolskie-miejski-05-03-00467,IK02,telecom,węzeł szkieletowy telekom,16,1605003,K2,7,2,3,0,0,3,0.59,7.84,istotny
IK-02-00466,węzeł szkieletowy telekom lubelskie-północny-18-07-00466,IK02,telecom,węzeł szkieletowy telekom,06,0618007,K1,5,2,3,0,0,4,0.4,7.78,istotny
IK-01-00371,magazyn/terminal paliw lubelskie-północny-18-02-00371,IK01,energy,magazyn/terminal paliw,06,0618002,K2,5,1,1,60327,6,4,29.3,7.71,istotny
IK-01-00188,GPZ 110/SN kujawsko-pomorskie-zachodni-09-01-00188,IK01,energy,GPZ 110/SN,04,0409001,K3,4,2,3,24071,3,0,1.4,7.67,istotny
IK-02-00479,węzeł szkieletowy telekom dolnośląskie-centralny-04-03-00479,IK02,telecom,węzeł szkieletowy telekom,02,0204003,K1,5,2,3,0,0,3,0.23,7.45,istotny
IK-06-01129,ujęcie wody świętokrzyskie-północny-12-05-01129,IK06,water,ujęcie wody,26,2612005,K2,3,1,2,48601,3,1,2.22,7.44,istotny
IK-03-00738,węzeł sieci rządowej podlaskie-miejski-05-01-00738,IK03,ict,węzeł sieci rządowej,20,2005001,K2,6,2,3,0,0,2,0.57,7.31,istotny
IK-01-00139,GPZ 110/SN wielkopolskie-wschodni-20-06-00139,IK01,energy,GPZ 110/SN,30,3020006,K2,2,1,2,54066,3,0,3.5,7.23,istotny
IK-06-01166,stacja uzdatniania wody podkarpackie-centralny-22-03-01166,IK06,water,stacja uzdatniania wody,18,1822003,K2,4,1,1,64830,5,2,3.16,7.12,istotny
IK-02-00453,węzeł szkieletowy telekom dolnośląskie-wschodni-26-01-00453,IK02,telecom,węzeł szkieletowy telekom,02,0226001,K1,5,1,3,0,0,2,0.47,7.11,istotny
IK-02-00423,węzeł szkieletowy telekom warmińsko-mazurskie-południowy-07-02-00423,IK02,telecom,węzeł szkieletowy telekom,28,2807002,K1,5,1,3,0,0,2,0.44,7.11,istotny
IK-01-00107,GPZ 110/SN kujawsko-pomorskie-południowy-07-04-00107,IK01,energy,GPZ 110/SN,04,0407004,K2,2,2,2,46341,2,1,5.1,7.11,istotny
IK-01-00159,GPZ 110/SN dolnośląskie-zachodni-03-03-00159,IK01,energy,GPZ 110/SN,02,0203003,K2,3,2,3,12137,2,1,4.9,7.1,istotny
IK-03-00691,centrum przetwarzania danych zachodniopomorskie-centralny-04-04-00691,IK03,ict,centrum przetwarzania danych,32,3204004,K1,3,2,3,0,0,3,0.51,7.05,istotny
IK-06-01081,ujęcie wody warmińsko-mazurskie-wschodni-20-03-01081,IK06,water,ujęcie wody,28,2820003,K1,4,1,1,74311,5,0,3.02,7.01,istotny
IK-02-00422,węzeł szkieletowy telekom mazowieckie-zachodni-27-02-00422,IK02,telecom,węzeł szkieletowy telekom,14,1427002,K1,6,1,3,0,0,1,0.23,6.98,istotny
IK-01-00121,GPZ 110/SN dolnośląskie-zachodni-27-07-00121,IK01,energy,GPZ 110/SN,02,0227007,K1,3,2,3,14668,2,0,0.0,6.92,istotny
IK-02-00441,węzeł szkieletowy telekom podkarpackie-centralny-04-03-00441,IK02,telecom,węzeł szkieletowy telekom,18,1804003,K1,4,1,3,0,0,2,0.31,6.92,istotny
IK-01-00236,GPZ 110/SN opolskie-zachodni-03-07-00236,IK01,energy,GPZ 110/SN,16,1603007,K2,3,1,3,12988,1,0,0.0,6.82,istotny
IK-06-01099,ujęcie wody warmińsko-mazurskie-miejski-05-05-01099,IK06,water,ujęcie wody,28,2805005,K1,3,1,1,68262,4,1,3.18,6.79,istotny
IK-02-00460,węzeł szkieletowy telekom opolskie-zachodni-09-06-00460,IK02,telecom,węzeł szkieletowy telekom,16,1609006,K1,5,2,3,0,0,1,0.49,6.78,istotny
IK-01-00146,GPZ 110/SN łódzkie-centralny-04-03-00146,IK01,energy,GPZ 110/SN,10,1004003,K2,3,1,2,42360,3,0,0.0,6.74,istotny
IK-03-00775,węzeł sieci rządowej lubelskie-południowy-19-01-00775,IK03,ict,węzeł sieci rządowej,06,0619001,K1,3,2,3,0,0,2,0.7,6.72,istotny
IK-01-00192,GPZ 110/SN dolnośląskie-wschodni-26-06-00192,IK01,energy,GPZ 110/SN,02,0226006,K2,4,2,2,37995,4,0,0.0,6.68,istotny
IK-02-00458,węzeł szkieletowy telekom opolskie-południowy-07-02-00458,IK02,telecom,węzeł szkieletowy telekom,16,1607002,K1,4,1,3,0,0,1,0.25,6.58,istotny
IK-06-01191,stacja uzdatniania wody mazowieckie-południowy-25-02-01191,IK06,water,stacja uzdatniania wody,14,1425002,K2,4,1,1,66811,5,0,3.1,6.57,istotny
IK-01-00226,GPZ 110/SN pomorskie-centralny-10-04-00226,IK01,energy,GPZ 110/SN,22,2210004,K1,3,1,3,8063,1,0,0.0,6.53,istotny
IK-01-00112,GPZ 110/SN dolnośląskie-wschodni-14-04-00112,IK01,energy,GPZ 110/SN,02,0214004,K2,2,1,2,41485,1,0,0.0,6.49,istotny
IK-06-01187,stacja uzdatniania wody dolnośląskie-miejski-23-07-01187,IK06,water,stacja uzdatniania wody,02,0223007,K2,1,1,1,74910,2,0,3.0,6.45,istotny
IK-06-01080,ujęcie wody łódzkie-północny-12-03-01080,IK06,water,ujęcie wody,10,1012003,K3,2,1,1,65603,3,1,3.0,6.43,istotny
IK-06-01163,stacja uzdatniania wody lubuskie-miejski-11-04-01163,IK06,water,stacja uzdatniania wody,08,0811004,K2,3,1,2,25919,2,2,2.0,6.43,istotny
IK-02-00451,węzeł szkieletowy telekom wielkopolskie-wschodni-08-05-00451,IK02,telecom,węzeł szkieletowy telekom,30,3008005,K2,3,1,3,0,0,1,0.77,6.38,istotny
IK-02-00478,węzeł szkieletowy telekom dolnośląskie-zachodni-21-01-00478,IK02,telecom,węzeł szkieletowy telekom,02,0221001,K1,3,1,3,0,0,1,0.2,6.38,istotny
IK-02-00476,węzeł szkieletowy telekom dolnośląskie-centralny-04-06-00476,IK02,telecom,węzeł szkieletowy telekom,02,0204006,K2,3,2,3,0,0,1,0.54,6.38,istotny
IK-02-00440,węzeł szkieletowy telekom pomorskie-wschodni-08-04-00440,IK02,telecom,węzeł szkieletowy telekom,22,2208004,K1,7,1,2,0,0,4,0.39,6.36,istotny
IK-01-00317,tłocznia gazu opolskie-wschodni-02-01-00317,IK01,energy,tłocznia gazu,16,1602001,K2,1,1,1,67253,2,1,23.7,6.33,istotny
IK-06-01094,ujęcie wody śląskie-wschodni-08-06-01094,IK06,water,ujęcie wody,24,2408006,K2,5,1,1,53679,5,1,3.09,6.32,istotny
IK-06-01072,ujęcie wody świętokrzyskie-południowy-01-04-01072,IK06,water,ujęcie wody,26,2601004,K2,2,1,1,63250,3,1,3.03,6.29,istotny
IK-02-00424,węzeł szkieletowy telekom dolnośląskie-wschodni-02-04-00424,IK02,telecom,węzeł szkieletowy telekom,02,0202004,K1,4,1,3,0,0,0,0.21,6.25,istotny
IK-01-00362,magazyn/terminal paliw zachodniopomorskie-zachodni-03-05-00362,IK01,energy,magazyn/terminal paliw,32,3203005,K2,2,1,1,61193,3,1,26.2,6.17,istotny
IK-01-00077,GPZ 110/SN opolskie-północny-06-05-00077,IK01,energy,GPZ 110/SN,16,1606005,K2,3,3,3,1800,1,0,4.0,6.16,istotny
IK-01-00172,GPZ 110/SN zachodniopomorskie-zachodni-09-05-00172,IK01,energy,GPZ 110/SN,32,3209005,K2,2,2,2,30139,3,1,2.6,6.15,istotny
IK-01-00108,GPZ 110/SN kujawsko-pomorskie-zachodni-15-05-00108,IK01,energy,GPZ 110/SN,04,0415005,K2,3,1,2,17440,3,2,0.0,5.93,istotny
IK-06-01097,ujęcie wody opolskie-południowy-01-05-01097,IK06,water,ujęcie wody,16,1601005,K1,2,1,1,61536,2,0,3.41,5.86,istotny
IK-01-00137,GPZ 110/SN opolskie-miejski-11-05-00137,IK01,energy,GPZ 110/SN,16,1611005,K2,2,2,2,25099,1,1,0.0,5.85,istotny
IK-03-00830,system rejestrów państwowych dolnośląskie-miejski-05-05-00830,IK03,ict,system rejestrów państwowych,02,0205005,K1,6,1,2,0,0,3,0.54,5.83,istotny
IK-06-01231,stacja uzdatniania wody lubuskie-wschodni-08-01-01231,IK06,water,stacja uzdatniania wody,08,0808001,K1,2,1,2,28967,2,0,2.34,5.75,istotny
IK-06-01239,stacja uzdatniania wody wielkopolskie-zachodni-21-01-01239,IK06,water,stacja uzdatniania wody,30,3021001,K1,2,1,2,17549,2,2,2.42,5.74,istotny
IK-07-01382,szpital wielospecjalistyczny zachodniopomorskie-miejski-11-02-01382,IK07,health,szpital wielospecjalistyczny,32,3211002,K2,0,0,0,95330,1,0,0.0,5.64,istotny
IK-02-00464,węzeł szkieletowy telekom dolnośląskie-południowy-19-04-00464,IK02,telecom,węzeł szkieletowy telekom,02,0219004,K1,5,1,2,0,0,3,0.34,5.63,istotny
IK-01-00418,stacja redukcyjna gazu warmińsko-mazurskie-północny-18-05-00418,IK01,energy,stacja redukcyjna gazu,28,2818005,K3,2,1,1,51493,3,1,35.5,5.6,istotny
IK-01-00068,GPZ 110/SN zachodniopomorskie-zachodni-21-03-00068,IK01,energy,GPZ 110/SN,32,3221003,K1,2,1,2,25300,1,0,0.0,5.53,istotny
IK-06-01116,ujęcie wody dolnośląskie-wschodni-26-02-01116,IK06,water,ujęcie wody,02,0226002,K3,0,0,0,93169,1,0,0.0,5.51,istotny
IK-07-01396,szpital wielospecjalistyczny dolnośląskie-wschodni-26-02-01396,IK07,health,szpital wielospecjalistyczny,02,0226002,K1,0,0,0,93169,1,0,0.0,5.51,istotny
IK-06-01160,stacja uzdatniania wody opolskie-północny-06-01-01160,IK06,water,stacja uzdatniania wody,16,1606001,K1,4,1,1,43243,3,1,3.0,5.5,istotny
IK-06-01106,ujęcie wody dolnośląskie-miejski-23-03-01106,IK06,water,ujęcie wody,02,0223003,K2,2,1,1,43805,3,2,3.38,5.47,istotny
IK-02-00431,węzeł szkieletowy telekom opolskie-północny-12-06-00431,IK02,telecom,węzeł szkieletowy telekom,16,1612006,K2,4,2,2,0,0,3,0.42,5.43,istotny
IK-06-01178,stacja uzdatniania wody opolskie-północny-06-02-01178,IK06,water,stacja uzdatniania wody,16,1606002,K1,3,1,2,19876,3,0,2.4,5.41,istotny
IK-01-00348,magazyn/terminal paliw podkarpackie-miejski-11-01-00348,IK01,energy,magazyn/terminal paliw,18,1811001,K3,2,1,2,16879,2,1,21.93,5.37,istotny
IK-06-01179,stacja uzdatniania wody lubelskie-północny-12-02-01179,IK06,water,stacja uzdatniania wody,06,0612002,K2,3,1,1,48375,4,0,3.01,5.28,istotny
IK-06-01147,ujęcie wody dolnośląskie-północny-24-07-01147,IK06,water,ujęcie wody,02,0224007,K2,1,1,1,49165,2,1,3.19,5.26,istotny
IK-06-01105,ujęcie wody opolskie-północny-06-06-01105,IK06,water,ujęcie wody,16,1606006,K2,2,1,2,14193,2,1,2.04,5.21,istotny
IK-06-01186,stacja uzdatniania wody łódzkie-północny-18-05-01186,IK06,water,stacja uzdatniania wody,10,1018005,K1,2,1,1,44584,3,1,3.23,5.19,istotny
IK-06-01219,stacja uzdatniania wody opolskie-zachodni-09-01-01219,IK06,water,stacja uzdatniania wody,16,1609001,K2,5,1,1,28405,4,2,3.11,5.16,istotny
IK-01-00374,magazyn/terminal paliw opolskie-wschodni-08-04-00374,IK01,energy,magazyn/terminal paliw,16,1608004,K2,2,1,2,18379,1,0,12.03,5.12,istotny
IK-01-00238,GPZ 110/SN dolnośląskie-południowy-01-06-00238,IK01,energy,GPZ 110/SN,02,0201006,K1,3,1,2,9188,1,1,0.0,5.11,istotny
IK-01-00120,GPZ 110/SN dolnośląskie-centralny-28-06-00120,IK01,energy,GPZ 110/SN,02,0228006,K2,2,1,2,12560,2,1,0.0,5.11,istotny
IK-03-00684,centrum przetwarzania danych kujawsko-pomorskie-miejski-05-05-00684,IK03,ict,centrum przetwarzania danych,04,0405005,K1,4,1,2,0,0,2,0.76,5.1,istotny
IK-03-00793,system rejestrów państwowych dolnośląskie-wschodni-26-05-00793,IK03,ict,system rejestrów państwowych,02,0226005,K1,4,1,2,0,0,2,0.93,5.1,istotny
IK-01-00180,GPZ 110/SN śląskie-południowy-25-01-00180,IK01,energy,GPZ 110/SN,24,2425001,K1,3,1,2,8169,2,1,3.1,5.05,istotny
IK-01-00206,GPZ 110/SN łódzkie-miejski-05-01-00206,IK01,energy,GPZ 110/SN,10,1005001,K2,3,2,2,13865,3,0,0.9,5.05,istotny
IK-06-01174,stacja uzdatniania wody mazowieckie-południowy-31-03-01174,IK06,water,stacja uzdatniania wody,14,1431003,K2,0,0,0,84402,1,0,0.0,4.99,marginalny
IK-01-00239,GPZ 110/SN opolskie-miejski-05-06-00239,IK01,energy,GPZ 110/SN,16,1605006,K1,1,1,1,44064,1,1,0.0,4.96,marginalny
IK-01-00325,tłocznia gazu śląskie-zachodni-15-05-00325,IK01,energy,tłocznia gazu,24,2415005,K2,1,1,1,43194,2,1,35.9,4.91,marginalny
IK-03-00804,system rejestrów państwowych dolnośląskie-miejski-05-07-00804,IK03,ict,system rejestrów państwowych,02,0205007,K1,3,1,2,0,0,2,0.5,4.9,marginalny
IK-02-00455,węzeł szkieletowy telekom dolnośląskie-miejski-05-01-00455,IK02,telecom,węzeł szkieletowy telekom,02,0205001,K1,3,2,2,0,0,2,0.65,4.9,marginalny
IK-06-01182,stacja uzdatniania wody pomorskie-zachodni-09-03-01182,IK06,water,stacja uzdatniania wody,22,2209003,K1,1,1,1,48194,2,0,3.04,4.87,marginalny
IK-06-01125,ujęcie wody lubuskie-wschodni-02-05-01125,IK06,water,ujęcie wody,08,0802005,K2,3,1,1,35513,4,1,3.07,4.85,marginalny
IK-01-00140,GPZ 110/SN dolnośląskie-zachodni-15-07-00140,IK01,energy,GPZ 110/SN,02,0215007,K2,4,2,2,7029,1,0,0.0,4.85,marginalny
IK-06-01159,stacja uzdatniania wody dolnośląskie-miejski-05-07-01159,IK06,water,stacja uzdatniania wody,02,0205007,K1,1,1,1,47743,2,0,3.37,4.84,marginalny
IK-01-00340,magazyn/terminal paliw podkarpackie-zachodni-09-02-00340,IK01,energy,magazyn/terminal paliw,18,1809002,K1,1,1,1,41159,2,1,60.8,4.79,marginalny
IK-06-01077,ujęcie wody łódzkie-centralny-16-05-01077,IK06,water,ujęcie wody,10,1016005,K2,2,1,1,43148,3,0,3.3,4.77,marginalny
IK-01-00123,GPZ 110/SN opolskie-miejski-05-03-00123,IK01,energy,GPZ 110/SN,16,1605003,K1,2,1,2,6198,1,1,1.3,4.73,marginalny
IK-06-01180,stacja uzdatniania wody pomorskie-miejski-17-03-01180,IK06,water,stacja uzdatniania wody,22,2217003,K2,1,1,1,45718,2,0,3.47,4.72,marginalny
IK-02-00463,węzeł szkieletowy telekom dolnośląskie-północny-24-04-00463,IK02,telecom,węzeł szkieletowy telekom,02,0224004,K1,2,2,2,0,0,2,0.33,4.7,marginalny
IK-03-00745,węzeł sieci rządowej dolnośląskie-zachodni-27-07-00745,IK03,ict,węzeł sieci rządowej,02,0227007,K2,2,1,2,0,0,2,0.72,4.7,marginalny
IK-01-00075,GPZ 110/SN lubelskie-północny-24-03-00075,IK01,energy,GPZ 110/SN,06,0624003,K2,2,1,2,10889,2,0,2.1,4.68,marginalny
IK-06-01224,stacja uzdatniania wody pomorskie-północny-06-05-01224,IK06,water,stacja uzdatniania wody,22,2206005,K2,3,1,1,32554,3,1,3.13,4.67,marginalny
IK-01-00063,GPZ 110/SN zachodniopomorskie-wschodni-14-04-00063,IK01,energy,GPZ 110/SN,32,3214004,K1,2,2,2,10554,2,0,3.7,4.66,marginalny
IK-06-01203,stacja uzdatniania wody kujawsko-pomorskie-wschodni-08-03-01203,IK06,water,stacja uzdatniania wody,04,0408003,K1,1,1,1,38115,2,1,3.31,4.61,marginalny
IK-02-00434,węzeł szkieletowy telekom małopolskie-wschodni-02-04-00434,IK02,telecom,węzeł szkieletowy telekom,12,1202004,K1,3,1,2,0,0,1,0.32,4.57,marginalny
IK-02-00472,węzeł szkieletowy telekom dolnośląskie-miejski-17-02-00472,IK02,telecom,węzeł szkieletowy telekom,02,0217002,K2,3,1,2,0,0,1,0.65,4.57,marginalny
IK-02-00473,węzeł szkieletowy telekom opolskie-zachodni-09-02-00473,IK02,telecom,węzeł szkieletowy telekom,16,1609002,K1,3,1,2,0,0,1,0.52,4.57,marginalny
IK-03-00764,węzeł sieci rządowej dolnośląskie-centralny-10-01-00764,IK03,ict,węzeł sieci rządowej,02,0210001,K1,3,1,2,0,0,1,0.5,4.57,marginalny
IK-03-00749,węzeł sieci rządowej dolnośląskie-miejski-17-05-00749,IK03,ict,węzeł sieci rządowej,02,0217005,K1,3,1,2,0,0,1,0.58,4.57,marginalny
IK-01-00165,GPZ 110/SN zachodniopomorskie-południowy-01-04-00165,IK01,energy,GPZ 110/SN,32,3201004,K3,2,2,2,8913,1,0,3.8,4.56,marginalny
IK-06-01142,ujęcie wody zachodniopomorskie-centralny-10-05-01142,IK06,water,ujęcie wody,32,3210005,K2,3,1,1,25050,3,2,3.3,4.56,marginalny
IK-01-00339,magazyn/terminal paliw dolnośląskie-południowy-13-06-00339,IK01,energy,magazyn/terminal paliw,02,0213006,K3,1,1,1,41552,2,0,53.5,4.48,marginalny
IK-06-01140,ujęcie wody dolnośląskie-miejski-23-02-01140,IK06,water,ujęcie wody,02,0223002,K2,3,1,1,28848,3,1,3.08,4.45,marginalny
IK-06-01225,stacja uzdatniania wody opolskie-północny-06-02-01225,IK06,water,stacja uzdatniania wody,16,1606002,K2,1,1,1,35372,2,1,3.07,4.44,marginalny
IK-02-00449,węzeł szkieletowy telekom opolskie-wschodni-08-05-00449,IK02,telecom,węzeł szkieletowy telekom,16,1608005,K1,4,1,2,0,0,0,0.21,4.43,marginalny
IK-06-01086,ujęcie wody podlaskie-centralny-10-03-01086,IK06,water,ujęcie wody,20,2010003,K2,2,1,1,37106,3,0,3.53,4.41,marginalny
IK-03-00778,węzeł sieci rządowej zachodniopomorskie-centralny-04-06-00778,IK03,ict,węzeł sieci rządowej,32,3204006,K2,2,1,2,0,0,1,0.62,4.37,marginalny
IK-02-00443,węzeł szkieletowy telekom dolnośląskie-zachodni-15-05-00443,IK02,telecom,węzeł szkieletowy telekom,02,0215005,K2,2,1,2,0,0,1,0.69,4.37,marginalny
IK-02-00426,węzeł szkieletowy telekom opolskie-zachodni-09-06-00426,IK02,telecom,węzeł szkieletowy telekom,16,1609006,K1,2,1,2,0,0,1,0.32,4.37,marginalny
IK-03-00709,centrum przetwarzania danych podkarpackie-wschodni-20-03-00709,IK03,ict,centrum przetwarzania danych,18,1820003,K1,2,1,2,0,0,1,0.68,4.37,marginalny
IK-03-00744,węzeł sieci rządowej świętokrzyskie-zachodni-09-04-00744,IK03,ict,węzeł sieci rządowej,26,2609004,K2,2,1,2,0,0,1,0.7,4.37,marginalny
IK-02-00446,węzeł szkieletowy telekom opolskie-wschodni-08-05-00446,IK02,telecom,węzeł szkieletowy telekom,16,1608005,K1,2,1,2,0,0,1,0.37,4.37,marginalny
IK-03-00702,centrum przetwarzania danych lubuskie-wschodni-02-05-00702,IK03,ict,centrum przetwarzania danych,08,0802005,K2,2,1,2,0,0,1,0.52,4.37,marginalny
IK-06-01070,ujęcie wody dolnośląskie-zachodni-09-05-01070,IK06,water,ujęcie wody,02,0209005,K2,2,1,1,30494,3,1,3.01,4.35,marginalny
IK-01-00310,tłocznia gazu mazowieckie-zachodni-33-03-00310,IK01,energy,tłocznia gazu,14,1433003,K1,1,1,1,38981,2,0,48.7,4.32,marginalny
IK-06-01088,ujęcie wody łódzkie-południowy-07-06-01088,IK06,water,ujęcie wody,10,1007006,K2,1,1,1,38482,2,0,3.59,4.29,marginalny
IK-01-00124,GPZ 110/SN zachodniopomorskie-zachodni-21-04-00124,IK01,energy,GPZ 110/SN,32,3221004,K2,2,1,1,34866,1,0,0.0,4.28,marginalny
IK-06-01168,stacja uzdatniania wody opolskie-centralny-10-04-01168,IK06,water,stacja uzdatniania wody,16,1610004,K1,2,1,1,29299,3,1,3.33,4.28,marginalny
IK-06-01090,ujęcie wody opolskie-miejski-11-07-01090,IK06,water,ujęcie wody,16,1611007,K2,2,1,1,23461,3,2,3.23,4.27,marginalny
IK-06-01122,ujęcie wody wielkopolskie-wschodni-26-02-01122,IK06,water,ujęcie wody,30,3026002,K3,2,1,1,28816,2,1,3.27,4.25,marginalny
IK-06-01152,stacja uzdatniania wody warmińsko-mazurskie-centralny-04-05-01152,IK06,water,stacja uzdatniania wody,28,2804005,K2,3,1,1,30834,3,0,3.25,4.24,marginalny
IK-03-00685,centrum przetwarzania danych łódzkie-północny-24-01-00685,IK03,ict,centrum przetwarzania danych,10,1024001,K1,3,1,2,0,0,0,0.66,4.23,marginalny
IK-01-00413,stacja redukcyjna gazu opolskie-południowy-07-07-00413,IK01,energy,stacja redukcyjna gazu,16,1607007,K3,2,1,1,27983,3,1,42.8,4.2,marginalny
IK-06-01119,ujęcie wody dolnośląskie-południowy-07-05-01119,IK06,water,ujęcie wody,02,0207005,K3,1,1,1,36203,1,0,2.04,4.16,marginalny
IK-06-01062,ujęcie wody pomorskie-miejski-11-03-01062,IK06,water,ujęcie wody,22,2211003,K2,1,1,1,35692,2,0,3.43,4.13,marginalny
IK-06-01201,stacja uzdatniania wody dolnośląskie-wschodni-08-07-01201,IK06,water,stacja uzdatniania wody,02,0208007,K2,1,1,1,35370,2,0,3.48,4.11,marginalny
IK-01-00410,stacja redukcyjna gazu lubuskie-północny-12-07-00410,IK01,energy,stacja redukcyjna gazu,08,0812007,K3,1,1,1,29690,2,1,30.7,4.11,marginalny
IK-06-01137,ujęcie wody dolnośląskie-miejski-23-06-01137,IK06,water,ujęcie wody,02,0223006,K2,1,1,1,35263,2,0,3.54,4.1,marginalny
IK-01-00179,GPZ 110/SN dolnośląskie-miejski-29-05-00179,IK01,energy,GPZ 110/SN,02,0229005,K2,2,2,1,26041,3,1,2.1,4.09,marginalny
IK-06-01101,ujęcie wody lubelskie-południowy-07-04-01101,IK06,water,ujęcie wody,06,0607004,K2,1,1,1,34798,2,0,3.11,4.08,marginalny
IK-01-00355,magazyn/terminal paliw warmińsko-mazurskie-zachodni-09-04-00355,IK01,energy,magazyn/terminal paliw,28,2809004,K1,2,1,1,25855,3,1,34.2,4.08,marginalny
IK-06-01155,stacja uzdatniania wody dolnośląskie-wschodni-02-03-01155,IK06,water,stacja uzdatniania wody,02,0202003,K1,1,1,1,28824,2,1,3.57,4.06,marginalny
IK-06-01222,stacja uzdatniania wody lubuskie-południowy-01-02-01222,IK06,water,stacja uzdatniania wody,08,0801002,K2,2,1,1,25210,3,1,3.08,4.04,marginalny
IK-03-00795,system rejestrów państwowych dolnośląskie-miejski-17-04-00795,IK03,ict,system rejestrów państwowych,02,0217004,K2,2,1,2,0,0,0,0.71,4.03,marginalny
IK-03-00798,system rejestrów państwowych lubuskie-wschodni-14-02-00798,IK03,ict,system rejestrów państwowych,08,0814002,K1,2,1,2,0,0,0,0.54,4.03,marginalny
IK-03-00689,centrum przetwarzania danych podlaskie-wschodni-02-05-00689,IK03,ict,centrum przetwarzania danych,20,2002005,K1,2,1,2,0,0,0,0.51,4.03,marginalny
IK-02-00454,węzeł szkieletowy telekom łódzkie-północny-18-05-00454,IK02,telecom,węzeł szkieletowy telekom,10,1018005,K2,2,1,2,0,0,0,0.68,4.03,marginalny
IK-02-00442,węzeł szkieletowy telekom pomorskie-centralny-04-06-00442,IK02,telecom,węzeł szkieletowy telekom,22,2204006,K1,2,1,2,0,0,0,0.36,4.03,marginalny
IK-02-00437,węzeł szkieletowy telekom lubuskie-wschodni-02-06-00437,IK02,telecom,węzeł szkieletowy telekom,08,0802006,K2,2,2,2,0,0,0,0.71,4.03,marginalny
IK-03-00750,węzeł sieci rządowej dolnośląskie-centralny-10-04-00750,IK03,ict,węzeł sieci rządowej,02,0210004,K2,2,1,2,0,0,0,0.66,4.03,marginalny
IK-06-01238,stacja uzdatniania wody dolnośląskie-miejski-17-05-01238,IK06,water,stacja uzdatniania wody,02,0217005,K2,2,1,1,24757,2,1,3.13,4.01,marginalny
IK-07-01583,bank krwi / magazyn farmaceutyczny wielkopolskie-centralny-16-02-01583,IK07,health,bank krwi / magazyn farmaceutyczny,30,3016002,K2,0,0,0,66912,1,0,0.0,3.96,marginalny
IK-06-01237,stacja uzdatniania wody lubelskie-północny-18-01-01237,IK06,water,stacja uzdatniania wody,06,0618001,K2,1,1,1,32565,2,0,3.24,3.94,marginalny
IK-06-01149,ujęcie wody dolnośląskie-południowy-25-03-01149,IK06,water,ujęcie wody,02,0225003,K2,2,1,1,29067,3,0,3.38,3.94,marginalny
IK-06-01229,stacja uzdatniania wody kujawsko-pomorskie-miejski-05-06-01229,IK06,water,stacja uzdatniania wody,04,0405006,K2,2,1,1,28919,3,0,3.06,3.93,marginalny
IK-06-01242,stacja uzdatniania wody dolnośląskie-wschodni-14-03-01242,IK06,water,stacja uzdatniania wody,02,0214003,K1,1,1,1,25896,2,1,3.48,3.88,marginalny
IK-06-01139,ujęcie wody zachodniopomorskie-południowy-19-02-01139,IK06,water,ujęcie wody,32,3219002,K2,1,1,1,30996,2,0,3.16,3.85,marginalny
IK-06-01189,stacja uzdatniania wody kujawsko-pomorskie-wschodni-20-01-01189,IK06,water,stacja uzdatniania wody,04,0420001,K2,1,1,1,25320,2,1,3.02,3.85,marginalny
IK-06-01093,ujęcie wody łódzkie-południowy-19-03-01093,IK06,water,ujęcie wody,10,1019003,K2,2,1,1,27226,3,0,3.13,3.83,marginalny
IK-06-01240,stacja uzdatniania wody dolnośląskie-zachodni-09-02-01240,IK06,water,stacja uzdatniania wody,02,0209002,K2,1,1,1,30441,2,0,3.1,3.82,marginalny
IK-06-01204,stacja uzdatniania wody wielkopolskie-centralny-22-04-01204,IK06,water,stacja uzdatniania wody,30,3022004,K2,2,1,1,21252,3,1,3.12,3.81,marginalny
IK-06-01128,ujęcie wody opolskie-centralny-10-03-01128,IK06,water,ujęcie wody,16,1610003,K3,1,1,1,29792,2,0,3.46,3.78,marginalny
IK-01-00323,tłocznia gazu opolskie-południowy-07-06-00323,IK01,energy,tłocznia gazu,16,1607006,K1,1,1,1,24092,2,1,33.7,3.78,marginalny
IK-06-01167,stacja uzdatniania wody dolnośląskie-miejski-05-06-01167,IK06,water,stacja uzdatniania wody,02,0205006,K2,1,1,1,24126,2,1,3.4,3.78,marginalny
IK-06-01195,stacja uzdatniania wody dolnośląskie-zachodni-21-07-01195,IK06,water,stacja uzdatniania wody,02,0221007,K3,1,1,1,29852,2,0,3.05,3.78,marginalny
IK-06-01177,stacja uzdatniania wody opolskie-południowy-01-02-01177,IK06,water,stacja uzdatniania wody,16,1601002,K2,2,1,1,19959,3,1,3.09,3.73,marginalny
IK-06-01136,ujęcie wody lubuskie-zachodni-03-03-01136,IK06,water,ujęcie wody,08,0803003,K3,1,1,1,27782,2,0,3.25,3.66,marginalny
IK-01-00388,stacja redukcyjna gazu dolnośląskie-północny-18-04-00388,IK01,energy,stacja redukcyjna gazu,02,0218004,K2,1,1,1,27380,2,0,51.8,3.64,marginalny
IK-06-01181,stacja uzdatniania wody dolnośląskie-miejski-05-02-01181,IK06,water,stacja uzdatniania wody,02,0205002,K2,2,1,1,18038,2,1,3.16,3.62,marginalny
IK-01-00315,tłocznia gazu opolskie-miejski-11-03-00315,IK01,energy,tłocznia gazu,16,1611003,K1,1,1,1,26841,1,0,35.7,3.61,marginalny
IK-01-00373,magazyn/terminal paliw świętokrzyskie-północny-12-02-00373,IK01,energy,magazyn/terminal paliw,26,2612002,K2,1,1,1,26879,2,0,20.5,3.61,marginalny
IK-06-01192,stacja uzdatniania wody dolnośląskie-zachodni-03-03-01192,IK06,water,stacja uzdatniania wody,02,0203003,K1,2,1,1,17799,3,1,3.01,3.6,marginalny
IK-01-00370,magazyn/terminal paliw dolnośląskie-północny-18-02-00370,IK01,energy,magazyn/terminal paliw,02,0218002,K2,1,1,1,21167,2,1,58.2,3.6,marginalny
IK-01-00312,tłocznia gazu śląskie-północny-36-01-00312,IK01,energy,tłocznia gazu,24,2436001,K1,1,1,1,26420,2,0,24.2,3.58,marginalny
IK-06-01113,ujęcie wody świętokrzyskie-południowy-07-03-01113,IK06,water,ujęcie wody,26,2607003,K3,1,1,1,20844,2,1,3.25,3.58,marginalny
IK-01-00329,tłocznia gazu dolnośląskie-miejski-29-04-00329,IK01,energy,tłocznia gazu,02,0229004,K2,1,1,1,19744,2,1,60.6,3.52,marginalny
IK-06-01100,ujęcie wody dolnośląskie-centralny-28-05-01100,IK06,water,ujęcie wody,02,0228005,K3,2,1,1,16434,2,1,3.21,3.52,marginalny
IK-06-01325,przepompownia wody kujawsko-pomorskie-południowy-13-04-01325,IK06,water,przepompownia wody,04,0413004,K3,0,0,0,59230,1,0,0.0,3.5,marginalny
IK-01-00322,tłocznia gazu lubuskie-południowy-13-04-00322,IK01,energy,tłocznia gazu,08,0813004,K2,1,1,1,24839,2,0,30.7,3.49,marginalny
IK-01-00383,stacja redukcyjna gazu podkarpackie-wschodni-08-06-00383,IK01,energy,stacja redukcyjna gazu,18,1808006,K3,1,1,1,18782,2,1,33.2,3.46,marginalny
IK-06-01145,ujęcie wody mazowieckie-centralny-04-05-01145,IK06,water,ujęcie wody,14,1404005,K2,1,1,1,24002,2,0,3.42,3.44,marginalny
IK-01-00229,GPZ 110/SN opolskie-wschodni-02-07-00229,IK01,energy,GPZ 110/SN,16,1602007,K1,2,2,1,15036,2,1,1.8,3.44,marginalny
IK-06-01232,stacja uzdatniania wody lubelskie-centralny-16-05-01232,IK06,water,stacja uzdatniania wody,06,0616005,K2,1,1,1,23868,2,0,3.3,3.43,marginalny
IK-06-01150,ujęcie wody dolnośląskie-południowy-13-01-01150,IK06,water,ujęcie wody,02,0213001,K1,2,1,1,20483,3,0,3.02,3.43,marginalny
IK-01-00018,stacja NN 400/220 kV opolskie-wschodni-02-02-00018,IK01,energy,stacja NN 400/220 kV,16,1602002,K1,1,1,1,23807,2,0,0.0,3.43,marginalny
IK-01-00360,magazyn/terminal paliw dolnośląskie-południowy-07-02-00360,IK01,energy,magazyn/terminal paliw,02,0207002,K2,1,1,1,23702,2,0,60.0,3.42,marginalny
IK-06-01196,stacja uzdatniania wody małopolskie-centralny-22-06-01196,IK06,water,stacja uzdatniania wody,12,1222006,K1,1,1,1,23653,2,0,3.09,3.42,marginalny
IK-07-01419,szpital wielospecjalistyczny małopolskie-centralny-22-05-01419,IK07,health,szpital wielospecjalistyczny,12,1222005,K1,0,0,0,57566,1,0,0.0,3.41,marginalny
IK-06-01338,oczyszczalnia ścieków wielkopolskie-miejski-17-02-01338,IK06,water,oczyszczalnia ścieków,30,3017002,K3,0,0,0,57476,1,0,0.0,3.4,marginalny
IK-06-01092,ujęcie wody śląskie-centralny-04-03-01092,IK06,water,ujęcie wody,24,2404003,K2,0,0,0,57367,1,0,0.0,3.39,marginalny
IK-06-01206,stacja uzdatniania wody dolnośląskie-południowy-07-07-01206,IK06,water,stacja uzdatniania wody,02,0207007,K2,1,1,1,23093,2,0,3.39,3.38,marginalny
IK-06-01234,stacja uzdatniania wody dolnośląskie-miejski-23-04-01234,IK06,water,stacja uzdatniania wody,02,0223004,K2,2,1,1,14070,3,1,3.38,3.38,marginalny
IK-01-00343,magazyn/terminal paliw lubuskie-południowy-01-01-00343,IK01,energy,magazyn/terminal paliw,08,0801001,K1,1,1,1,17441,1,1,23.04,3.38,marginalny
IK-01-00385,stacja redukcyjna gazu dolnośląskie-północny-18-07-00385,IK01,energy,stacja redukcyjna gazu,02,0218007,K3,1,1,1,23114,2,0,41.0,3.38,marginalny
IK-06-01071,ujęcie wody kujawsko-pomorskie-miejski-23-07-01071,IK06,water,ujęcie wody,04,0423007,K2,1,1,1,17115,2,1,3.16,3.36,marginalny
IK-06-01202,stacja uzdatniania wody małopolskie-miejski-05-01-01202,IK06,water,stacja uzdatniania wody,12,1205001,K2,1,1,1,22555,2,0,3.32,3.35,marginalny
IK-01-00398,stacja redukcyjna gazu podlaskie-centralny-10-05-00398,IK01,energy,stacja redukcyjna gazu,20,2010005,K3,1,1,1,22239,2,0,30.4,3.33,marginalny
IK-01-00375,stacja redukcyjna gazu łódzkie-północny-06-01-00375,IK01,energy,stacja redukcyjna gazu,10,1006001,K3,1,1,1,21904,2,0,61.9,3.31,marginalny
IK-06-01220,stacja uzdatniania wody opolskie-miejski-05-07-01220,IK06,water,stacja uzdatniania wody,16,1605007,K2,1,1,1,15959,2,1,3.44,3.29,marginalny
IK-07-01482,szpital powiatowy małopolskie-południowy-07-02-01482,IK07,health,szpital powiatowy,12,1207002,K3,0,0,0,54988,1,0,0.0,3.25,marginalny
IK-01-00420,stacja redukcyjna gazu opolskie-wschodni-02-07-00420,IK01,energy,stacja redukcyjna gazu,16,1602007,K3,1,1,1,15036,2,1,58.6,3.24,marginalny
IK-01-00189,GPZ 110/SN świętokrzyskie-wschodni-08-04-00189,IK01,energy,GPZ 110/SN,26,2608004,K2,1,1,1,20452,1,0,0.0,3.23,marginalny
IK-06-01193,stacja uzdatniania wody podkarpackie-wschodni-02-01-01193,IK06,water,stacja uzdatniania wody,18,1802001,K2,1,1,1,20283,2,0,3.47,3.22,marginalny
IK-01-00032,stacja NN 400/220 kV śląskie-miejski-11-05-00032,IK01,energy,stacja NN 400/220 kV,24,2411005,K1,1,1,1,20113,2,0,0.0,3.21,marginalny
IK-01-00384,stacja redukcyjna gazu opolskie-miejski-11-04-00384,IK01,energy,stacja redukcyjna gazu,16,1611004,K3,1,1,1,20033,2,0,52.0,3.2,marginalny
IK-06-01212,stacja uzdatniania wody lubelskie-południowy-13-02-01212,IK06,water,stacja uzdatniania wody,06,0613002,K2,1,1,1,19686,2,0,3.52,3.18,marginalny
IK-01-00319,tłocznia gazu dolnośląskie-wschodni-14-02-00319,IK01,energy,tłocznia gazu,02,0214002,K1,1,1,1,19631,2,0,54.5,3.18,marginalny
IK-06-01221,stacja uzdatniania wody dolnośląskie-północny-06-06-01221,IK06,water,stacja uzdatniania wody,02,0206006,K2,1,1,1,19567,2,0,3.18,3.17,marginalny
IK-06-01143,ujęcie wody wielkopolskie-centralny-04-03-01143,IK06,water,ujęcie wody,30,3004003,K1,1,1,1,19450,2,0,3.45,3.17,marginalny
IK-01-00365,magazyn/terminal paliw opolskie-południowy-07-01-00365,IK01,energy,magazyn/terminal paliw,16,1607001,K1,1,1,1,13830,2,1,19.6,3.17,marginalny
IK-01-00417,stacja redukcyjna gazu podkarpackie-południowy-25-06-00417,IK01,energy,stacja redukcyjna gazu,18,1825006,K3,1,1,1,19304,2,0,48.1,3.16,marginalny
IK-01-00048,GPZ 110/SN lubelskie-wschodni-20-03-00048,IK01,energy,GPZ 110/SN,06,0620003,K2,1,1,1,19170,1,0,3.9,3.15,marginalny
IK-06-01127,ujęcie wody śląskie-centralny-04-04-01127,IK06,water,ujęcie wody,24,2404004,K3,1,1,1,13421,2,1,3.08,3.14,marginalny
IK-06-01121,ujęcie wody wielkopolskie-wschodni-02-01-01121,IK06,water,ujęcie wody,30,3002001,K2,1,1,1,19041,2,0,3.38,3.14,marginalny
IK-06-01233,stacja uzdatniania wody dolnośląskie-południowy-07-04-01233,IK06,water,stacja uzdatniania wody,02,0207004,K3,2,1,1,15530,1,0,3.21,3.13,marginalny
IK-01-00414,stacja redukcyjna gazu podkarpackie-wschodni-20-02-00414,IK01,energy,stacja redukcyjna gazu,18,1820002,K3,1,1,1,18511,2,0,52.6,3.11,marginalny
IK-06-01228,stacja uzdatniania wody dolnośląskie-wschodni-20-06-01228,IK06,water,stacja uzdatniania wody,02,0220006,K2,1,1,1,12893,2,1,3.51,3.11,marginalny
IK-06-01085,ujęcie wody opolskie-wschodni-08-04-01085,IK06,water,ujęcie wody,16,1608004,K2,1,1,1,18379,1,0,3.33,3.1,marginalny
IK-03-00781,system rejestrów państwowych zachodniopomorskie-zachodni-21-01-00781,IK03,ict,system rejestrów państwowych,32,3221001,K1,3,1,1,0,0,2,0.61,3.08,marginalny
IK-03-00765,węzeł sieci rządowej opolskie-wschodni-02-05-00765,IK03,ict,węzeł sieci rządowej,16,1602005,K1,3,1,1,0,0,2,0.85,3.08,marginalny
IK-01-00350,magazyn/terminal paliw opolskie-wschodni-02-01-00350,IK01,energy,magazyn/terminal paliw,16,1602001,K2,0,0,0,51836,1,0,0.0,3.07,marginalny
IK-06-01313,przepompownia wody opolskie-wschodni-02-01-01313,IK06,water,przepompownia wody,16,1602001,K3,0,0,0,51836,1,0,0.0,3.07,marginalny
IK-07-01593,bank krwi / magazyn farmaceutyczny opolskie-wschodni-02-01-01593,IK07,health,bank krwi / magazyn farmaceutyczny,16,1602001,K2,0,0,0,51836,1,0,0.0,3.07,marginalny
IK-01-00397,stacja redukcyjna gazu lubelskie-wschodni-02-05-00397,IK01,energy,stacja redukcyjna gazu,06,0602005,K3,1,1,1,10908,2,1,31.7,3.0,marginalny
IK-06-01109,ujęcie wody kujawsko-pomorskie-zachodni-09-07-01109,IK06,water,ujęcie wody,04,0409007,K2,1,1,1,16269,2,0,3.22,2.98,marginalny
IK-07-01403,szpital wielospecjalistyczny podlaskie-miejski-11-04-01403,IK07,health,szpital wielospecjalistyczny,20,2011004,K1,0,0,0,50209,1,0,0.0,2.97,marginalny
IK-01-00347,magazyn/terminal paliw pomorskie-północny-06-06-00347,IK01,energy,magazyn/terminal paliw,22,2206006,K2,1,1,1,10341,1,1,12.45,2.96,marginalny
IK-06-01151,stacja uzdatniania wody dolnośląskie-wschodni-02-06-01151,IK06,water,stacja uzdatniania wody,02,0202006,K1,0,0,0,49877,1,0,0.0,2.95,marginalny
IK-03-00758,węzeł sieci rządowej wielkopolskie-wschodni-26-01-00758,IK03,ict,węzeł sieci rządowej,30,3026001,K2,4,1,1,0,0,1,0.51,2.95,marginalny
IK-06-01200,stacja uzdatniania wody śląskie-wschodni-20-02-01200,IK06,water,stacja uzdatniania wody,24,2420002,K1,1,1,1,15734,2,0,3.4,2.95,marginalny
IK-06-01123,ujęcie wody wielkopolskie-centralny-04-06-01123,IK06,water,ujęcie wody,30,3004006,K3,1,1,1,15449,2,0,3.3,2.93,marginalny
IK-06-01073,ujęcie wody opolskie-zachodni-03-06-01073,IK06,water,ujęcie wody,16,1603006,K2,1,1,1,15417,1,0,3.07,2.93,marginalny
IK-06-01172,stacja uzdatniania wody dolnośląskie-miejski-05-03-01172,IK06,water,stacja uzdatniania wody,02,0205003,K3,2,1,1,6474,1,1,2.15,2.93,marginalny
IK-06-01157,stacja uzdatniania wody świętokrzyskie-wschodni-02-03-01157,IK06,water,stacja uzdatniania wody,26,2602003,K2,1,1,1,9035,1,1,3.48,2.88,marginalny
IK-03-00731,węzeł sieci rządowej warmińsko-mazurskie-wschodni-02-06-00731,IK03,ict,węzeł sieci rządowej,28,2802006,K2,2,1,1,0,0,2,0.61,2.88,marginalny
IK-06-01108,ujęcie wody dolnośląskie-miejski-17-04-01108,IK06,water,ujęcie wody,02,0217004,K2,1,1,1,14435,2,0,3.56,2.87,marginalny
IK-01-00126,GPZ 110/SN opolskie-południowy-01-06-00126,IK01,energy,GPZ 110/SN,16,1601006,K1,1,1,1,8064,1,1,26.0,2.83,marginalny
IK-06-01114,ujęcie wody wielkopolskie-wschodni-08-01-01114,IK06,water,ujęcie wody,30,3008001,K2,1,1,1,13680,2,0,3.1,2.83,marginalny
IK-06-01098,ujęcie wody opolskie-południowy-01-02-01098,IK06,water,ujęcie wody,16,1601002,K2,1,1,1,13637,2,0,3.49,2.82,marginalny
IK-06-01343,oczyszczalnia ścieków świętokrzyskie-centralny-10-06-01343,IK06,water,oczyszczalnia ścieków,26,2610006,K3,0,0,0,47536,1,0,0.0,2.81,marginalny
IK-06-01134,ujęcie wody podlaskie-centralny-16-04-01134,IK06,water,ujęcie wody,20,2016004,K2,1,1,1,13406,1,0,2.56,2.81,marginalny
IK-06-01118,ujęcie wody dolnośląskie-centralny-04-03-01118,IK06,water,ujęcie wody,02,0204003,K2,1,1,1,13388,2,0,3.23,2.81,marginalny
IK-06-01154,stacja uzdatniania wody wielkopolskie-wschodni-32-06-01154,IK06,water,stacja uzdatniania wody,30,3032006,K2,1,1,1,13472,2,0,3.17,2.81,marginalny
IK-01-00301,tłocznia gazu kujawsko-pomorskie-północny-18-03-00301,IK01,energy,tłocznia gazu,04,0418003,K2,1,1,1,12812,2,0,61.2,2.77,marginalny
IK-01-00356,magazyn/terminal paliw kujawsko-pomorskie-centralny-22-03-00356,IK01,energy,magazyn/terminal paliw,04,0422003,K1,1,1,1,6902,1,1,12.27,2.76,marginalny
IK-06-01064,ujęcie wody dolnośląskie-wschodni-02-04-01064,IK06,water,ujęcie wody,02,0202004,K2,2,1,1,9130,2,0,3.42,2.76,marginalny
IK-01-00403,stacja redukcyjna gazu małopolskie-zachodni-15-06-00403,IK01,energy,stacja redukcyjna gazu,12,1215006,K3,0,0,0,46262,1,0,0.0,2.74,marginalny
IK-06-01215,stacja uzdatniania wody dolnośląskie-centralny-22-01-01215,IK06,water,stacja uzdatniania wody,02,0222001,K3,1,1,1,5994,1,1,3.07,2.7,marginalny
IK-06-01146,ujęcie wody dolnośląskie-północny-06-03-01146,IK06,water,ujęcie wody,02,0206003,K2,2,1,1,7786,2,0,3.31,2.68,marginalny
IK-06-01173,stacja uzdatniania wody wielkopolskie-zachodni-27-05-01173,IK06,water,stacja uzdatniania wody,30,3027005,K2,1,1,1,10997,2,0,3.58,2.67,marginalny
IK-01-00084,GPZ 110/SN warmińsko-mazurskie-zachodni-03-03-00084,IK01,energy,GPZ 110/SN,28,2803003,K3,1,1,1,5164,1,1,23.7,2.66,marginalny
IK-01-00133,GPZ 110/SN pomorskie-wschodni-20-05-00133,IK01,energy,GPZ 110/SN,22,2220005,K1,1,1,1,10740,1,0,4.1,2.65,marginalny
IK-01-00318,tłocznia gazu kujawsko-pomorskie-miejski-17-05-00318,IK01,energy,tłocznia gazu,04,0417005,K2,1,1,1,10690,2,0,39.7,2.65,marginalny
IK-01-00351,magazyn/terminal paliw świętokrzyskie-południowy-07-05-00351,IK01,energy,magazyn/terminal paliw,26,2607005,K2,1,1,1,10426,2,0,55.4,2.63,marginalny
IK-01-00386,stacja redukcyjna gazu łódzkie-miejski-23-04-00386,IK01,energy,stacja redukcyjna gazu,10,1023004,K2,1,1,1,10009,2,0,51.8,2.61,marginalny
IK-06-01216,stacja uzdatniania wody opolskie-północny-12-05-01216,IK06,water,stacja uzdatniania wody,16,1612005,K2,1,1,1,9766,1,0,2.58,2.59,marginalny
IK-06-01148,ujęcie wody kujawsko-pomorskie-północny-06-03-01148,IK06,water,ujęcie wody,04,0406003,K2,1,1,1,9587,2,0,3.47,2.58,marginalny
IK-01-00222,GPZ 110/SN lubuskie-centralny-10-01-00222,IK01,energy,GPZ 110/SN,08,0810001,K2,1,1,1,9180,1,0,5.0,2.56,marginalny
IK-01-00051,GPZ 110/SN łódzkie-centralny-16-01-00051,IK01,energy,GPZ 110/SN,10,1016001,K2,1,1,1,9232,1,0,4.0,2.56,marginalny
IK-02-00475,węzeł szkieletowy telekom lubuskie-centralny-10-01-00475,IK02,telecom,węzeł szkieletowy telekom,08,0810001,K2,2,1,1,0,0,1,0.34,2.55,marginalny
IK-02-00465,węzeł szkieletowy telekom dolnośląskie-południowy-19-01-00465,IK02,telecom,węzeł szkieletowy telekom,02,0219001,K1,2,1,1,0,0,1,0.46,2.55,marginalny
IK-03-00783,system rejestrów państwowych wielkopolskie-północny-06-01-00783,IK03,ict,system rejestrów państwowych,30,3006001,K2,2,1,1,0,0,1,0.56,2.55,marginalny
IK-02-00671,węzeł agregacyjny/RAN hub opolskie-południowy-07-03-00671,IK02,telecom,węzeł agregacyjny/RAN hub,16,1607003,K2,2,1,1,0,0,1,0.54,2.55,marginalny
IK-03-00807,system rejestrów państwowych dolnośląskie-zachodni-15-04-00807,IK03,ict,system rejestrów państwowych,02,0215004,K1,2,1,1,0,0,1,0.5,2.55,marginalny
IK-03-00791,system rejestrów państwowych śląskie-wschodni-08-06-00791,IK03,ict,system rejestrów państwowych,24,2408006,K1,2,1,1,0,0,1,0.53,2.55,marginalny
IK-02-00452,węzeł szkieletowy telekom świętokrzyskie-wschodni-08-04-00452,IK02,telecom,węzeł szkieletowy telekom,26,2608004,K2,2,1,1,0,0,1,0.3,2.55,marginalny
IK-03-00706,centrum przetwarzania danych warmińsko-mazurskie-miejski-05-06-00706,IK03,ict,centrum przetwarzania danych,28,2805006,K2,2,1,1,0,0,1,0.81,2.55,marginalny
IK-06-01185,stacja uzdatniania wody zachodniopomorskie-północny-18-01-01185,IK06,water,stacja uzdatniania wody,32,3218001,K1,0,0,0,42970,1,0,0.0,2.54,marginalny
IK-06-01124,ujęcie wody pomorskie-zachodni-15-05-01124,IK06,water,ujęcie wody,22,2215005,K2,1,1,1,8706,2,0,3.11,2.53,marginalny
IK-07-01406,szpital wielospecjalistyczny pomorskie-miejski-17-05-01406,IK07,health,szpital wielospecjalistyczny,22,2217005,K2,0,0,0,42373,1,0,0.0,2.51,marginalny
IK-06-01075,ujęcie wody świętokrzyskie-północny-12-01-01075,IK06,water,ujęcie wody,26,2612001,K3,1,1,1,7411,1,0,2.32,2.46,marginalny
IK-03-00801,system rejestrów państwowych łódzkie-północny-06-04-00801,IK03,ict,system rejestrów państwowych,10,1006004,K2,3,1,1,0,0,0,0.53,2.41,marginalny
IK-03-00773,węzeł sieci rządowej opolskie-północny-12-03-00773,IK03,ict,węzeł sieci rządowej,16,1612003,K2,3,1,1,0,0,0,0.8,2.41,marginalny
IK-07-01393,szpital wielospecjalistyczny dolnośląskie-południowy-25-02-01393,IK07,health,szpital wielospecjalistyczny,02,0225002,K1,0,0,0,40558,1,0,0.0,2.4,marginalny
IK-01-00372,magazyn/terminal paliw opolskie-centralny-10-02-00372,IK01,energy,magazyn/terminal paliw,16,1610002,K2,1,1,1,5722,1,0,22.53,2.36,marginalny
IK-07-01573,bank krwi / magazyn farmaceutyczny dolnośląskie-południowy-01-02-01573,IK07,health,bank krwi / magazyn farmaceutyczny,02,0201002,K3,0,0,0,39929,1,0,0.0,2.36,marginalny
IK-03-00703,centrum przetwarzania danych dolnośląskie-południowy-25-01-00703,IK03,ict,centrum przetwarzania danych,02,0225001,K1,1,1,1,0,0,1,1.0,2.35,marginalny
IK-03-00697,centrum przetwarzania danych świętokrzyskie-zachodni-03-05-00697,IK03,ict,centrum przetwarzania danych,26,2603005,K1,1,1,1,0,0,1,0.98,2.35,marginalny
IK-03-00737,węzeł sieci rządowej opolskie-południowy-01-02-00737,IK03,ict,węzeł sieci rządowej,16,1601002,K1,1,1,1,0,0,1,0.77,2.35,marginalny
IK-02-00602,węzeł agregacyjny/RAN hub świętokrzyskie-północny-12-04-00602,IK02,telecom,węzeł agregacyjny/RAN hub,26,2612004,K3,1,1,1,0,0,1,0.84,2.35,marginalny
IK-02-00621,węzeł agregacyjny/RAN hub dolnośląskie-centralny-22-02-00621,IK02,telecom,węzeł agregacyjny/RAN hub,02,0222002,K3,1,1,1,0,0,1,0.63,2.35,marginalny
IK-02-00607,węzeł agregacyjny/RAN hub łódzkie-miejski-05-04-00607,IK02,telecom,węzeł agregacyjny/RAN hub,10,1005004,K3,1,1,1,0,0,1,0.55,2.35,marginalny
IK-02-00425,węzeł szkieletowy telekom zachodniopomorskie-wschodni-20-03-00425,IK02,telecom,węzeł szkieletowy telekom,32,3220003,K1,1,1,1,0,0,1,0.89,2.35,marginalny
IK-02-00661,węzeł agregacyjny/RAN hub wielkopolskie-wschodni-02-06-00661,IK02,telecom,węzeł agregacyjny/RAN hub,30,3002006,K3,1,1,1,0,0,1,0.8,2.35,marginalny
IK-03-00796,system rejestrów państwowych dolnośląskie-zachodni-21-07-00796,IK03,ict,system rejestrów państwowych,02,0221007,K2,1,1,1,0,0,1,0.71,2.35,marginalny
IK-02-00436,węzeł szkieletowy telekom dolnośląskie-północny-12-04-00436,IK02,telecom,węzeł szkieletowy telekom,02,0212004,K1,1,1,1,0,0,1,0.79,2.35,marginalny
IK-03-00686,centrum przetwarzania danych łódzkie-zachodni-03-01-00686,IK03,ict,centrum przetwarzania danych,10,1003001,K1,1,1,1,0,0,1,0.96,2.35,marginalny
IK-03-00704,centrum przetwarzania danych dolnośląskie-miejski-29-03-00704,IK03,ict,centrum przetwarzania danych,02,0229003,K1,1,1,1,0,0,1,0.69,2.35,marginalny
IK-03-00829,system rejestrów państwowych opolskie-centralny-04-03-00829,IK03,ict,system rejestrów państwowych,16,1604003,K1,1,1,1,0,0,1,0.93,2.35,marginalny
IK-03-00687,centrum przetwarzania danych podkarpackie-południowy-07-05-00687,IK03,ict,centrum przetwarzania danych,18,1807005,K1,1,1,1,0,0,1,0.59,2.35,marginalny
IK-03-00820,system rejestrów państwowych wielkopolskie-zachodni-27-06-00820,IK03,ict,system rejestrów państwowych,30,3027006,K1,1,1,1,0,0,1,0.95,2.35,marginalny
IK-03-00806,system rejestrów państwowych dolnośląskie-zachodni-21-04-00806,IK03,ict,system rejestrów państwowych,02,0221004,K2,1,1,1,0,0,1,0.96,2.35,marginalny
IK-02-00642,węzeł agregacyjny/RAN hub dolnośląskie-północny-30-06-00642,IK02,telecom,węzeł agregacyjny/RAN hub,02,0230006,K2,1,1,1,0,0,1,1.1,2.35,marginalny
IK-02-00568,węzeł agregacyjny/RAN hub dolnośląskie-północny-12-06-00568,IK02,telecom,węzeł agregacyjny/RAN hub,02,0212006,K3,1,1,1,0,0,1,1.08,2.35,marginalny
IK-03-00746,węzeł sieci rządowej lubelskie-zachodni-21-01-00746,IK03,ict,węzeł sieci rządowej,06,0621001,K1,1,1,1,0,0,1,0.92,2.35,marginalny
IK-02-00468,węzeł szkieletowy telekom podkarpackie-wschodni-02-06-00468,IK02,telecom,węzeł szkieletowy telekom,18,1802006,K1,1,1,1,0,0,1,0.4,2.35,marginalny
IK-02-00582,węzeł agregacyjny/RAN hub łódzkie-południowy-01-07-00582,IK02,telecom,węzeł agregacyjny/RAN hub,10,1001007,K2,1,1,1,0,0,1,0.52,2.35,marginalny
IK-02-00585,węzeł agregacyjny/RAN hub dolnośląskie-południowy-07-04-00585,IK02,telecom,węzeł agregacyjny/RAN hub,02,0207004,K3,1,1,1,0,0,1,0.54,2.35,marginalny
IK-02-00450,węzeł szkieletowy telekom zachodniopomorskie-północny-18-01-00450,IK02,telecom,węzeł szkieletowy telekom,32,3218001,K2,1,1,1,0,0,1,0.72,2.35,marginalny
IK-02-00569,węzeł agregacyjny/RAN hub lubuskie-wschodni-08-01-00569,IK02,telecom,węzeł agregacyjny/RAN hub,08,0808001,K3,1,1,1,0,0,1,1.01,2.35,marginalny
IK-02-00543,węzeł agregacyjny/RAN hub wielkopolskie-wschodni-08-04-00543,IK02,telecom,węzeł agregacyjny/RAN hub,30,3008004,K3,1,1,1,0,0,1,1.06,2.35,marginalny
IK-02-00514,węzeł agregacyjny/RAN hub podlaskie-zachodni-15-04-00514,IK02,telecom,węzeł agregacyjny/RAN hub,20,2015004,K2,1,1,1,0,0,1,0.56,2.35,marginalny
IK-03-00710,centrum przetwarzania danych lubelskie-miejski-11-03-00710,IK03,ict,centrum przetwarzania danych,06,0611003,K1,1,1,1,0,0,1,0.74,2.35,marginalny
IK-02-00527,węzeł agregacyjny/RAN hub opolskie-północny-06-03-00527,IK02,telecom,węzeł agregacyjny/RAN hub,16,1606003,K3,1,1,1,0,0,1,0.78,2.35,marginalny
IK-02-00507,węzeł agregacyjny/RAN hub opolskie-miejski-05-04-00507,IK02,telecom,węzeł agregacyjny/RAN hub,16,1605004,K3,1,1,1,0,0,1,0.96,2.35,marginalny
IK-03-00755,węzeł sieci rządowej podkarpackie-północny-18-06-00755,IK03,ict,węzeł sieci rządowej,18,1818006,K1,1,1,1,0,0,1,0.67,2.35,marginalny
IK-01-00183,GPZ 110/SN opolskie-południowy-01-04-00183,IK01,energy,GPZ 110/SN,16,1601004,K3,1,1,1,5236,1,0,6.2,2.33,marginalny
IK-01-00369,magazyn/terminal paliw podlaskie-centralny-10-06-00369,IK01,energy,magazyn/terminal paliw,20,2010006,K2,0,0,0,39326,1,0,0.0,2.33,marginalny
IK-06-01217,stacja uzdatniania wody pomorskie-miejski-05-02-01217,IK06,water,stacja uzdatniania wody,22,2205002,K2,0,0,0,39014,1,0,0.0,2.31,marginalny
IK-07-01514,szpital powiatowy pomorskie-centralny-16-05-01514,IK07,health,szpital powiatowy,22,2216005,K2,0,0,0,38854,1,0,0.0,2.3,marginalny
IK-07-01536,centrum dializ małopolskie-miejski-11-04-01536,IK07,health,centrum dializ,12,1211004,K2,0,0,0,38636,1,0,0.0,2.29,marginalny
IK-06-01291,przepompownia wody warmińsko-mazurskie-południowy-19-03-01291,IK06,water,przepompownia wody,28,2819003,K3,0,0,0,38360,1,0,0.0,2.27,marginalny
IK-01-00380,stacja redukcyjna gazu opolskie-zachodni-09-07-00380,IK01,energy,stacja redukcyjna gazu,16,1609007,K2,0,0,0,38434,1,0,0.0,2.27,marginalny
IK-07-01481,szpital powiatowy opolskie-miejski-05-01-01481,IK07,health,szpital powiatowy,16,1605001,K1,0,0,0,38009,1,0,0.0,2.25,marginalny
IK-01-00404,stacja redukcyjna gazu opolskie-miejski-05-01-00404,IK01,energy,stacja redukcyjna gazu,16,1605001,K1,0,0,0,38009,1,0,0.0,2.25,marginalny
IK-01-00393,stacja redukcyjna gazu opolskie-miejski-05-01-00393,IK01,energy,stacja redukcyjna gazu,16,1605001,K3,0,0,0,38009,1,0,0.0,2.25,marginalny
IK-01-00273,elektrociepłownia zachodniopomorskie-południowy-13-02-00273,IK01,energy,elektrociepłownia,32,3213002,K2,0,0,0,37633,1,0,0.0,2.23,marginalny
IK-06-01309,przepompownia wody zachodniopomorskie-południowy-13-02-01309,IK06,water,przepompownia wody,32,3213002,K3,0,0,0,37633,1,0,0.0,2.23,marginalny
IK-02-00616,węzeł agregacyjny/RAN hub mazowieckie-zachodni-09-03-00616,IK02,telecom,węzeł agregacyjny/RAN hub,14,1409003,K3,2,1,1,0,0,0,0.93,2.22,marginalny
IK-03-00683,centrum przetwarzania danych warmińsko-mazurskie-południowy-01-03-00683,IK03,ict,centrum przetwarzania danych,28,2801003,K1,2,1,1,0,0,0,0.67,2.22,marginalny
IK-02-00646,węzeł agregacyjny/RAN hub zachodniopomorskie-wschodni-14-06-00646,IK02,telecom,węzeł agregacyjny/RAN hub,32,3214006,K3,2,1,1,0,0,0,0.55,2.22,marginalny
IK-03-00819,system rejestrów państwowych opolskie-południowy-07-07-00819,IK03,ict,system rejestrów państwowych,16,1607007,K2,2,1,1,0,0,0,0.69,2.22,marginalny
IK-03-00712,centrum przetwarzania danych dolnośląskie-wschodni-26-07-00712,IK03,ict,centrum przetwarzania danych,02,0226007,K1,2,1,1,0,0,0,0.61,2.22,marginalny
IK-03-00768,węzeł sieci rządowej mazowieckie-północny-42-07-00768,IK03,ict,węzeł sieci rządowej,14,1442007,K1,2,1,1,0,0,0,0.51,2.22,marginalny
IK-01-00138,GPZ 110/SN łódzkie-centralny-04-07-00138,IK01,energy,GPZ 110/SN,10,1004007,K2,1,1,1,2969,1,0,4.7,2.19,marginalny
IK-01-00054,GPZ 110/SN świętokrzyskie-wschodni-08-03-00054,IK01,energy,GPZ 110/SN,26,2608003,K1,1,1,1,2786,1,0,2.5,2.18,marginalny
IK-01-00169,GPZ 110/SN dolnośląskie-północny-06-04-00169,IK01,energy,GPZ 110/SN,02,0206004,K2,1,1,1,2507,1,0,3.9,2.17,marginalny
IK-01-00246,elektrownia systemowa warmińsko-mazurskie-centralny-04-03-00246,IK01,energy,elektrownia systemowa,28,2804003,K1,0,0,0,36254,1,0,0.0,2.15,marginalny
IK-01-00081,GPZ 110/SN opolskie-północny-06-05-00081,IK01,energy,GPZ 110/SN,16,1606005,K2,1,1,1,1800,1,0,0.0,2.12,marginalny
IK-06-01197,stacja uzdatniania wody podlaskie-centralny-16-01-01197,IK06,water,stacja uzdatniania wody,20,2016001,K2,0,0,0,35029,1,0,0.0,2.07,marginalny
IK-07-01552,centrum dializ wielkopolskie-wschodni-20-04-01552,IK07,health,centrum dializ,30,3020004,K2,0,0,0,34936,1,0,0.0,2.07,marginalny
IK-06-01248,przepompownia wody dolnośląskie-miejski-23-01-01248,IK06,water,przepompownia wody,02,0223001,K3,0,0,0,34710,1,0,0.0,2.05,marginalny
IK-07-01479,szpital powiatowy lubuskie-zachodni-09-04-01479,IK07,health,szpital powiatowy,08,0809004,K2,0,0,0,34241,1,0,0.0,2.03,marginalny
IK-02-00502,węzeł agregacyjny/RAN hub zachodniopomorskie-wschodni-20-05-00502,IK02,telecom,węzeł agregacyjny/RAN hub,32,3220005,K3,1,1,1,0,0,0,0.7,2.02,marginalny
IK-02-00590,węzeł agregacyjny/RAN hub dolnośląskie-południowy-01-05-00590,IK02,telecom,węzeł agregacyjny/RAN hub,02,0201005,K2,1,1,1,0,0,0,0.88,2.02,marginalny
IK-02-00433,węzeł szkieletowy telekom wielkopolskie-zachodni-03-01-00433,IK02,telecom,węzeł szkieletowy telekom,30,3003001,K1,1,1,1,0,0,0,0.83,2.02,marginalny
IK-02-00445,węzeł szkieletowy telekom dolnośląskie-wschodni-26-02-00445,IK02,telecom,węzeł szkieletowy telekom,02,0226002,K2,1,1,1,0,0,0,0.67,2.02,marginalny
IK-02-00613,węzeł agregacyjny/RAN hub opolskie-centralny-10-03-00613,IK02,telecom,węzeł agregacyjny/RAN hub,16,1610003,K3,1,1,1,0,0,0,0.66,2.02,marginalny
IK-02-00506,węzeł agregacyjny/RAN hub warmińsko-mazurskie-zachodni-21-06-00506,IK02,telecom,węzeł agregacyjny/RAN hub,28,2821006,K3,1,1,1,0,0,0,1.01,2.02,marginalny
IK-03-00752,węzeł sieci rządowej dolnośląskie-zachodni-21-04-00752,IK03,ict,węzeł sieci rządowej,02,0221004,K1,1,1,1,0,0,0,1.08,2.02,marginalny
IK-03-00729,węzeł sieci rządowej małopolskie-zachodni-15-02-00729,IK03,ict,węzeł sieci rządowej,12,1215002,K3,1,1,1,0,0,0,0.55,2.02,marginalny
IK-03-00741,węzeł sieci rządowej śląskie-miejski-11-02-00741,IK03,ict,węzeł sieci rządowej,24,2411002,K1,1,1,1,0,0,0,0.85,2.02,marginalny
IK-03-00751,węzeł sieci rządowej warmińsko-mazurskie-miejski-11-05-00751,IK03,ict,węzeł sieci rządowej,28,2811005,K2,1,1,1,0,0,0,0.8,2.02,marginalny
IK-02-00558,węzeł agregacyjny/RAN hub małopolskie-centralny-16-02-00558,IK02,telecom,węzeł agregacyjny/RAN hub,12,1216002,K3,1,1,1,0,0,0,0.67,2.02,marginalny
IK-03-00721,centrum przetwarzania danych warmińsko-mazurskie-północny-12-05-00721,IK03,ict,centrum przetwarzania danych,28,2812005,K2,1,1,1,0,0,0,0.96,2.02,marginalny
IK-03-00757,węzeł sieci rządowej pomorskie-miejski-17-04-00757,IK03,ict,węzeł sieci rządowej,22,2217004,K2,1,1,1,0,0,0,0.72,2.02,marginalny
IK-03-00743,węzeł sieci rządowej podkarpackie-miejski-17-01-00743,IK03,ict,węzeł sieci rządowej,18,1817001,K2,1,1,1,0,0,0,0.87,2.02,marginalny
IK-03-00760,węzeł sieci rządowej podkarpackie-zachodni-03-04-00760,IK03,ict,węzeł sieci rządowej,18,1803004,K1,1,1,1,0,0,0,0.56,2.02,marginalny
IK-02-00430,węzeł szkieletowy telekom lubelskie-centralny-04-05-00430,IK02,telecom,węzeł szkieletowy telekom,06,0604005,K1,1,1,1,0,0,0,0.34,2.02,marginalny
IK-03-00690,centrum przetwarzania danych opolskie-zachodni-09-02-00690,IK03,ict,centrum przetwarzania danych,16,1609002,K1,1,1,1,0,0,0,0.71,2.02,marginalny
IK-03-00769,węzeł sieci rządowej dolnośląskie-południowy-07-05-00769,IK03,ict,węzeł sieci rządowej,02,0207005,K2,1,1,1,0,0,0,0.71,2.02,marginalny
IK-03-00785,system rejestrów państwowych dolnośląskie-południowy-01-04-00785,IK03,ict,system rejestrów państwowych,02,0201004,K1,1,1,1,0,0,0,0.84,2.02,marginalny
IK-03-00779,węzeł sieci rządowej świętokrzyskie-miejski-05-05-00779,IK03,ict,węzeł sieci rządowej,26,2605005,K1,1,1,1,0,0,0,1.01,2.02,marginalny
IK-02-00427,węzeł szkieletowy telekom opolskie-południowy-01-01-00427,IK02,telecom,węzeł szkieletowy telekom,16,1601001,K2,1,1,1,0,0,0,0.58,2.02,marginalny
IK-02-00669,węzeł agregacyjny/RAN hub świętokrzyskie-miejski-05-05-00669,IK02,telecom,węzeł agregacyjny/RAN hub,26,2605005,K3,1,1,1,0,0,0,1.05,2.02,marginalny
IK-02-00644,węzeł agregacyjny/RAN hub mazowieckie-zachodni-03-05-00644,IK02,telecom,węzeł agregacyjny/RAN hub,14,1403005,K3,1,1,1,0,0,0,0.82,2.02,marginalny
IK-02-00639,węzeł agregacyjny/RAN hub łódzkie-wschodni-20-05-00639,IK02,telecom,węzeł agregacyjny/RAN hub,10,1020005,K3,1,1,1,0,0,0,0.73,2.02,marginalny
IK-02-00663,węzeł agregacyjny/RAN hub lubuskie-południowy-13-07-00663,IK02,telecom,węzeł agregacyjny/RAN hub,08,0813007,K2,1,1,1,0,0,0,1.07,2.02,marginalny
IK-02-00619,węzeł agregacyjny/RAN hub dolnośląskie-zachodni-03-04-00619,IK02,telecom,węzeł agregacyjny/RAN hub,02,0203004,K3,1,1,1,0,0,0,0.79,2.02,marginalny
IK-03-00814,system rejestrów państwowych lubuskie-południowy-07-03-00814,IK03,ict,system rejestrów państwowych,08,0807003,K2,1,1,1,0,0,0,0.69,2.02,marginalny
IK-03-00797,system rejestrów państwowych opolskie-miejski-11-04-00797,IK03,ict,system rejestrów państwowych,16,1611004,K1,1,1,1,0,0,0,0.55,2.02,marginalny
IK-03-00805,system rejestrów państwowych zachodniopomorskie-południowy-07-03-00805,IK03,ict,system rejestrów państwowych,32,3207003,K1,1,1,1,0,0,0,1.05,2.02,marginalny
IK-03-00815,system rejestrów państwowych opolskie-miejski-11-04-00815,IK03,ict,system rejestrów państwowych,16,1611004,K1,1,1,1,0,0,0,0.84,2.02,marginalny
IK-03-00811,system rejestrów państwowych opolskie-miejski-05-06-00811,IK03,ict,system rejestrów państwowych,16,1605006,K1,1,1,1,0,0,0,0.96,2.02,marginalny
IK-03-00713,centrum przetwarzania danych lubuskie-centralny-10-04-00713,IK03,ict,centrum przetwarzania danych,08,0810004,K1,1,1,1,0,0,0,1.07,2.02,marginalny
IK-03-00699,centrum przetwarzania danych dolnośląskie-wschodni-20-01-00699,IK03,ict,centrum przetwarzania danych,02,0220001,K1,1,1,1,0,0,0,0.71,2.02,marginalny
IK-03-00719,centrum przetwarzania danych dolnośląskie-zachodni-21-05-00719,IK03,ict,centrum przetwarzania danych,02,0221005,K1,1,1,1,0,0,0,0.62,2.02,marginalny
IK-01-00364,magazyn/terminal paliw dolnośląskie-centralny-28-07-00364,IK01,energy,magazyn/terminal paliw,02,0228007,K1,0,0,0,33931,1,0,0.0,2.01,marginalny
IK-07-01608,bank krwi / magazyn farmaceutyczny warmińsko-mazurskie-wschodni-14-04-01608,IK07,health,bank krwi / magazyn farmaceutyczny,28,2814004,K3,0,0,0,31882,1,0,0.0,1.89,marginalny
IK-07-01501,szpital powiatowy lubelskie-południowy-01-05-01501,IK07,health,szpital powiatowy,06,0601005,K2,0,0,0,31741,1,0,0.0,1.88,marginalny
IK-07-01407,szpital wielospecjalistyczny kujawsko-pomorskie-zachodni-15-06-01407,IK07,health,szpital wielospecjalistyczny,04,0415006,K1,0,0,0,30523,1,0,0.0,1.81,marginalny
IK-01-00017,stacja NN 400/220 kV wielkopolskie-centralny-28-01-00017,IK01,energy,stacja NN 400/220 kV,30,3028001,K1,0,0,0,30592,1,0,0.0,1.81,marginalny
IK-01-00326,tłocznia gazu podkarpackie-centralny-04-03-00326,IK01,energy,tłocznia gazu,18,1804003,K2,0,0,0,30219,1,0,0.0,1.79,marginalny
IK-06-01069,ujęcie wody śląskie-zachodni-27-05-01069,IK06,water,ujęcie wody,24,2427005,K3,0,0,0,29323,1,0,0.0,1.74,marginalny
IK-06-01082,ujęcie wody małopolskie-północny-12-05-01082,IK06,water,ujęcie wody,12,1212005,K2,0,0,0,29280,1,0,0.0,1.73,marginalny
IK-06-01276,przepompownia wody kujawsko-pomorskie-wschodni-14-04-01276,IK06,water,przepompownia wody,04,0414004,K3,0,0,0,29254,1,0,0.0,1.73,marginalny
IK-01-00308,tłocznia gazu podkarpackie-miejski-17-05-00308,IK01,energy,tłocznia gazu,18,1817005,K1,0,0,0,28533,1,0,0.0,1.69,marginalny
IK-07-01553,centrum dializ łódzkie-północny-12-02-01553,IK07,health,centrum dializ,10,1012002,K3,0,0,0,27598,1,0,0.0,1.63,marginalny
IK-01-00390,stacja redukcyjna gazu mazowieckie-centralny-28-03-00390,IK01,energy,stacja redukcyjna gazu,14,1428003,K3,0,0,0,27479,1,0,0.0,1.63,marginalny
IK-06-01066,ujęcie wody pomorskie-miejski-11-03-01066,IK06,water,ujęcie wody,22,2211003,K2,0,0,0,27447,1,0,0.0,1.62,marginalny
IK-07-01595,bank krwi / magazyn farmaceutyczny warmińsko-mazurskie-wschodni-08-06-01595,IK07,health,bank krwi / magazyn farmaceutyczny,28,2808006,K2,0,0,0,27238,1,0,0.0,1.61,marginalny
IK-01-00290,elektrociepłownia opolskie-miejski-11-03-00290,IK01,energy,elektrociepłownia,16,1611003,K2,0,0,0,26841,1,0,0.0,1.59,marginalny
IK-01-00053,GPZ 110/SN lubuskie-zachodni-03-04-00053,IK01,energy,GPZ 110/SN,08,0803004,K2,0,0,0,26623,1,0,0.0,1.58,marginalny
IK-06-01156,stacja uzdatniania wody podlaskie-południowy-07-06-01156,IK06,water,stacja uzdatniania wody,20,2007006,K1,0,0,0,26706,1,0,0.0,1.58,marginalny
IK-01-00307,tłocznia gazu dolnośląskie-miejski-29-03-00307,IK01,energy,tłocznia gazu,02,0229003,K1,0,0,0,26530,1,0,0.0,1.57,marginalny
IK-06-01290,przepompownia wody łódzkie-centralny-04-01-01290,IK06,water,przepompownia wody,10,1004001,K2,0,0,0,26478,1,0,0.0,1.57,marginalny
IK-07-01554,centrum dializ podkarpackie-zachodni-09-05-01554,IK07,health,centrum dializ,18,1809005,K2,0,0,0,26145,1,0,0.0,1.55,marginalny
IK-06-01271,przepompownia wody mazowieckie-centralny-16-01-01271,IK06,water,przepompownia wody,14,1416001,K3,0,0,0,25821,1,0,0.0,1.53,marginalny
IK-07-01417,szpital wielospecjalistyczny małopolskie-wschodni-02-06-01417,IK07,health,szpital wielospecjalistyczny,12,1202006,K1,0,0,0,25896,1,0,0.0,1.53,marginalny
IK-06-01359,oczyszczalnia ścieków opolskie-północny-06-01-01359,IK06,water,oczyszczalnia ścieków,16,1606001,K2,0,0,0,25348,1,0,0.0,1.5,marginalny
IK-07-01586,bank krwi / magazyn farmaceutyczny opolskie-północny-06-01-01586,IK07,health,bank krwi / magazyn farmaceutyczny,16,1606001,K3,0,0,0,25348,1,0,0.0,1.5,marginalny
IK-07-01428,szpital powiatowy opolskie-północny-06-01-01428,IK07,health,szpital powiatowy,16,1606001,K2,0,0,0,25348,1,0,0.0,1.5,marginalny
IK-07-01449,szpital powiatowy mazowieckie-zachodni-09-02-01449,IK07,health,szpital powiatowy,14,1409002,K2,0,0,0,25303,1,0,0.0,1.5,marginalny
IK-01-00363,magazyn/terminal paliw dolnośląskie-zachodni-27-04-00363,IK01,energy,magazyn/terminal paliw,02,0227004,K2,0,0,0,25297,1,0,0.0,1.5,marginalny
IK-07-01425,szpital wielospecjalistyczny łódzkie-północny-12-06-01425,IK07,health,szpital wielospecjalistyczny,10,1012006,K1,0,0,0,25214,1,0,0.0,1.49,marginalny
IK-07-01489,szpital powiatowy opolskie-miejski-11-05-01489,IK07,health,szpital powiatowy,16,1611005,K1,0,0,0,25099,1,0,0.0,1.49,marginalny
IK-07-01499,szpital powiatowy łódzkie-wschodni-14-01-01499,IK07,health,szpital powiatowy,10,1014001,K2,0,0,0,24787,1,0,0.0,1.47,marginalny
IK-06-01307,przepompownia wody pomorskie-północny-12-03-01307,IK06,water,przepompownia wody,22,2212003,K2,0,0,0,24822,1,0,0.0,1.47,marginalny
IK-07-01462,szpital powiatowy wielkopolskie-wschodni-26-02-01462,IK07,health,szpital powiatowy,30,3026002,K1,0,0,0,24675,1,0,0.0,1.46,marginalny
IK-07-01494,szpital powiatowy świętokrzyskie-miejski-11-02-01494,IK07,health,szpital powiatowy,26,2611002,K2,0,0,0,24508,1,0,0.0,1.45,marginalny
IK-06-01327,przepompownia wody zachodniopomorskie-miejski-17-01-01327,IK06,water,przepompownia wody,32,3217001,K2,0,0,0,24380,1,0,0.0,1.44,marginalny
IK-01-00368,magazyn/terminal paliw śląskie-północny-12-01-00368,IK01,energy,magazyn/terminal paliw,24,2412001,K2,0,0,0,23866,1,0,0.0,1.41,marginalny
IK-07-01378,szpital wielospecjalistyczny dolnośląskie-wschodni-02-03-01378,IK07,health,szpital wielospecjalistyczny,02,0202003,K2,0,0,0,23722,1,0,0.0,1.4,marginalny
IK-07-01442,szpital powiatowy małopolskie-południowy-19-02-01442,IK07,health,szpital powiatowy,12,1219002,K3,0,0,0,23596,1,0,0.0,1.4,marginalny
IK-01-00389,stacja redukcyjna gazu dolnośląskie-wschodni-02-03-00389,IK01,energy,stacja redukcyjna gazu,02,0202003,K2,0,0,0,23722,1,0,0.0,1.4,marginalny
IK-06-01138,ujęcie wody dolnośląskie-południowy-01-04-01138,IK06,water,ujęcie wody,02,0201004,K2,0,0,0,22987,1,0,0.0,1.36,marginalny
IK-01-00336,magazyn/terminal paliw opolskie-miejski-05-05-00336,IK01,energy,magazyn/terminal paliw,16,1605005,K2,0,0,0,22663,1,0,0.0,1.34,marginalny
IK-07-01418,szpital wielospecjalistyczny opolskie-wschodni-02-06-01418,IK07,health,szpital wielospecjalistyczny,16,1602006,K1,0,0,0,22172,1,0,0.0,1.31,marginalny
IK-01-00378,stacja redukcyjna gazu dolnośląskie-zachodni-27-02-00378,IK01,energy,stacja redukcyjna gazu,02,0227002,K2,0,0,0,21688,1,0,0.0,1.28,marginalny
IK-01-00358,magazyn/terminal paliw zachodniopomorskie-wschodni-20-03-00358,IK01,energy,magazyn/terminal paliw,32,3220003,K2,0,0,0,21643,1,0,0.0,1.28,marginalny
IK-07-01469,szpital powiatowy lubelskie-północny-18-02-01469,IK07,health,szpital powiatowy,06,0618002,K3,0,0,0,21619,1,0,0.0,1.28,marginalny
IK-07-01445,szpital powiatowy opolskie-centralny-04-04-01445,IK07,health,szpital powiatowy,16,1604004,K2,0,0,0,21130,1,0,0.0,1.25,marginalny
IK-01-00248,elektrownia systemowa opolskie-centralny-04-04-00248,IK01,energy,elektrownia systemowa,16,1604004,K1,0,0,0,21130,1,0,0.0,1.25,marginalny
IK-01-00277,elektrociepłownia dolnośląskie-południowy-07-03-00277,IK01,energy,elektrociepłownia,02,0207003,K2,0,0,0,20885,1,0,0.0,1.24,marginalny
IK-07-01569,centrum dializ dolnośląskie-wschodni-20-04-01569,IK07,health,centrum dializ,02,0220004,K2,0,0,0,20841,1,0,0.0,1.23,marginalny
IK-06-01354,oczyszczalnia ścieków świętokrzyskie-wschodni-14-05-01354,IK06,water,oczyszczalnia ścieków,26,2614005,K3,0,0,0,20794,1,0,0.0,1.23,marginalny
IK-06-01252,przepompownia wody dolnośląskie-wschodni-20-04-01252,IK06,water,przepompownia wody,02,0220004,K3,0,0,0,20841,1,0,0.0,1.23,marginalny
IK-06-01120,ujęcie wody świętokrzyskie-zachodni-09-05-01120,IK06,water,ujęcie wody,26,2609005,K2,0,0,0,20535,1,0,0.0,1.22,marginalny
IK-07-01513,szpital powiatowy mazowieckie-północny-06-07-01513,IK07,health,szpital powiatowy,14,1406007,K2,0,0,0,20427,1,0,0.0,1.21,marginalny
IK-06-01295,przepompownia wody świętokrzyskie-wschodni-08-04-01295,IK06,water,przepompownia wody,26,2608004,K3,0,0,0,20452,1,0,0.0,1.21,marginalny
IK-07-01375,szpital wielospecjalistyczny dolnośląskie-zachodni-21-07-01375,IK07,health,szpital wielospecjalistyczny,02,0221007,K1,0,0,0,20346,1,0,0.0,1.2,marginalny
IK-07-01387,szpital wielospecjalistyczny dolnośląskie-północny-12-01-01387,IK07,health,szpital wielospecjalistyczny,02,0212001,K1,0,0,0,20275,1,0,0.0,1.2,marginalny
IK-01-00296,elektrociepłownia dolnośląskie-zachodni-21-07-00296,IK01,energy,elektrociepłownia,02,0221007,K2,0,0,0,20346,1,0,0.0,1.2,marginalny
IK-06-01318,przepompownia wody podkarpackie-centralny-10-05-01318,IK06,water,przepompownia wody,18,1810005,K2,0,0,0,19878,1,0,0.0,1.18,marginalny
IK-07-01538,centrum dializ lubuskie-południowy-13-06-01538,IK07,health,centrum dializ,08,0813006,K3,0,0,0,19874,1,0,0.0,1.18,marginalny
IK-01-00256,elektrownia systemowa dolnośląskie-wschodni-08-04-00256,IK01,energy,elektrownia systemowa,02,0208004,K1,0,0,0,19742,1,0,0.0,1.17,marginalny
IK-07-01438,szpital powiatowy dolnośląskie-wschodni-08-04-01438,IK07,health,szpital powiatowy,02,0208004,K3,0,0,0,19742,1,0,0.0,1.17,marginalny
IK-06-01102,ujęcie wody zachodniopomorskie-zachodni-15-05-01102,IK06,water,ujęcie wody,32,3215005,K2,0,0,0,19465,1,0,0.0,1.15,marginalny
IK-07-01437,szpital powiatowy zachodniopomorskie-zachodni-15-05-01437,IK07,health,szpital powiatowy,32,3215005,K2,0,0,0,19465,1,0,0.0,1.15,marginalny
IK-01-00284,elektrociepłownia świętokrzyskie-północny-12-05-00284,IK01,energy,elektrociepłownia,26,2612005,K3,0,0,0,19092,1,0,0.0,1.13,marginalny
IK-07-01379,szpital wielospecjalistyczny świętokrzyskie-północny-06-05-01379,IK07,health,szpital wielospecjalistyczny,26,2606005,K1,0,0,0,19004,1,0,0.0,1.12,marginalny
IK-01-00412,stacja redukcyjna gazu dolnośląskie-centralny-16-02-00412,IK01,energy,stacja redukcyjna gazu,02,0216002,K2,0,0,0,18700,1,0,0.0,1.11,marginalny
IK-07-01523,szpital powiatowy lubuskie-północny-12-07-01523,IK07,health,szpital powiatowy,08,0812007,K2,0,0,0,18749,1,0,0.0,1.11,marginalny
IK-07-01491,szpital powiatowy dolnośląskie-centralny-16-02-01491,IK07,health,szpital powiatowy,02,0216002,K3,0,0,0,18700,1,0,0.0,1.11,marginalny
IK-07-01584,bank krwi / magazyn farmaceutyczny pomorskie-wschodni-02-02-01584,IK07,health,bank krwi / magazyn farmaceutyczny,22,2202002,K2,0,0,0,18610,1,0,0.0,1.1,marginalny
IK-01-00294,elektrociepłownia opolskie-wschodni-08-04-00294,IK01,energy,elektrociepłownia,16,1608004,K3,0,0,0,18379,1,0,0.0,1.09,marginalny
IK-07-01464,szpital powiatowy mazowieckie-północny-24-06-01464,IK07,health,szpital powiatowy,14,1424006,K2,0,0,0,18441,1,0,0.0,1.09,marginalny
IK-07-01454,szpital powiatowy podlaskie-miejski-05-03-01454,IK07,health,szpital powiatowy,20,2005003,K2,0,0,0,18481,1,0,0.0,1.09,marginalny
IK-07-01440,szpital powiatowy opolskie-wschodni-08-04-01440,IK07,health,szpital powiatowy,16,1608004,K2,0,0,0,18379,1,0,0.0,1.09,marginalny
IK-06-01288,przepompownia wody dolnośląskie-północny-24-05-01288,IK06,water,przepompownia wody,02,0224005,K3,0,0,0,18221,1,0,0.0,1.08,marginalny
IK-07-01504,szpital powiatowy dolnośląskie-miejski-17-05-01504,IK07,health,szpital powiatowy,02,0217005,K2,0,0,0,18182,1,0,0.0,1.08,marginalny
IK-06-01336,oczyszczalnia ścieków podkarpackie-północny-06-03-01336,IK06,water,oczyszczalnia ścieków,18,1806003,K3,0,0,0,18223,1,0,0.0,1.08,marginalny
IK-06-01293,przepompownia wody dolnośląskie-miejski-17-05-01293,IK06,water,przepompownia wody,02,0217005,K2,0,0,0,18182,1,0,0.0,1.08,marginalny
IK-07-01557,centrum dializ dolnośląskie-miejski-17-05-01557,IK07,health,centrum dializ,02,0217005,K1,0,0,0,18182,1,0,0.0,1.08,marginalny
IK-01-00271,elektrociepłownia opolskie-wschodni-08-01-00271,IK01,energy,elektrociepłownia,16,1608001,K1,0,0,0,18191,1,0,0.0,1.08,marginalny
IK-07-01453,szpital powiatowy dolnośląskie-północny-24-05-01453,IK07,health,szpital powiatowy,02,0224005,K1,0,0,0,18221,1,0,0.0,1.08,marginalny
IK-07-01613,bank krwi / magazyn farmaceutyczny dolnośląskie-północny-18-07-01613,IK07,health,bank krwi / magazyn farmaceutyczny,02,0218007,K2,0,0,0,18012,1,0,0.0,1.07,marginalny
IK-07-01535,centrum dializ lubelskie-zachodni-03-07-01535,IK07,health,centrum dializ,06,0603007,K3,0,0,0,18069,1,0,0.0,1.07,marginalny
IK-07-01534,centrum dializ lubelskie-południowy-07-07-01534,IK07,health,centrum dializ,06,0607007,K3,0,0,0,17865,1,0,0.0,1.06,marginalny
IK-07-01556,centrum dializ łódzkie-południowy-13-07-01556,IK07,health,centrum dializ,10,1013007,K2,0,0,0,17754,1,0,0.0,1.05,marginalny
IK-06-01324,przepompownia wody dolnośląskie-północny-18-06-01324,IK06,water,przepompownia wody,02,0218006,K3,0,0,0,17584,1,0,0.0,1.04,marginalny
IK-07-01470,szpital powiatowy dolnośląskie-północny-18-06-01470,IK07,health,szpital powiatowy,02,0218006,K2,0,0,0,17584,1,0,0.0,1.04,marginalny
IK-07-01600,bank krwi / magazyn farmaceutyczny wielkopolskie-wschodni-32-04-01600,IK07,health,bank krwi / magazyn farmaceutyczny,30,3032004,K2,0,0,0,17553,1,0,0.0,1.04,marginalny
IK-06-01332,oczyszczalnia ścieków dolnośląskie-południowy-07-01-01332,IK06,water,oczyszczalnia ścieków,02,0207001,K2,0,0,0,17533,1,0,0.0,1.04,marginalny
IK-07-01460,szpital powiatowy dolnośląskie-północny-18-06-01460,IK07,health,szpital powiatowy,02,0218006,K2,0,0,0,17584,1,0,0.0,1.04,marginalny
IK-07-01508,szpital powiatowy dolnośląskie-południowy-01-01-01508,IK07,health,szpital powiatowy,02,0201001,K1,0,0,0,17584,1,0,0.0,1.04,marginalny
IK-07-01404,szpital wielospecjalistyczny wielkopolskie-południowy-01-05-01404,IK07,health,szpital wielospecjalistyczny,30,3001005,K1,0,0,0,17647,1,0,0.0,1.04,marginalny
IK-07-01515,szpital powiatowy śląskie-zachodni-03-02-01515,IK07,health,szpital powiatowy,24,2403002,K2,0,0,0,17313,1,0,0.0,1.02,marginalny
IK-01-00282,elektrociepłownia pomorskie-wschodni-20-03-00282,IK01,energy,elektrociepłownia,22,2220003,K3,0,0,0,16913,1,0,0.0,1.0,marginalny
IK-01-00401,stacja redukcyjna gazu łódzkie-południowy-13-04-00401,IK01,energy,stacja redukcyjna gazu,10,1013004,K2,0,0,0,16822,1,0,0.0,1.0,marginalny
IK-07-01605,bank krwi / magazyn farmaceutyczny mazowieckie-miejski-23-02-01605,IK07,health,bank krwi / magazyn farmaceutyczny,14,1423002,K3,0,0,0,16606,1,0,0.0,0.98,marginalny
IK-06-01249,przepompownia wody lubuskie-wschodni-08-03-01249,IK06,water,przepompownia wody,08,0808003,K2,0,0,0,16513,1,0,0.0,0.98,marginalny
IK-06-01362,oczyszczalnia ścieków świętokrzyskie-zachodni-09-02-01362,IK06,water,oczyszczalnia ścieków,26,2609002,K2,0,0,0,16532,1,0,0.0,0.98,marginalny
IK-07-01609,bank krwi / magazyn farmaceutyczny warmińsko-mazurskie-centralny-04-05-01609,IK07,health,bank krwi / magazyn farmaceutyczny,28,2804005,K3,0,0,0,16621,1,0,0.0,0.98,marginalny
IK-06-01335,oczyszczalnia ścieków świętokrzyskie-zachodni-09-02-01335,IK06,water,oczyszczalnia ścieków,26,2609002,K2,0,0,0,16532,1,0,0.0,0.98,marginalny
IK-07-01547,centrum dializ pomorskie-zachodni-09-05-01547,IK07,health,centrum dializ,22,2209005,K2,0,0,0,16475,1,0,0.0,0.97,marginalny
IK-07-01377,szpital wielospecjalistyczny opolskie-centralny-10-01-01377,IK07,health,szpital wielospecjalistyczny,16,1610001,K1,0,0,0,16314,1,0,0.0,0.97,marginalny
IK-06-01348,oczyszczalnia ścieków opolskie-zachodni-09-02-01348,IK06,water,oczyszczalnia ścieków,16,1609002,K2,0,0,0,16097,1,0,0.0,0.95,marginalny
IK-07-01473,szpital powiatowy małopolskie-zachodni-15-02-01473,IK07,health,szpital powiatowy,12,1215002,K3,0,0,0,15982,1,0,0.0,0.95,marginalny
IK-06-01363,oczyszczalnia ścieków dolnośląskie-zachodni-03-02-01363,IK06,water,oczyszczalnia ścieków,02,0203002,K2,0,0,0,16026,1,0,0.0,0.95,marginalny
IK-01-00154,GPZ 110/SN dolnośląskie-zachodni-03-02-00154,IK01,energy,GPZ 110/SN,02,0203002,K2,0,0,0,16026,1,0,0.0,0.95,marginalny
IK-07-01543,centrum dializ łódzkie-północny-18-03-01543,IK07,health,centrum dializ,10,1018003,K2,0,0,0,15943,1,0,0.0,0.94,marginalny
IK-01-00252,elektrownia systemowa zachodniopomorskie-centralny-04-02-00252,IK01,energy,elektrownia systemowa,32,3204002,K1,0,0,0,15659,1,0,0.0,0.93,marginalny
IK-07-01564,centrum dializ łódzkie-miejski-17-01-01564,IK07,health,centrum dializ,10,1017001,K3,0,0,0,15637,1,0,0.0,0.93,marginalny
IK-07-01451,szpital powiatowy dolnośląskie-południowy-07-04-01451,IK07,health,szpital powiatowy,02,0207004,K2,0,0,0,15530,1,0,0.0,0.92,marginalny
IK-07-01576,bank krwi / magazyn farmaceutyczny łódzkie-zachodni-21-05-01576,IK07,health,bank krwi / magazyn farmaceutyczny,10,1021005,K3,0,0,0,15562,1,0,0.0,0.92,marginalny
IK-07-01459,szpital powiatowy dolnośląskie-południowy-07-04-01459,IK07,health,szpital powiatowy,02,0207004,K2,0,0,0,15530,1,0,0.0,0.92,marginalny
IK-07-01435,szpital powiatowy dolnośląskie-południowy-07-04-01435,IK07,health,szpital powiatowy,02,0207004,K2,0,0,0,15530,1,0,0.0,0.92,marginalny
IK-01-00095,GPZ 110/SN śląskie-zachodni-03-03-00095,IK01,energy,GPZ 110/SN,24,2403003,K3,0,0,0,15507,1,0,0.0,0.92,marginalny
IK-07-01561,centrum dializ opolskie-zachodni-03-06-01561,IK07,health,centrum dializ,16,1603006,K3,0,0,0,15417,1,0,0.0,0.91,marginalny
IK-07-01594,bank krwi / magazyn farmaceutyczny śląskie-miejski-17-06-01594,IK07,health,bank krwi / magazyn farmaceutyczny,24,2417006,K3,0,0,0,15308,1,0,0.0,0.91,marginalny
IK-06-01112,ujęcie wody mazowieckie-centralny-22-03-01112,IK06,water,ujęcie wody,14,1422003,K2,0,0,0,15309,1,0,0.0,0.91,marginalny
IK-06-01199,stacja uzdatniania wody lubelskie-południowy-19-02-01199,IK06,water,stacja uzdatniania wody,06,0619002,K2,0,0,0,15381,1,0,0.0,0.91,marginalny
IK-01-00289,elektrociepłownia opolskie-zachodni-03-06-00289,IK01,energy,elektrociepłownia,16,1603006,K1,0,0,0,15417,1,0,0.0,0.91,marginalny
IK-01-00147,GPZ 110/SN śląskie-miejski-17-06-00147,IK01,energy,GPZ 110/SN,24,2417006,K3,0,0,0,15308,1,0,0.0,0.91,marginalny
IK-06-01300,przepompownia wody kujawsko-pomorskie-wschodni-02-03-01300,IK06,water,przepompownia wody,04,0402003,K2,0,0,0,15020,1,0,0.0,0.89,marginalny
IK-07-01484,szpital powiatowy zachodniopomorskie-południowy-19-03-01484,IK07,health,szpital powiatowy,32,3219003,K3,0,0,0,14876,1,0,0.0,0.88,marginalny
IK-06-01311,przepompownia wody podlaskie-centralny-04-04-01311,IK06,water,przepompownia wody,20,2004004,K3,0,0,0,14954,1,0,0.0,0.88,marginalny
IK-06-01210,stacja uzdatniania wody wielkopolskie-miejski-17-04-01210,IK06,water,stacja uzdatniania wody,30,3017004,K2,0,0,0,14703,1,0,0.0,0.87,marginalny
IK-07-01421,szpital wielospecjalistyczny opolskie-wschodni-02-02-01421,IK07,health,szpital wielospecjalistyczny,16,1602002,K1,0,0,0,14773,1,0,0.0,0.87,marginalny
IK-01-00298,elektrociepłownia podkarpackie-miejski-17-02-00298,IK01,energy,elektrociepłownia,18,1817002,K2,0,0,0,14616,1,0,0.0,0.86,marginalny
IK-07-01493,szpital powiatowy kujawsko-pomorskie-centralny-16-04-01493,IK07,health,szpital powiatowy,04,0416004,K2,0,0,0,14359,1,0,0.0,0.85,marginalny
IK-06-01342,oczyszczalnia ścieków podkarpackie-centralny-04-05-01342,IK06,water,oczyszczalnia ścieków,18,1804005,K3,0,0,0,14178,1,0,0.0,0.84,marginalny
IK-07-01565,centrum dializ śląskie-wschodni-08-06-01565,IK07,health,centrum dializ,24,2408006,K2,0,0,0,13955,1,0,0.0,0.83,marginalny
IK-06-01328,przepompownia wody świętokrzyskie-północny-06-01-01328,IK06,water,przepompownia wody,26,2606001,K3,0,0,0,14083,1,0,0.0,0.83,marginalny
IK-07-01549,centrum dializ opolskie-północny-06-07-01549,IK07,health,centrum dializ,16,1606007,K3,0,0,0,13991,1,0,0.0,0.83,marginalny
IK-07-01488,szpital powiatowy opolskie-północny-06-07-01488,IK07,health,szpital powiatowy,16,1606007,K3,0,0,0,13991,1,0,0.0,0.83,marginalny
IK-01-00287,elektrociepłownia dolnośląskie-centralny-22-04-00287,IK01,energy,elektrociepłownia,02,0222004,K2,0,0,0,14041,1,0,0.0,0.83,marginalny
IK-07-01391,szpital wielospecjalistyczny mazowieckie-południowy-13-07-01391,IK07,health,szpital wielospecjalistyczny,14,1413007,K1,0,0,0,14049,1,0,0.0,0.83,marginalny
IK-01-00391,stacja redukcyjna gazu opolskie-północny-06-07-00391,IK01,energy,stacja redukcyjna gazu,16,1606007,K3,0,0,0,13991,1,0,0.0,0.83,marginalny
IK-07-01602,bank krwi / magazyn farmaceutyczny warmińsko-mazurskie-centralny-16-04-01602,IK07,health,bank krwi / magazyn farmaceutyczny,28,2816004,K3,0,0,0,13879,1,0,0.0,0.82,marginalny
IK-07-01592,bank krwi / magazyn farmaceutyczny opolskie-północny-12-01-01592,IK07,health,bank krwi / magazyn farmaceutyczny,16,1612001,K2,0,0,0,13865,1,0,0.0,0.82,marginalny
IK-06-01283,przepompownia wody małopolskie-północny-18-03-01283,IK06,water,przepompownia wody,12,1218003,K3,0,0,0,13837,1,0,0.0,0.82,marginalny
IK-01-00286,elektrociepłownia dolnośląskie-miejski-29-06-00286,IK01,energy,elektrociepłownia,02,0229006,K1,0,0,0,13827,1,0,0.0,0.82,marginalny
IK-01-00268,elektrociepłownia lubelskie-południowy-13-05-00268,IK01,energy,elektrociepłownia,06,0613005,K2,0,0,0,13693,1,0,0.0,0.81,marginalny
IK-07-01607,bank krwi / magazyn farmaceutyczny świętokrzyskie-wschodni-02-06-01607,IK07,health,bank krwi / magazyn farmaceutyczny,26,2602006,K1,0,0,0,13679,1,0,0.0,0.81,marginalny
IK-01-00263,elektrownia systemowa śląskie-miejski-17-02-00263,IK01,energy,elektrownia systemowa,24,2417002,K1,0,0,0,13711,1,0,0.0,0.81,marginalny
IK-07-01540,centrum dializ mazowieckie-zachodni-39-01-01540,IK07,health,centrum dializ,14,1439001,K2,0,0,0,13707,1,0,0.0,0.81,marginalny
IK-06-01344,oczyszczalnia ścieków mazowieckie-zachodni-39-01-01344,IK06,water,oczyszczalnia ścieków,14,1439001,K2,0,0,0,13707,1,0,0.0,0.81,marginalny
IK-07-01530,centrum dializ lubuskie-zachodni-09-05-01530,IK07,health,centrum dializ,08,0809005,K2,0,0,0,13636,1,0,0.0,0.81,marginalny
IK-07-01380,szpital wielospecjalistyczny pomorskie-wschodni-20-02-01380,IK07,health,szpital wielospecjalistyczny,22,2220002,K2,0,0,0,13545,1,0,0.0,0.8,marginalny
IK-06-01321,przepompownia wody lubuskie-północny-12-01-01321,IK06,water,przepompownia wody,08,0812001,K2,0,0,0,13532,1,0,0.0,0.8,marginalny
IK-07-01399,szpital wielospecjalistyczny dolnośląskie-północny-06-01-01399,IK07,health,szpital wielospecjalistyczny,02,0206001,K1,0,0,0,13564,1,0,0.0,0.8,marginalny
IK-06-01312,przepompownia wody podlaskie-centralny-16-04-01312,IK06,water,przepompownia wody,20,2016004,K3,0,0,0,13406,1,0,0.0,0.79,marginalny
IK-07-01424,szpital wielospecjalistyczny opolskie-miejski-11-04-01424,IK07,health,szpital wielospecjalistyczny,16,1611004,K1,0,0,0,13416,1,0,0.0,0.79,marginalny
IK-07-01376,szpital wielospecjalistyczny podkarpackie-południowy-19-01-01376,IK07,health,szpital wielospecjalistyczny,18,1819001,K1,0,0,0,13268,1,0,0.0,0.79,marginalny
IK-06-01158,stacja uzdatniania wody lubelskie-miejski-11-05-01158,IK06,water,stacja uzdatniania wody,06,0611005,K1,0,0,0,13180,1,0,0.0,0.78,marginalny
IK-06-01349,oczyszczalnia ścieków opolskie-północny-06-02-01349,IK06,water,oczyszczalnia ścieków,16,1606002,K2,0,0,0,13200,1,0,0.0,0.78,marginalny
IK-07-01395,szpital wielospecjalistyczny świętokrzyskie-zachodni-03-02-01395,IK07,health,szpital wielospecjalistyczny,26,2603002,K1,0,0,0,13194,1,0,0.0,0.78,marginalny
IK-07-01532,centrum dializ podlaskie-centralny-10-04-01532,IK07,health,centrum dializ,20,2010004,K2,0,0,0,13119,1,0,0.0,0.78,marginalny
IK-01-00245,elektrownia systemowa warmińsko-mazurskie-zachodni-21-01-00245,IK01,energy,elektrownia systemowa,28,2821001,K2,0,0,0,13091,1,0,0.0,0.77,marginalny
IK-01-00328,tłocznia gazu opolskie-zachodni-03-07-00328,IK01,energy,tłocznia gazu,16,1603007,K2,0,0,0,12988,1,0,0.0,0.77,marginalny
IK-01-00278,elektrociepłownia mazowieckie-zachodni-15-01-00278,IK01,energy,elektrociepłownia,14,1415001,K2,0,0,0,12942,1,0,0.0,0.77,marginalny
IK-07-01410,szpital wielospecjalistyczny łódzkie-centralny-22-02-01410,IK07,health,szpital wielospecjalistyczny,10,1022002,K1,0,0,0,12890,1,0,0.0,0.76,marginalny
IK-07-01582,bank krwi / magazyn farmaceutyczny świętokrzyskie-wschodni-14-02-01582,IK07,health,bank krwi / magazyn farmaceutyczny,26,2614002,K3,0,0,0,12855,1,0,0.0,0.76,marginalny
IK-01-00285,elektrociepłownia podkarpackie-centralny-22-02-00285,IK01,energy,elektrociepłownia,18,1822002,K2,0,0,0,12712,1,0,0.0,0.75,marginalny
IK-07-01610,bank krwi / magazyn farmaceutyczny opolskie-zachodni-09-04-01610,IK07,health,bank krwi / magazyn farmaceutyczny,16,1609004,K3,0,0,0,12632,1,0,0.0,0.75,marginalny
IK-06-01074,ujęcie wody świętokrzyskie-zachodni-03-06-01074,IK06,water,ujęcie wody,26,2603006,K2,0,0,0,12661,1,0,0.0,0.75,marginalny
IK-01-00292,elektrociepłownia lubuskie-miejski-11-03-00292,IK01,energy,elektrociepłownia,08,0811003,K2,0,0,0,12607,1,0,0.0,0.75,marginalny
IK-07-01439,szpital powiatowy podkarpackie-centralny-22-02-01439,IK07,health,szpital powiatowy,18,1822002,K2,0,0,0,12712,1,0,0.0,0.75,marginalny
IK-01-00314,tłocznia gazu świętokrzyskie-zachodni-03-06-00314,IK01,energy,tłocznia gazu,26,2603006,K1,0,0,0,12661,1,0,0.0,0.75,marginalny
IK-01-00114,GPZ 110/SN opolskie-zachodni-09-04-00114,IK01,energy,GPZ 110/SN,16,1609004,K2,0,0,0,12632,1,0,0.0,0.75,marginalny
IK-07-01447,szpital powiatowy opolskie-zachodni-09-04-01447,IK07,health,szpital powiatowy,16,1609004,K2,0,0,0,12632,1,0,0.0,0.75,marginalny
IK-07-01559,centrum dializ małopolskie-południowy-07-03-01559,IK07,health,centrum dializ,12,1207003,K2,0,0,0,12537,1,0,0.0,0.74,marginalny
IK-06-01110,ujęcie wody kujawsko-pomorskie-zachodni-21-03-01110,IK06,water,ujęcie wody,04,0421003,K2,0,0,0,12233,1,0,0.0,0.72,marginalny
IK-07-01485,szpital powiatowy zachodniopomorskie-północny-18-06-01485,IK07,health,szpital powiatowy,32,3218006,K3,0,0,0,12085,1,0,0.0,0.72,marginalny
IK-07-01366,szpital wielospecjalistyczny zachodniopomorskie-zachodni-21-06-01366,IK07,health,szpital wielospecjalistyczny,32,3221006,K1,0,0,0,12205,1,0,0.0,0.72,marginalny
IK-06-01315,przepompownia wody podlaskie-centralny-16-05-01315,IK06,water,przepompownia wody,20,2016005,K3,0,0,0,12052,1,0,0.0,0.71,marginalny
IK-07-01591,bank krwi / magazyn farmaceutyczny dolnośląskie-północny-12-05-01591,IK07,health,bank krwi / magazyn farmaceutyczny,02,0212005,K1,0,0,0,12004,1,0,0.0,0.71,marginalny
IK-07-01580,bank krwi / magazyn farmaceutyczny dolnośląskie-zachodni-21-02-01580,IK07,health,bank krwi / magazyn farmaceutyczny,02,0221002,K1,0,0,0,11996,1,0,0.0,0.71,marginalny
IK-07-01398,szpital wielospecjalistyczny wielkopolskie-wschodni-32-03-01398,IK07,health,szpital wielospecjalistyczny,30,3032003,K1,0,0,0,11918,1,0,0.0,0.71,marginalny
IK-01-00111,GPZ 110/SN dolnośląskie-zachodni-21-02-00111,IK01,energy,GPZ 110/SN,02,0221002,K1,0,0,0,11996,1,0,0.0,0.71,marginalny
IK-07-01486,szpital powiatowy dolnośląskie-miejski-11-02-01486,IK07,health,szpital powiatowy,02,0211002,K1,0,0,0,11877,1,0,0.0,0.7,marginalny
IK-01-00220,GPZ 110/SN pomorskie-wschodni-20-04-00220,IK01,energy,GPZ 110/SN,22,2220004,K2,0,0,0,11581,1,0,0.0,0.69,marginalny
IK-01-00275,elektrociepłownia świętokrzyskie-południowy-01-05-00275,IK01,energy,elektrociepłownia,26,2601005,K1,0,0,0,11689,1,0,0.0,0.69,marginalny
IK-01-00299,elektrociepłownia świętokrzyskie-południowy-01-05-00299,IK01,energy,elektrociepłownia,26,2601005,K3,0,0,0,11689,1,0,0.0,0.69,marginalny
IK-01-00341,magazyn/terminal paliw podlaskie-zachodni-15-03-00341,IK01,energy,magazyn/terminal paliw,20,2015003,K3,0,0,0,11681,1,0,0.0,0.69,marginalny
IK-06-01165,stacja uzdatniania wody warmińsko-mazurskie-południowy-13-06-01165,IK06,water,stacja uzdatniania wody,28,2813006,K2,0,0,0,11442,1,0,0.0,0.68,marginalny
IK-06-01170,stacja uzdatniania wody dolnośląskie-miejski-23-03-01170,IK06,water,stacja uzdatniania wody,02,0223003,K2,0,0,0,11463,1,0,0.0,0.68,marginalny
IK-06-01272,przepompownia wody podlaskie-południowy-13-01-01272,IK06,water,przepompownia wody,20,2013001,K3,0,0,0,11538,1,0,0.0,0.68,marginalny
IK-07-01367,szpital wielospecjalistyczny dolnośląskie-miejski-23-03-01367,IK07,health,szpital wielospecjalistyczny,02,0223003,K1,0,0,0,11463,1,0,0.0,0.68,marginalny
IK-07-01465,szpital powiatowy lubuskie-północny-06-07-01465,IK07,health,szpital powiatowy,08,0806007,K2,0,0,0,11417,1,0,0.0,0.68,marginalny
IK-07-01472,szpital powiatowy dolnośląskie-miejski-23-03-01472,IK07,health,szpital powiatowy,02,0223003,K2,0,0,0,11463,1,0,0.0,0.68,marginalny
IK-01-00338,magazyn/terminal paliw warmińsko-mazurskie-wschodni-20-01-00338,IK01,energy,magazyn/terminal paliw,28,2820001,K1,0,0,0,11512,1,0,0.0,0.68,marginalny
IK-01-00342,magazyn/terminal paliw dolnośląskie-miejski-23-06-00342,IK01,energy,magazyn/terminal paliw,02,0223006,K2,0,0,0,11541,1,0,0.0,0.68,marginalny
IK-01-00357,magazyn/terminal paliw mazowieckie-wschodni-26-01-00357,IK01,energy,magazyn/terminal paliw,14,1426001,K2,0,0,0,11278,1,0,0.0,0.67,marginalny
IK-01-00052,GPZ 110/SN wielkopolskie-centralny-10-02-00052,IK01,energy,GPZ 110/SN,30,3010002,K2,0,0,0,11272,1,0,0.0,0.67,marginalny
IK-06-01089,ujęcie wody opolskie-północny-12-02-01089,IK06,water,ujęcie wody,16,1612002,K3,0,0,0,11089,1,0,0.0,0.66,marginalny
IK-06-01287,przepompownia wody łódzkie-południowy-01-03-01287,IK06,water,przepompownia wody,10,1001003,K3,0,0,0,11107,1,0,0.0,0.66,marginalny
IK-06-01319,przepompownia wody opolskie-północny-12-02-01319,IK06,water,przepompownia wody,16,1612002,K2,0,0,0,11089,1,0,0.0,0.66,marginalny
IK-06-01243,przepompownia wody małopolskie-południowy-13-01-01243,IK06,water,przepompownia wody,12,1213001,K3,0,0,0,11221,1,0,0.0,0.66,marginalny
IK-01-00405,stacja redukcyjna gazu mazowieckie-wschodni-02-05-00405,IK01,energy,stacja redukcyjna gazu,14,1402005,K2,0,0,0,10965,1,0,0.0,0.65,marginalny
IK-07-01572,bank krwi / magazyn farmaceutyczny wielkopolskie-wschodni-14-04-01572,IK07,health,bank krwi / magazyn farmaceutyczny,30,3014004,K2,0,0,0,10997,1,0,0.0,0.65,marginalny
IK-01-00247,elektrownia systemowa lubuskie-południowy-07-01-00247,IK01,energy,elektrownia systemowa,08,0807001,K1,0,0,0,10941,1,0,0.0,0.65,marginalny
IK-06-01236,stacja uzdatniania wody lubelskie-północny-18-01-01236,IK06,water,stacja uzdatniania wody,06,0618001,K1,0,0,0,10946,1,0,0.0,0.65,marginalny
IK-07-01570,centrum dializ opolskie-zachodni-03-02-01570,IK07,health,centrum dializ,16,1603002,K3,0,0,0,11056,1,0,0.0,0.65,marginalny
IK-07-01471,szpital powiatowy warmińsko-mazurskie-centralny-04-01-01471,IK07,health,szpital powiatowy,28,2804001,K2,0,0,0,10900,1,0,0.0,0.65,marginalny
IK-07-01412,szpital wielospecjalistyczny łódzkie-północny-18-07-01412,IK07,health,szpital wielospecjalistyczny,10,1018007,K1,0,0,0,10947,1,0,0.0,0.65,marginalny
IK-01-00402,stacja redukcyjna gazu dolnośląskie-wschodni-14-01-00402,IK01,energy,stacja redukcyjna gazu,02,0214001,K2,0,0,0,10946,1,0,0.0,0.65,marginalny
IK-01-00021,stacja NN 400/220 kV pomorskie-północny-18-05-00021,IK01,energy,stacja NN 400/220 kV,22,2218005,K1,0,0,0,10929,1,0,0.0,0.65,marginalny
IK-06-01184,stacja uzdatniania wody pomorskie-wschodni-20-05-01184,IK06,water,stacja uzdatniania wody,22,2220005,K2,0,0,0,10740,1,0,0.0,0.64,marginalny
IK-06-01356,oczyszczalnia ścieków dolnośląskie-centralny-10-02-01356,IK06,water,oczyszczalnia ścieków,02,0210002,K2,0,0,0,10895,1,0,0.0,0.64,marginalny
IK-07-01601,bank krwi / magazyn farmaceutyczny wielkopolskie-południowy-13-02-01601,IK07,health,bank krwi / magazyn farmaceutyczny,30,3013002,K2,0,0,0,10738,1,0,0.0,0.64,marginalny
IK-06-01259,przepompownia wody opolskie-centralny-04-02-01259,IK06,water,przepompownia wody,16,1604002,K3,0,0,0,10828,1,0,0.0,0.64,marginalny
IK-07-01413,szpital wielospecjalistyczny dolnośląskie-północny-18-02-01413,IK07,health,szpital wielospecjalistyczny,02,0218002,K1,0,0,0,10712,1,0,0.0,0.63,marginalny
IK-06-01308,przepompownia wody dolnośląskie-północny-18-02-01308,IK06,water,przepompownia wody,02,0218002,K3,0,0,0,10712,1,0,0.0,0.63,marginalny
IK-07-01369,szpital wielospecjalistyczny opolskie-zachodni-03-05-01369,IK07,health,szpital wielospecjalistyczny,16,1603005,K1,0,0,0,10629,1,0,0.0,0.63,marginalny
IK-07-01474,szpital powiatowy łódzkie-miejski-17-06-01474,IK07,health,szpital powiatowy,10,1017006,K2,0,0,0,10396,1,0,0.0,0.62,marginalny
IK-01-00281,elektrociepłownia łódzkie-centralny-22-06-00281,IK01,energy,elektrociepłownia,10,1022006,K3,0,0,0,10467,1,0,0.0,0.62,marginalny
IK-01-00262,elektrownia systemowa dolnośląskie-zachodni-15-02-00262,IK01,energy,elektrownia systemowa,02,0215002,K1,0,0,0,10455,1,0,0.0,0.62,marginalny
IK-06-01274,przepompownia wody lubelskie-centralny-22-03-01274,IK06,water,przepompownia wody,06,0622003,K3,0,0,0,10509,1,0,0.0,0.62,marginalny
IK-06-01326,przepompownia wody łódzkie-centralny-22-06-01326,IK06,water,przepompownia wody,10,1022006,K2,0,0,0,10467,1,0,0.0,0.62,marginalny
IK-01-00337,magazyn/terminal paliw podlaskie-centralny-16-02-00337,IK01,energy,magazyn/terminal paliw,20,2016002,K3,0,0,0,10347,1,0,0.0,0.61,marginalny
IK-07-01463,szpital powiatowy dolnośląskie-północny-12-07-01463,IK07,health,szpital powiatowy,02,0212007,K2,0,0,0,10248,1,0,0.0,0.61,marginalny
IK-06-01175,stacja uzdatniania wody dolnośląskie-wschodni-02-05-01175,IK06,water,stacja uzdatniania wody,02,0202005,K1,0,0,0,10327,1,0,0.0,0.61,marginalny
IK-06-01213,stacja uzdatniania wody dolnośląskie-wschodni-02-05-01213,IK06,water,stacja uzdatniania wody,02,0202005,K3,0,0,0,10327,1,0,0.0,0.61,marginalny
IK-07-01502,szpital powiatowy podlaskie-centralny-04-03-01502,IK07,health,szpital powiatowy,20,2004003,K2,0,0,0,10366,1,0,0.0,0.61,marginalny
IK-06-01262,przepompownia wody dolnośląskie-północny-12-07-01262,IK06,water,przepompownia wody,02,0212007,K2,0,0,0,10248,1,0,0.0,0.61,marginalny
IK-06-01250,przepompownia wody dolnośląskie-północny-12-07-01250,IK06,water,przepompownia wody,02,0212007,K3,0,0,0,10248,1,0,0.0,0.61,marginalny
IK-07-01477,szpital powiatowy pomorskie-zachodni-03-05-01477,IK07,health,szpital powiatowy,22,2203005,K2,0,0,0,10339,1,0,0.0,0.61,marginalny
IK-01-00309,tłocznia gazu opolskie-północny-12-06-00309,IK01,energy,tłocznia gazu,16,1612006,K1,0,0,0,10179,1,0,0.0,0.6,marginalny
IK-01-00330,tłocznia gazu opolskie-północny-12-06-00330,IK01,energy,tłocznia gazu,16,1612006,K1,0,0,0,10179,1,0,0.0,0.6,marginalny
IK-07-01388,szpital wielospecjalistyczny kujawsko-pomorskie-centralny-04-03-01388,IK07,health,szpital wielospecjalistyczny,04,0404003,K1,0,0,0,10112,1,0,0.0,0.6,marginalny
IK-01-00395,stacja redukcyjna gazu świętokrzyskie-miejski-11-05-00395,IK01,energy,stacja redukcyjna gazu,26,2611005,K2,0,0,0,9942,1,0,0.0,0.59,marginalny
IK-06-01190,stacja uzdatniania wody pomorskie-północny-12-06-01190,IK06,water,stacja uzdatniania wody,22,2212006,K1,0,0,0,9892,1,0,0.0,0.59,marginalny
IK-07-01521,szpital powiatowy opolskie-centralny-04-06-01521,IK07,health,szpital powiatowy,16,1604006,K2,0,0,0,9944,1,0,0.0,0.59,marginalny
IK-06-01223,stacja uzdatniania wody opolskie-centralny-04-06-01223,IK06,water,stacja uzdatniania wody,16,1604006,K2,0,0,0,9944,1,0,0.0,0.59,marginalny
IK-06-01330,przepompownia wody mazowieckie-wschodni-26-02-01330,IK06,water,przepompownia wody,14,1426002,K2,0,0,0,9784,1,0,0.0,0.58,marginalny
IK-06-01329,przepompownia wody opolskie-północny-12-05-01329,IK06,water,przepompownia wody,16,1612005,K3,0,0,0,9766,1,0,0.0,0.58,marginalny
IK-07-01458,szpital powiatowy opolskie-południowy-01-07-01458,IK07,health,szpital powiatowy,16,1601007,K2,0,0,0,9763,1,0,0.0,0.58,marginalny
IK-07-01597,bank krwi / magazyn farmaceutyczny podlaskie-wschodni-08-03-01597,IK07,health,bank krwi / magazyn farmaceutyczny,20,2008003,K3,0,0,0,9802,1,0,0.0,0.58,marginalny
IK-01-00411,stacja redukcyjna gazu opolskie-południowy-01-07-00411,IK01,energy,stacja redukcyjna gazu,16,1601007,K3,0,0,0,9763,1,0,0.0,0.58,marginalny
IK-07-01456,szpital powiatowy dolnośląskie-północny-30-04-01456,IK07,health,szpital powiatowy,02,0230004,K2,0,0,0,9706,1,0,0.0,0.57,marginalny
IK-07-01386,szpital wielospecjalistyczny śląskie-zachodni-15-02-01386,IK07,health,szpital wielospecjalistyczny,24,2415002,K1,0,0,0,9678,1,0,0.0,0.57,marginalny
IK-06-01063,ujęcie wody małopolskie-wschodni-08-02-01063,IK06,water,ujęcie wody,12,1208002,K2,0,0,0,9662,1,0,0.0,0.57,marginalny
IK-07-01511,szpital powiatowy opolskie-południowy-01-05-01511,IK07,health,szpital powiatowy,16,1601005,K3,0,0,0,9700,1,0,0.0,0.57,marginalny
IK-01-00249,elektrownia systemowa podkarpackie-północny-12-01-00249,IK01,energy,elektrownia systemowa,18,1812001,K1,0,0,0,9613,1,0,0.0,0.57,marginalny
IK-07-01578,bank krwi / magazyn farmaceutyczny lubuskie-wschodni-14-03-01578,IK07,health,bank krwi / magazyn farmaceutyczny,08,0814003,K3,0,0,0,9568,1,0,0.0,0.57,marginalny
IK-06-01068,ujęcie wody dolnośląskie-wschodni-26-01-01068,IK06,water,ujęcie wody,02,0226001,K2,0,0,0,9464,1,0,0.0,0.56,marginalny
IK-07-01448,szpital powiatowy mazowieckie-zachodni-21-02-01448,IK07,health,szpital powiatowy,14,1421002,K2,0,0,0,9431,1,0,0.0,0.56,marginalny
IK-06-01357,oczyszczalnia ścieków wielkopolskie-miejski-29-02-01357,IK06,water,oczyszczalnia ścieków,30,3029002,K2,0,0,0,9443,1,0,0.0,0.56,marginalny
IK-01-00260,elektrownia systemowa zachodniopomorskie-miejski-11-03-00260,IK01,energy,elektrownia systemowa,32,3211003,K1,0,0,0,9452,1,0,0.0,0.56,marginalny
IK-06-01265,przepompownia wody dolnośląskie-wschodni-26-01-01265,IK06,water,przepompownia wody,02,0226001,K3,0,0,0,9464,1,0,0.0,0.56,marginalny
IK-07-01551,centrum dializ dolnośląskie-wschodni-26-04-01551,IK07,health,centrum dializ,02,0226004,K2,0,0,0,9506,1,0,0.0,0.56,marginalny
IK-06-01198,stacja uzdatniania wody kujawsko-pomorskie-centralny-10-07-01198,IK06,water,stacja uzdatniania wody,04,0410007,K1,0,0,0,9394,1,0,0.0,0.56,marginalny
IK-07-01545,centrum dializ dolnośląskie-miejski-11-05-01545,IK07,health,centrum dializ,02,0211005,K2,0,0,0,9342,1,0,0.0,0.55,marginalny
IK-01-00250,elektrownia systemowa dolnośląskie-zachodni-09-05-00250,IK01,energy,elektrownia systemowa,02,0209005,K1,0,0,0,9239,1,0,0.0,0.55,marginalny
IK-07-01524,szpital powiatowy dolnośląskie-zachodni-27-07-01524,IK07,health,szpital powiatowy,02,0227007,K2,0,0,0,9337,1,0,0.0,0.55,marginalny
IK-07-01509,szpital powiatowy lubelskie-zachodni-15-01-01509,IK07,health,szpital powiatowy,06,0615001,K2,0,0,0,9323,1,0,0.0,0.55,marginalny
IK-07-01467,szpital powiatowy dolnośląskie-zachodni-27-07-01467,IK07,health,szpital powiatowy,02,0227007,K2,0,0,0,9337,1,0,0.0,0.55,marginalny
IK-06-01141,ujęcie wody dolnośląskie-zachodni-09-05-01141,IK06,water,ujęcie wody,02,0209005,K3,0,0,0,9239,1,0,0.0,0.55,marginalny
IK-06-01299,przepompownia wody dolnośląskie-centralny-16-01-01299,IK06,water,przepompownia wody,02,0216001,K3,0,0,0,9326,1,0,0.0,0.55,marginalny
IK-06-01279,przepompownia wody dolnośląskie-zachodni-09-05-01279,IK06,water,przepompownia wody,02,0209005,K3,0,0,0,9239,1,0,0.0,0.55,marginalny
IK-07-01416,szpital wielospecjalistyczny opolskie-zachodni-03-03-01416,IK07,health,szpital wielospecjalistyczny,16,1603003,K1,0,0,0,9053,1,0,0.0,0.54,marginalny
IK-07-01443,szpital powiatowy lubelskie-miejski-23-07-01443,IK07,health,szpital powiatowy,06,0623007,K2,0,0,0,9158,1,0,0.0,0.54,marginalny
IK-07-01606,bank krwi / magazyn farmaceutyczny pomorskie-wschodni-02-03-01606,IK07,health,bank krwi / magazyn farmaceutyczny,22,2202003,K3,0,0,0,9149,1,0,0.0,0.54,marginalny
IK-07-01427,szpital powiatowy pomorskie-wschodni-02-03-01427,IK07,health,szpital powiatowy,22,2202003,K1,0,0,0,9149,1,0,0.0,0.54,marginalny
IK-06-01273,przepompownia wody dolnośląskie-centralny-16-07-01273,IK06,water,przepompownia wody,02,0216007,K3,0,0,0,9061,1,0,0.0,0.54,marginalny
IK-07-01603,bank krwi / magazyn farmaceutyczny łódzkie-centralny-22-04-01603,IK07,health,bank krwi / magazyn farmaceutyczny,10,1022004,K2,0,0,0,9090,1,0,0.0,0.54,marginalny
IK-06-01226,stacja uzdatniania wody opolskie-centralny-04-01-01226,IK06,water,stacja uzdatniania wody,16,1604001,K2,0,0,0,8885,1,0,0.0,0.53,marginalny
IK-01-00316,tłocznia gazu małopolskie-wschodni-08-01-00316,IK01,energy,tłocznia gazu,12,1208001,K1,0,0,0,8978,1,0,0.0,0.53,marginalny
IK-06-01096,ujęcie wody małopolskie-wschodni-08-01-01096,IK06,water,ujęcie wody,12,1208001,K2,0,0,0,8978,1,0,0.0,0.53,marginalny
IK-01-00132,GPZ 110/SN opolskie-północny-06-03-00132,IK01,energy,GPZ 110/SN,16,1606003,K2,0,0,0,9034,1,0,0.0,0.53,marginalny
IK-06-01171,stacja uzdatniania wody opolskie-północny-06-03-01171,IK06,water,stacja uzdatniania wody,16,1606003,K2,0,0,0,9034,1,0,0.0,0.53,marginalny
IK-01-00400,stacja redukcyjna gazu opolskie-południowy-07-02-00400,IK01,energy,stacja redukcyjna gazu,16,1607002,K2,0,0,0,9003,1,0,0.0,0.53,marginalny
IK-01-00354,magazyn/terminal paliw opolskie-północny-06-03-00354,IK01,energy,magazyn/terminal paliw,16,1606003,K1,0,0,0,9034,1,0,0.0,0.53,marginalny
IK-06-01264,przepompownia wody świętokrzyskie-wschodni-02-03-01264,IK06,water,przepompownia wody,26,2602003,K3,0,0,0,9035,1,0,0.0,0.53,marginalny
IK-06-01244,przepompownia wody wielkopolskie-zachodni-21-05-01244,IK06,water,przepompownia wody,30,3021005,K3,0,0,0,8963,1,0,0.0,0.53,marginalny
IK-06-01183,stacja uzdatniania wody małopolskie-wschodni-08-01-01183,IK06,water,stacja uzdatniania wody,12,1208001,K1,0,0,0,8978,1,0,0.0,0.53,marginalny
IK-01-00243,elektrownia systemowa opolskie-południowy-07-02-00243,IK01,energy,elektrownia systemowa,16,1607002,K1,0,0,0,9003,1,0,0.0,0.53,marginalny
IK-01-00209,GPZ 110/SN pomorskie-południowy-07-03-00209,IK01,energy,GPZ 110/SN,22,2207003,K1,0,0,0,8996,1,0,0.0,0.53,marginalny
IK-07-01383,szpital wielospecjalistyczny świętokrzyskie-wschodni-02-03-01383,IK07,health,szpital wielospecjalistyczny,26,2602003,K1,0,0,0,9035,1,0,0.0,0.53,marginalny
IK-06-01361,oczyszczalnia ścieków lubelskie-miejski-11-01-01361,IK06,water,oczyszczalnia ścieków,06,0611001,K3,0,0,0,8939,1,0,0.0,0.53,marginalny
IK-06-01355,oczyszczalnia ścieków dolnośląskie-miejski-05-01-01355,IK06,water,oczyszczalnia ścieków,02,0205001,K3,0,0,0,8788,1,0,0.0,0.52,marginalny
IK-06-01322,przepompownia wody łódzkie-miejski-17-03-01322,IK06,water,przepompownia wody,10,1017003,K3,0,0,0,8721,1,0,0.0,0.52,marginalny
IK-01-00366,magazyn/terminal paliw opolskie-południowy-07-04-00366,IK01,energy,magazyn/terminal paliw,16,1607004,K2,0,0,0,8868,1,0,0.0,0.52,marginalny
IK-07-01408,szpital wielospecjalistyczny dolnośląskie-wschodni-08-06-01408,IK07,health,szpital wielospecjalistyczny,02,0208006,K1,0,0,0,8724,1,0,0.0,0.52,marginalny
IK-07-01476,szpital powiatowy śląskie-północny-12-04-01476,IK07,health,szpital powiatowy,24,2412004,K3,0,0,0,8870,1,0,0.0,0.52,marginalny
IK-07-01422,szpital wielospecjalistyczny opolskie-wschodni-08-06-01422,IK07,health,szpital wielospecjalistyczny,16,1608006,K2,0,0,0,8626,1,0,0.0,0.51,marginalny
IK-07-01527,centrum dializ opolskie-wschodni-08-06-01527,IK07,health,centrum dializ,16,1608006,K2,0,0,0,8626,1,0,0.0,0.51,marginalny
IK-07-01585,bank krwi / magazyn farmaceutyczny mazowieckie-zachodni-39-04-01585,IK07,health,bank krwi / magazyn farmaceutyczny,14,1439004,K2,0,0,0,8628,1,0,0.0,0.51,marginalny
IK-06-01117,ujęcie wody dolnośląskie-miejski-17-07-01117,IK06,water,ujęcie wody,02,0217007,K2,0,0,0,8632,1,0,0.0,0.51,marginalny
IK-01-00353,magazyn/terminal paliw dolnośląskie-północny-24-07-00353,IK01,energy,magazyn/terminal paliw,02,0224007,K2,0,0,0,8607,1,0,0.0,0.51,marginalny
IK-06-01277,przepompownia wody dolnośląskie-wschodni-26-06-01277,IK06,water,przepompownia wody,02,0226006,K3,0,0,0,8376,1,0,0.0,0.5,marginalny
IK-06-01345,oczyszczalnia ścieków małopolskie-północny-12-04-01345,IK06,water,oczyszczalnia ścieków,12,1212004,K3,0,0,0,8439,1,0,0.0,0.5,marginalny
IK-07-01537,centrum dializ lubuskie-centralny-04-01-01537,IK07,health,centrum dializ,08,0804001,K2,0,0,0,8463,1,0,0.0,0.5,marginalny
IK-07-01519,szpital powiatowy małopolskie-zachodni-21-04-01519,IK07,health,szpital powiatowy,12,1221004,K2,0,0,0,8463,1,0,0.0,0.5,marginalny
IK-07-01518,szpital powiatowy opolskie-południowy-07-05-01518,IK07,health,szpital powiatowy,16,1607005,K2,0,0,0,8465,1,0,0.0,0.5,marginalny
IK-01-00381,stacja redukcyjna gazu małopolskie-północny-12-04-00381,IK01,energy,stacja redukcyjna gazu,12,1212004,K3,0,0,0,8439,1,0,0.0,0.5,marginalny
IK-01-00415,stacja redukcyjna gazu mazowieckie-południowy-01-05-00415,IK01,energy,stacja redukcyjna gazu,14,1401005,K2,0,0,0,8366,1,0,0.0,0.5,marginalny
IK-07-01433,szpital powiatowy świętokrzyskie-centralny-04-03-01433,IK07,health,szpital powiatowy,26,2604003,K3,0,0,0,8430,1,0,0.0,0.5,marginalny
IK-06-01126,ujęcie wody dolnośląskie-wschodni-26-06-01126,IK06,water,ujęcie wody,02,0226006,K2,0,0,0,8376,1,0,0.0,0.5,marginalny
IK-07-01604,bank krwi / magazyn farmaceutyczny dolnośląskie-centralny-04-02-01604,IK07,health,bank krwi / magazyn farmaceutyczny,02,0204002,K3,0,0,0,8259,1,0,0.0,0.49,marginalny
IK-07-01589,bank krwi / magazyn farmaceutyczny dolnośląskie-centralny-04-02-01589,IK07,health,bank krwi / magazyn farmaceutyczny,02,0204002,K2,0,0,0,8259,1,0,0.0,0.49,marginalny
IK-06-01205,stacja uzdatniania wody zachodniopomorskie-wschodni-20-02-01205,IK06,water,stacja uzdatniania wody,32,3220002,K2,0,0,0,8282,1,0,0.0,0.49,marginalny
IK-07-01373,szpital wielospecjalistyczny podkarpackie-centralny-04-06-01373,IK07,health,szpital wielospecjalistyczny,18,1804006,K1,0,0,0,8227,1,0,0.0,0.49,marginalny
IK-01-00409,stacja redukcyjna gazu kujawsko-pomorskie-centralny-22-06-00409,IK01,energy,stacja redukcyjna gazu,04,0422006,K3,0,0,0,8269,1,0,0.0,0.49,marginalny
IK-06-01230,stacja uzdatniania wody zachodniopomorskie-wschodni-20-02-01230,IK06,water,stacja uzdatniania wody,32,3220002,K2,0,0,0,8282,1,0,0.0,0.49,marginalny
IK-07-01574,bank krwi / magazyn farmaceutyczny pomorskie-wschodni-14-05-01574,IK07,health,bank krwi / magazyn farmaceutyczny,22,2214005,K2,0,0,0,8245,1,0,0.0,0.49,marginalny
IK-01-00297,elektrociepłownia zachodniopomorskie-południowy-01-05-00297,IK01,energy,elektrociepłownia,32,3201005,K2,0,0,0,8061,1,0,0.0,0.48,marginalny
IK-07-01414,szpital wielospecjalistyczny opolskie-południowy-01-06-01414,IK07,health,szpital wielospecjalistyczny,16,1601006,K1,0,0,0,8064,1,0,0.0,0.48,marginalny
IK-07-01457,szpital powiatowy opolskie-południowy-01-06-01457,IK07,health,szpital powiatowy,16,1601006,K1,0,0,0,8064,1,0,0.0,0.48,marginalny
IK-07-01611,bank krwi / magazyn farmaceutyczny łódzkie-wschodni-08-03-01611,IK07,health,bank krwi / magazyn farmaceutyczny,10,1008003,K1,0,0,0,8149,1,0,0.0,0.48,marginalny
IK-01-00100,GPZ 110/SN opolskie-południowy-01-06-00100,IK01,energy,GPZ 110/SN,16,1601006,K1,0,0,0,8064,1,0,0.0,0.48,marginalny
IK-06-01078,ujęcie wody pomorskie-centralny-10-04-01078,IK06,water,ujęcie wody,22,2210004,K2,0,0,0,8063,1,0,0.0,0.48,marginalny
IK-07-01450,szpital powiatowy opolskie-zachodni-09-05-01450,IK07,health,szpital powiatowy,16,1609005,K2,0,0,0,8143,1,0,0.0,0.48,marginalny
IK-06-01334,oczyszczalnia ścieków opolskie-zachodni-09-05-01334,IK06,water,oczyszczalnia ścieków,16,1609005,K2,0,0,0,8143,1,0,0.0,0.48,marginalny
IK-07-01400,szpital wielospecjalistyczny mazowieckie-wschodni-02-06-01400,IK07,health,szpital wielospecjalistyczny,14,1402006,K1,0,0,0,8117,1,0,0.0,0.48,marginalny
IK-07-01452,szpital powiatowy opolskie-południowy-01-06-01452,IK07,health,szpital powiatowy,16,1601006,K1,0,0,0,8064,1,0,0.0,0.48,marginalny
IK-06-01188,stacja uzdatniania wody pomorskie-centralny-10-06-01188,IK06,water,stacja uzdatniania wody,22,2210006,K2,0,0,0,8187,1,0,0.0,0.48,marginalny
IK-06-01285,przepompownia wody śląskie-północny-36-06-01285,IK06,water,przepompownia wody,24,2436006,K2,0,0,0,8130,1,0,0.0,0.48,marginalny
IK-01-00303,tłocznia gazu pomorskie-północny-18-03-00303,IK01,energy,tłocznia gazu,22,2218003,K1,0,0,0,7996,1,0,0.0,0.47,marginalny
IK-07-01566,centrum dializ kujawsko-pomorskie-północny-12-05-01566,IK07,health,centrum dializ,04,0412005,K1,0,0,0,8017,1,0,0.0,0.47,marginalny
IK-06-01303,przepompownia wody wielkopolskie-miejski-23-01-01303,IK06,water,przepompownia wody,30,3023001,K2,0,0,0,8004,1,0,0.0,0.47,marginalny
IK-07-01444,szpital powiatowy śląskie-północny-18-06-01444,IK07,health,szpital powiatowy,24,2418006,K2,0,0,0,7953,1,0,0.0,0.47,marginalny
IK-06-01245,przepompownia wody lubelskie-północny-18-03-01245,IK06,water,przepompownia wody,06,0618003,K3,0,0,0,7909,1,0,0.0,0.47,marginalny
IK-01-00258,elektrownia systemowa lubelskie-północny-18-03-00258,IK01,energy,elektrownia systemowa,06,0618003,K1,0,0,0,7909,1,0,0.0,0.47,marginalny
IK-07-01563,centrum dializ kujawsko-pomorskie-północny-12-05-01563,IK07,health,centrum dializ,04,0412005,K2,0,0,0,8017,1,0,0.0,0.47,marginalny
IK-01-00293,elektrociepłownia podlaskie-północny-12-03-00293,IK01,energy,elektrociepłownia,20,2012003,K2,0,0,0,7841,1,0,0.0,0.46,marginalny
IK-06-01084,ujęcie wody łódzkie-wschodni-02-01-01084,IK06,water,ujęcie wody,10,1002001,K2,0,0,0,7791,1,0,0.0,0.46,marginalny
IK-01-00175,GPZ 110/SN łódzkie-centralny-16-03-00175,IK01,energy,GPZ 110/SN,10,1016003,K1,0,0,0,7811,1,0,0.0,0.46,marginalny
IK-01-00264,elektrownia systemowa małopolskie-miejski-17-03-00264,IK01,energy,elektrownia systemowa,12,1217003,K1,0,0,0,7806,1,0,0.0,0.46,marginalny
IK-06-01218,stacja uzdatniania wody podlaskie-północny-06-06-01218,IK06,water,stacja uzdatniania wody,20,2006006,K2,0,0,0,7709,1,0,0.0,0.46,marginalny
IK-01-00304,tłocznia gazu podlaskie-północny-06-06-00304,IK01,energy,tłocznia gazu,20,2006006,K2,0,0,0,7709,1,0,0.0,0.46,marginalny
IK-07-01590,bank krwi / magazyn farmaceutyczny świętokrzyskie-miejski-05-01-01590,IK07,health,bank krwi / magazyn farmaceutyczny,26,2605001,K2,0,0,0,7547,1,0,0.0,0.45,marginalny
IK-01-00003,stacja NN 400/220 kV małopolskie-północny-12-06-00003,IK01,energy,stacja NN 400/220 kV,12,1212006,K1,0,0,0,7543,1,0,0.0,0.45,marginalny
IK-06-01091,ujęcie wody dolnośląskie-zachodni-09-04-01091,IK06,water,ujęcie wody,02,0209004,K2,0,0,0,7673,1,0,0.0,0.45,marginalny
IK-07-01598,bank krwi / magazyn farmaceutyczny dolnośląskie-północny-12-02-01598,IK07,health,bank krwi / magazyn farmaceutyczny,02,0212002,K3,0,0,0,7570,1,0,0.0,0.45,marginalny
IK-01-00269,elektrociepłownia warmińsko-mazurskie-zachodni-21-05-00269,IK01,energy,elektrociepłownia,28,2821005,K1,0,0,0,7580,1,0,0.0,0.45,marginalny
IK-01-00419,stacja redukcyjna gazu lubuskie-północny-06-02-00419,IK01,energy,stacja redukcyjna gazu,08,0806002,K3,0,0,0,7548,1,0,0.0,0.45,marginalny
IK-06-01261,przepompownia wody lubuskie-miejski-11-06-01261,IK06,water,przepompownia wody,08,0811006,K3,0,0,0,7673,1,0,0.0,0.45,marginalny
IK-07-01542,centrum dializ warmińsko-mazurskie-zachodni-21-05-01542,IK07,health,centrum dializ,28,2821005,K2,0,0,0,7580,1,0,0.0,0.45,marginalny
IK-06-01278,przepompownia wody lubuskie-północny-06-02-01278,IK06,water,przepompownia wody,08,0806002,K3,0,0,0,7548,1,0,0.0,0.45,marginalny
IK-01-00396,stacja redukcyjna gazu dolnośląskie-północny-12-02-00396,IK01,energy,stacja redukcyjna gazu,02,0212002,K3,0,0,0,7570,1,0,0.0,0.45,marginalny
IK-07-01505,szpital powiatowy łódzkie-zachodni-15-06-01505,IK07,health,szpital powiatowy,10,1015006,K2,0,0,0,7664,1,0,0.0,0.45,marginalny
IK-07-01370,szpital wielospecjalistyczny warmińsko-mazurskie-miejski-05-04-01370,IK07,health,szpital wielospecjalistyczny,28,2805004,K1,0,0,0,7494,1,0,0.0,0.44,marginalny
IK-01-00295,elektrociepłownia świętokrzyskie-wschodni-14-06-00295,IK01,energy,elektrociepłownia,26,2614006,K3,0,0,0,7507,1,0,0.0,0.44,marginalny
IK-07-01468,szpital powiatowy mazowieckie-centralny-28-04-01468,IK07,health,szpital powiatowy,14,1428004,K1,0,0,0,7461,1,0,0.0,0.44,marginalny
IK-07-01455,szpital powiatowy podkarpackie-wschodni-14-02-01455,IK07,health,szpital powiatowy,18,1814002,K2,0,0,0,7518,1,0,0.0,0.44,marginalny
IK-07-01423,szpital wielospecjalistyczny świętokrzyskie-południowy-07-06-01423,IK07,health,szpital wielospecjalistyczny,26,2607006,K1,0,0,0,7441,1,0,0.0,0.44,marginalny
IK-06-01337,oczyszczalnia ścieków opolskie-południowy-01-02-01337,IK06,water,oczyszczalnia ścieków,16,1601002,K3,0,0,0,7439,1,0,0.0,0.44,marginalny
IK-01-00306,tłocznia gazu podlaskie-centralny-16-06-00306,IK01,energy,tłocznia gazu,20,2016006,K1,0,0,0,7336,1,0,0.0,0.43,marginalny
IK-01-00392,stacja redukcyjna gazu mazowieckie-wschodni-02-03-00392,IK01,energy,stacja redukcyjna gazu,14,1402003,K2,0,0,0,7297,1,0,0.0,0.43,marginalny
IK-01-00335,magazyn/terminal paliw małopolskie-centralny-22-07-00335,IK01,energy,magazyn/terminal paliw,12,1222007,K1,0,0,0,7285,1,0,0.0,0.43,marginalny
IK-06-01292,przepompownia wody warmińsko-mazurskie-wschodni-14-02-01292,IK06,water,przepompownia wody,28,2814002,K3,0,0,0,7084,1,0,0.0,0.42,marginalny
IK-01-00267,elektrociepłownia kujawsko-pomorskie-północny-06-04-00267,IK01,energy,elektrociepłownia,04,0406004,K2,0,0,0,7106,1,0,0.0,0.42,marginalny
IK-06-01268,przepompownia wody dolnośląskie-centralny-28-05-01268,IK06,water,przepompownia wody,02,0228005,K3,0,0,0,7097,1,0,0.0,0.42,marginalny
IK-07-01429,szpital powiatowy dolnośląskie-centralny-28-05-01429,IK07,health,szpital powiatowy,02,0228005,K1,0,0,0,7097,1,0,0.0,0.42,marginalny
IK-07-01529,centrum dializ śląskie-wschodni-20-02-01529,IK07,health,centrum dializ,24,2420002,K1,0,0,0,6864,1,0,0.0,0.41,marginalny
IK-07-01503,szpital powiatowy wielkopolskie-południowy-25-03-01503,IK07,health,szpital powiatowy,30,3025003,K2,0,0,0,6868,1,0,0.0,0.41,marginalny
IK-06-01131,ujęcie wody dolnośląskie-zachodni-21-05-01131,IK06,water,ujęcie wody,02,0221005,K2,0,0,0,6911,1,0,0.0,0.41,marginalny
IK-01-00266,elektrownia systemowa podkarpackie-zachodni-09-04-00266,IK01,energy,elektrownia systemowa,18,1809004,K1,0,0,0,6877,1,0,0.0,0.41,marginalny
IK-01-00253,elektrownia systemowa śląskie-południowy-01-01-00253,IK01,energy,elektrownia systemowa,24,2401001,K2,0,0,0,6984,1,0,0.0,0.41,marginalny
IK-07-01441,szpital powiatowy małopolskie-wschodni-02-03-01441,IK07,health,szpital powiatowy,12,1202003,K2,0,0,0,6701,1,0,0.0,0.4,marginalny
IK-07-01544,centrum dializ warmińsko-mazurskie-centralny-10-03-01544,IK07,health,centrum dializ,28,2810003,K3,0,0,0,6775,1,0,0.0,0.4,marginalny
IK-07-01555,centrum dializ śląskie-południowy-13-02-01555,IK07,health,centrum dializ,24,2413002,K2,0,0,0,6785,1,0,0.0,0.4,marginalny
IK-06-01275,przepompownia wody świętokrzyskie-zachodni-03-05-01275,IK06,water,przepompownia wody,26,2603005,K2,0,0,0,6704,1,0,0.0,0.4,marginalny
IK-07-01405,szpital wielospecjalistyczny dolnośląskie-południowy-13-03-01405,IK07,health,szpital wielospecjalistyczny,02,0213003,K1,0,0,0,6575,1,0,0.0,0.39,marginalny
IK-06-01255,przepompownia wody opolskie-miejski-11-01-01255,IK06,water,przepompownia wody,16,1611001,K3,0,0,0,6617,1,0,0.0,0.39,marginalny
IK-06-01294,przepompownia wody opolskie-miejski-11-01-01294,IK06,water,przepompownia wody,16,1611001,K2,0,0,0,6617,1,0,0.0,0.39,marginalny
IK-06-01266,przepompownia wody pomorskie-miejski-11-04-01266,IK06,water,przepompownia wody,22,2211004,K3,0,0,0,6578,1,0,0.0,0.39,marginalny
IK-06-01208,stacja uzdatniania wody pomorskie-centralny-04-01-01208,IK06,water,stacja uzdatniania wody,22,2204001,K1,0,0,0,6591,1,0,0.0,0.39,marginalny
IK-01-00270,elektrociepłownia opolskie-miejski-11-01-00270,IK01,energy,elektrociepłownia,16,1611001,K3,0,0,0,6617,1,0,0.0,0.39,marginalny
IK-06-01144,ujęcie wody opolskie-miejski-11-01-01144,IK06,water,ujęcie wody,16,1611001,K2,0,0,0,6617,1,0,0.0,0.39,marginalny
IK-01-00406,stacja redukcyjna gazu małopolskie-miejski-05-04-00406,IK01,energy,stacja redukcyjna gazu,12,1205004,K3,0,0,0,6673,1,0,0.0,0.39,marginalny
IK-06-01111,ujęcie wody opolskie-centralny-10-04-01111,IK06,water,ujęcie wody,16,1610004,K2,0,0,0,6490,1,0,0.0,0.38,marginalny
IK-06-01115,ujęcie wody podlaskie-wschodni-14-01-01115,IK06,water,ujęcie wody,20,2014001,K3,0,0,0,6376,1,0,0.0,0.38,marginalny
IK-06-01104,ujęcie wody świętokrzyskie-południowy-01-06-01104,IK06,water,ujęcie wody,26,2601006,K2,0,0,0,6436,1,0,0.0,0.38,marginalny
IK-06-01083,ujęcie wody lubuskie-centralny-04-03-01083,IK06,water,ujęcie wody,08,0804003,K2,0,0,0,6417,1,0,0.0,0.38,marginalny
IK-07-01525,centrum dializ mazowieckie-miejski-17-04-01525,IK07,health,centrum dializ,14,1417004,K2,0,0,0,6492,1,0,0.0,0.38,marginalny
IK-06-01306,przepompownia wody podlaskie-wschodni-14-01-01306,IK06,water,przepompownia wody,20,2014001,K3,0,0,0,6376,1,0,0.0,0.38,marginalny
IK-07-01389,szpital wielospecjalistyczny opolskie-centralny-10-06-01389,IK07,health,szpital wielospecjalistyczny,16,1610006,K1,0,0,0,6495,1,0,0.0,0.38,marginalny
IK-01-00359,magazyn/terminal paliw dolnośląskie-południowy-19-04-00359,IK01,energy,magazyn/terminal paliw,02,0219004,K2,0,0,0,6385,1,0,0.0,0.38,marginalny
IK-07-01531,centrum dializ opolskie-centralny-10-06-01531,IK07,health,centrum dializ,16,1610006,K2,0,0,0,6495,1,0,0.0,0.38,marginalny
IK-06-01227,stacja uzdatniania wody podlaskie-wschodni-14-01-01227,IK06,water,stacja uzdatniania wody,20,2014001,K1,0,0,0,6376,1,0,0.0,0.38,marginalny
IK-01-00265,elektrownia systemowa podkarpackie-północny-18-05-00265,IK01,energy,elektrownia systemowa,18,1818005,K1,0,0,0,6402,1,0,0.0,0.38,marginalny
IK-06-01153,stacja uzdatniania wody podlaskie-wschodni-14-01-01153,IK06,water,stacja uzdatniania wody,20,2014001,K1,0,0,0,6376,1,0,0.0,0.38,marginalny
IK-07-01497,szpital powiatowy dolnośląskie-wschodni-26-03-01497,IK07,health,szpital powiatowy,02,0226003,K2,0,0,0,6172,1,0,0.0,0.37,marginalny
IK-07-01517,szpital powiatowy wielkopolskie-zachodni-27-03-01517,IK07,health,szpital powiatowy,30,3027003,K2,0,0,0,6272,1,0,0.0,0.37,marginalny
IK-07-01500,szpital powiatowy opolskie-miejski-05-03-01500,IK07,health,szpital powiatowy,16,1605003,K2,0,0,0,6198,1,0,0.0,0.37,marginalny
IK-06-01320,przepompownia wody podkarpackie-centralny-10-06-01320,IK06,water,przepompownia wody,18,1810006,K2,0,0,0,6286,1,0,0.0,0.37,marginalny
IK-07-01560,centrum dializ dolnośląskie-wschodni-26-03-01560,IK07,health,centrum dializ,02,0226003,K2,0,0,0,6172,1,0,0.0,0.37,marginalny
IK-06-01164,stacja uzdatniania wody zachodniopomorskie-centralny-16-03-01164,IK06,water,stacja uzdatniania wody,32,3216003,K2,0,0,0,6313,1,0,0.0,0.37,marginalny
IK-07-01577,bank krwi / magazyn farmaceutyczny wielkopolskie-zachodni-15-03-01577,IK07,health,bank krwi / magazyn farmaceutyczny,30,3015003,K2,0,0,0,6229,1,0,0.0,0.37,marginalny
IK-07-01562,centrum dializ opolskie-miejski-05-03-01562,IK07,health,centrum dializ,16,1605003,K2,0,0,0,6198,1,0,0.0,0.37,marginalny
IK-06-01282,przepompownia wody warmińsko-mazurskie-północny-12-04-01282,IK06,water,przepompownia wody,28,2812004,K3,0,0,0,6319,1,0,0.0,0.37,marginalny
IK-06-01254,przepompownia wody opolskie-miejski-05-03-01254,IK06,water,przepompownia wody,16,1605003,K3,0,0,0,6198,1,0,0.0,0.37,marginalny
IK-01-00187,GPZ 110/SN opolskie-miejski-05-03-00187,IK01,energy,GPZ 110/SN,16,1605003,K1,0,0,0,6198,1,0,0.0,0.37,marginalny
IK-01-00242,elektrownia systemowa lubelskie-zachodni-21-01-00242,IK01,energy,elektrownia systemowa,06,0621001,K1,0,0,0,6219,1,0,0.0,0.37,marginalny
IK-01-00280,elektrociepłownia lubelskie-centralny-16-07-00280,IK01,energy,elektrociepłownia,06,0616007,K1,0,0,0,6106,1,0,0.0,0.36,marginalny
IK-06-01314,przepompownia wody małopolskie-zachodni-21-07-01314,IK06,water,przepompownia wody,12,1221007,K3,0,0,0,6079,1,0,0.0,0.36,marginalny
IK-06-01281,przepompownia wody świętokrzyskie-zachodni-09-04-01281,IK06,water,przepompownia wody,26,2609004,K3,0,0,0,5979,1,0,0.0,0.35,marginalny
IK-01-00333,magazyn/terminal paliw dolnośląskie-miejski-29-04-00333,IK01,energy,magazyn/terminal paliw,02,0229004,K2,0,0,0,5917,1,0,0.0,0.35,marginalny
IK-07-01381,szpital wielospecjalistyczny dolnośląskie-centralny-22-01-01381,IK07,health,szpital wielospecjalistyczny,02,0222001,K1,0,0,0,5994,1,0,0.0,0.35,marginalny
IK-06-01301,przepompownia wody śląskie-miejski-05-05-01301,IK06,water,przepompownia wody,24,2405005,K3,0,0,0,5958,1,0,0.0,0.35,marginalny
IK-06-01331,oczyszczalnia ścieków podkarpackie-miejski-05-02-01331,IK06,water,oczyszczalnia ścieków,18,1805002,K3,0,0,0,5837,1,0,0.0,0.35,marginalny
IK-01-00379,stacja redukcyjna gazu dolnośląskie-miejski-29-04-00379,IK01,energy,stacja redukcyjna gazu,02,0229004,K3,0,0,0,5917,1,0,0.0,0.35,marginalny
IK-06-01297,przepompownia wody dolnośląskie-centralny-22-01-01297,IK06,water,przepompownia wody,02,0222001,K1,0,0,0,5994,1,0,0.0,0.35,marginalny
IK-06-01289,przepompownia wody łódzkie-północny-18-06-01289,IK06,water,przepompownia wody,10,1018006,K3,0,0,0,5971,1,0,0.0,0.35,marginalny
IK-01-00176,GPZ 110/SN opolskie-północny-12-04-00176,IK01,energy,GPZ 110/SN,16,1612004,K2,0,0,0,5774,1,0,0.0,0.34,marginalny
IK-06-01087,ujęcie wody łódzkie-południowy-07-07-01087,IK06,water,ujęcie wody,10,1007007,K2,0,0,0,5814,1,0,0.0,0.34,marginalny
IK-06-01305,przepompownia wody opolskie-północny-12-04-01305,IK06,water,przepompownia wody,16,1612004,K3,0,0,0,5774,1,0,0.0,0.34,marginalny
IK-06-01302,przepompownia wody lubelskie-północny-06-02-01302,IK06,water,przepompownia wody,06,0606002,K3,0,0,0,5724,1,0,0.0,0.34,marginalny
IK-06-01346,oczyszczalnia ścieków dolnośląskie-zachodni-03-04-01346,IK06,water,oczyszczalnia ścieków,02,0203004,K3,0,0,0,5662,1,0,0.0,0.34,marginalny
IK-07-01411,szpital wielospecjalistyczny lubelskie-wschodni-02-03-01411,IK07,health,szpital wielospecjalistyczny,06,0602003,K1,0,0,0,5745,1,0,0.0,0.34,marginalny
IK-01-00321,tłocznia gazu opolskie-centralny-10-02-00321,IK01,energy,tłocznia gazu,16,1610002,K2,0,0,0,5722,1,0,0.0,0.34,marginalny
IK-07-01520,szpital powiatowy dolnośląskie-zachodni-03-04-01520,IK07,health,szpital powiatowy,02,0203004,K2,0,0,0,5662,1,0,0.0,0.34,marginalny
IK-01-00251,elektrownia systemowa kujawsko-pomorskie-zachodni-15-03-00251,IK01,energy,elektrownia systemowa,04,0415003,K2,0,0,0,5816,1,0,0.0,0.34,marginalny
IK-06-01298,przepompownia wody opolskie-centralny-10-02-01298,IK06,water,przepompownia wody,16,1610002,K3,0,0,0,5722,1,0,0.0,0.34,marginalny
IK-01-00416,stacja redukcyjna gazu warmińsko-mazurskie-zachodni-15-01-00416,IK01,energy,stacja redukcyjna gazu,28,2815001,K3,0,0,0,5675,1,0,0.0,0.34,marginalny
IK-06-01169,stacja uzdatniania wody zachodniopomorskie-północny-18-02-01169,IK06,water,stacja uzdatniania wody,32,3218002,K2,0,0,0,5824,1,0,0.0,0.34,marginalny
IK-06-01323,przepompownia wody małopolskie-centralny-10-04-01323,IK06,water,przepompownia wody,12,1210004,K3,0,0,0,5641,1,0,0.0,0.33,marginalny
IK-07-01432,szpital powiatowy kujawsko-pomorskie-miejski-05-07-01432,IK07,health,szpital powiatowy,04,0405007,K2,0,0,0,5508,1,0,0.0,0.33,marginalny
IK-01-00349,magazyn/terminal paliw dolnośląskie-południowy-07-07-00349,IK01,energy,magazyn/terminal paliw,02,0207007,K1,0,0,0,5509,1,0,0.0,0.33,marginalny
IK-06-01284,przepompownia wody dolnośląskie-południowy-07-07-01284,IK06,water,przepompownia wody,02,0207007,K3,0,0,0,5509,1,0,0.0,0.33,marginalny
IK-06-01316,przepompownia wody podlaskie-miejski-11-03-01316,IK06,water,przepompownia wody,20,2011003,K3,0,0,0,5494,1,0,0.0,0.33,marginalny
IK-01-00352,magazyn/terminal paliw dolnośląskie-zachodni-27-03-00352,IK01,energy,magazyn/terminal paliw,02,0227003,K2,0,0,0,5331,1,0,0.0,0.32,marginalny
IK-07-01374,szpital wielospecjalistyczny dolnośląskie-zachodni-03-05-01374,IK07,health,szpital wielospecjalistyczny,02,0203005,K1,0,0,0,5489,1,0,0.0,0.32,marginalny
IK-06-01317,przepompownia wody łódzkie-południowy-19-04-01317,IK06,water,przepompownia wody,10,1019004,K2,0,0,0,5342,1,0,0.0,0.32,marginalny
IK-06-01270,przepompownia wody świętokrzyskie-wschodni-14-01-01270,IK06,water,przepompownia wody,26,2614001,K3,0,0,0,5428,1,0,0.0,0.32,marginalny
IK-06-01269,przepompownia wody łódzkie-miejski-17-04-01269,IK06,water,przepompownia wody,10,1017004,K3,0,0,0,5479,1,0,0.0,0.32,marginalny
IK-06-01258,przepompownia wody opolskie-wschodni-08-07-01258,IK06,water,przepompownia wody,16,1608007,K2,0,0,0,5418,1,0,0.0,0.32,marginalny
IK-07-01487,szpital powiatowy warmińsko-mazurskie-centralny-16-05-01487,IK07,health,szpital powiatowy,28,2816005,K2,0,0,0,5465,1,0,0.0,0.32,marginalny
IK-01-00311,tłocznia gazu warmińsko-mazurskie-centralny-16-05-00311,IK01,energy,tłocznia gazu,28,2816005,K2,0,0,0,5465,1,0,0.0,0.32,marginalny
IK-07-01415,szpital wielospecjalistyczny dolnośląskie-wschodni-26-05-01415,IK07,health,szpital wielospecjalistyczny,02,0226005,K1,0,0,0,5377,1,0,0.0,0.32,marginalny
IK-07-01612,bank krwi / magazyn farmaceutyczny świętokrzyskie-południowy-07-02-01612,IK07,health,bank krwi / magazyn farmaceutyczny,26,2607002,K3,0,0,0,5188,1,0,0.0,0.31,marginalny
IK-06-01067,ujęcie wody małopolskie-południowy-01-05-01067,IK06,water,ujęcie wody,12,1201005,K2,0,0,0,5174,1,0,0.0,0.31,marginalny
IK-07-01401,szpital wielospecjalistyczny dolnośląskie-centralny-22-05-01401,IK07,health,szpital wielospecjalistyczny,02,0222005,K1,0,0,0,5206,1,0,0.0,0.31,marginalny
IK-07-01483,szpital powiatowy opolskie-wschodni-02-05-01483,IK07,health,szpital powiatowy,16,1602005,K1,0,0,0,5287,1,0,0.0,0.31,marginalny
IK-01-00305,tłocznia gazu lubuskie-miejski-05-02-00305,IK01,energy,tłocznia gazu,08,0805002,K1,0,0,0,5241,1,0,0.0,0.31,marginalny
IK-07-01550,centrum dializ dolnośląskie-centralny-22-05-01550,IK07,health,centrum dializ,02,0222005,K2,0,0,0,5206,1,0,0.0,0.31,marginalny
IK-01-00288,elektrociepłownia warmińsko-mazurskie-zachodni-03-03-00288,IK01,energy,elektrociepłownia,28,2803003,K2,0,0,0,5164,1,0,0.0,0.31,marginalny
IK-01-00387,stacja redukcyjna gazu warmińsko-mazurskie-zachodni-09-04-00387,IK01,energy,stacja redukcyjna gazu,28,2809004,K2,0,0,0,5184,1,0,0.0,0.31,marginalny
IK-07-01526,centrum dializ śląskie-północny-12-03-01526,IK07,health,centrum dializ,24,2412003,K2,0,0,0,5181,1,0,0.0,0.31,marginalny
IK-06-01280,przepompownia wody świętokrzyskie-wschodni-14-03-01280,IK06,water,przepompownia wody,26,2614003,K3,0,0,0,5174,1,0,0.0,0.31,marginalny
IK-06-01061,ujęcie wody opolskie-południowy-07-07-01061,IK06,water,ujęcie wody,16,1607007,K2,0,0,0,5267,1,0,0.0,0.31,marginalny
IK-06-01194,stacja uzdatniania wody świętokrzyskie-wschodni-14-03-01194,IK06,water,stacja uzdatniania wody,26,2614003,K1,0,0,0,5174,1,0,0.0,0.31,marginalny
IK-07-01434,szpital powiatowy zachodniopomorskie-wschodni-02-05-01434,IK07,health,szpital powiatowy,32,3202005,K2,0,0,0,5080,1,0,0.0,0.3,marginalny
IK-01-00394,stacja redukcyjna gazu podlaskie-zachodni-03-05-00394,IK01,energy,stacja redukcyjna gazu,20,2003005,K3,0,0,0,5040,1,0,0.0,0.3,marginalny
IK-01-00320,tłocznia gazu podkarpackie-zachodni-15-05-00320,IK01,energy,tłocznia gazu,18,1815005,K2,0,0,0,5151,1,0,0.0,0.3,marginalny
IK-07-01397,szpital wielospecjalistyczny zachodniopomorskie-wschodni-02-05-01397,IK07,health,szpital wielospecjalistyczny,32,3202005,K1,0,0,0,5080,1,0,0.0,0.3,marginalny
IK-01-00274,elektrociepłownia zachodniopomorskie-południowy-07-03-00274,IK01,energy,elektrociepłownia,32,3207003,K2,0,0,0,4994,1,0,0.0,0.3,marginalny
IK-07-01368,szpital wielospecjalistyczny małopolskie-północny-18-07-01368,IK07,health,szpital wielospecjalistyczny,12,1218007,K1,0,0,0,5112,1,0,0.0,0.3,marginalny
IK-07-01492,szpital powiatowy dolnośląskie-wschodni-02-04-01492,IK07,health,szpital powiatowy,02,0202004,K3,0,0,0,5102,1,0,0.0,0.3,marginalny
IK-07-01392,szpital wielospecjalistyczny dolnośląskie-wschodni-02-04-01392,IK07,health,szpital wielospecjalistyczny,02,0202004,K1,0,0,0,5102,1,0,0.0,0.3,marginalny
IK-01-00279,elektrociepłownia dolnośląskie-wschodni-02-04-00279,IK01,energy,elektrociepłownia,02,0202004,K2,0,0,0,5102,1,0,0.0,0.3,marginalny
IK-01-00261,elektrownia systemowa dolnośląskie-centralny-04-03-00261,IK01,energy,elektrownia systemowa,02,0204003,K1,0,0,0,5129,1,0,0.0,0.3,marginalny
IK-07-01571,bank krwi / magazyn farmaceutyczny świętokrzyskie-miejski-11-04-01571,IK07,health,bank krwi / magazyn farmaceutyczny,26,2611004,K2,0,0,0,5001,1,0,0.0,0.3,marginalny
IK-01-00014,stacja NN 400/220 kV podkarpackie-zachodni-15-05-00014,IK01,energy,stacja NN 400/220 kV,18,1815005,K1,0,0,0,5151,1,0,0.0,0.3,marginalny
IK-06-01310,przepompownia wody warmińsko-mazurskie-wschodni-08-04-01310,IK06,water,przepompownia wody,28,2808004,K3,0,0,0,4841,1,0,0.0,0.29,marginalny
IK-06-01347,oczyszczalnia ścieków warmińsko-mazurskie-zachodni-03-01-01347,IK06,water,oczyszczalnia ścieków,28,2803001,K3,0,0,0,4963,1,0,0.0,0.29,marginalny
IK-06-01341,oczyszczalnia ścieków opolskie-południowy-07-01-01341,IK06,water,oczyszczalnia ścieków,16,1607001,K2,0,0,0,4827,1,0,0.0,0.29,marginalny
IK-01-00345,magazyn/terminal paliw podlaskie-południowy-07-03-00345,IK01,energy,magazyn/terminal paliw,20,2007003,K2,0,0,0,4852,1,0,0.0,0.29,marginalny
IK-07-01371,szpital wielospecjalistyczny dolnośląskie-północny-24-04-01371,IK07,health,szpital wielospecjalistyczny,02,0224004,K2,0,0,0,4943,1,0,0.0,0.29,marginalny
IK-07-01490,szpital powiatowy łódzkie-zachodni-21-07-01490,IK07,health,szpital powiatowy,10,1021007,K3,0,0,0,4894,1,0,0.0,0.29,marginalny
IK-07-01496,szpital powiatowy opolskie-wschodni-02-04-01496,IK07,health,szpital powiatowy,16,1602004,K3,0,0,0,4876,1,0,0.0,0.29,marginalny
IK-06-01286,przepompownia wody łódzkie-miejski-11-04-01286,IK06,water,przepompownia wody,10,1011004,K3,0,0,0,4881,1,0,0.0,0.29,marginalny
IK-01-00377,stacja redukcyjna gazu wielkopolskie-południowy-07-01-00377,IK01,energy,stacja redukcyjna gazu,30,3007001,K2,0,0,0,4781,1,0,0.0,0.28,marginalny
IK-07-01466,szpital powiatowy dolnośląskie-centralny-04-05-01466,IK07,health,szpital powiatowy,02,0204005,K3,0,0,0,4654,1,0,0.0,0.28,marginalny
IK-06-01339,oczyszczalnia ścieków kujawsko-pomorskie-centralny-04-04-01339,IK06,water,oczyszczalnia ścieków,04,0404004,K2,0,0,0,4772,1,0,0.0,0.28,marginalny
IK-07-01596,bank krwi / magazyn farmaceutyczny dolnośląskie-wschodni-14-05-01596,IK07,health,bank krwi / magazyn farmaceutyczny,02,0214005,K2,0,0,0,4756,1,0,0.0,0.28,marginalny
IK-07-01461,szpital powiatowy lubuskie-wschodni-02-03-01461,IK07,health,szpital powiatowy,08,0802003,K1,0,0,0,4736,1,0,0.0,0.28,marginalny
IK-01-00283,elektrociepłownia lubelskie-zachodni-15-02-00283,IK01,energy,elektrociepłownia,06,0615002,K1,0,0,0,4781,1,0,0.0,0.28,marginalny
IK-01-00302,tłocznia gazu dolnośląskie-wschodni-14-05-00302,IK01,energy,tłocznia gazu,02,0214005,K1,0,0,0,4756,1,0,0.0,0.28,marginalny
IK-01-00291,elektrociepłownia dolnośląskie-centralny-22-03-00291,IK01,energy,elektrociepłownia,02,0222003,K2,0,0,0,4697,1,0,0.0,0.28,marginalny
IK-07-01533,centrum dializ śląskie-miejski-35-01-01533,IK07,health,centrum dializ,24,2435001,K1,0,0,0,4687,1,0,0.0,0.28,marginalny
IK-06-01353,oczyszczalnia ścieków lubuskie-wschodni-02-05-01353,IK06,water,oczyszczalnia ścieków,08,0802005,K2,0,0,0,4634,1,0,0.0,0.27,marginalny
IK-01-00272,elektrociepłownia opolskie-wschodni-08-05-00272,IK01,energy,elektrociepłownia,16,1608005,K2,0,0,0,4525,1,0,0.0,0.27,marginalny
IK-06-01076,ujęcie wody opolskie-wschodni-08-05-01076,IK06,water,ujęcie wody,16,1608005,K2,0,0,0,4525,1,0,0.0,0.27,marginalny
IK-07-01430,szpital powiatowy małopolskie-wschodni-14-04-01430,IK07,health,szpital powiatowy,12,1214004,K3,0,0,0,4515,1,0,0.0,0.27,marginalny
IK-01-00324,tłocznia gazu wielkopolskie-wschodni-08-04-00324,IK01,energy,tłocznia gazu,30,3008004,K2,0,0,0,4532,1,0,0.0,0.27,marginalny
IK-06-01263,przepompownia wody wielkopolskie-wschodni-08-04-01263,IK06,water,przepompownia wody,30,3008004,K3,0,0,0,4532,1,0,0.0,0.27,marginalny
IK-01-00233,GPZ 110/SN dolnośląskie-wschodni-14-06-00233,IK01,energy,GPZ 110/SN,02,0214006,K2,0,0,0,4480,1,0,0.0,0.27,marginalny
IK-07-01548,centrum dializ pomorskie-wschodni-14-06-01548,IK07,health,centrum dializ,22,2214006,K2,0,0,0,4377,1,0,0.0,0.26,marginalny
IK-01-00407,stacja redukcyjna gazu dolnośląskie-zachodni-27-01-00407,IK01,energy,stacja redukcyjna gazu,02,0227001,K3,0,0,0,4368,1,0,0.0,0.26,marginalny
IK-06-01135,ujęcie wody podlaskie-wschodni-14-03-01135,IK06,water,ujęcie wody,20,2014003,K1,0,0,0,4397,1,0,0.0,0.26,marginalny
IK-06-01267,przepompownia wody lubelskie-wschodni-08-07-01267,IK06,water,przepompownia wody,06,0608007,K2,0,0,0,4376,1,0,0.0,0.26,marginalny
IK-07-01567,centrum dializ dolnośląskie-północny-06-03-01567,IK07,health,centrum dializ,02,0206003,K3,0,0,0,4337,1,0,0.0,0.26,marginalny
IK-01-00300,elektrociepłownia pomorskie-zachodni-15-05-00300,IK01,energy,elektrociepłownia,22,2215005,K2,0,0,0,4329,1,0,0.0,0.26,marginalny
IK-07-01599,bank krwi / magazyn farmaceutyczny lubelskie-wschodni-08-07-01599,IK07,health,bank krwi / magazyn farmaceutyczny,06,0608007,K2,0,0,0,4376,1,0,0.0,0.26,marginalny
IK-07-01558,centrum dializ małopolskie-wschodni-20-05-01558,IK07,health,centrum dializ,12,1220005,K2,0,0,0,4295,1,0,0.0,0.25,marginalny
IK-07-01510,szpital powiatowy dolnośląskie-południowy-13-02-01510,IK07,health,szpital powiatowy,02,0213002,K2,0,0,0,4302,1,0,0.0,0.25,marginalny
IK-07-01522,szpital powiatowy dolnośląskie-południowy-13-02-01522,IK07,health,szpital powiatowy,02,0213002,K1,0,0,0,4302,1,0,0.0,0.25,marginalny
IK-06-01253,przepompownia wody dolnośląskie-zachodni-15-05-01253,IK06,water,przepompownia wody,02,0215005,K3,0,0,0,4168,1,0,0.0,0.25,marginalny
IK-07-01568,centrum dializ wielkopolskie-północny-24-01-01568,IK07,health,centrum dializ,30,3024001,K2,0,0,0,4141,1,0,0.0,0.25,marginalny
IK-06-01241,stacja uzdatniania wody dolnośląskie-miejski-23-04-01241,IK06,water,stacja uzdatniania wody,02,0223004,K2,0,0,0,4039,1,0,0.0,0.24,marginalny
IK-06-01251,przepompownia wody dolnośląskie-miejski-29-07-01251,IK06,water,przepompownia wody,02,0229007,K2,0,0,0,4028,1,0,0.0,0.24,marginalny
IK-06-01304,przepompownia wody lubelskie-zachodni-09-07-01304,IK06,water,przepompownia wody,06,0609007,K3,0,0,0,4115,1,0,0.0,0.24,marginalny
IK-07-01506,szpital powiatowy dolnośląskie-miejski-29-07-01506,IK07,health,szpital powiatowy,02,0229007,K2,0,0,0,4028,1,0,0.0,0.24,marginalny
IK-07-01579,bank krwi / magazyn farmaceutyczny kujawsko-pomorskie-północny-06-01-01579,IK07,health,bank krwi / magazyn farmaceutyczny,04,0406001,K2,0,0,0,4086,1,0,0.0,0.24,marginalny
IK-07-01390,szpital wielospecjalistyczny lubelskie-miejski-17-06-01390,IK07,health,szpital wielospecjalistyczny,06,0617006,K1,0,0,0,4097,1,0,0.0,0.24,marginalny
IK-07-01575,bank krwi / magazyn farmaceutyczny podlaskie-miejski-11-01-01575,IK07,health,bank krwi / magazyn farmaceutyczny,20,2011001,K2,0,0,0,3825,1,0,0.0,0.23,marginalny
IK-01-00244,elektrownia systemowa zachodniopomorskie-centralny-16-01-00244,IK01,energy,elektrownia systemowa,32,3216001,K1,0,0,0,3860,1,0,0.0,0.23,marginalny
IK-07-01614,bank krwi / magazyn farmaceutyczny opolskie-północny-06-04-01614,IK07,health,bank krwi / magazyn farmaceutyczny,16,1606004,K2,0,0,0,3904,1,0,0.0,0.23,marginalny
IK-07-01541,centrum dializ opolskie-południowy-01-03-01541,IK07,health,centrum dializ,16,1601003,K2,0,0,0,3881,1,0,0.0,0.23,marginalny
IK-07-01394,szpital wielospecjalistyczny opolskie-północny-06-04-01394,IK07,health,szpital wielospecjalistyczny,16,1606004,K1,0,0,0,3904,1,0,0.0,0.23,marginalny
IK-06-01340,oczyszczalnia ścieków warmińsko-mazurskie-wschodni-14-01-01340,IK06,water,oczyszczalnia ścieków,28,2814001,K2,0,0,0,3635,1,0,0.0,0.22,marginalny
IK-07-01528,centrum dializ kujawsko-pomorskie-zachodni-03-03-01528,IK07,health,centrum dializ,04,0403003,K1,0,0,0,3739,1,0,0.0,0.22,marginalny
IK-07-01475,szpital powiatowy dolnośląskie-wschodni-08-01-01475,IK07,health,szpital powiatowy,02,0208001,K2,0,0,0,3671,1,0,0.0,0.22,marginalny
IK-06-01352,oczyszczalnia ścieków opolskie-miejski-11-07-01352,IK06,water,oczyszczalnia ścieków,16,1611007,K3,0,0,0,3779,1,0,0.0,0.22,marginalny
IK-01-00208,GPZ 110/SN świętokrzyskie-południowy-13-04-00208,IK01,energy,GPZ 110/SN,26,2613004,K2,0,0,0,3769,1,0,0.0,0.22,marginalny
IK-01-00080,GPZ 110/SN świętokrzyskie-południowy-13-04-00080,IK01,energy,GPZ 110/SN,26,2613004,K1,0,0,0,3769,1,0,0.0,0.22,marginalny
IK-06-01333,oczyszczalnia ścieków świętokrzyskie-miejski-11-01-01333,IK06,water,oczyszczalnia ścieków,26,2611001,K3,0,0,0,3465,1,0,0.0,0.21,marginalny
IK-07-01498,szpital powiatowy warmińsko-mazurskie-zachodni-21-02-01498,IK07,health,szpital powiatowy,28,2821002,K2,0,0,0,3471,1,0,0.0,0.21,marginalny
IK-07-01365,szpital wielospecjalistyczny małopolskie-miejski-17-01-01365,IK07,health,szpital wielospecjalistyczny,12,1217001,K1,0,0,0,3414,1,0,0.0,0.2,marginalny
IK-07-01431,szpital powiatowy małopolskie-miejski-17-01-01431,IK07,health,szpital powiatowy,12,1217001,K2,0,0,0,3414,1,0,0.0,0.2,marginalny
IK-07-01480,szpital powiatowy warmińsko-mazurskie-centralny-04-04-01480,IK07,health,szpital powiatowy,28,2804004,K2,0,0,0,3313,1,0,0.0,0.2,marginalny
IK-07-01478,szpital powiatowy kujawsko-pomorskie-miejski-11-02-01478,IK07,health,szpital powiatowy,04,0411002,K2,0,0,0,3356,1,0,0.0,0.2,marginalny
IK-06-01214,stacja uzdatniania wody dolnośląskie-wschodni-20-01-01214,IK06,water,stacja uzdatniania wody,02,0220001,K2,0,0,0,3364,1,0,0.0,0.2,marginalny
IK-01-00327,tłocznia gazu dolnośląskie-zachodni-15-01-00327,IK01,energy,tłocznia gazu,02,0215001,K2,0,0,0,3449,1,0,0.0,0.2,marginalny
IK-06-01107,ujęcie wody dolnośląskie-wschodni-20-01-01107,IK06,water,ujęcie wody,02,0220001,K2,0,0,0,3364,1,0,0.0,0.2,marginalny
IK-06-01103,ujęcie wody wielkopolskie-miejski-11-04-01103,IK06,water,ujęcie wody,30,3011004,K2,0,0,0,3443,1,0,0.0,0.2,marginalny
IK-01-00241,elektrownia systemowa małopolskie-wschodni-14-06-00241,IK01,energy,elektrownia systemowa,12,1214006,K1,0,0,0,3441,1,0,0.0,0.2,marginalny
IK-01-00255,elektrownia systemowa zachodniopomorskie-miejski-05-02-00255,IK01,energy,elektrownia systemowa,32,3205002,K1,0,0,0,3438,1,0,0.0,0.2,marginalny
IK-07-01516,szpital powiatowy dolnośląskie-zachodni-15-01-01516,IK07,health,szpital powiatowy,02,0215001,K3,0,0,0,3449,1,0,0.0,0.2,marginalny
IK-07-01426,szpital wielospecjalistyczny kujawsko-pomorskie-centralny-22-05-01426,IK07,health,szpital wielospecjalistyczny,04,0422005,K1,0,0,0,3202,1,0,0.0,0.19,marginalny
IK-07-01372,szpital wielospecjalistyczny opolskie-zachodni-09-01-01372,IK07,health,szpital wielospecjalistyczny,16,1609001,K1,0,0,0,3196,1,0,0.0,0.19,marginalny
IK-01-00344,magazyn/terminal paliw śląskie-północny-24-06-00344,IK01,energy,magazyn/terminal paliw,24,2424006,K2,0,0,0,2968,1,0,0.0,0.18,marginalny
IK-07-01546,centrum dializ lubelskie-południowy-01-06-01546,IK07,health,centrum dializ,06,0601006,K3,0,0,0,3078,1,0,0.0,0.18,marginalny
IK-01-00257,elektrownia systemowa dolnośląskie-północny-24-03-00257,IK01,energy,elektrownia systemowa,02,0224003,K2,0,0,0,3081,1,0,0.0,0.18,marginalny
IK-06-01358,oczyszczalnia ścieków dolnośląskie-północny-24-03-01358,IK06,water,oczyszczalnia ścieków,02,0224003,K3,0,0,0,3081,1,0,0.0,0.18,marginalny
IK-06-01260,przepompownia wody dolnośląskie-centralny-28-01-01260,IK06,water,przepompownia wody,02,0228001,K3,0,0,0,3025,1,0,0.0,0.18,marginalny
IK-07-01512,szpital powiatowy dolnośląskie-centralny-16-05-01512,IK07,health,szpital powiatowy,02,0216005,K3,0,0,0,3111,1,0,0.0,0.18,marginalny
IK-01-00276,elektrociepłownia łódzkie-miejski-05-03-00276,IK01,energy,elektrociepłownia,10,1005003,K2,0,0,0,2973,1,0,0.0,0.18,marginalny
IK-01-00029,stacja NN 400/220 kV dolnośląskie-centralny-16-05-00029,IK01,energy,stacja NN 400/220 kV,02,0216005,K1,0,0,0,3111,1,0,0.0,0.18,marginalny
IK-06-01257,przepompownia wody pomorskie-miejski-05-03-01257,IK06,water,przepompownia wody,22,2205003,K3,0,0,0,2848,1,0,0.0,0.17,marginalny
IK-06-01296,przepompownia wody opolskie-centralny-04-03-01296,IK06,water,przepompownia wody,16,1604003,K2,0,0,0,2812,1,0,0.0,0.17,marginalny
IK-01-00399,stacja redukcyjna gazu dolnośląskie-centralny-22-06-00399,IK01,energy,stacja redukcyjna gazu,02,0222006,K2,0,0,0,2637,1,0,0.0,0.16,marginalny
IK-07-01385,szpital wielospecjalistyczny opolskie-zachodni-09-06-01385,IK07,health,szpital wielospecjalistyczny,16,1609006,K1,0,0,0,2633,1,0,0.0,0.16,marginalny
IK-07-01436,szpital powiatowy podlaskie-zachodni-09-06-01436,IK07,health,szpital powiatowy,20,2009006,K2,0,0,0,2715,1,0,0.0,0.16,marginalny
IK-07-01384,szpital wielospecjalistyczny opolskie-południowy-01-01-01384,IK07,health,szpital wielospecjalistyczny,16,1601001,K1,0,0,0,2757,1,0,0.0,0.16,marginalny
IK-01-00367,magazyn/terminal paliw podlaskie-zachodni-09-06-00367,IK01,energy,magazyn/terminal paliw,20,2009006,K1,0,0,0,2715,1,0,0.0,0.16,marginalny
IK-07-01495,szpital powiatowy lubuskie-zachodni-09-02-01495,IK07,health,szpital powiatowy,08,0809002,K2,0,0,0,2763,1,0,0.0,0.16,marginalny
IK-06-01364,oczyszczalnia ścieków dolnośląskie-północny-30-06-01364,IK06,water,oczyszczalnia ścieków,02,0230006,K2,0,0,0,2734,1,0,0.0,0.16,marginalny
IK-01-00254,elektrownia systemowa lubelskie-miejski-11-06-00254,IK01,energy,elektrownia systemowa,06,0611006,K1,0,0,0,2641,1,0,0.0,0.16,marginalny
IK-01-00382,stacja redukcyjna gazu opolskie-południowy-01-01-00382,IK01,energy,stacja redukcyjna gazu,16,1601001,K2,0,0,0,2757,1,0,0.0,0.16,marginalny
IK-06-01247,przepompownia wody małopolskie-miejski-11-03-01247,IK06,water,przepompownia wody,12,1211003,K3,0,0,0,2778,1,0,0.0,0.16,marginalny
IK-07-01446,szpital powiatowy lubuskie-północny-12-03-01446,IK07,health,szpital powiatowy,08,0812003,K1,0,0,0,2562,1,0,0.0,0.15,marginalny
IK-01-00313,tłocznia gazu małopolskie-zachodni-03-03-00313,IK01,energy,tłocznia gazu,12,1203003,K1,0,0,0,2582,1,0,0.0,0.15,marginalny
IK-06-01360,oczyszczalnia ścieków pomorskie-północny-06-03-01360,IK06,water,oczyszczalnia ścieków,22,2206003,K2,0,0,0,2555,1,0,0.0,0.15,marginalny
IK-06-01130,ujęcie wody kujawsko-pomorskie-południowy-07-02-01130,IK06,water,ujęcie wody,04,0407002,K3,0,0,0,2442,1,0,0.0,0.14,marginalny
IK-06-01246,przepompownia wody śląskie-zachodni-21-03-01246,IK06,water,przepompownia wody,24,2421003,K2,0,0,0,2303,1,0,0.0,0.14,marginalny
IK-07-01507,szpital powiatowy wielkopolskie-południowy-31-01-01507,IK07,health,szpital powiatowy,30,3031001,K2,0,0,0,2250,1,0,0.0,0.13,marginalny
IK-01-00346,magazyn/terminal paliw dolnośląskie-północny-18-05-00346,IK01,energy,magazyn/terminal paliw,02,0218005,K2,0,0,0,2207,1,0,0.0,0.13,marginalny
IK-06-01207,stacja uzdatniania wody dolnośląskie-północny-18-05-01207,IK06,water,stacja uzdatniania wody,02,0218005,K1,0,0,0,2207,1,0,0.0,0.13,marginalny
IK-07-01587,bank krwi / magazyn farmaceutyczny dolnośląskie-centralny-04-01-01587,IK07,health,bank krwi / magazyn farmaceutyczny,02,0204001,K2,0,0,0,2181,1,0,0.0,0.13,marginalny
IK-06-01133,ujęcie wody kujawsko-pomorskie-centralny-16-03-01133,IK06,water,ujęcie wody,04,0416003,K1,0,0,0,1976,1,0,0.0,0.12,marginalny
IK-07-01402,szpital wielospecjalistyczny zachodniopomorskie-zachodni-09-02-01402,IK07,health,szpital wielospecjalistyczny,32,3209002,K1,0,0,0,2081,1,0,0.0,0.12,marginalny
IK-06-01256,przepompownia wody zachodniopomorskie-zachodni-09-02-01256,IK06,water,przepompownia wody,32,3209002,K2,0,0,0,2081,1,0,0.0,0.12,marginalny
IK-07-01539,centrum dializ dolnośląskie-południowy-19-02-01539,IK07,health,centrum dializ,02,0219002,K3,0,0,0,1923,1,0,0.0,0.11,marginalny
IK-01-00259,elektrownia systemowa opolskie-północny-06-05-00259,IK01,energy,elektrownia systemowa,16,1606005,K1,0,0,0,1800,1,0,0.0,0.11,marginalny
IK-06-01351,oczyszczalnia ścieków lubelskie-zachodni-03-01-01351,IK06,water,oczyszczalnia ścieków,06,0603001,K3,0,0,0,1800,1,0,0.0,0.11,marginalny
IK-06-01161,stacja uzdatniania wody opolskie-centralny-10-05-01161,IK06,water,stacja uzdatniania wody,16,1610005,K2,0,0,0,1800,1,0,0.0,0.11,marginalny
IK-07-01420,szpital wielospecjalistyczny lubuskie-zachodni-03-01-01420,IK07,health,szpital wielospecjalistyczny,08,0803001,K1,0,0,0,1914,1,0,0.0,0.11,marginalny
IK-06-01065,ujęcie wody opolskie-centralny-10-05-01065,IK06,water,ujęcie wody,16,1610005,K2,0,0,0,1800,1,0,0.0,0.11,marginalny
IK-07-01409,szpital wielospecjalistyczny wielkopolskie-miejski-29-06-01409,IK07,health,szpital wielospecjalistyczny,30,3029006,K1,0,0,0,1805,1,0,0.0,0.11,marginalny
IK-07-01588,bank krwi / magazyn farmaceutyczny wielkopolskie-miejski-29-06-01588,IK07,health,bank krwi / magazyn farmaceutyczny,30,3029006,K2,0,0,0,1805,1,0,0.0,0.11,marginalny
IK-07-01581,bank krwi / magazyn farmaceutyczny opolskie-północny-06-05-01581,IK07,health,bank krwi / magazyn farmaceutyczny,16,1606005,K2,0,0,0,1800,1,0,0.0,0.11,marginalny
IK-11-02059,zakład dużego ryzyka (ZDR) opolskie-wschodni-02-04-02059,IK11,chemical,zakład dużego ryzyka (ZDR),16,1602004,K2,0,0,0,0,0,0,0.0,0.0,marginalny
IK-11-02060,zakład dużego ryzyka (ZDR) śląskie-południowy-31-04-02060,IK11,chemical,zakład dużego ryzyka (ZDR),24,2431004,K2,0,0,0,0,0,0,0.0,0.0,marginalny
IK-11-02061,zakład dużego ryzyka (ZDR) śląskie-zachodni-27-06-02061,IK11,chemical,zakład dużego ryzyka (ZDR),24,2427006,K1,0,0,0,0,0,0,0.0,0.0,marginalny
IK-11-02062,zakład dużego ryzyka (ZDR) łódzkie-wschodni-20-03-02062,IK11,chemical,zakład dużego ryzyka (ZDR),10,1020003,K1,0,0,0,0,0,0,0.0,0.0,marginalny
IK-05-01025,zakład przetwórstwa spożywczego dolnośląskie-miejski-05-06-01025,IK05,food,zakład przetwórstwa spożywczego,02,0205006,K3,0,0,0,0,0,0,0.0,0.0,marginalny
IK-05-01026,zakład przetwórstwa spożywczego zachodniopomorskie-północny-12-06-01026,IK05,food,zakład przetwórstwa spożywczego,32,3212006,K3,0,0,0,0,0,0,0.0,0.0,marginalny
IK-05-01027,zakład przetwórstwa spożywczego zachodniopomorskie-zachodni-09-03-01027,IK05,food,zakład przetwórstwa spożywczego,32,3209003,K3,0,0,0,0,0,0,0.0,0.0,marginalny
IK-05-01028,zakład przetwórstwa spożywczego mazowieckie-północny-42-01-01028,IK05,food,zakład przetwórstwa spożywczego,14,1442001,K3,0,0,0,0,0,0,0.0,0.0,marginalny
IK-05-01029,zakład przetwórstwa spożywczego opolskie-miejski-05-04-01029,IK05,food,zakład przetwórstwa spożywczego,16,1605004,K3,0,0,0,0,0,0,0.0,0.0,marginalny
IK-05-01030,zakład przetwórstwa spożywczego podkarpackie-północny-18-03-01030,IK05,food,zakład przetwórstwa spożywczego,18,1818003,K3,0,0,0,0,0,0,0.0,0.0,marginalny
IK-05-01031,zakład przetwórstwa spożywczego lubelskie-miejski-05-01-01031,IK05,food,zakład przetwórstwa spożywczego,06,0605001,K3,0,0,0,0,0,0,0.0,0.0,marginalny
IK-05-01032,zakład przetwórstwa spożywczego dolnośląskie-centralny-16-01-01032,IK05,food,zakład przetwórstwa spożywczego,02,0216001,K3,0,0,0,0,0,0,0.0,0.0,marginalny
IK-05-01033,zakład przetwórstwa spożywczego opolskie-południowy-07-05-01033,IK05,food,zakład przetwórstwa spożywczego,16,1607005,K3,0,0,0,0,0,0,0.0,0.0,marginalny
IK-05-01034,zakład przetwórstwa spożywczego mazowieckie-północny-24-04-01034,IK05,food,zakład przetwórstwa spożywczego,14,1424004,K3,0,0,0,0,0,0,0.0,0.0,marginalny
IK-05-01035,zakład przetwórstwa spożywczego dolnośląskie-miejski-29-02-01035,IK05,food,zakład przetwórstwa spożywczego,02,0229002,K3,0,0,0,0,0,0,0.0,0.0,marginalny
IK-05-01036,zakład przetwórstwa spożywczego małopolskie-południowy-13-06-01036,IK05,food,zakład przetwórstwa spożywczego,12,1213006,K3,0,0,0,0,0,0,0.0,0.0,marginalny
IK-05-01037,zakład przetwórstwa spożywczego wielkopolskie-zachodni-27-04-01037,IK05,food,zakład przetwórstwa spożywczego,30,3027004,K3,0,0,0,0,0,0,0.0,0.0,marginalny
IK-05-01038,zakład przetwórstwa spożywczego dolnośląskie-miejski-17-01-01038,IK05,food,zakład przetwórstwa spożywczego,02,0217001,K3,0,0,0,0,0,0,0.0,0.0,marginalny
IK-05-01039,zakład przetwórstwa spożywczego dolnośląskie-północny-30-07-01039,IK05,food,zakład przetwórstwa spożywczego,02,0230007,K3,0,0,0,0,0,0,0.0,0.0,marginalny
IK-05-01040,zakład przetwórstwa spożywczego mazowieckie-centralny-28-03-01040,IK05,food,zakład przetwórstwa spożywczego,14,1428003,K3,0,0,0,0,0,0,0.0,0.0,marginalny
IK-05-01041,zakład przetwórstwa spożywczego lubelskie-miejski-05-01-01041,IK05,food,zakład przetwórstwa spożywczego,06,0605001,K3,0,0,0,0,0,0,0.0,0.0,marginalny
IK-05-01042,zakład przetwórstwa spożywczego kujawsko-pomorskie-zachodni-09-07-01042,IK05,food,zakład przetwórstwa spożywczego,04,0409007,K3,0,0,0,0,0,0,0.0,0.0,marginalny
IK-05-01043,zakład przetwórstwa spożywczego opolskie-zachodni-03-05-01043,IK05,food,zakład przetwórstwa spożywczego,16,1603005,K3,0,0,0,0,0,0,0.0,0.0,marginalny
IK-05-01044,zakład przetwórstwa spożywczego dolnośląskie-południowy-13-04-01044,IK05,food,zakład przetwórstwa spożywczego,02,0213004,K3,0,0,0,0,0,0,0.0,0.0,marginalny
IK-05-01045,zakład przetwórstwa spożywczego opolskie-zachodni-03-01-01045,IK05,food,zakład przetwórstwa spożywczego,16,1603001,K3,0,0,0,0,0,0,0.0,0.0,marginalny
IK-05-01046,zakład przetwórstwa spożywczego wielkopolskie-zachodni-21-01-01046,IK05,food,zakład przetwórstwa spożywczego,30,3021001,K3,0,0,0,0,0,0,0.0,0.0,marginalny
IK-05-01047,zakład przetwórstwa spożywczego dolnośląskie-południowy-13-01-01047,IK05,food,zakład przetwórstwa spożywczego,02,0213001,K3,0,0,0,0,0,0,0.0,0.0,marginalny
IK-05-01048,zakład przetwórstwa spożywczego mazowieckie-zachodni-15-07-01048,IK05,food,zakład przetwórstwa spożywczego,14,1415007,K3,0,0,0,0,0,0,0.0,0.0,marginalny
IK-05-01049,zakład przetwórstwa spożywczego opolskie-centralny-10-04-01049,IK05,food,zakład przetwórstwa spożywczego,16,1610004,K3,0,0,0,0,0,0,0.0,0.0,marginalny
IK-05-01050,zakład przetwórstwa spożywczego zachodniopomorskie-wschodni-14-02-01050,IK05,food,zakład przetwórstwa spożywczego,32,3214002,K3,0,0,0,0,0,0,0.0,0.0,marginalny
IK-05-01051,zakład przetwórstwa spożywczego łódzkie-południowy-01-05-01051,IK05,food,zakład przetwórstwa spożywczego,10,1001005,K2,0,0,0,0,0,0,0.0,0.0,marginalny
IK-05-01052,zakład przetwórstwa spożywczego kujawsko-pomorskie-centralny-10-03-01052,IK05,food,zakład przetwórstwa spożywczego,04,0410003,K3,0,0,0,0,0,0,0.0,0.0,marginalny
IK-05-01053,zakład przetwórstwa spożywczego kujawsko-pomorskie-miejski-11-03-01053,IK05,food,zakład przetwórstwa spożywczego,04,0411003,K3,0,0,0,0,0,0,0.0,0.0,marginalny
IK-05-01054,zakład przetwórstwa spożywczego dolnośląskie-miejski-29-07-01054,IK05,food,zakład przetwórstwa spożywczego,02,0229007,K3,0,0,0,0,0,0,0.0,0.0,marginalny
IK-05-01055,zakład przetwórstwa spożywczego dolnośląskie-miejski-23-05-01055,IK05,food,zakład przetwórstwa spożywczego,02,0223005,K3,0,0,0,0,0,0,0.0,0.0,marginalny
IK-05-01056,zakład przetwórstwa spożywczego kujawsko-pomorskie-północny-18-01-01056,IK05,food,zakład przetwórstwa spożywczego,04,0418001,K3,0,0,0,0,0,0,0.0,0.0,marginalny
IK-05-01009,zakład przetwórstwa spożywczego opolskie-południowy-01-02-01009,IK05,food,zakład przetwórstwa spożywczego,16,1601002,K3,0,0,0,0,0,0,0.0,0.0,marginalny
IK-05-01010,zakład przetwórstwa spożywczego świętokrzyskie-wschodni-02-01-01010,IK05,food,zakład przetwórstwa spożywczego,26,2602001,K3,0,0,0,0,0,0,0.0,0.0,marginalny
IK-05-01011,zakład przetwórstwa spożywczego kujawsko-pomorskie-północny-12-05-01011,IK05,food,zakład przetwórstwa spożywczego,04,0412005,K3,0,0,0,0,0,0,0.0,0.0,marginalny
IK-05-01012,zakład przetwórstwa spożywczego łódzkie-północny-12-07-01012,IK05,food,zakład przetwórstwa spożywczego,10,1012007,K3,0,0,0,0,0,0,0.0,0.0,marginalny
IK-05-01013,zakład przetwórstwa spożywczego dolnośląskie-wschodni-26-04-01013,IK05,food,zakład przetwórstwa spożywczego,02,0226004,K3,0,0,0,0,0,0,0.0,0.0,marginalny
IK-05-01014,zakład przetwórstwa spożywczego opolskie-zachodni-03-06-01014,IK05,food,zakład przetwórstwa spożywczego,16,1603006,K3,0,0,0,0,0,0,0.0,0.0,marginalny
IK-05-01015,zakład przetwórstwa spożywczego opolskie-wschodni-08-02-01015,IK05,food,zakład przetwórstwa spożywczego,16,1608002,K3,0,0,0,0,0,0,0.0,0.0,marginalny
IK-05-01016,zakład przetwórstwa spożywczego dolnośląskie-centralny-28-04-01016,IK05,food,zakład przetwórstwa spożywczego,02,0228004,K3,0,0,0,0,0,0,0.0,0.0,marginalny
IK-05-01017,zakład przetwórstwa spożywczego opolskie-miejski-11-04-01017,IK05,food,zakład przetwórstwa spożywczego,16,1611004,K3,0,0,0,0,0,0,0.0,0.0,marginalny
IK-05-01018,zakład przetwórstwa spożywczego lubelskie-zachodni-09-01-01018,IK05,food,zakład przetwórstwa spożywczego,06,0609001,K3,0,0,0,0,0,0,0.0,0.0,marginalny
IK-05-01019,zakład przetwórstwa spożywczego podlaskie-miejski-17-05-01019,IK05,food,zakład przetwórstwa spożywczego,20,2017005,K3,0,0,0,0,0,0,0.0,0.0,marginalny
IK-05-01020,zakład przetwórstwa spożywczego dolnośląskie-północny-06-03-01020,IK05,food,zakład przetwórstwa spożywczego,02,0206003,K3,0,0,0,0,0,0,0.0,0.0,marginalny
IK-05-01021,zakład przetwórstwa spożywczego pomorskie-wschodni-02-05-01021,IK05,food,zakład przetwórstwa spożywczego,22,2202005,K3,0,0,0,0,0,0,0.0,0.0,marginalny
IK-05-01022,zakład przetwórstwa spożywczego kujawsko-pomorskie-zachodni-21-01-01022,IK05,food,zakład przetwórstwa spożywczego,04,0421001,K3,0,0,0,0,0,0,0.0,0.0,marginalny
IK-05-01023,zakład przetwórstwa spożywczego podkarpackie-centralny-04-01-01023,IK05,food,zakład przetwórstwa spożywczego,18,1804001,K3,0,0,0,0,0,0,0.0,0.0,marginalny
IK-05-01024,zakład przetwórstwa spożywczego warmińsko-mazurskie-miejski-17-04-01024,IK05,food,zakład przetwórstwa spożywczego,28,2817004,K3,0,0,0,0,0,0,0.0,0.0,marginalny
IK-05-01057,zakład przetwórstwa spożywczego dolnośląskie-zachodni-03-04-01057,IK05,food,zakład przetwórstwa spożywczego,02,0203004,K3,0,0,0,0,0,0,0.0,0.0,marginalny
IK-05-01058,zakład przetwórstwa spożywczego opolskie-miejski-05-07-01058,IK05,food,zakład przetwórstwa spożywczego,16,1605007,K3,0,0,0,0,0,0,0.0,0.0,marginalny
IK-05-01059,zakład przetwórstwa spożywczego śląskie-miejski-05-04-01059,IK05,food,zakład przetwórstwa spożywczego,24,2405004,K3,0,0,0,0,0,0,0.0,0.0,marginalny
IK-05-01060,zakład przetwórstwa spożywczego podlaskie-wschodni-14-06-01060,IK05,food,zakład przetwórstwa spożywczego,20,2014006,K3,0,0,0,0,0,0,0.0,0.0,marginalny
IK-02-00657,węzeł agregacyjny/RAN hub opolskie-wschodni-02-02-00657,IK02,telecom,węzeł agregacyjny/RAN hub,16,1602002,K2,0,0,0,0,0,0,0.0,0.0,marginalny
IK-02-00658,węzeł agregacyjny/RAN hub śląskie-centralny-10-06-00658,IK02,telecom,węzeł agregacyjny/RAN hub,24,2410006,K3,0,0,0,0,0,0,0.0,0.0,marginalny
IK-02-00659,węzeł agregacyjny/RAN hub mazowieckie-wschodni-38-07-00659,IK02,telecom,węzeł agregacyjny/RAN hub,14,1438007,K3,0,0,0,0,0,0,0.0,0.0,marginalny
IK-02-00660,węzeł agregacyjny/RAN hub opolskie-wschodni-08-01-00660,IK02,telecom,węzeł agregacyjny/RAN hub,16,1608001,K2,0,0,0,0,0,0,0.0,0.0,marginalny
IK-02-00662,węzeł agregacyjny/RAN hub dolnośląskie-północny-24-06-00662,IK02,telecom,węzeł agregacyjny/RAN hub,02,0224006,K3,0,0,0,0,0,0,0.0,0.0,marginalny
IK-02-00664,węzeł agregacyjny/RAN hub podkarpackie-miejski-11-02-00664,IK02,telecom,węzeł agregacyjny/RAN hub,18,1811002,K3,0,0,0,0,0,0,0.0,0.0,marginalny
IK-02-00665,węzeł agregacyjny/RAN hub małopolskie-wschodni-14-06-00665,IK02,telecom,węzeł agregacyjny/RAN hub,12,1214006,K3,0,0,0,0,0,0,0.0,0.0,marginalny
IK-02-00666,węzeł agregacyjny/RAN hub opolskie-południowy-07-07-00666,IK02,telecom,węzeł agregacyjny/RAN hub,16,1607007,K2,0,0,0,0,0,0,0.0,0.0,marginalny
IK-02-00667,węzeł agregacyjny/RAN hub opolskie-miejski-11-06-00667,IK02,telecom,węzeł agregacyjny/RAN hub,16,1611006,K2,0,0,0,0,0,0,0.0,0.0,marginalny
IK-02-00668,węzeł agregacyjny/RAN hub lubelskie-południowy-19-07-00668,IK02,telecom,węzeł agregacyjny/RAN hub,06,0619007,K3,0,0,0,0,0,0,0.0,0.0,marginalny
IK-02-00670,węzeł agregacyjny/RAN hub dolnośląskie-zachodni-15-06-00670,IK02,telecom,węzeł agregacyjny/RAN hub,02,0215006,K3,0,0,0,0,0,0,0.0,0.0,marginalny
IK-02-00672,węzeł agregacyjny/RAN hub zachodniopomorskie-południowy-19-06-00672,IK02,telecom,węzeł agregacyjny/RAN hub,32,3219006,K3,0,0,0,0,0,0,0.0,0.0,marginalny
IK-02-00641,węzeł agregacyjny/RAN hub opolskie-wschodni-02-03-00641,IK02,telecom,węzeł agregacyjny/RAN hub,16,1602003,K3,0,0,0,0,0,0,0.0,0.0,marginalny
IK-02-00643,węzeł agregacyjny/RAN hub dolnośląskie-centralny-22-02-00643,IK02,telecom,węzeł agregacyjny/RAN hub,02,0222002,K3,0,0,0,0,0,0,0.0,0.0,marginalny
IK-02-00645,węzeł agregacyjny/RAN hub podkarpackie-miejski-23-02-00645,IK02,telecom,węzeł agregacyjny/RAN hub,18,1823002,K2,0,0,0,0,0,0,0.0,0.0,marginalny
IK-02-00647,węzeł agregacyjny/RAN hub śląskie-miejski-17-05-00647,IK02,telecom,węzeł agregacyjny/RAN hub,24,2417005,K2,0,0,0,0,0,0,0.0,0.0,marginalny
IK-02-00648,węzeł agregacyjny/RAN hub podlaskie-zachodni-03-06-00648,IK02,telecom,węzeł agregacyjny/RAN hub,20,2003006,K2,0,0,0,0,0,0,0.0,0.0,marginalny
IK-02-00649,węzeł agregacyjny/RAN hub lubelskie-zachodni-15-04-00649,IK02,telecom,węzeł agregacyjny/RAN hub,06,0615004,K2,0,0,0,0,0,0,0.0,0.0,marginalny
IK-02-00650,węzeł agregacyjny/RAN hub dolnośląskie-południowy-25-02-00650,IK02,telecom,węzeł agregacyjny/RAN hub,02,0225002,K3,0,0,0,0,0,0,0.0,0.0,marginalny
IK-02-00651,węzeł agregacyjny/RAN hub dolnośląskie-północny-30-04-00651,IK02,telecom,węzeł agregacyjny/RAN hub,02,0230004,K2,0,0,0,0,0,0,0.0,0.0,marginalny
IK-02-00652,węzeł agregacyjny/RAN hub opolskie-centralny-04-01-00652,IK02,telecom,węzeł agregacyjny/RAN hub,16,1604001,K1,0,0,0,0,0,0,0.0,0.0,marginalny
IK-02-00653,węzeł agregacyjny/RAN hub opolskie-zachodni-03-04-00653,IK02,telecom,węzeł agregacyjny/RAN hub,16,1603004,K3,0,0,0,0,0,0,0.0,0.0,marginalny
IK-02-00654,węzeł agregacyjny/RAN hub opolskie-zachodni-03-07-00654,IK02,telecom,węzeł agregacyjny/RAN hub,16,1603007,K3,0,0,0,0,0,0,0.0,0.0,marginalny
IK-02-00655,węzeł agregacyjny/RAN hub łódzkie-północny-18-05-00655,IK02,telecom,węzeł agregacyjny/RAN hub,10,1018005,K3,0,0,0,0,0,0,0.0,0.0,marginalny
IK-02-00656,węzeł agregacyjny/RAN hub kujawsko-pomorskie-zachodni-09-01-00656,IK02,telecom,węzeł agregacyjny/RAN hub,04,0409001,K3,0,0,0,0,0,0,0.0,0.0,marginalny
IK-02-00625,węzeł agregacyjny/RAN hub zachodniopomorskie-centralny-10-04-00625,IK02,telecom,węzeł agregacyjny/RAN hub,32,3210004,K3,0,0,0,0,0,0,0.0,0.0,marginalny
IK-02-00626,węzeł agregacyjny/RAN hub podlaskie-zachodni-15-05-00626,IK02,telecom,węzeł agregacyjny/RAN hub,20,2015005,K3,0,0,0,0,0,0,0.0,0.0,marginalny
IK-02-00627,węzeł agregacyjny/RAN hub łódzkie-zachodni-21-05-00627,IK02,telecom,węzeł agregacyjny/RAN hub,10,1021005,K2,0,0,0,0,0,0,0.0,0.0,marginalny
IK-02-00628,węzeł agregacyjny/RAN hub śląskie-miejski-35-03-00628,IK02,telecom,węzeł agregacyjny/RAN hub,24,2435003,K3,0,0,0,0,0,0,0.0,0.0,marginalny
IK-02-00629,węzeł agregacyjny/RAN hub opolskie-wschodni-08-06-00629,IK02,telecom,węzeł agregacyjny/RAN hub,16,1608006,K2,0,0,0,0,0,0,0.0,0.0,marginalny
IK-02-00630,węzeł agregacyjny/RAN hub dolnośląskie-północny-12-04-00630,IK02,telecom,węzeł agregacyjny/RAN hub,02,0212004,K3,0,0,0,0,0,0,0.0,0.0,marginalny
IK-02-00631,węzeł agregacyjny/RAN hub opolskie-miejski-05-01-00631,IK02,telecom,węzeł agregacyjny/RAN hub,16,1605001,K3,0,0,0,0,0,0,0.0,0.0,marginalny
IK-02-00632,węzeł agregacyjny/RAN hub warmińsko-mazurskie-północny-06-06-00632,IK02,telecom,węzeł agregacyjny/RAN hub,28,2806006,K3,0,0,0,0,0,0,0.0,0.0,marginalny
IK-02-00633,węzeł agregacyjny/RAN hub opolskie-zachodni-03-04-00633,IK02,telecom,węzeł agregacyjny/RAN hub,16,1603004,K2,0,0,0,0,0,0,0.0,0.0,marginalny
IK-02-00634,węzeł agregacyjny/RAN hub pomorskie-południowy-19-05-00634,IK02,telecom,węzeł agregacyjny/RAN hub,22,2219005,K1,0,0,0,0,0,0,0.0,0.0,marginalny
IK-02-00635,węzeł agregacyjny/RAN hub dolnośląskie-miejski-17-07-00635,IK02,telecom,węzeł agregacyjny/RAN hub,02,0217007,K3,0,0,0,0,0,0,0.0,0.0,marginalny
IK-02-00636,węzeł agregacyjny/RAN hub śląskie-centralny-34-01-00636,IK02,telecom,węzeł agregacyjny/RAN hub,24,2434001,K3,0,0,0,0,0,0,0.0,0.0,marginalny
IK-02-00637,węzeł agregacyjny/RAN hub zachodniopomorskie-północny-12-05-00637,IK02,telecom,węzeł agregacyjny/RAN hub,32,3212005,K2,0,0,0,0,0,0,0.0,0.0,marginalny
IK-02-00638,węzeł agregacyjny/RAN hub małopolskie-zachodni-03-07-00638,IK02,telecom,węzeł agregacyjny/RAN hub,12,1203007,K2,0,0,0,0,0,0,0.0,0.0,marginalny
IK-02-00640,węzeł agregacyjny/RAN hub podkarpackie-zachodni-03-06-00640,IK02,telecom,węzeł agregacyjny/RAN hub,18,1803006,K3,0,0,0,0,0,0,0.0,0.0,marginalny
IK-02-00609,węzeł agregacyjny/RAN hub świętokrzyskie-północny-12-03-00609,IK02,telecom,węzeł agregacyjny/RAN hub,26,2612003,K3,0,0,0,0,0,0,0.0,0.0,marginalny
IK-02-00610,węzeł agregacyjny/RAN hub opolskie-wschodni-02-04-00610,IK02,telecom,węzeł agregacyjny/RAN hub,16,1602004,K3,0,0,0,0,0,0,0.0,0.0,marginalny
IK-02-00611,węzeł agregacyjny/RAN hub mazowieckie-wschodni-26-02-00611,IK02,telecom,węzeł agregacyjny/RAN hub,14,1426002,K3,0,0,0,0,0,0,0.0,0.0,marginalny
IK-02-00612,węzeł agregacyjny/RAN hub warmińsko-mazurskie-wschodni-20-02-00612,IK02,telecom,węzeł agregacyjny/RAN hub,28,2820002,K2,0,0,0,0,0,0,0.0,0.0,marginalny
IK-02-00614,węzeł agregacyjny/RAN hub opolskie-zachodni-03-07-00614,IK02,telecom,węzeł agregacyjny/RAN hub,16,1603007,K2,0,0,0,0,0,0,0.0,0.0,marginalny
IK-02-00615,węzeł agregacyjny/RAN hub opolskie-północny-12-02-00615,IK02,telecom,węzeł agregacyjny/RAN hub,16,1612002,K2,0,0,0,0,0,0,0.0,0.0,marginalny
IK-02-00617,węzeł agregacyjny/RAN hub kujawsko-pomorskie-zachodni-21-01-00617,IK02,telecom,węzeł agregacyjny/RAN hub,04,0421001,K2,0,0,0,0,0,0,0.0,0.0,marginalny
IK-02-00618,węzeł agregacyjny/RAN hub lubelskie-miejski-11-05-00618,IK02,telecom,węzeł agregacyjny/RAN hub,06,0611005,K3,0,0,0,0,0,0,0.0,0.0,marginalny
IK-02-00620,węzeł agregacyjny/RAN hub lubuskie-centralny-04-05-00620,IK02,telecom,węzeł agregacyjny/RAN hub,08,0804005,K3,0,0,0,0,0,0,0.0,0.0,marginalny
IK-02-00622,węzeł agregacyjny/RAN hub pomorskie-wschodni-08-04-00622,IK02,telecom,węzeł agregacyjny/RAN hub,22,2208004,K3,0,0,0,0,0,0,0.0,0.0,marginalny
IK-02-00623,węzeł agregacyjny/RAN hub opolskie-wschodni-02-06-00623,IK02,telecom,węzeł agregacyjny/RAN hub,16,1602006,K3,0,0,0,0,0,0,0.0,0.0,marginalny
IK-02-00624,węzeł agregacyjny/RAN hub lubelskie-wschodni-08-01-00624,IK02,telecom,węzeł agregacyjny/RAN hub,06,0608001,K2,0,0,0,0,0,0,0.0,0.0,marginalny
IK-05-00993,chłodnia składowa łódzkie-centralny-04-04-00993,IK05,food,chłodnia składowa,10,1004004,K3,0,0,0,0,0,0,0.0,0.0,marginalny
IK-05-00994,chłodnia składowa wielkopolskie-centralny-16-02-00994,IK05,food,chłodnia składowa,30,3016002,K3,0,0,0,0,0,0,0.0,0.0,marginalny
IK-05-00995,zakład przetwórstwa spożywczego łódzkie-centralny-10-05-00995,IK05,food,zakład przetwórstwa spożywczego,10,1010005,K3,0,0,0,0,0,0,0.0,0.0,marginalny
IK-05-00996,zakład przetwórstwa spożywczego opolskie-miejski-05-02-00996,IK05,food,zakład przetwórstwa spożywczego,16,1605002,K3,0,0,0,0,0,0,0.0,0.0,marginalny
IK-05-00997,zakład przetwórstwa spożywczego podlaskie-wschodni-02-06-00997,IK05,food,zakład przetwórstwa spożywczego,20,2002006,K3,0,0,0,0,0,0,0.0,0.0,marginalny
IK-05-00998,zakład przetwórstwa spożywczego świętokrzyskie-południowy-13-01-00998,IK05,food,zakład przetwórstwa spożywczego,26,2613001,K3,0,0,0,0,0,0,0.0,0.0,marginalny
IK-05-00999,zakład przetwórstwa spożywczego dolnośląskie-zachodni-27-06-00999,IK05,food,zakład przetwórstwa spożywczego,02,0227006,K3,0,0,0,0,0,0,0.0,0.0,marginalny
IK-05-01000,zakład przetwórstwa spożywczego pomorskie-miejski-17-06-01000,IK05,food,zakład przetwórstwa spożywczego,22,2217006,K3,0,0,0,0,0,0,0.0,0.0,marginalny
IK-05-01001,zakład przetwórstwa spożywczego małopolskie-północny-18-06-01001,IK05,food,zakład przetwórstwa spożywczego,12,1218006,K3,0,0,0,0,0,0,0.0,0.0,marginalny
IK-05-01002,zakład przetwórstwa spożywczego lubuskie-miejski-11-07-01002,IK05,food,zakład przetwórstwa spożywczego,08,0811007,K3,0,0,0,0,0,0,0.0,0.0,marginalny
IK-05-01003,zakład przetwórstwa spożywczego podlaskie-południowy-01-05-01003,IK05,food,zakład przetwórstwa spożywczego,20,2001005,K3,0,0,0,0,0,0,0.0,0.0,marginalny
IK-05-01004,zakład przetwórstwa spożywczego opolskie-miejski-11-04-01004,IK05,food,zakład przetwórstwa spożywczego,16,1611004,K3,0,0,0,0,0,0,0.0,0.0,marginalny
IK-05-01005,zakład przetwórstwa spożywczego lubelskie-zachodni-03-01-01005,IK05,food,zakład przetwórstwa spożywczego,06,0603001,K3,0,0,0,0,0,0,0.0,0.0,marginalny
IK-05-01006,zakład przetwórstwa spożywczego dolnośląskie-południowy-13-06-01006,IK05,food,zakład przetwórstwa spożywczego,02,0213006,K3,0,0,0,0,0,0,0.0,0.0,marginalny
IK-05-01007,zakład przetwórstwa spożywczego warmińsko-mazurskie-wschodni-20-06-01007,IK05,food,zakład przetwórstwa spożywczego,28,2820006,K3,0,0,0,0,0,0,0.0,0.0,marginalny
IK-05-01008,zakład przetwórstwa spożywczego opolskie-północny-12-07-01008,IK05,food,zakład przetwórstwa spożywczego,16,1612007,K3,0,0,0,0,0,0,0.0,0.0,marginalny
IK-02-00593,węzeł agregacyjny/RAN hub lubelskie-centralny-22-03-00593,IK02,telecom,węzeł agregacyjny/RAN hub,06,0622003,K3,0,0,0,0,0,0,0.0,0.0,marginalny
IK-02-00594,węzeł agregacyjny/RAN hub dolnośląskie-wschodni-26-05-00594,IK02,telecom,węzeł agregacyjny/RAN hub,02,0226005,K3,0,0,0,0,0,0,0.0,0.0,marginalny
IK-02-00595,węzeł agregacyjny/RAN hub śląskie-centralny-22-03-00595,IK02,telecom,węzeł agregacyjny/RAN hub,24,2422003,K3,0,0,0,0,0,0,0.0,0.0,marginalny
IK-02-00596,węzeł agregacyjny/RAN hub podlaskie-miejski-17-05-00596,IK02,telecom,węzeł agregacyjny/RAN hub,20,2017005,K2,0,0,0,0,0,0,0.0,0.0,marginalny
IK-02-00597,węzeł agregacyjny/RAN hub podlaskie-południowy-13-06-00597,IK02,telecom,węzeł agregacyjny/RAN hub,20,2013006,K2,0,0,0,0,0,0,0.0,0.0,marginalny
IK-02-00598,węzeł agregacyjny/RAN hub podlaskie-miejski-17-02-00598,IK02,telecom,węzeł agregacyjny/RAN hub,20,2017002,K2,0,0,0,0,0,0,0.0,0.0,marginalny
IK-02-00599,węzeł agregacyjny/RAN hub świętokrzyskie-zachodni-09-03-00599,IK02,telecom,węzeł agregacyjny/RAN hub,26,2609003,K3,0,0,0,0,0,0,0.0,0.0,marginalny
IK-02-00600,węzeł agregacyjny/RAN hub dolnośląskie-północny-18-03-00600,IK02,telecom,węzeł agregacyjny/RAN hub,02,0218003,K3,0,0,0,0,0,0,0.0,0.0,marginalny
IK-02-00601,węzeł agregacyjny/RAN hub opolskie-zachodni-03-04-00601,IK02,telecom,węzeł agregacyjny/RAN hub,16,1603004,K2,0,0,0,0,0,0,0.0,0.0,marginalny
IK-02-00603,węzeł agregacyjny/RAN hub łódzkie-miejski-11-07-00603,IK02,telecom,węzeł agregacyjny/RAN hub,10,1011007,K2,0,0,0,0,0,0,0.0,0.0,marginalny
IK-02-00604,węzeł agregacyjny/RAN hub dolnośląskie-północny-30-01-00604,IK02,telecom,węzeł agregacyjny/RAN hub,02,0230001,K2,0,0,0,0,0,0,0.0,0.0,marginalny
IK-02-00605,węzeł agregacyjny/RAN hub dolnośląskie-północny-24-05-00605,IK02,telecom,węzeł agregacyjny/RAN hub,02,0224005,K2,0,0,0,0,0,0,0.0,0.0,marginalny
IK-02-00606,węzeł agregacyjny/RAN hub dolnośląskie-zachodni-21-02-00606,IK02,telecom,węzeł agregacyjny/RAN hub,02,0221002,K3,0,0,0,0,0,0,0.0,0.0,marginalny
IK-02-00608,węzeł agregacyjny/RAN hub dolnośląskie-południowy-01-02-00608,IK02,telecom,węzeł agregacyjny/RAN hub,02,0201002,K3,0,0,0,0,0,0,0.0,0.0,marginalny
IK-02-00577,węzeł agregacyjny/RAN hub dolnośląskie-południowy-01-02-00577,IK02,telecom,węzeł agregacyjny/RAN hub,02,0201002,K3,0,0,0,0,0,0,0.0,0.0,marginalny
IK-02-00578,węzeł agregacyjny/RAN hub dolnośląskie-zachodni-03-03-00578,IK02,telecom,węzeł agregacyjny/RAN hub,02,0203003,K3,0,0,0,0,0,0,0.0,0.0,marginalny
IK-02-00579,węzeł agregacyjny/RAN hub mazowieckie-wschodni-32-01-00579,IK02,telecom,węzeł agregacyjny/RAN hub,14,1432001,K3,0,0,0,0,0,0,0.0,0.0,marginalny
IK-02-00580,węzeł agregacyjny/RAN hub dolnośląskie-wschodni-08-04-00580,IK02,telecom,węzeł agregacyjny/RAN hub,02,0208004,K3,0,0,0,0,0,0,0.0,0.0,marginalny
IK-02-00581,węzeł agregacyjny/RAN hub warmińsko-mazurskie-wschodni-14-05-00581,IK02,telecom,węzeł agregacyjny/RAN hub,28,2814005,K3,0,0,0,0,0,0,0.0,0.0,marginalny
IK-02-00583,węzeł agregacyjny/RAN hub pomorskie-południowy-01-05-00583,IK02,telecom,węzeł agregacyjny/RAN hub,22,2201005,K3,0,0,0,0,0,0,0.0,0.0,marginalny
IK-02-00584,węzeł agregacyjny/RAN hub opolskie-wschodni-02-03-00584,IK02,telecom,węzeł agregacyjny/RAN hub,16,1602003,K3,0,0,0,0,0,0,0.0,0.0,marginalny
IK-02-00586,węzeł agregacyjny/RAN hub lubelskie-centralny-22-01-00586,IK02,telecom,węzeł agregacyjny/RAN hub,06,0622001,K2,0,0,0,0,0,0,0.0,0.0,marginalny
IK-02-00587,węzeł agregacyjny/RAN hub podkarpackie-miejski-17-03-00587,IK02,telecom,węzeł agregacyjny/RAN hub,18,1817003,K2,0,0,0,0,0,0,0.0,0.0,marginalny
IK-02-00588,węzeł agregacyjny/RAN hub opolskie-zachodni-09-02-00588,IK02,telecom,węzeł agregacyjny/RAN hub,16,1609002,K3,0,0,0,0,0,0,0.0,0.0,marginalny
IK-02-00589,węzeł agregacyjny/RAN hub świętokrzyskie-centralny-10-02-00589,IK02,telecom,węzeł agregacyjny/RAN hub,26,2610002,K2,0,0,0,0,0,0,0.0,0.0,marginalny
IK-02-00591,węzeł agregacyjny/RAN hub opolskie-zachodni-03-02-00591,IK02,telecom,węzeł agregacyjny/RAN hub,16,1603002,K3,0,0,0,0,0,0,0.0,0.0,marginalny
IK-02-00592,węzeł agregacyjny/RAN hub dolnośląskie-północny-24-04-00592,IK02,telecom,węzeł agregacyjny/RAN hub,02,0224004,K3,0,0,0,0,0,0,0.0,0.0,marginalny
IK-02-00561,węzeł agregacyjny/RAN hub pomorskie-wschodni-08-01-00561,IK02,telecom,węzeł agregacyjny/RAN hub,22,2208001,K2,0,0,0,0,0,0,0.0,0.0,marginalny
IK-02-00562,węzeł agregacyjny/RAN hub opolskie-północny-06-03-00562,IK02,telecom,węzeł agregacyjny/RAN hub,16,1606003,K2,0,0,0,0,0,0,0.0,0.0,marginalny
IK-02-00563,węzeł agregacyjny/RAN hub dolnośląskie-centralny-28-04-00563,IK02,telecom,węzeł agregacyjny/RAN hub,02,0228004,K3,0,0,0,0,0,0,0.0,0.0,marginalny
IK-02-00564,węzeł agregacyjny/RAN hub zachodniopomorskie-północny-12-06-00564,IK02,telecom,węzeł agregacyjny/RAN hub,32,3212006,K3,0,0,0,0,0,0,0.0,0.0,marginalny
IK-02-00565,węzeł agregacyjny/RAN hub dolnośląskie-miejski-05-02-00565,IK02,telecom,węzeł agregacyjny/RAN hub,02,0205002,K3,0,0,0,0,0,0,0.0,0.0,marginalny
IK-02-00566,węzeł agregacyjny/RAN hub śląskie-wschodni-20-01-00566,IK02,telecom,węzeł agregacyjny/RAN hub,24,2420001,K3,0,0,0,0,0,0,0.0,0.0,marginalny
IK-02-00567,węzeł agregacyjny/RAN hub opolskie-południowy-01-06-00567,IK02,telecom,węzeł agregacyjny/RAN hub,16,1601006,K3,0,0,0,0,0,0,0.0,0.0,marginalny
IK-02-00570,węzeł agregacyjny/RAN hub podlaskie-południowy-01-04-00570,IK02,telecom,węzeł agregacyjny/RAN hub,20,2001004,K3,0,0,0,0,0,0,0.0,0.0,marginalny
IK-02-00571,węzeł agregacyjny/RAN hub śląskie-centralny-22-06-00571,IK02,telecom,węzeł agregacyjny/RAN hub,24,2422006,K3,0,0,0,0,0,0,0.0,0.0,marginalny
IK-02-00572,węzeł agregacyjny/RAN hub dolnośląskie-miejski-17-03-00572,IK02,telecom,węzeł agregacyjny/RAN hub,02,0217003,K3,0,0,0,0,0,0,0.0,0.0,marginalny
IK-02-00573,węzeł agregacyjny/RAN hub opolskie-południowy-01-06-00573,IK02,telecom,węzeł agregacyjny/RAN hub,16,1601006,K3,0,0,0,0,0,0,0.0,0.0,marginalny
IK-02-00574,węzeł agregacyjny/RAN hub mazowieckie-północny-24-04-00574,IK02,telecom,węzeł agregacyjny/RAN hub,14,1424004,K3,0,0,0,0,0,0,0.0,0.0,marginalny
IK-02-00575,węzeł agregacyjny/RAN hub dolnośląskie-centralny-04-01-00575,IK02,telecom,węzeł agregacyjny/RAN hub,02,0204001,K3,0,0,0,0,0,0,0.0,0.0,marginalny
IK-02-00576,węzeł agregacyjny/RAN hub małopolskie-wschodni-20-05-00576,IK02,telecom,węzeł agregacyjny/RAN hub,12,1220005,K3,0,0,0,0,0,0,0.0,0.0,marginalny
IK-02-00545,węzeł agregacyjny/RAN hub lubuskie-południowy-07-07-00545,IK02,telecom,węzeł agregacyjny/RAN hub,08,0807007,K3,0,0,0,0,0,0,0.0,0.0,marginalny
IK-02-00546,węzeł agregacyjny/RAN hub warmińsko-mazurskie-północny-06-06-00546,IK02,telecom,węzeł agregacyjny/RAN hub,28,2806006,K2,0,0,0,0,0,0,0.0,0.0,marginalny
IK-02-00547,węzeł agregacyjny/RAN hub podkarpackie-miejski-05-06-00547,IK02,telecom,węzeł agregacyjny/RAN hub,18,1805006,K2,0,0,0,0,0,0,0.0,0.0,marginalny
IK-02-00548,węzeł agregacyjny/RAN hub podkarpackie-południowy-01-02-00548,IK02,telecom,węzeł agregacyjny/RAN hub,18,1801002,K3,0,0,0,0,0,0,0.0,0.0,marginalny
IK-02-00549,węzeł agregacyjny/RAN hub opolskie-zachodni-09-04-00549,IK02,telecom,węzeł agregacyjny/RAN hub,16,1609004,K3,0,0,0,0,0,0,0.0,0.0,marginalny
IK-02-00550,węzeł agregacyjny/RAN hub dolnośląskie-północny-06-05-00550,IK02,telecom,węzeł agregacyjny/RAN hub,02,0206005,K3,0,0,0,0,0,0,0.0,0.0,marginalny
IK-02-00551,węzeł agregacyjny/RAN hub dolnośląskie-północny-06-05-00551,IK02,telecom,węzeł agregacyjny/RAN hub,02,0206005,K3,0,0,0,0,0,0,0.0,0.0,marginalny
IK-05-00977,chłodnia składowa wielkopolskie-centralny-16-01-00977,IK05,food,chłodnia składowa,30,3016001,K3,0,0,0,0,0,0,0.0,0.0,marginalny
IK-05-00978,chłodnia składowa dolnośląskie-zachodni-21-01-00978,IK05,food,chłodnia składowa,02,0221001,K2,0,0,0,0,0,0,0.0,0.0,marginalny
IK-05-00979,chłodnia składowa śląskie-północny-18-04-00979,IK05,food,chłodnia składowa,24,2418004,K2,0,0,0,0,0,0,0.0,0.0,marginalny
IK-05-00980,chłodnia składowa warmińsko-mazurskie-północny-18-04-00980,IK05,food,chłodnia składowa,28,2818004,K3,0,0,0,0,0,0,0.0,0.0,marginalny
IK-05-00981,chłodnia składowa dolnośląskie-północny-12-06-00981,IK05,food,chłodnia składowa,02,0212006,K3,0,0,0,0,0,0,0.0,0.0,marginalny
IK-05-00982,chłodnia składowa opolskie-miejski-11-03-00982,IK05,food,chłodnia składowa,16,1611003,K3,0,0,0,0,0,0,0.0,0.0,marginalny
IK-05-00983,chłodnia składowa mazowieckie-centralny-28-04-00983,IK05,food,chłodnia składowa,14,1428004,K3,0,0,0,0,0,0,0.0,0.0,marginalny
IK-05-00984,chłodnia składowa podkarpackie-zachodni-15-03-00984,IK05,food,chłodnia składowa,18,1815003,K3,0,0,0,0,0,0,0.0,0.0,marginalny
IK-05-00985,chłodnia składowa wielkopolskie-miejski-17-06-00985,IK05,food,chłodnia składowa,30,3017006,K3,0,0,0,0,0,0,0.0,0.0,marginalny
IK-05-00986,chłodnia składowa kujawsko-pomorskie-miejski-11-03-00986,IK05,food,chłodnia składowa,04,0411003,K3,0,0,0,0,0,0,0.0,0.0,marginalny
IK-05-00987,chłodnia składowa dolnośląskie-południowy-01-05-00987,IK05,food,chłodnia składowa,02,0201005,K2,0,0,0,0,0,0,0.0,0.0,marginalny
IK-05-00988,chłodnia składowa opolskie-zachodni-03-04-00988,IK05,food,chłodnia składowa,16,1603004,K3,0,0,0,0,0,0,0.0,0.0,marginalny
IK-05-00989,chłodnia składowa dolnośląskie-miejski-11-07-00989,IK05,food,chłodnia składowa,02,0211007,K3,0,0,0,0,0,0,0.0,0.0,marginalny
IK-05-00990,chłodnia składowa opolskie-centralny-04-07-00990,IK05,food,chłodnia składowa,16,1604007,K3,0,0,0,0,0,0,0.0,0.0,marginalny
IK-05-00991,chłodnia składowa dolnośląskie-miejski-29-02-00991,IK05,food,chłodnia składowa,02,0229002,K3,0,0,0,0,0,0,0.0,0.0,marginalny
IK-05-00992,chłodnia składowa dolnośląskie-miejski-11-01-00992,IK05,food,chłodnia składowa,02,0211001,K3,0,0,0,0,0,0,0.0,0.0,marginalny
IK-02-00552,węzeł agregacyjny/RAN hub opolskie-miejski-11-07-00552,IK02,telecom,węzeł agregacyjny/RAN hub,16,1611007,K3,0,0,0,0,0,0,0.0,0.0,marginalny
IK-02-00553,węzeł agregacyjny/RAN hub podlaskie-miejski-11-03-00553,IK02,telecom,węzeł agregacyjny/RAN hub,20,2011003,K3,0,0,0,0,0,0,0.0,0.0,marginalny
IK-02-00554,węzeł agregacyjny/RAN hub śląskie-centralny-04-01-00554,IK02,telecom,węzeł agregacyjny/RAN hub,24,2404001,K3,0,0,0,0,0,0,0.0,0.0,marginalny
IK-02-00555,węzeł agregacyjny/RAN hub opolskie-północny-06-06-00555,IK02,telecom,węzeł agregacyjny/RAN hub,16,1606006,K3,0,0,0,0,0,0,0.0,0.0,marginalny
IK-02-00556,węzeł agregacyjny/RAN hub opolskie-centralny-04-03-00556,IK02,telecom,węzeł agregacyjny/RAN hub,16,1604003,K3,0,0,0,0,0,0,0.0,0.0,marginalny
IK-02-00557,węzeł agregacyjny/RAN hub opolskie-wschodni-02-02-00557,IK02,telecom,węzeł agregacyjny/RAN hub,16,1602002,K2,0,0,0,0,0,0,0.0,0.0,marginalny
IK-02-00559,węzeł agregacyjny/RAN hub świętokrzyskie-wschodni-02-06-00559,IK02,telecom,węzeł agregacyjny/RAN hub,26,2602006,K3,0,0,0,0,0,0,0.0,0.0,marginalny
IK-02-00560,węzeł agregacyjny/RAN hub opolskie-centralny-04-07-00560,IK02,telecom,węzeł agregacyjny/RAN hub,16,1604007,K2,0,0,0,0,0,0,0.0,0.0,marginalny
IK-02-00529,węzeł agregacyjny/RAN hub dolnośląskie-centralny-04-06-00529,IK02,telecom,węzeł agregacyjny/RAN hub,02,0204006,K3,0,0,0,0,0,0,0.0,0.0,marginalny
IK-02-00530,węzeł agregacyjny/RAN hub opolskie-północny-12-06-00530,IK02,telecom,węzeł agregacyjny/RAN hub,16,1612006,K3,0,0,0,0,0,0,0.0,0.0,marginalny
IK-02-00531,węzeł agregacyjny/RAN hub świętokrzyskie-północny-06-01-00531,IK02,telecom,węzeł agregacyjny/RAN hub,26,2606001,K3,0,0,0,0,0,0,0.0,0.0,marginalny
IK-02-00532,węzeł agregacyjny/RAN hub dolnośląskie-miejski-29-05-00532,IK02,telecom,węzeł agregacyjny/RAN hub,02,0229005,K3,0,0,0,0,0,0,0.0,0.0,marginalny
IK-02-00533,węzeł agregacyjny/RAN hub podlaskie-zachodni-15-05-00533,IK02,telecom,węzeł agregacyjny/RAN hub,20,2015005,K3,0,0,0,0,0,0,0.0,0.0,marginalny
IK-02-00534,węzeł agregacyjny/RAN hub kujawsko-pomorskie-wschodni-14-07-00534,IK02,telecom,węzeł agregacyjny/RAN hub,04,0414007,K3,0,0,0,0,0,0,0.0,0.0,marginalny
IK-02-00535,węzeł agregacyjny/RAN hub warmińsko-mazurskie-zachodni-21-03-00535,IK02,telecom,węzeł agregacyjny/RAN hub,28,2821003,K3,0,0,0,0,0,0,0.0,0.0,marginalny
IK-02-00536,węzeł agregacyjny/RAN hub dolnośląskie-północny-12-04-00536,IK02,telecom,węzeł agregacyjny/RAN hub,02,0212004,K3,0,0,0,0,0,0,0.0,0.0,marginalny
IK-02-00537,węzeł agregacyjny/RAN hub kujawsko-pomorskie-południowy-01-04-00537,IK02,telecom,węzeł agregacyjny/RAN hub,04,0401004,K3,0,0,0,0,0,0,0.0,0.0,marginalny
IK-02-00538,węzeł agregacyjny/RAN hub podkarpackie-wschodni-08-04-00538,IK02,telecom,węzeł agregacyjny/RAN hub,18,1808004,K3,0,0,0,0,0,0,0.0,0.0,marginalny
IK-02-00539,węzeł agregacyjny/RAN hub wielkopolskie-centralny-10-04-00539,IK02,telecom,węzeł agregacyjny/RAN hub,30,3010004,K3,0,0,0,0,0,0,0.0,0.0,marginalny
IK-02-00540,węzeł agregacyjny/RAN hub śląskie-zachodni-33-02-00540,IK02,telecom,węzeł agregacyjny/RAN hub,24,2433002,K3,0,0,0,0,0,0,0.0,0.0,marginalny
IK-02-00541,węzeł agregacyjny/RAN hub dolnośląskie-wschodni-20-07-00541,IK02,telecom,węzeł agregacyjny/RAN hub,02,0220007,K2,0,0,0,0,0,0,0.0,0.0,marginalny
IK-02-00542,węzeł agregacyjny/RAN hub mazowieckie-zachodni-15-02-00542,IK02,telecom,węzeł agregacyjny/RAN hub,14,1415002,K3,0,0,0,0,0,0,0.0,0.0,marginalny
IK-02-00544,węzeł agregacyjny/RAN hub lubelskie-południowy-07-06-00544,IK02,telecom,węzeł agregacyjny/RAN hub,06,0607006,K3,0,0,0,0,0,0,0.0,0.0,marginalny
IK-05-00961,chłodnia składowa opolskie-miejski-05-07-00961,IK05,food,chłodnia składowa,16,1605007,K3,0,0,0,0,0,0,0.0,0.0,marginalny
IK-05-00962,chłodnia składowa dolnośląskie-wschodni-02-04-00962,IK05,food,chłodnia składowa,02,0202004,K3,0,0,0,0,0,0,0.0,0.0,marginalny
IK-05-00963,chłodnia składowa lubelskie-północny-12-01-00963,IK05,food,chłodnia składowa,06,0612001,K3,0,0,0,0,0,0,0.0,0.0,marginalny
IK-05-00964,chłodnia składowa mazowieckie-wschodni-38-07-00964,IK05,food,chłodnia składowa,14,1438007,K2,0,0,0,0,0,0,0.0,0.0,marginalny
IK-05-00965,chłodnia składowa lubuskie-wschodni-14-02-00965,IK05,food,chłodnia składowa,08,0814002,K3,0,0,0,0,0,0,0.0,0.0,marginalny
IK-05-00966,chłodnia składowa dolnośląskie-wschodni-20-04-00966,IK05,food,chłodnia składowa,02,0220004,K3,0,0,0,0,0,0,0.0,0.0,marginalny
IK-05-00967,chłodnia składowa dolnośląskie-południowy-07-07-00967,IK05,food,chłodnia składowa,02,0207007,K3,0,0,0,0,0,0,0.0,0.0,marginalny
IK-05-00968,chłodnia składowa opolskie-miejski-11-03-00968,IK05,food,chłodnia składowa,16,1611003,K3,0,0,0,0,0,0,0.0,0.0,marginalny
IK-05-00969,chłodnia składowa małopolskie-zachodni-21-03-00969,IK05,food,chłodnia składowa,12,1221003,K2,0,0,0,0,0,0,0.0,0.0,marginalny
IK-05-00970,chłodnia składowa warmińsko-mazurskie-centralny-16-06-00970,IK05,food,chłodnia składowa,28,2816006,K3,0,0,0,0,0,0,0.0,0.0,marginalny
IK-05-00971,chłodnia składowa śląskie-miejski-29-05-00971,IK05,food,chłodnia składowa,24,2429005,K3,0,0,0,0,0,0,0.0,0.0,marginalny
IK-05-00972,chłodnia składowa dolnośląskie-wschodni-26-05-00972,IK05,food,chłodnia składowa,02,0226005,K3,0,0,0,0,0,0,0.0,0.0,marginalny
IK-05-00973,chłodnia składowa warmińsko-mazurskie-południowy-19-06-00973,IK05,food,chłodnia składowa,28,2819006,K3,0,0,0,0,0,0,0.0,0.0,marginalny
IK-05-00974,chłodnia składowa opolskie-centralny-04-01-00974,IK05,food,chłodnia składowa,16,1604001,K3,0,0,0,0,0,0,0.0,0.0,marginalny
IK-05-00975,chłodnia składowa świętokrzyskie-miejski-11-05-00975,IK05,food,chłodnia składowa,26,2611005,K3,0,0,0,0,0,0,0.0,0.0,marginalny
IK-05-00976,chłodnia składowa małopolskie-wschodni-20-04-00976,IK05,food,chłodnia składowa,12,1220004,K3,0,0,0,0,0,0,0.0,0.0,marginalny
IK-02-00513,węzeł agregacyjny/RAN hub mazowieckie-zachodni-15-05-00513,IK02,telecom,węzeł agregacyjny/RAN hub,14,1415005,K3,0,0,0,0,0,0,0.0,0.0,marginalny
IK-02-00515,węzeł agregacyjny/RAN hub opolskie-zachodni-03-03-00515,IK02,telecom,węzeł agregacyjny/RAN hub,16,1603003,K3,0,0,0,0,0,0,0.0,0.0,marginalny
IK-02-00516,węzeł agregacyjny/RAN hub małopolskie-południowy-19-03-00516,IK02,telecom,węzeł agregacyjny/RAN hub,12,1219003,K2,0,0,0,0,0,0,0.0,0.0,marginalny
IK-02-00517,węzeł agregacyjny/RAN hub opolskie-północny-12-05-00517,IK02,telecom,węzeł agregacyjny/RAN hub,16,1612005,K3,0,0,0,0,0,0,0.0,0.0,marginalny
IK-02-00518,węzeł agregacyjny/RAN hub lubuskie-wschodni-14-07-00518,IK02,telecom,węzeł agregacyjny/RAN hub,08,0814007,K3,0,0,0,0,0,0,0.0,0.0,marginalny
IK-02-00519,węzeł agregacyjny/RAN hub dolnośląskie-zachodni-21-04-00519,IK02,telecom,węzeł agregacyjny/RAN hub,02,0221004,K3,0,0,0,0,0,0,0.0,0.0,marginalny
IK-02-00520,węzeł agregacyjny/RAN hub warmińsko-mazurskie-zachodni-15-03-00520,IK02,telecom,węzeł agregacyjny/RAN hub,28,2815003,K3,0,0,0,0,0,0,0.0,0.0,marginalny
IK-02-00521,węzeł agregacyjny/RAN hub podlaskie-centralny-10-01-00521,IK02,telecom,węzeł agregacyjny/RAN hub,20,2010001,K2,0,0,0,0,0,0,0.0,0.0,marginalny
IK-02-00522,węzeł agregacyjny/RAN hub dolnośląskie-wschodni-20-01-00522,IK02,telecom,węzeł agregacyjny/RAN hub,02,0220001,K3,0,0,0,0,0,0,0.0,0.0,marginalny
IK-02-00523,węzeł agregacyjny/RAN hub dolnośląskie-wschodni-14-07-00523,IK02,telecom,węzeł agregacyjny/RAN hub,02,0214007,K3,0,0,0,0,0,0,0.0,0.0,marginalny
IK-02-00524,węzeł agregacyjny/RAN hub kujawsko-pomorskie-zachodni-03-01-00524,IK02,telecom,węzeł agregacyjny/RAN hub,04,0403001,K3,0,0,0,0,0,0,0.0,0.0,marginalny
IK-02-00525,węzeł agregacyjny/RAN hub podkarpackie-północny-06-07-00525,IK02,telecom,węzeł agregacyjny/RAN hub,18,1806007,K2,0,0,0,0,0,0,0.0,0.0,marginalny
IK-02-00526,węzeł agregacyjny/RAN hub podkarpackie-północny-06-03-00526,IK02,telecom,węzeł agregacyjny/RAN hub,18,1806003,K3,0,0,0,0,0,0,0.0,0.0,marginalny
IK-02-00528,węzeł agregacyjny/RAN hub kujawsko-pomorskie-wschodni-14-01-00528,IK02,telecom,węzeł agregacyjny/RAN hub,04,0414001,K3,0,0,0,0,0,0,0.0,0.0,marginalny
IK-05-00945,magazyn rezerw strategicznych pomorskie-zachodni-09-05-00945,IK05,food,magazyn rezerw strategicznych,22,2209005,K2,0,0,0,0,0,0,0.0,0.0,marginalny
IK-05-00946,magazyn rezerw strategicznych pomorskie-zachodni-03-03-00946,IK05,food,magazyn rezerw strategicznych,22,2203003,K1,0,0,0,0,0,0,0.0,0.0,marginalny
IK-05-00947,magazyn rezerw strategicznych lubelskie-wschodni-02-05-00947,IK05,food,magazyn rezerw strategicznych,06,0602005,K1,0,0,0,0,0,0,0.0,0.0,marginalny
IK-05-00948,magazyn rezerw strategicznych małopolskie-wschodni-02-02-00948,IK05,food,magazyn rezerw strategicznych,12,1202002,K2,0,0,0,0,0,0,0.0,0.0,marginalny
IK-05-00949,magazyn rezerw strategicznych lubuskie-zachodni-09-07-00949,IK05,food,magazyn rezerw strategicznych,08,0809007,K2,0,0,0,0,0,0,0.0,0.0,marginalny
IK-05-00950,magazyn rezerw strategicznych dolnośląskie-centralny-04-05-00950,IK05,food,magazyn rezerw strategicznych,02,0204005,K1,0,0,0,0,0,0,0.0,0.0,marginalny
IK-05-00951,chłodnia składowa świętokrzyskie-miejski-11-03-00951,IK05,food,chłodnia składowa,26,2611003,K3,0,0,0,0,0,0,0.0,0.0,marginalny
IK-05-00952,chłodnia składowa podkarpackie-wschodni-02-06-00952,IK05,food,chłodnia składowa,18,1802006,K3,0,0,0,0,0,0,0.0,0.0,marginalny
IK-05-00953,chłodnia składowa opolskie-północny-12-01-00953,IK05,food,chłodnia składowa,16,1612001,K3,0,0,0,0,0,0,0.0,0.0,marginalny
IK-05-00954,chłodnia składowa lubelskie-południowy-01-04-00954,IK05,food,chłodnia składowa,06,0601004,K2,0,0,0,0,0,0,0.0,0.0,marginalny
IK-05-00955,chłodnia składowa dolnośląskie-północny-24-07-00955,IK05,food,chłodnia składowa,02,0224007,K2,0,0,0,0,0,0,0.0,0.0,marginalny
IK-05-00956,chłodnia składowa lubelskie-północny-18-01-00956,IK05,food,chłodnia składowa,06,0618001,K3,0,0,0,0,0,0,0.0,0.0,marginalny
IK-05-00957,chłodnia składowa opolskie-wschodni-02-01-00957,IK05,food,chłodnia składowa,16,1602001,K2,0,0,0,0,0,0,0.0,0.0,marginalny
IK-05-00958,chłodnia składowa warmińsko-mazurskie-północny-18-04-00958,IK05,food,chłodnia składowa,28,2818004,K3,0,0,0,0,0,0,0.0,0.0,marginalny
IK-05-00959,chłodnia składowa dolnośląskie-północny-30-01-00959,IK05,food,chłodnia składowa,02,0230001,K3,0,0,0,0,0,0,0.0,0.0,marginalny
IK-05-00960,chłodnia składowa dolnośląskie-zachodni-03-01-00960,IK05,food,chłodnia składowa,02,0203001,K3,0,0,0,0,0,0,0.0,0.0,marginalny
IK-02-00497,węzeł agregacyjny/RAN hub kujawsko-pomorskie-centralny-22-04-00497,IK02,telecom,węzeł agregacyjny/RAN hub,04,0422004,K3,0,0,0,0,0,0,0.0,0.0,marginalny
IK-02-00498,węzeł agregacyjny/RAN hub opolskie-zachodni-09-02-00498,IK02,telecom,węzeł agregacyjny/RAN hub,16,1609002,K3,0,0,0,0,0,0,0.0,0.0,marginalny
IK-02-00499,węzeł agregacyjny/RAN hub opolskie-miejski-11-06-00499,IK02,telecom,węzeł agregacyjny/RAN hub,16,1611006,K2,0,0,0,0,0,0,0.0,0.0,marginalny
IK-02-00500,węzeł agregacyjny/RAN hub łódzkie-południowy-19-02-00500,IK02,telecom,węzeł agregacyjny/RAN hub,10,1019002,K3,0,0,0,0,0,0,0.0,0.0,marginalny
IK-02-00501,węzeł agregacyjny/RAN hub kujawsko-pomorskie-zachodni-21-02-00501,IK02,telecom,węzeł agregacyjny/RAN hub,04,0421002,K3,0,0,0,0,0,0,0.0,0.0,marginalny
IK-02-00503,węzeł agregacyjny/RAN hub małopolskie-centralny-22-02-00503,IK02,telecom,węzeł agregacyjny/RAN hub,12,1222002,K2,0,0,0,0,0,0,0.0,0.0,marginalny
IK-02-00504,węzeł agregacyjny/RAN hub łódzkie-centralny-04-06-00504,IK02,telecom,węzeł agregacyjny/RAN hub,10,1004006,K3,0,0,0,0,0,0,0.0,0.0,marginalny
IK-02-00505,węzeł agregacyjny/RAN hub pomorskie-miejski-11-05-00505,IK02,telecom,węzeł agregacyjny/RAN hub,22,2211005,K2,0,0,0,0,0,0,0.0,0.0,marginalny
IK-02-00508,węzeł agregacyjny/RAN hub świętokrzyskie-wschodni-08-02-00508,IK02,telecom,węzeł agregacyjny/RAN hub,26,2608002,K3,0,0,0,0,0,0,0.0,0.0,marginalny
IK-05-00929,magazyn rezerw strategicznych dolnośląskie-wschodni-20-06-00929,IK05,food,magazyn rezerw strategicznych,02,0220006,K2,0,0,0,0,0,0,0.0,0.0,marginalny
IK-05-00930,magazyn rezerw strategicznych dolnośląskie-północny-18-07-00930,IK05,food,magazyn rezerw strategicznych,02,0218007,K1,0,0,0,0,0,0,0.0,0.0,marginalny
IK-05-00931,magazyn rezerw strategicznych małopolskie-wschodni-20-07-00931,IK05,food,magazyn rezerw strategicznych,12,1220007,K1,0,0,0,0,0,0,0.0,0.0,marginalny
IK-05-00932,magazyn rezerw strategicznych opolskie-północny-06-07-00932,IK05,food,magazyn rezerw strategicznych,16,1606007,K1,0,0,0,0,0,0,0.0,0.0,marginalny
IK-05-00933,magazyn rezerw strategicznych dolnośląskie-północny-18-01-00933,IK05,food,magazyn rezerw strategicznych,02,0218001,K2,0,0,0,0,0,0,0.0,0.0,marginalny
IK-05-00934,magazyn rezerw strategicznych małopolskie-zachodni-03-04-00934,IK05,food,magazyn rezerw strategicznych,12,1203004,K1,0,0,0,0,0,0,0.0,0.0,marginalny
IK-05-00935,magazyn rezerw strategicznych łódzkie-miejski-17-04-00935,IK05,food,magazyn rezerw strategicznych,10,1017004,K1,0,0,0,0,0,0,0.0,0.0,marginalny
IK-05-00936,magazyn rezerw strategicznych podkarpackie-miejski-23-01-00936,IK05,food,magazyn rezerw strategicznych,18,1823001,K2,0,0,0,0,0,0,0.0,0.0,marginalny
IK-05-00937,magazyn rezerw strategicznych wielkopolskie-południowy-01-01-00937,IK05,food,magazyn rezerw strategicznych,30,3001001,K1,0,0,0,0,0,0,0.0,0.0,marginalny
IK-05-00938,magazyn rezerw strategicznych świętokrzyskie-centralny-04-06-00938,IK05,food,magazyn rezerw strategicznych,26,2604006,K1,0,0,0,0,0,0,0.0,0.0,marginalny
IK-05-00939,magazyn rezerw strategicznych śląskie-centralny-34-01-00939,IK05,food,magazyn rezerw strategicznych,24,2434001,K2,0,0,0,0,0,0,0.0,0.0,marginalny
IK-05-00940,magazyn rezerw strategicznych opolskie-północny-06-07-00940,IK05,food,magazyn rezerw strategicznych,16,1606007,K1,0,0,0,0,0,0,0.0,0.0,marginalny
IK-05-00941,magazyn rezerw strategicznych lubelskie-wschodni-20-05-00941,IK05,food,magazyn rezerw strategicznych,06,0620005,K1,0,0,0,0,0,0,0.0,0.0,marginalny
IK-05-00942,magazyn rezerw strategicznych mazowieckie-zachodni-39-03-00942,IK05,food,magazyn rezerw strategicznych,14,1439003,K1,0,0,0,0,0,0,0.0,0.0,marginalny
IK-05-00943,magazyn rezerw strategicznych dolnośląskie-południowy-19-02-00943,IK05,food,magazyn rezerw strategicznych,02,0219002,K1,0,0,0,0,0,0,0.0,0.0,marginalny
IK-05-00944,magazyn rezerw strategicznych łódzkie-miejski-23-03-00944,IK05,food,magazyn rezerw strategicznych,10,1023003,K2,0,0,0,0,0,0,0.0,0.0,marginalny
IK-02-00509,węzeł agregacyjny/RAN hub dolnośląskie-miejski-17-04-00509,IK02,telecom,węzeł agregacyjny/RAN hub,02,0217004,K3,0,0,0,0,0,0,0.0,0.0,marginalny
IK-02-00510,węzeł agregacyjny/RAN hub łódzkie-centralny-16-01-00510,IK02,telecom,węzeł agregacyjny/RAN hub,10,1016001,K3,0,0,0,0,0,0,0.0,0.0,marginalny
IK-02-00511,węzeł agregacyjny/RAN hub opolskie-centralny-10-03-00511,IK02,telecom,węzeł agregacyjny/RAN hub,16,1610003,K3,0,0,0,0,0,0,0.0,0.0,marginalny
IK-02-00512,węzeł agregacyjny/RAN hub pomorskie-centralny-16-02-00512,IK02,telecom,węzeł agregacyjny/RAN hub,22,2216002,K3,0,0,0,0,0,0,0.0,0.0,marginalny
IK-02-00481,węzeł agregacyjny/RAN hub mazowieckie-centralny-34-03-00481,IK02,telecom,węzeł agregacyjny/RAN hub,14,1434003,K3,0,0,0,0,0,0,0.0,0.0,marginalny
IK-02-00482,węzeł agregacyjny/RAN hub śląskie-północny-36-02-00482,IK02,telecom,węzeł agregacyjny/RAN hub,24,2436002,K2,0,0,0,0,0,0,0.0,0.0,marginalny
IK-02-00483,węzeł agregacyjny/RAN hub opolskie-zachodni-09-03-00483,IK02,telecom,węzeł agregacyjny/RAN hub,16,1609003,K3,0,0,0,0,0,0,0.0,0.0,marginalny
IK-02-00484,węzeł agregacyjny/RAN hub zachodniopomorskie-centralny-16-02-00484,IK02,telecom,węzeł agregacyjny/RAN hub,32,3216002,K2,0,0,0,0,0,0,0.0,0.0,marginalny
IK-02-00485,węzeł agregacyjny/RAN hub śląskie-południowy-31-04-00485,IK02,telecom,węzeł agregacyjny/RAN hub,24,2431004,K3,0,0,0,0,0,0,0.0,0.0,marginalny
IK-02-00486,węzeł agregacyjny/RAN hub lubuskie-wschodni-02-06-00486,IK02,telecom,węzeł agregacyjny/RAN hub,08,0802006,K2,0,0,0,0,0,0,0.0,0.0,marginalny
IK-02-00487,węzeł agregacyjny/RAN hub opolskie-miejski-05-01-00487,IK02,telecom,węzeł agregacyjny/RAN hub,16,1605001,K3,0,0,0,0,0,0,0.0,0.0,marginalny
IK-02-00488,węzeł agregacyjny/RAN hub pomorskie-wschodni-08-04-00488,IK02,telecom,węzeł agregacyjny/RAN hub,22,2208004,K2,0,0,0,0,0,0,0.0,0.0,marginalny
IK-02-00489,węzeł agregacyjny/RAN hub podlaskie-północny-12-05-00489,IK02,telecom,węzeł agregacyjny/RAN hub,20,2012005,K2,0,0,0,0,0,0,0.0,0.0,marginalny
IK-02-00490,węzeł agregacyjny/RAN hub śląskie-północny-30-06-00490,IK02,telecom,węzeł agregacyjny/RAN hub,24,2430006,K3,0,0,0,0,0,0,0.0,0.0,marginalny
IK-02-00491,węzeł agregacyjny/RAN hub kujawsko-pomorskie-południowy-07-01-00491,IK02,telecom,węzeł agregacyjny/RAN hub,04,0407001,K3,0,0,0,0,0,0,0.0,0.0,marginalny
IK-04-00913,hurtownia wartości/gotówki zachodniopomorskie-zachodni-15-05-00913,IK04,finance,hurtownia wartości/gotówki,32,3215005,K3,0,0,0,0,0,0,0.0,0.0,marginalny
IK-04-00914,hurtownia wartości/gotówki łódzkie-wschodni-14-05-00914,IK04,finance,hurtownia wartości/gotówki,10,1014005,K3,0,0,0,0,0,0,0.0,0.0,marginalny
IK-04-00915,hurtownia wartości/gotówki opolskie-zachodni-03-07-00915,IK04,finance,hurtownia wartości/gotówki,16,1603007,K3,0,0,0,0,0,0,0.0,0.0,marginalny
IK-04-00916,hurtownia wartości/gotówki dolnośląskie-centralny-04-03-00916,IK04,finance,hurtownia wartości/gotówki,02,0204003,K2,0,0,0,0,0,0,0.0,0.0,marginalny
IK-04-00917,hurtownia wartości/gotówki pomorskie-wschodni-20-06-00917,IK04,finance,hurtownia wartości/gotówki,22,2220006,K3,0,0,0,0,0,0,0.0,0.0,marginalny
IK-04-00918,hurtownia wartości/gotówki kujawsko-pomorskie-zachodni-03-02-00918,IK04,finance,hurtownia wartości/gotówki,04,0403002,K3,0,0,0,0,0,0,0.0,0.0,marginalny
IK-04-00919,hurtownia wartości/gotówki łódzkie-wschodni-20-05-00919,IK04,finance,hurtownia wartości/gotówki,10,1020005,K3,0,0,0,0,0,0,0.0,0.0,marginalny
IK-04-00920,hurtownia wartości/gotówki łódzkie-północny-18-06-00920,IK04,finance,hurtownia wartości/gotówki,10,1018006,K3,0,0,0,0,0,0,0.0,0.0,marginalny
IK-05-00921,magazyn rezerw strategicznych pomorskie-północny-12-06-00921,IK05,food,magazyn rezerw strategicznych,22,2212006,K2,0,0,0,0,0,0,0.0,0.0,marginalny
IK-05-00922,magazyn rezerw strategicznych opolskie-południowy-07-03-00922,IK05,food,magazyn rezerw strategicznych,16,1607003,K1,0,0,0,0,0,0,0.0,0.0,marginalny
IK-05-00923,magazyn rezerw strategicznych dolnośląskie-zachodni-27-06-00923,IK05,food,magazyn rezerw strategicznych,02,0227006,K1,0,0,0,0,0,0,0.0,0.0,marginalny
IK-05-00924,magazyn rezerw strategicznych dolnośląskie-wschodni-26-02-00924,IK05,food,magazyn rezerw strategicznych,02,0226002,K2,0,0,0,0,0,0,0.0,0.0,marginalny
IK-05-00925,magazyn rezerw strategicznych dolnośląskie-wschodni-14-01-00925,IK05,food,magazyn rezerw strategicznych,02,0214001,K2,0,0,0,0,0,0,0.0,0.0,marginalny
IK-05-00926,magazyn rezerw strategicznych dolnośląskie-miejski-05-07-00926,IK05,food,magazyn rezerw strategicznych,02,0205007,K2,0,0,0,0,0,0,0.0,0.0,marginalny
IK-05-00927,magazyn rezerw strategicznych kujawsko-pomorskie-północny-18-06-00927,IK05,food,magazyn rezerw strategicznych,04,0418006,K1,0,0,0,0,0,0,0.0,0.0,marginalny
IK-05-00928,magazyn rezerw strategicznych wielkopolskie-północny-24-06-00928,IK05,food,magazyn rezerw strategicznych,30,3024006,K1,0,0,0,0,0,0,0.0,0.0,marginalny
IK-02-00492,węzeł agregacyjny/RAN hub łódzkie-zachodni-15-07-00492,IK02,telecom,węzeł agregacyjny/RAN hub,10,1015007,K3,0,0,0,0,0,0,0.0,0.0,marginalny
IK-02-00493,węzeł agregacyjny/RAN hub podkarpackie-wschodni-08-03-00493,IK02,telecom,węzeł agregacyjny/RAN hub,18,1808003,K3,0,0,0,0,0,0,0.0,0.0,marginalny
IK-02-00494,węzeł agregacyjny/RAN hub dolnośląskie-miejski-05-03-00494,IK02,telecom,węzeł agregacyjny/RAN hub,02,0205003,K3,0,0,0,0,0,0,0.0,0.0,marginalny
IK-02-00495,węzeł agregacyjny/RAN hub mazowieckie-centralny-34-04-00495,IK02,telecom,węzeł agregacyjny/RAN hub,14,1434004,K3,0,0,0,0,0,0,0.0,0.0,marginalny
IK-02-00496,węzeł agregacyjny/RAN hub pomorskie-zachodni-03-02-00496,IK02,telecom,węzeł agregacyjny/RAN hub,22,2203002,K3,0,0,0,0,0,0,0.0,0.0,marginalny
IK-02-00456,węzeł szkieletowy telekom wielkopolskie-wschodni-02-06-00456,IK02,telecom,węzeł szkieletowy telekom,30,3002006,K1,0,0,0,0,0,0,0.0,0.0,marginalny
IK-02-00461,węzeł szkieletowy telekom świętokrzyskie-centralny-04-02-00461,IK02,telecom,węzeł szkieletowy telekom,26,2604002,K1,0,0,0,0,0,0,0.0,0.0,marginalny
IK-02-00462,węzeł szkieletowy telekom dolnośląskie-miejski-23-03-00462,IK02,telecom,węzeł szkieletowy telekom,02,0223003,K2,0,0,0,0,0,0,0.0,0.0,marginalny
IK-02-00435,węzeł szkieletowy telekom śląskie-miejski-35-02-00435,IK02,telecom,węzeł szkieletowy telekom,24,2435002,K2,0,0,0,0,0,0,0.0,0.0,marginalny
IK-02-00429,węzeł szkieletowy telekom zachodniopomorskie-centralny-04-02-00429,IK02,telecom,węzeł szkieletowy telekom,32,3204002,K1,0,0,0,0,0,0,0.0,0.0,marginalny
IK-02-00432,węzeł szkieletowy telekom wielkopolskie-południowy-13-04-00432,IK02,telecom,węzeł szkieletowy telekom,30,3013004,K1,0,0,0,0,0,0,0.0,0.0,marginalny
IK-04-00897,hurtownia wartości/gotówki dolnośląskie-miejski-05-04-00897,IK04,finance,hurtownia wartości/gotówki,02,0205004,K3,0,0,0,0,0,0,0.0,0.0,marginalny
IK-04-00898,hurtownia wartości/gotówki opolskie-wschodni-08-01-00898,IK04,finance,hurtownia wartości/gotówki,16,1608001,K2,0,0,0,0,0,0,0.0,0.0,marginalny
IK-04-00899,hurtownia wartości/gotówki opolskie-południowy-01-05-00899,IK04,finance,hurtownia wartości/gotówki,16,1601005,K3,0,0,0,0,0,0,0.0,0.0,marginalny
IK-04-00900,hurtownia wartości/gotówki wielkopolskie-wschodni-32-03-00900,IK04,finance,hurtownia wartości/gotówki,30,3032003,K2,0,0,0,0,0,0,0.0,0.0,marginalny
IK-04-00901,hurtownia wartości/gotówki mazowieckie-miejski-35-05-00901,IK04,finance,hurtownia wartości/gotówki,14,1435005,K3,0,0,0,0,0,0,0.0,0.0,marginalny
IK-04-00902,hurtownia wartości/gotówki podlaskie-południowy-07-06-00902,IK04,finance,hurtownia wartości/gotówki,20,2007006,K3,0,0,0,0,0,0,0.0,0.0,marginalny
IK-04-00903,hurtownia wartości/gotówki kujawsko-pomorskie-zachodni-21-01-00903,IK04,finance,hurtownia wartości/gotówki,04,0421001,K2,0,0,0,0,0,0,0.0,0.0,marginalny
IK-04-00904,hurtownia wartości/gotówki lubuskie-miejski-05-05-00904,IK04,finance,hurtownia wartości/gotówki,08,0805005,K3,0,0,0,0,0,0,0.0,0.0,marginalny
IK-04-00905,hurtownia wartości/gotówki opolskie-północny-12-05-00905,IK04,finance,hurtownia wartości/gotówki,16,1612005,K3,0,0,0,0,0,0,0.0,0.0,marginalny
IK-04-00906,hurtownia wartości/gotówki mazowieckie-zachodni-27-03-00906,IK04,finance,hurtownia wartości/gotówki,14,1427003,K3,0,0,0,0,0,0,0.0,0.0,marginalny
IK-04-00907,hurtownia wartości/gotówki mazowieckie-zachodni-09-02-00907,IK04,finance,hurtownia wartości/gotówki,14,1409002,K3,0,0,0,0,0,0,0.0,0.0,marginalny
IK-04-00908,hurtownia wartości/gotówki opolskie-północny-12-05-00908,IK04,finance,hurtownia wartości/gotówki,16,1612005,K3,0,0,0,0,0,0,0.0,0.0,marginalny
IK-04-00909,hurtownia wartości/gotówki dolnośląskie-północny-12-07-00909,IK04,finance,hurtownia wartości/gotówki,02,0212007,K3,0,0,0,0,0,0,0.0,0.0,marginalny
IK-04-00910,hurtownia wartości/gotówki dolnośląskie-południowy-07-01-00910,IK04,finance,hurtownia wartości/gotówki,02,0207001,K3,0,0,0,0,0,0,0.0,0.0,marginalny
IK-04-00911,hurtownia wartości/gotówki lubuskie-wschodni-08-02-00911,IK04,finance,hurtownia wartości/gotówki,08,0808002,K3,0,0,0,0,0,0,0.0,0.0,marginalny
IK-04-00912,hurtownia wartości/gotówki dolnośląskie-południowy-01-03-00912,IK04,finance,hurtownia wartości/gotówki,02,0201003,K3,0,0,0,0,0,0,0.0,0.0,marginalny
IK-04-00881,centrum przetwarzania banku opolskie-północny-06-07-00881,IK04,finance,centrum przetwarzania banku,16,1606007,K2,0,0,0,0,0,0,0.0,0.0,marginalny
IK-04-00882,centrum przetwarzania banku łódzkie-wschodni-02-06-00882,IK04,finance,centrum przetwarzania banku,10,1002006,K3,0,0,0,0,0,0,0.0,0.0,marginalny
IK-04-00883,centrum przetwarzania banku dolnośląskie-południowy-07-06-00883,IK04,finance,centrum przetwarzania banku,02,0207006,K2,0,0,0,0,0,0,0.0,0.0,marginalny
IK-04-00884,centrum przetwarzania banku opolskie-północny-06-02-00884,IK04,finance,centrum przetwarzania banku,16,1606002,K2,0,0,0,0,0,0,0.0,0.0,marginalny
IK-04-00885,centrum przetwarzania banku łódzkie-miejski-17-01-00885,IK04,finance,centrum przetwarzania banku,10,1017001,K2,0,0,0,0,0,0,0.0,0.0,marginalny
IK-04-00886,centrum przetwarzania banku dolnośląskie-zachodni-09-04-00886,IK04,finance,centrum przetwarzania banku,02,0209004,K2,0,0,0,0,0,0,0.0,0.0,marginalny
IK-04-00887,centrum przetwarzania banku łódzkie-południowy-01-04-00887,IK04,finance,centrum przetwarzania banku,10,1001004,K2,0,0,0,0,0,0,0.0,0.0,marginalny
IK-04-00888,centrum przetwarzania banku dolnośląskie-wschodni-08-07-00888,IK04,finance,centrum przetwarzania banku,02,0208007,K2,0,0,0,0,0,0,0.0,0.0,marginalny
IK-04-00889,hurtownia wartości/gotówki warmińsko-mazurskie-południowy-07-04-00889,IK04,finance,hurtownia wartości/gotówki,28,2807004,K3,0,0,0,0,0,0,0.0,0.0,marginalny
IK-04-00890,hurtownia wartości/gotówki śląskie-wschodni-20-05-00890,IK04,finance,hurtownia wartości/gotówki,24,2420005,K3,0,0,0,0,0,0,0.0,0.0,marginalny
IK-04-00891,hurtownia wartości/gotówki kujawsko-pomorskie-południowy-13-01-00891,IK04,finance,hurtownia wartości/gotówki,04,0413001,K3,0,0,0,0,0,0,0.0,0.0,marginalny
IK-04-00892,hurtownia wartości/gotówki dolnośląskie-centralny-28-04-00892,IK04,finance,hurtownia wartości/gotówki,02,0228004,K3,0,0,0,0,0,0,0.0,0.0,marginalny
IK-04-00893,hurtownia wartości/gotówki kujawsko-pomorskie-centralny-10-06-00893,IK04,finance,hurtownia wartości/gotówki,04,0410006,K2,0,0,0,0,0,0,0.0,0.0,marginalny
IK-04-00894,hurtownia wartości/gotówki lubelskie-wschodni-20-07-00894,IK04,finance,hurtownia wartości/gotówki,06,0620007,K3,0,0,0,0,0,0,0.0,0.0,marginalny
IK-04-00895,hurtownia wartości/gotówki dolnośląskie-południowy-07-05-00895,IK04,finance,hurtownia wartości/gotówki,02,0207005,K3,0,0,0,0,0,0,0.0,0.0,marginalny
IK-04-00896,hurtownia wartości/gotówki podkarpackie-centralny-16-02-00896,IK04,finance,hurtownia wartości/gotówki,18,1816002,K3,0,0,0,0,0,0,0.0,0.0,marginalny
IK-04-00865,centrum przetwarzania banku podlaskie-południowy-13-05-00865,IK04,finance,centrum przetwarzania banku,20,2013005,K3,0,0,0,0,0,0,0.0,0.0,marginalny
IK-04-00866,centrum przetwarzania banku dolnośląskie-zachodni-21-01-00866,IK04,finance,centrum przetwarzania banku,02,0221001,K2,0,0,0,0,0,0,0.0,0.0,marginalny
IK-04-00867,centrum przetwarzania banku mazowieckie-południowy-31-01-00867,IK04,finance,centrum przetwarzania banku,14,1431001,K2,0,0,0,0,0,0,0.0,0.0,marginalny
IK-04-00868,centrum przetwarzania banku opolskie-wschodni-08-07-00868,IK04,finance,centrum przetwarzania banku,16,1608007,K2,0,0,0,0,0,0,0.0,0.0,marginalny
IK-04-00869,centrum przetwarzania banku opolskie-zachodni-03-07-00869,IK04,finance,centrum przetwarzania banku,16,1603007,K2,0,0,0,0,0,0,0.0,0.0,marginalny
IK-04-00870,centrum przetwarzania banku dolnośląskie-zachodni-27-07-00870,IK04,finance,centrum przetwarzania banku,02,0227007,K1,0,0,0,0,0,0,0.0,0.0,marginalny
IK-04-00871,centrum przetwarzania banku świętokrzyskie-zachodni-09-01-00871,IK04,finance,centrum przetwarzania banku,26,2609001,K2,0,0,0,0,0,0,0.0,0.0,marginalny
IK-04-00872,centrum przetwarzania banku podkarpackie-zachodni-03-07-00872,IK04,finance,centrum przetwarzania banku,18,1803007,K3,0,0,0,0,0,0,0.0,0.0,marginalny
IK-04-00873,centrum przetwarzania banku opolskie-centralny-10-04-00873,IK04,finance,centrum przetwarzania banku,16,1610004,K2,0,0,0,0,0,0,0.0,0.0,marginalny
IK-04-00874,centrum przetwarzania banku podkarpackie-północny-12-01-00874,IK04,finance,centrum przetwarzania banku,18,1812001,K2,0,0,0,0,0,0,0.0,0.0,marginalny
IK-04-00875,centrum przetwarzania banku dolnośląskie-centralny-28-02-00875,IK04,finance,centrum przetwarzania banku,02,0228002,K2,0,0,0,0,0,0,0.0,0.0,marginalny
IK-04-00876,centrum przetwarzania banku podkarpackie-miejski-17-04-00876,IK04,finance,centrum przetwarzania banku,18,1817004,K2,0,0,0,0,0,0,0.0,0.0,marginalny
IK-04-00877,centrum przetwarzania banku lubelskie-południowy-07-05-00877,IK04,finance,centrum przetwarzania banku,06,0607005,K2,0,0,0,0,0,0,0.0,0.0,marginalny
IK-04-00878,centrum przetwarzania banku dolnośląskie-miejski-11-05-00878,IK04,finance,centrum przetwarzania banku,02,0211005,K2,0,0,0,0,0,0,0.0,0.0,marginalny
IK-04-00879,centrum przetwarzania banku wielkopolskie-zachodni-27-03-00879,IK04,finance,centrum przetwarzania banku,30,3027003,K1,0,0,0,0,0,0,0.0,0.0,marginalny
IK-04-00880,centrum przetwarzania banku podkarpackie-wschodni-20-06-00880,IK04,finance,centrum przetwarzania banku,18,1820006,K2,0,0,0,0,0,0,0.0,0.0,marginalny
IK-04-00849,centrum przetwarzania banku dolnośląskie-miejski-05-07-00849,IK04,finance,centrum przetwarzania banku,02,0205007,K2,0,0,0,0,0,0,0.0,0.0,marginalny
IK-04-00850,centrum przetwarzania banku małopolskie-centralny-22-05-00850,IK04,finance,centrum przetwarzania banku,12,1222005,K2,0,0,0,0,0,0,0.0,0.0,marginalny
IK-04-00851,centrum przetwarzania banku opolskie-zachodni-09-03-00851,IK04,finance,centrum przetwarzania banku,16,1609003,K2,0,0,0,0,0,0,0.0,0.0,marginalny
IK-04-00852,centrum przetwarzania banku warmińsko-mazurskie-północny-12-02-00852,IK04,finance,centrum przetwarzania banku,28,2812002,K2,0,0,0,0,0,0,0.0,0.0,marginalny
IK-04-00853,centrum przetwarzania banku dolnośląskie-północny-24-03-00853,IK04,finance,centrum przetwarzania banku,02,0224003,K3,0,0,0,0,0,0,0.0,0.0,marginalny
IK-04-00854,centrum przetwarzania banku opolskie-północny-06-05-00854,IK04,finance,centrum przetwarzania banku,16,1606005,K2,0,0,0,0,0,0,0.0,0.0,marginalny
IK-04-00855,centrum przetwarzania banku dolnośląskie-północny-18-05-00855,IK04,finance,centrum przetwarzania banku,02,0218005,K2,0,0,0,0,0,0,0.0,0.0,marginalny
IK-04-00856,centrum przetwarzania banku dolnośląskie-zachodni-09-03-00856,IK04,finance,centrum przetwarzania banku,02,0209003,K1,0,0,0,0,0,0,0.0,0.0,marginalny
IK-04-00857,centrum przetwarzania banku wielkopolskie-wschodni-14-01-00857,IK04,finance,centrum przetwarzania banku,30,3014001,K2,0,0,0,0,0,0,0.0,0.0,marginalny
IK-04-00858,centrum przetwarzania banku warmińsko-mazurskie-północny-06-04-00858,IK04,finance,centrum przetwarzania banku,28,2806004,K2,0,0,0,0,0,0,0.0,0.0,marginalny
IK-04-00859,centrum przetwarzania banku podlaskie-południowy-01-02-00859,IK04,finance,centrum przetwarzania banku,20,2001002,K3,0,0,0,0,0,0,0.0,0.0,marginalny
IK-04-00860,centrum przetwarzania banku dolnośląskie-wschodni-20-01-00860,IK04,finance,centrum przetwarzania banku,02,0220001,K2,0,0,0,0,0,0,0.0,0.0,marginalny
IK-04-00861,centrum przetwarzania banku śląskie-południowy-13-02-00861,IK04,finance,centrum przetwarzania banku,24,2413002,K2,0,0,0,0,0,0,0.0,0.0,marginalny
IK-04-00862,centrum przetwarzania banku opolskie-centralny-10-06-00862,IK04,finance,centrum przetwarzania banku,16,1610006,K1,0,0,0,0,0,0,0.0,0.0,marginalny
IK-04-00863,centrum przetwarzania banku zachodniopomorskie-zachodni-21-02-00863,IK04,finance,centrum przetwarzania banku,32,3221002,K2,0,0,0,0,0,0,0.0,0.0,marginalny
IK-04-00864,centrum przetwarzania banku podlaskie-południowy-01-02-00864,IK04,finance,centrum przetwarzania banku,20,2001002,K2,0,0,0,0,0,0,0.0,0.0,marginalny
IK-04-00833,centrum rozliczeniowe opolskie-wschodni-02-06-00833,IK04,finance,centrum rozliczeniowe,16,1602006,K2,0,0,0,0,0,0,0.0,0.0,marginalny
IK-04-00834,centrum rozliczeniowe zachodniopomorskie-północny-12-05-00834,IK04,finance,centrum rozliczeniowe,32,3212005,K1,0,0,0,0,0,0,0.0,0.0,marginalny
IK-04-00835,centrum rozliczeniowe dolnośląskie-miejski-29-02-00835,IK04,finance,centrum rozliczeniowe,02,0229002,K2,0,0,0,0,0,0,0.0,0.0,marginalny
IK-04-00836,centrum rozliczeniowe lubelskie-centralny-04-06-00836,IK04,finance,centrum rozliczeniowe,06,0604006,K1,0,0,0,0,0,0,0.0,0.0,marginalny
IK-04-00837,centrum rozliczeniowe dolnośląskie-miejski-23-05-00837,IK04,finance,centrum rozliczeniowe,02,0223005,K2,0,0,0,0,0,0,0.0,0.0,marginalny
IK-04-00838,centrum rozliczeniowe dolnośląskie-centralny-04-01-00838,IK04,finance,centrum rozliczeniowe,02,0204001,K2,0,0,0,0,0,0,0.0,0.0,marginalny
IK-04-00839,centrum rozliczeniowe świętokrzyskie-południowy-07-04-00839,IK04,finance,centrum rozliczeniowe,26,2607004,K1,0,0,0,0,0,0,0.0,0.0,marginalny
IK-04-00840,centrum rozliczeniowe dolnośląskie-centralny-10-01-00840,IK04,finance,centrum rozliczeniowe,02,0210001,K1,0,0,0,0,0,0,0.0,0.0,marginalny
IK-04-00841,centrum rozliczeniowe podlaskie-centralny-10-03-00841,IK04,finance,centrum rozliczeniowe,20,2010003,K1,0,0,0,0,0,0,0.0,0.0,marginalny
IK-04-00842,centrum rozliczeniowe dolnośląskie-miejski-05-05-00842,IK04,finance,centrum rozliczeniowe,02,0205005,K1,0,0,0,0,0,0,0.0,0.0,marginalny
IK-04-00843,centrum rozliczeniowe dolnośląskie-wschodni-20-02-00843,IK04,finance,centrum rozliczeniowe,02,0220002,K2,0,0,0,0,0,0,0.0,0.0,marginalny
IK-04-00844,centrum rozliczeniowe dolnośląskie-wschodni-02-01-00844,IK04,finance,centrum rozliczeniowe,02,0202001,K3,0,0,0,0,0,0,0.0,0.0,marginalny
IK-04-00845,centrum rozliczeniowe dolnośląskie-południowy-25-02-00845,IK04,finance,centrum rozliczeniowe,02,0225002,K2,0,0,0,0,0,0,0.0,0.0,marginalny
IK-04-00846,centrum rozliczeniowe opolskie-północny-06-07-00846,IK04,finance,centrum rozliczeniowe,16,1606007,K1,0,0,0,0,0,0,0.0,0.0,marginalny
IK-04-00847,centrum rozliczeniowe dolnośląskie-północny-18-01-00847,IK04,finance,centrum rozliczeniowe,02,0218001,K1,0,0,0,0,0,0,0.0,0.0,marginalny
IK-04-00848,centrum rozliczeniowe podkarpackie-miejski-23-03-00848,IK04,finance,centrum rozliczeniowe,18,1823003,K1,0,0,0,0,0,0,0.0,0.0,marginalny
IK-02-00680,węzeł agregacyjny/RAN hub lubuskie-zachodni-09-06-00680,IK02,telecom,węzeł agregacyjny/RAN hub,08,0809006,K2,0,0,0,0,0,0,0.0,0.0,marginalny
IK-03-00681,centrum przetwarzania danych zachodniopomorskie-miejski-11-02-00681,IK03,ict,centrum przetwarzania danych,32,3211002,K1,0,0,0,0,0,0,0.0,0.0,marginalny
IK-03-00682,centrum przetwarzania danych opolskie-miejski-11-06-00682,IK03,ict,centrum przetwarzania danych,16,1611006,K1,0,0,0,0,0,0,0.0,0.0,marginalny
IK-03-00688,centrum przetwarzania danych dolnośląskie-centralny-22-07-00688,IK03,ict,centrum przetwarzania danych,02,0222007,K1,0,0,0,0,0,0,0.0,0.0,marginalny
IK-03-00817,system rejestrów państwowych śląskie-wschodni-14-06-00817,IK03,ict,system rejestrów państwowych,24,2414006,K1,0,0,0,0,0,0,0.0,0.0,marginalny
IK-03-00818,system rejestrów państwowych opolskie-zachodni-09-02-00818,IK03,ict,system rejestrów państwowych,16,1609002,K2,0,0,0,0,0,0,0.0,0.0,marginalny
IK-03-00821,system rejestrów państwowych małopolskie-południowy-13-03-00821,IK03,ict,system rejestrów państwowych,12,1213003,K1,0,0,0,0,0,0,0.0,0.0,marginalny
IK-03-00822,system rejestrów państwowych dolnośląskie-północny-24-01-00822,IK03,ict,system rejestrów państwowych,02,0224001,K1,0,0,0,0,0,0,0.0,0.0,marginalny
IK-03-00823,system rejestrów państwowych lubelskie-zachodni-03-07-00823,IK03,ict,system rejestrów państwowych,06,0603007,K2,0,0,0,0,0,0,0.0,0.0,marginalny
IK-03-00824,system rejestrów państwowych dolnośląskie-południowy-13-04-00824,IK03,ict,system rejestrów państwowych,02,0213004,K2,0,0,0,0,0,0,0.0,0.0,marginalny
IK-03-00825,system rejestrów państwowych pomorskie-południowy-07-05-00825,IK03,ict,system rejestrów państwowych,22,2207005,K1,0,0,0,0,0,0,0.0,0.0,marginalny
IK-03-00826,system rejestrów państwowych podkarpackie-południowy-25-05-00826,IK03,ict,system rejestrów państwowych,18,1825005,K1,0,0,0,0,0,0,0.0,0.0,marginalny
IK-03-00827,system rejestrów państwowych podkarpackie-północny-18-06-00827,IK03,ict,system rejestrów państwowych,18,1818006,K1,0,0,0,0,0,0,0.0,0.0,marginalny
IK-03-00828,system rejestrów państwowych wielkopolskie-północny-18-04-00828,IK03,ict,system rejestrów państwowych,30,3018004,K1,0,0,0,0,0,0,0.0,0.0,marginalny
IK-04-00831,centrum rozliczeniowe podkarpackie-zachodni-03-07-00831,IK04,finance,centrum rozliczeniowe,18,1803007,K1,0,0,0,0,0,0,0.0,0.0,marginalny
IK-04-00832,centrum rozliczeniowe małopolskie-zachodni-15-04-00832,IK04,finance,centrum rozliczeniowe,12,1215004,K1,0,0,0,0,0,0,0.0,0.0,marginalny
IK-03-00800,system rejestrów państwowych dolnośląskie-wschodni-14-07-00800,IK03,ict,system rejestrów państwowych,02,0214007,K1,0,0,0,0,0,0,0.0,0.0,marginalny
IK-03-00802,system rejestrów państwowych dolnośląskie-północny-30-04-00802,IK03,ict,system rejestrów państwowych,02,0230004,K2,0,0,0,0,0,0,0.0,0.0,marginalny
IK-03-00803,system rejestrów państwowych małopolskie-centralny-16-03-00803,IK03,ict,system rejestrów państwowych,12,1216003,K1,0,0,0,0,0,0,0.0,0.0,marginalny
IK-03-00808,system rejestrów państwowych małopolskie-zachodni-03-02-00808,IK03,ict,system rejestrów państwowych,12,1203002,K1,0,0,0,0,0,0,0.0,0.0,marginalny
IK-03-00809,system rejestrów państwowych podkarpackie-wschodni-20-02-00809,IK03,ict,system rejestrów państwowych,18,1820002,K2,0,0,0,0,0,0,0.0,0.0,marginalny
IK-03-00810,system rejestrów państwowych dolnośląskie-miejski-17-04-00810,IK03,ict,system rejestrów państwowych,02,0217004,K1,0,0,0,0,0,0,0.0,0.0,marginalny
IK-03-00812,system rejestrów państwowych śląskie-północny-24-06-00812,IK03,ict,system rejestrów państwowych,24,2424006,K1,0,0,0,0,0,0,0.0,0.0,marginalny
IK-03-00813,system rejestrów państwowych śląskie-południowy-01-06-00813,IK03,ict,system rejestrów państwowych,24,2401006,K2,0,0,0,0,0,0,0.0,0.0,marginalny
IK-03-00816,system rejestrów państwowych dolnośląskie-miejski-29-04-00816,IK03,ict,system rejestrów państwowych,02,0229004,K2,0,0,0,0,0,0,0.0,0.0,marginalny
IK-02-00673,węzeł agregacyjny/RAN hub dolnośląskie-południowy-19-03-00673,IK02,telecom,węzeł agregacyjny/RAN hub,02,0219003,K2,0,0,0,0,0,0,0.0,0.0,marginalny
IK-02-00674,węzeł agregacyjny/RAN hub wielkopolskie-wschodni-08-01-00674,IK02,telecom,węzeł agregacyjny/RAN hub,30,3008001,K2,0,0,0,0,0,0,0.0,0.0,marginalny
IK-02-00675,węzeł agregacyjny/RAN hub lubelskie-południowy-19-06-00675,IK02,telecom,węzeł agregacyjny/RAN hub,06,0619006,K3,0,0,0,0,0,0,0.0,0.0,marginalny
IK-02-00676,węzeł agregacyjny/RAN hub podkarpackie-zachodni-09-01-00676,IK02,telecom,węzeł agregacyjny/RAN hub,18,1809001,K2,0,0,0,0,0,0,0.0,0.0,marginalny
IK-02-00677,węzeł agregacyjny/RAN hub małopolskie-północny-06-06-00677,IK02,telecom,węzeł agregacyjny/RAN hub,12,1206006,K3,0,0,0,0,0,0,0.0,0.0,marginalny
IK-02-00678,węzeł agregacyjny/RAN hub lubuskie-południowy-13-01-00678,IK02,telecom,węzeł agregacyjny/RAN hub,08,0813001,K3,0,0,0,0,0,0,0.0,0.0,marginalny
IK-02-00679,węzeł agregacyjny/RAN hub opolskie-wschodni-08-05-00679,IK02,telecom,węzeł agregacyjny/RAN hub,16,1608005,K3,0,0,0,0,0,0,0.0,0.0,marginalny
IK-03-00692,centrum przetwarzania danych dolnośląskie-centralny-16-01-00692,IK03,ict,centrum przetwarzania danych,02,0216001,K1,0,0,0,0,0,0,0.0,0.0,marginalny
IK-03-00693,centrum przetwarzania danych dolnośląskie-północny-30-01-00693,IK03,ict,centrum przetwarzania danych,02,0230001,K1,0,0,0,0,0,0,0.0,0.0,marginalny
IK-03-00694,centrum przetwarzania danych podkarpackie-południowy-07-01-00694,IK03,ict,centrum przetwarzania danych,18,1807001,K1,0,0,0,0,0,0,0.0,0.0,marginalny
IK-03-00695,centrum przetwarzania danych dolnośląskie-miejski-17-05-00695,IK03,ict,centrum przetwarzania danych,02,0217005,K1,0,0,0,0,0,0,0.0,0.0,marginalny
IK-03-00696,centrum przetwarzania danych opolskie-miejski-05-02-00696,IK03,ict,centrum przetwarzania danych,16,1605002,K1,0,0,0,0,0,0,0.0,0.0,marginalny
IK-03-00698,centrum przetwarzania danych opolskie-południowy-01-03-00698,IK03,ict,centrum przetwarzania danych,16,1601003,K1,0,0,0,0,0,0,0.0,0.0,marginalny
IK-03-00700,centrum przetwarzania danych dolnośląskie-północny-06-04-00700,IK03,ict,centrum przetwarzania danych,02,0206004,K1,0,0,0,0,0,0,0.0,0.0,marginalny
IK-03-00701,centrum przetwarzania danych małopolskie-północny-18-03-00701,IK03,ict,centrum przetwarzania danych,12,1218003,K1,0,0,0,0,0,0,0.0,0.0,marginalny
IK-03-00786,system rejestrów państwowych świętokrzyskie-południowy-13-03-00786,IK03,ict,system rejestrów państwowych,26,2613003,K2,0,0,0,0,0,0,0.0,0.0,marginalny
IK-03-00787,system rejestrów państwowych pomorskie-wschodni-08-05-00787,IK03,ict,system rejestrów państwowych,22,2208005,K1,0,0,0,0,0,0,0.0,0.0,marginalny
IK-03-00788,system rejestrów państwowych dolnośląskie-południowy-07-06-00788,IK03,ict,system rejestrów państwowych,02,0207006,K1,0,0,0,0,0,0,0.0,0.0,marginalny
IK-03-00789,system rejestrów państwowych opolskie-miejski-05-03-00789,IK03,ict,system rejestrów państwowych,16,1605003,K1,0,0,0,0,0,0,0.0,0.0,marginalny
IK-03-00790,system rejestrów państwowych dolnośląskie-północny-18-02-00790,IK03,ict,system rejestrów państwowych,02,0218002,K1,0,0,0,0,0,0,0.0,0.0,marginalny
IK-03-00792,system rejestrów państwowych warmińsko-mazurskie-miejski-05-03-00792,IK03,ict,system rejestrów państwowych,28,2805003,K2,0,0,0,0,0,0,0.0,0.0,marginalny
IK-03-00794,system rejestrów państwowych śląskie-północny-18-01-00794,IK03,ict,system rejestrów państwowych,24,2418001,K1,0,0,0,0,0,0,0.0,0.0,marginalny
IK-03-00799,system rejestrów państwowych opolskie-miejski-11-02-00799,IK03,ict,system rejestrów państwowych,16,1611002,K2,0,0,0,0,0,0,0.0,0.0,marginalny
IK-03-00723,centrum przetwarzania danych podkarpackie-południowy-13-01-00723,IK03,ict,centrum przetwarzania danych,18,1813001,K1,0,0,0,0,0,0,0.0,0.0,marginalny
IK-11-02089,zakład zwiększonego ryzyka (ZZR) dolnośląskie-miejski-05-04-02089,IK11,chemical,zakład zwiększonego ryzyka (ZZR),02,0205004,K3,0,0,0,0,0,0,0.0,0.0,marginalny
IK-11-02058,zakład dużego ryzyka (ZDR) podlaskie-miejski-11-05-02058,IK11,chemical,zakład dużego ryzyka (ZDR),20,2011005,K2,0,0,0,0,0,0,0.0,0.0,marginalny
IK-11-02086,zakład zwiększonego ryzyka (ZZR) opolskie-północny-06-04-02086,IK11,chemical,zakład zwiększonego ryzyka (ZZR),16,1606004,K2,0,0,0,0,0,0,0.0,0.0,marginalny
IK-11-02074,zakład dużego ryzyka (ZDR) podlaskie-centralny-16-03-02074,IK11,chemical,zakład dużego ryzyka (ZDR),20,2016003,K2,0,0,0,0,0,0,0.0,0.0,marginalny
IK-11-02091,zakład zwiększonego ryzyka (ZZR) opolskie-miejski-11-04-02091,IK11,chemical,zakład zwiększonego ryzyka (ZZR),16,1611004,K2,0,0,0,0,0,0,0.0,0.0,marginalny
IK-03-00711,centrum przetwarzania danych dolnośląskie-centralny-10-03-00711,IK03,ict,centrum przetwarzania danych,02,0210003,K1,0,0,0,0,0,0,0.0,0.0,marginalny
IK-03-00714,centrum przetwarzania danych świętokrzyskie-wschodni-14-06-00714,IK03,ict,centrum przetwarzania danych,26,2614006,K1,0,0,0,0,0,0,0.0,0.0,marginalny
IK-03-00715,centrum przetwarzania danych pomorskie-zachodni-09-05-00715,IK03,ict,centrum przetwarzania danych,22,2209005,K2,0,0,0,0,0,0,0.0,0.0,marginalny
IK-03-00716,centrum przetwarzania danych lubuskie-zachodni-03-06-00716,IK03,ict,centrum przetwarzania danych,08,0803006,K2,0,0,0,0,0,0,0.0,0.0,marginalny
IK-03-00717,centrum przetwarzania danych dolnośląskie-północny-24-06-00717,IK03,ict,centrum przetwarzania danych,02,0224006,K1,0,0,0,0,0,0,0.0,0.0,marginalny
IK-03-00718,centrum przetwarzania danych dolnośląskie-centralny-10-04-00718,IK03,ict,centrum przetwarzania danych,02,0210004,K1,0,0,0,0,0,0,0.0,0.0,marginalny
IK-03-00720,centrum przetwarzania danych podkarpackie-centralny-16-06-00720,IK03,ict,centrum przetwarzania danych,18,1816006,K1,0,0,0,0,0,0,0.0,0.0,marginalny
IK-03-00770,węzeł sieci rządowej zachodniopomorskie-centralny-16-05-00770,IK03,ict,węzeł sieci rządowej,32,3216005,K2,0,0,0,0,0,0,0.0,0.0,marginalny
IK-03-00771,węzeł sieci rządowej opolskie-miejski-05-03-00771,IK03,ict,węzeł sieci rządowej,16,1605003,K1,0,0,0,0,0,0,0.0,0.0,marginalny
IK-03-00772,węzeł sieci rządowej mazowieckie-miejski-17-06-00772,IK03,ict,węzeł sieci rządowej,14,1417006,K1,0,0,0,0,0,0,0.0,0.0,marginalny
IK-03-00774,węzeł sieci rządowej łódzkie-centralny-04-07-00774,IK03,ict,węzeł sieci rządowej,10,1004007,K2,0,0,0,0,0,0,0.0,0.0,marginalny
IK-03-00776,węzeł sieci rządowej kujawsko-pomorskie-północny-18-05-00776,IK03,ict,węzeł sieci rządowej,04,0418005,K1,0,0,0,0,0,0,0.0,0.0,marginalny
IK-03-00777,węzeł sieci rządowej pomorskie-miejski-11-04-00777,IK03,ict,węzeł sieci rządowej,22,2211004,K1,0,0,0,0,0,0,0.0,0.0,marginalny
IK-03-00780,węzeł sieci rządowej kujawsko-pomorskie-wschodni-20-02-00780,IK03,ict,węzeł sieci rządowej,04,0420002,K2,0,0,0,0,0,0,0.0,0.0,marginalny
IK-03-00782,system rejestrów państwowych śląskie-miejski-17-05-00782,IK03,ict,system rejestrów państwowych,24,2417005,K1,0,0,0,0,0,0,0.0,0.0,marginalny
IK-03-00784,system rejestrów państwowych opolskie-północny-06-06-00784,IK03,ict,system rejestrów państwowych,16,1606006,K1,0,0,0,0,0,0,0.0,0.0,marginalny
IK-11-02106,obiekt jądrowy/składowisko odpadów prom. wielkopolskie-północny-30-03-02106,IK11,chemical,obiekt jądrowy/składowisko odpadów prom.,30,3030003,K1,0,0,0,0,0,0,0.0,0.0,marginalny
IK-11-02085,zakład zwiększonego ryzyka (ZZR) dolnośląskie-wschodni-02-01-02085,IK11,chemical,zakład zwiększonego ryzyka (ZZR),02,0202001,K3,0,0,0,0,0,0,0.0,0.0,marginalny
IK-11-02087,zakład zwiększonego ryzyka (ZZR) lubuskie-wschodni-14-03-02087,IK11,chemical,zakład zwiększonego ryzyka (ZZR),08,0814003,K3,0,0,0,0,0,0,0.0,0.0,marginalny
IK-11-02088,zakład zwiększonego ryzyka (ZZR) śląskie-północny-12-01-02088,IK11,chemical,zakład zwiększonego ryzyka (ZZR),24,2412001,K3,0,0,0,0,0,0,0.0,0.0,marginalny
IK-11-02075,zakład dużego ryzyka (ZDR) opolskie-południowy-07-03-02075,IK11,chemical,zakład dużego ryzyka (ZDR),16,1607003,K2,0,0,0,0,0,0,0.0,0.0,marginalny
IK-11-02076,zakład dużego ryzyka (ZDR) podkarpackie-centralny-22-04-02076,IK11,chemical,zakład dużego ryzyka (ZDR),18,1822004,K1,0,0,0,0,0,0,0.0,0.0,marginalny
IK-11-02077,zakład zwiększonego ryzyka (ZZR) świętokrzyskie-centralny-10-04-02077,IK11,chemical,zakład zwiększonego ryzyka (ZZR),26,2610004,K3,0,0,0,0,0,0,0.0,0.0,marginalny
IK-11-02078,zakład zwiększonego ryzyka (ZZR) wielkopolskie-północny-30-05-02078,IK11,chemical,zakład zwiększonego ryzyka (ZZR),30,3030005,K3,0,0,0,0,0,0,0.0,0.0,marginalny
IK-11-02095,zakład zwiększonego ryzyka (ZZR) świętokrzyskie-północny-12-01-02095,IK11,chemical,zakład zwiększonego ryzyka (ZZR),26,2612001,K2,0,0,0,0,0,0,0.0,0.0,marginalny
IK-03-00733,węzeł sieci rządowej lubelskie-miejski-23-02-00733,IK03,ict,węzeł sieci rządowej,06,0623002,K2,0,0,0,0,0,0,0.0,0.0,marginalny
IK-03-00734,węzeł sieci rządowej świętokrzyskie-zachodni-09-04-00734,IK03,ict,węzeł sieci rządowej,26,2609004,K1,0,0,0,0,0,0,0.0,0.0,marginalny
IK-03-00735,węzeł sieci rządowej dolnośląskie-zachodni-27-01-00735,IK03,ict,węzeł sieci rządowej,02,0227001,K1,0,0,0,0,0,0,0.0,0.0,marginalny
IK-03-00736,węzeł sieci rządowej małopolskie-południowy-19-01-00736,IK03,ict,węzeł sieci rządowej,12,1219001,K2,0,0,0,0,0,0,0.0,0.0,marginalny
IK-03-00753,węzeł sieci rządowej podlaskie-wschodni-08-02-00753,IK03,ict,węzeł sieci rządowej,20,2008002,K1,0,0,0,0,0,0,0.0,0.0,marginalny
IK-03-00754,węzeł sieci rządowej dolnośląskie-północny-30-03-00754,IK03,ict,węzeł sieci rządowej,02,0230003,K2,0,0,0,0,0,0,0.0,0.0,marginalny
IK-03-00756,węzeł sieci rządowej zachodniopomorskie-miejski-17-03-00756,IK03,ict,węzeł sieci rządowej,32,3217003,K1,0,0,0,0,0,0,0.0,0.0,marginalny
IK-03-00759,węzeł sieci rządowej dolnośląskie-północny-18-05-00759,IK03,ict,węzeł sieci rządowej,02,0218005,K2,0,0,0,0,0,0,0.0,0.0,marginalny
IK-03-00761,węzeł sieci rządowej opolskie-miejski-05-02-00761,IK03,ict,węzeł sieci rządowej,16,1605002,K1,0,0,0,0,0,0,0.0,0.0,marginalny
IK-03-00762,węzeł sieci rządowej dolnośląskie-centralny-16-01-00762,IK03,ict,węzeł sieci rządowej,02,0216001,K2,0,0,0,0,0,0,0.0,0.0,marginalny
IK-03-00763,węzeł sieci rządowej dolnośląskie-wschodni-26-05-00763,IK03,ict,węzeł sieci rządowej,02,0226005,K1,0,0,0,0,0,0,0.0,0.0,marginalny
IK-03-00766,węzeł sieci rządowej pomorskie-wschodni-02-04-00766,IK03,ict,węzeł sieci rządowej,22,2202004,K1,0,0,0,0,0,0,0.0,0.0,marginalny
IK-03-00767,węzeł sieci rządowej zachodniopomorskie-południowy-07-05-00767,IK03,ict,węzeł sieci rządowej,32,3207005,K1,0,0,0,0,0,0,0.0,0.0,marginalny
IK-03-00705,centrum przetwarzania danych warmińsko-mazurskie-wschodni-08-06-00705,IK03,ict,centrum przetwarzania danych,28,2808006,K1,0,0,0,0,0,0,0.0,0.0,marginalny
IK-03-00707,centrum przetwarzania danych świętokrzyskie-wschodni-08-03-00707,IK03,ict,centrum przetwarzania danych,26,2608003,K1,0,0,0,0,0,0,0.0,0.0,marginalny
IK-03-00708,centrum przetwarzania danych opolskie-wschodni-08-06-00708,IK03,ict,centrum przetwarzania danych,16,1608006,K1,0,0,0,0,0,0,0.0,0.0,marginalny
IK-11-02096,zakład zwiększonego ryzyka (ZZR) dolnośląskie-centralny-04-06-02096,IK11,chemical,zakład zwiększonego ryzyka (ZZR),02,0204006,K3,0,0,0,0,0,0,0.0,0.0,marginalny
IK-03-00739,węzeł sieci rządowej opolskie-północny-12-02-00739,IK03,ict,węzeł sieci rządowej,16,1612002,K1,0,0,0,0,0,0,0.0,0.0,marginalny
IK-03-00740,węzeł sieci rządowej dolnośląskie-południowy-25-05-00740,IK03,ict,węzeł sieci rządowej,02,0225005,K1,0,0,0,0,0,0,0.0,0.0,marginalny
IK-03-00742,węzeł sieci rządowej dolnośląskie-północny-06-06-00742,IK03,ict,węzeł sieci rządowej,02,0206006,K2,0,0,0,0,0,0,0.0,0.0,marginalny
IK-03-00747,węzeł sieci rządowej śląskie-zachodni-15-05-00747,IK03,ict,węzeł sieci rządowej,24,2415005,K1,0,0,0,0,0,0,0.0,0.0,marginalny
IK-03-00748,węzeł sieci rządowej opolskie-północny-12-01-00748,IK03,ict,węzeł sieci rządowej,16,1612001,K1,0,0,0,0,0,0,0.0,0.0,marginalny
IK-03-00722,centrum przetwarzania danych małopolskie-wschodni-14-04-00722,IK03,ict,centrum przetwarzania danych,12,1214004,K1,0,0,0,0,0,0,0.0,0.0,marginalny
IK-11-02079,zakład zwiększonego ryzyka (ZZR) dolnośląskie-północny-30-05-02079,IK11,chemical,zakład zwiększonego ryzyka (ZZR),02,0230005,K3,0,0,0,0,0,0,0.0,0.0,marginalny
IK-11-02080,zakład zwiększonego ryzyka (ZZR) mazowieckie-miejski-23-01-02080,IK11,chemical,zakład zwiększonego ryzyka (ZZR),14,1423001,K3,0,0,0,0,0,0,0.0,0.0,marginalny
IK-11-02097,zakład zwiększonego ryzyka (ZZR) mazowieckie-zachodni-27-03-02097,IK11,chemical,zakład zwiększonego ryzyka (ZZR),14,1427003,K2,0,0,0,0,0,0,0.0,0.0,marginalny
IK-11-02098,zakład zwiększonego ryzyka (ZZR) lubuskie-zachodni-03-05-02098,IK11,chemical,zakład zwiększonego ryzyka (ZZR),08,0803005,K2,0,0,0,0,0,0,0.0,0.0,marginalny
IK-11-02099,obiekt jądrowy/składowisko odpadów prom. warmińsko-mazurskie-wschodni-02-05-02099,IK11,chemical,obiekt jądrowy/składowisko odpadów prom.,28,2802005,K1,0,0,0,0,0,0,0.0,0.0,marginalny
IK-11-02100,obiekt jądrowy/składowisko odpadów prom. dolnośląskie-zachodni-03-02-02100,IK11,chemical,obiekt jądrowy/składowisko odpadów prom.,02,0203002,K1,0,0,0,0,0,0,0.0,0.0,marginalny
IK-11-02101,obiekt jądrowy/składowisko odpadów prom. łódzkie-północny-18-03-02101,IK11,chemical,obiekt jądrowy/składowisko odpadów prom.,10,1018003,K1,0,0,0,0,0,0,0.0,0.0,marginalny
IK-11-02102,obiekt jądrowy/składowisko odpadów prom. wielkopolskie-centralny-04-02-02102,IK11,chemical,obiekt jądrowy/składowisko odpadów prom.,30,3004002,K1,0,0,0,0,0,0,0.0,0.0,marginalny
IK-11-02103,obiekt jądrowy/składowisko odpadów prom. świętokrzyskie-południowy-13-04-02103,IK11,chemical,obiekt jądrowy/składowisko odpadów prom.,26,2613004,K1,0,0,0,0,0,0,0.0,0.0,marginalny
IK-11-02104,obiekt jądrowy/składowisko odpadów prom. dolnośląskie-centralny-10-05-02104,IK11,chemical,obiekt jądrowy/składowisko odpadów prom.,02,0210005,K1,0,0,0,0,0,0,0.0,0.0,marginalny
IK-11-02105,obiekt jądrowy/składowisko odpadów prom. dolnośląskie-północny-24-02-02105,IK11,chemical,obiekt jądrowy/składowisko odpadów prom.,02,0224002,K1,0,0,0,0,0,0,0.0,0.0,marginalny
IK-11-02090,zakład zwiększonego ryzyka (ZZR) lubuskie-zachodni-09-02-02090,IK11,chemical,zakład zwiększonego ryzyka (ZZR),08,0809002,K3,0,0,0,0,0,0,0.0,0.0,marginalny
IK-03-00727,węzeł sieci rządowej dolnośląskie-południowy-19-05-00727,IK03,ict,węzeł sieci rządowej,02,0219005,K1,0,0,0,0,0,0,0.0,0.0,marginalny
IK-03-00728,węzeł sieci rządowej pomorskie-północny-18-01-00728,IK03,ict,węzeł sieci rządowej,22,2218001,K1,0,0,0,0,0,0,0.0,0.0,marginalny
IK-03-00730,węzeł sieci rządowej lubelskie-północny-06-03-00730,IK03,ict,węzeł sieci rządowej,06,0606003,K1,0,0,0,0,0,0,0.0,0.0,marginalny
IK-03-00732,węzeł sieci rządowej podkarpackie-zachodni-09-03-00732,IK03,ict,węzeł sieci rządowej,18,1809003,K2,0,0,0,0,0,0,0.0,0.0,marginalny
IK-11-02082,zakład zwiększonego ryzyka (ZZR) świętokrzyskie-zachodni-03-05-02082,IK11,chemical,zakład zwiększonego ryzyka (ZZR),26,2603005,K2,0,0,0,0,0,0,0.0,0.0,marginalny
IK-03-00724,centrum przetwarzania danych świętokrzyskie-zachodni-03-06-00724,IK03,ict,centrum przetwarzania danych,26,2603006,K1,0,0,0,0,0,0,0.0,0.0,marginalny
IK-03-00725,węzeł sieci rządowej opolskie-zachodni-09-02-00725,IK03,ict,węzeł sieci rządowej,16,1609002,K1,0,0,0,0,0,0,0.0,0.0,marginalny
IK-03-00726,węzeł sieci rządowej dolnośląskie-centralny-04-05-00726,IK03,ict,węzeł sieci rządowej,02,0204005,K1,0,0,0,0,0,0,0.0,0.0,marginalny
IK-08-01615,węzeł kolejowy podlaskie-miejski-11-04-01615,IK08,transport,węzeł kolejowy,20,2011004,K2,0,0,0,0,0,0,0.0,0.0,marginalny
IK-08-01616,węzeł kolejowy wielkopolskie-centralny-10-04-01616,IK08,transport,węzeł kolejowy,30,3010004,K1,0,0,0,0,0,0,0.0,0.0,marginalny
IK-08-01617,węzeł kolejowy dolnośląskie-północny-06-05-01617,IK08,transport,węzeł kolejowy,02,0206005,K2,0,0,0,0,0,0,0.0,0.0,marginalny
IK-08-01618,węzeł kolejowy podlaskie-wschodni-14-04-01618,IK08,transport,węzeł kolejowy,20,2014004,K2,0,0,0,0,0,0,0.0,0.0,marginalny
IK-08-01619,węzeł kolejowy opolskie-zachodni-09-05-01619,IK08,transport,węzeł kolejowy,16,1609005,K2,0,0,0,0,0,0,0.0,0.0,marginalny
IK-08-01620,węzeł kolejowy podlaskie-zachodni-09-06-01620,IK08,transport,węzeł kolejowy,20,2009006,K2,0,0,0,0,0,0,0.0,0.0,marginalny
IK-08-01621,węzeł kolejowy dolnośląskie-północny-18-07-01621,IK08,transport,węzeł kolejowy,02,0218007,K2,0,0,0,0,0,0,0.0,0.0,marginalny
IK-08-01622,węzeł kolejowy opolskie-południowy-01-04-01622,IK08,transport,węzeł kolejowy,16,1601004,K1,0,0,0,0,0,0,0.0,0.0,marginalny
IK-08-01623,węzeł kolejowy dolnośląskie-centralny-28-07-01623,IK08,transport,węzeł kolejowy,02,0228007,K1,0,0,0,0,0,0,0.0,0.0,marginalny
IK-08-01624,węzeł kolejowy opolskie-centralny-10-01-01624,IK08,transport,węzeł kolejowy,16,1610001,K2,0,0,0,0,0,0,0.0,0.0,marginalny
IK-08-01625,węzeł kolejowy opolskie-miejski-11-07-01625,IK08,transport,węzeł kolejowy,16,1611007,K2,0,0,0,0,0,0,0.0,0.0,marginalny
IK-08-01626,węzeł kolejowy opolskie-południowy-07-05-01626,IK08,transport,węzeł kolejowy,16,1607005,K1,0,0,0,0,0,0,0.0,0.0,marginalny
IK-08-01627,węzeł kolejowy zachodniopomorskie-południowy-13-01-01627,IK08,transport,węzeł kolejowy,32,3213001,K2,0,0,0,0,0,0,0.0,0.0,marginalny
IK-08-01628,węzeł kolejowy podkarpackie-wschodni-20-02-01628,IK08,transport,węzeł kolejowy,18,1820002,K1,0,0,0,0,0,0,0.0,0.0,marginalny
IK-08-01629,węzeł kolejowy opolskie-zachodni-03-02-01629,IK08,transport,węzeł kolejowy,16,1603002,K3,0,0,0,0,0,0,0.0,0.0,marginalny
IK-08-01630,węzeł kolejowy dolnośląskie-centralny-10-04-01630,IK08,transport,węzeł kolejowy,02,0210004,K3,0,0,0,0,0,0,0.0,0.0,marginalny
IK-08-01631,węzeł kolejowy kujawsko-pomorskie-północny-06-03-01631,IK08,transport,węzeł kolejowy,04,0406003,K2,0,0,0,0,0,0,0.0,0.0,marginalny
IK-08-01632,węzeł kolejowy wielkopolskie-północny-30-04-01632,IK08,transport,węzeł kolejowy,30,3030004,K2,0,0,0,0,0,0,0.0,0.0,marginalny
IK-08-01633,węzeł kolejowy dolnośląskie-wschodni-14-01-01633,IK08,transport,węzeł kolejowy,02,0214001,K2,0,0,0,0,0,0,0.0,0.0,marginalny
IK-08-01634,węzeł kolejowy kujawsko-pomorskie-centralny-10-07-01634,IK08,transport,węzeł kolejowy,04,0410007,K2,0,0,0,0,0,0,0.0,0.0,marginalny
IK-08-01635,węzeł kolejowy warmińsko-mazurskie-wschodni-14-04-01635,IK08,transport,węzeł kolejowy,28,2814004,K2,0,0,0,0,0,0,0.0,0.0,marginalny
IK-08-01636,węzeł kolejowy kujawsko-pomorskie-miejski-11-05-01636,IK08,transport,węzeł kolejowy,04,0411005,K2,0,0,0,0,0,0,0.0,0.0,marginalny
IK-08-01637,węzeł kolejowy lubelskie-południowy-19-06-01637,IK08,transport,węzeł kolejowy,06,0619006,K1,0,0,0,0,0,0,0.0,0.0,marginalny
IK-08-01638,węzeł kolejowy małopolskie-centralny-04-04-01638,IK08,transport,węzeł kolejowy,12,1204004,K2,0,0,0,0,0,0,0.0,0.0,marginalny
IK-08-01639,węzeł kolejowy małopolskie-wschodni-20-07-01639,IK08,transport,węzeł kolejowy,12,1220007,K2,0,0,0,0,0,0,0.0,0.0,marginalny
IK-08-01640,węzeł kolejowy opolskie-północny-06-06-01640,IK08,transport,węzeł kolejowy,16,1606006,K2,0,0,0,0,0,0,0.0,0.0,marginalny
IK-08-01641,węzeł kolejowy opolskie-północny-06-04-01641,IK08,transport,węzeł kolejowy,16,1606004,K1,0,0,0,0,0,0,0.0,0.0,marginalny
IK-08-01642,węzeł kolejowy śląskie-miejski-05-01-01642,IK08,transport,węzeł kolejowy,24,2405001,K2,0,0,0,0,0,0,0.0,0.0,marginalny
IK-08-01643,węzeł kolejowy opolskie-miejski-11-05-01643,IK08,transport,węzeł kolejowy,16,1611005,K1,0,0,0,0,0,0,0.0,0.0,marginalny
IK-08-01644,węzeł kolejowy łódzkie-południowy-01-04-01644,IK08,transport,węzeł kolejowy,10,1001004,K1,0,0,0,0,0,0,0.0,0.0,marginalny
IK-08-01645,węzeł kolejowy podlaskie-wschodni-08-06-01645,IK08,transport,węzeł kolejowy,20,2008006,K2,0,0,0,0,0,0,0.0,0.0,marginalny
IK-08-01646,węzeł kolejowy warmińsko-mazurskie-wschodni-08-02-01646,IK08,transport,węzeł kolejowy,28,2808002,K2,0,0,0,0,0,0,0.0,0.0,marginalny
IK-08-01647,węzeł kolejowy lubuskie-centralny-04-07-01647,IK08,transport,węzeł kolejowy,08,0804007,K1,0,0,0,0,0,0,0.0,0.0,marginalny
IK-08-01648,węzeł kolejowy opolskie-centralny-04-04-01648,IK08,transport,węzeł kolejowy,16,1604004,K2,0,0,0,0,0,0,0.0,0.0,marginalny
IK-08-01649,węzeł kolejowy lubuskie-wschodni-08-05-01649,IK08,transport,węzeł kolejowy,08,0808005,K2,0,0,0,0,0,0,0.0,0.0,marginalny
IK-08-01650,węzeł kolejowy opolskie-wschodni-02-03-01650,IK08,transport,węzeł kolejowy,16,1602003,K2,0,0,0,0,0,0,0.0,0.0,marginalny
IK-08-01651,węzeł kolejowy łódzkie-południowy-01-05-01651,IK08,transport,węzeł kolejowy,10,1001005,K2,0,0,0,0,0,0,0.0,0.0,marginalny
IK-08-01652,węzeł kolejowy opolskie-południowy-07-03-01652,IK08,transport,węzeł kolejowy,16,1607003,K2,0,0,0,0,0,0,0.0,0.0,marginalny
IK-08-01653,węzeł kolejowy śląskie-północny-06-06-01653,IK08,transport,węzeł kolejowy,24,2406006,K2,0,0,0,0,0,0,0.0,0.0,marginalny
IK-08-01654,węzeł kolejowy pomorskie-centralny-04-05-01654,IK08,transport,węzeł kolejowy,22,2204005,K1,0,0,0,0,0,0,0.0,0.0,marginalny
IK-08-01655,węzeł kolejowy podlaskie-południowy-01-04-01655,IK08,transport,węzeł kolejowy,20,2001004,K1,0,0,0,0,0,0,0.0,0.0,marginalny
IK-08-01656,węzeł kolejowy opolskie-zachodni-03-02-01656,IK08,transport,węzeł kolejowy,16,1603002,K3,0,0,0,0,0,0,0.0,0.0,marginalny
IK-08-01657,węzeł kolejowy opolskie-zachodni-03-03-01657,IK08,transport,węzeł kolejowy,16,1603003,K1,0,0,0,0,0,0,0.0,0.0,marginalny
IK-08-01658,węzeł kolejowy łódzkie-zachodni-09-03-01658,IK08,transport,węzeł kolejowy,10,1009003,K2,0,0,0,0,0,0,0.0,0.0,marginalny
IK-08-01659,węzeł kolejowy łódzkie-wschodni-08-05-01659,IK08,transport,węzeł kolejowy,10,1008005,K2,0,0,0,0,0,0,0.0,0.0,marginalny
IK-08-01660,węzeł kolejowy lubelskie-centralny-16-04-01660,IK08,transport,węzeł kolejowy,06,0616004,K2,0,0,0,0,0,0,0.0,0.0,marginalny
IK-08-01661,węzeł kolejowy dolnośląskie-centralny-28-07-01661,IK08,transport,węzeł kolejowy,02,0228007,K1,0,0,0,0,0,0,0.0,0.0,marginalny
IK-08-01662,węzeł kolejowy lubelskie-południowy-01-05-01662,IK08,transport,węzeł kolejowy,06,0601005,K1,0,0,0,0,0,0,0.0,0.0,marginalny
IK-08-01663,węzeł kolejowy warmińsko-mazurskie-południowy-01-06-01663,IK08,transport,węzeł kolejowy,28,2801006,K1,0,0,0,0,0,0,0.0,0.0,marginalny
IK-08-01664,węzeł kolejowy lubuskie-południowy-01-05-01664,IK08,transport,węzeł kolejowy,08,0801005,K1,0,0,0,0,0,0,0.0,0.0,marginalny
IK-08-01665,węzeł kolejowy dolnośląskie-południowy-19-06-01665,IK08,transport,węzeł kolejowy,02,0219006,K1,0,0,0,0,0,0,0.0,0.0,marginalny
IK-08-01666,węzeł kolejowy kujawsko-pomorskie-północny-18-02-01666,IK08,transport,węzeł kolejowy,04,0418002,K2,0,0,0,0,0,0,0.0,0.0,marginalny
IK-08-01667,węzeł kolejowy podkarpackie-wschodni-02-05-01667,IK08,transport,węzeł kolejowy,18,1802005,K2,0,0,0,0,0,0,0.0,0.0,marginalny
IK-08-01668,węzeł kolejowy podlaskie-zachodni-15-02-01668,IK08,transport,węzeł kolejowy,20,2015002,K1,0,0,0,0,0,0,0.0,0.0,marginalny
IK-08-01669,węzeł kolejowy lubuskie-zachodni-03-02-01669,IK08,transport,węzeł kolejowy,08,0803002,K2,0,0,0,0,0,0,0.0,0.0,marginalny
IK-08-01670,węzeł kolejowy mazowieckie-zachodni-15-05-01670,IK08,transport,węzeł kolejowy,14,1415005,K2,0,0,0,0,0,0,0.0,0.0,marginalny
IK-08-01671,most/przeprawa krytyczna dolnośląskie-południowy-25-04-01671,IK08,transport,most/przeprawa krytyczna,02,0225004,K2,0,0,0,0,0,0,0.0,0.0,marginalny
IK-08-01672,most/przeprawa krytyczna dolnośląskie-centralny-04-03-01672,IK08,transport,most/przeprawa krytyczna,02,0204003,K2,0,0,0,0,0,0,0.0,0.0,marginalny
IK-08-01673,most/przeprawa krytyczna dolnośląskie-centralny-28-03-01673,IK08,transport,most/przeprawa krytyczna,02,0228003,K2,0,0,0,0,0,0,0.0,0.0,marginalny
IK-08-01674,most/przeprawa krytyczna dolnośląskie-centralny-22-02-01674,IK08,transport,most/przeprawa krytyczna,02,0222002,K3,0,0,0,0,0,0,0.0,0.0,marginalny
IK-08-01675,most/przeprawa krytyczna śląskie-południowy-07-06-01675,IK08,transport,most/przeprawa krytyczna,24,2407006,K2,0,0,0,0,0,0,0.0,0.0,marginalny
IK-08-01676,most/przeprawa krytyczna opolskie-centralny-10-02-01676,IK08,transport,most/przeprawa krytyczna,16,1610002,K3,0,0,0,0,0,0,0.0,0.0,marginalny
IK-08-01677,most/przeprawa krytyczna lubelskie-centralny-04-05-01677,IK08,transport,most/przeprawa krytyczna,06,0604005,K1,0,0,0,0,0,0,0.0,0.0,marginalny
IK-08-01678,most/przeprawa krytyczna dolnośląskie-wschodni-20-03-01678,IK08,transport,most/przeprawa krytyczna,02,0220003,K2,0,0,0,0,0,0,0.0,0.0,marginalny
IK-08-01679,most/przeprawa krytyczna mazowieckie-zachodni-21-05-01679,IK08,transport,most/przeprawa krytyczna,14,1421005,K2,0,0,0,0,0,0,0.0,0.0,marginalny
IK-08-01680,most/przeprawa krytyczna dolnośląskie-centralny-28-05-01680,IK08,transport,most/przeprawa krytyczna,02,0228005,K2,0,0,0,0,0,0,0.0,0.0,marginalny
IK-08-01681,most/przeprawa krytyczna dolnośląskie-zachodni-27-04-01681,IK08,transport,most/przeprawa krytyczna,02,0227004,K3,0,0,0,0,0,0,0.0,0.0,marginalny
IK-08-01682,most/przeprawa krytyczna dolnośląskie-wschodni-08-06-01682,IK08,transport,most/przeprawa krytyczna,02,0208006,K1,0,0,0,0,0,0,0.0,0.0,marginalny
IK-08-01683,most/przeprawa krytyczna dolnośląskie-wschodni-26-07-01683,IK08,transport,most/przeprawa krytyczna,02,0226007,K3,0,0,0,0,0,0,0.0,0.0,marginalny
IK-08-01684,most/przeprawa krytyczna śląskie-północny-30-05-01684,IK08,transport,most/przeprawa krytyczna,24,2430005,K3,0,0,0,0,0,0,0.0,0.0,marginalny
IK-08-01685,most/przeprawa krytyczna małopolskie-miejski-17-01-01685,IK08,transport,most/przeprawa krytyczna,12,1217001,K2,0,0,0,0,0,0,0.0,0.0,marginalny
IK-08-01686,most/przeprawa krytyczna lubuskie-centralny-04-03-01686,IK08,transport,most/przeprawa krytyczna,08,0804003,K3,0,0,0,0,0,0,0.0,0.0,marginalny
IK-08-01687,most/przeprawa krytyczna dolnośląskie-wschodni-14-07-01687,IK08,transport,most/przeprawa krytyczna,02,0214007,K2,0,0,0,0,0,0,0.0,0.0,marginalny
IK-08-01688,most/przeprawa krytyczna mazowieckie-wschodni-38-05-01688,IK08,transport,most/przeprawa krytyczna,14,1438005,K2,0,0,0,0,0,0,0.0,0.0,marginalny
IK-08-01689,most/przeprawa krytyczna warmińsko-mazurskie-zachodni-03-03-01689,IK08,transport,most/przeprawa krytyczna,28,2803003,K3,0,0,0,0,0,0,0.0,0.0,marginalny
IK-08-01690,most/przeprawa krytyczna lubuskie-zachodni-09-04-01690,IK08,transport,most/przeprawa krytyczna,08,0809004,K3,0,0,0,0,0,0,0.0,0.0,marginalny
IK-08-01691,most/przeprawa krytyczna łódzkie-południowy-19-01-01691,IK08,transport,most/przeprawa krytyczna,10,1019001,K2,0,0,0,0,0,0,0.0,0.0,marginalny
IK-08-01692,most/przeprawa krytyczna podlaskie-północny-12-06-01692,IK08,transport,most/przeprawa krytyczna,20,2012006,K2,0,0,0,0,0,0,0.0,0.0,marginalny
IK-08-01693,most/przeprawa krytyczna kujawsko-pomorskie-centralny-04-01-01693,IK08,transport,most/przeprawa krytyczna,04,0404001,K2,0,0,0,0,0,0,0.0,0.0,marginalny
IK-08-01694,most/przeprawa krytyczna dolnośląskie-południowy-19-01-01694,IK08,transport,most/przeprawa krytyczna,02,0219001,K3,0,0,0,0,0,0,0.0,0.0,marginalny
IK-08-01695,most/przeprawa krytyczna świętokrzyskie-południowy-07-01-01695,IK08,transport,most/przeprawa krytyczna,26,2607001,K2,0,0,0,0,0,0,0.0,0.0,marginalny
IK-08-01696,most/przeprawa krytyczna podlaskie-zachodni-15-04-01696,IK08,transport,most/przeprawa krytyczna,20,2015004,K2,0,0,0,0,0,0,0.0,0.0,marginalny
IK-08-01697,most/przeprawa krytyczna opolskie-miejski-11-01-01697,IK08,transport,most/przeprawa krytyczna,16,1611001,K2,0,0,0,0,0,0,0.0,0.0,marginalny
IK-08-01698,most/przeprawa krytyczna podlaskie-centralny-10-01-01698,IK08,transport,most/przeprawa krytyczna,20,2010001,K2,0,0,0,0,0,0,0.0,0.0,marginalny
IK-08-01699,most/przeprawa krytyczna lubelskie-północny-18-03-01699,IK08,transport,most/przeprawa krytyczna,06,0618003,K2,0,0,0,0,0,0,0.0,0.0,marginalny
IK-08-01700,most/przeprawa krytyczna dolnośląskie-wschodni-14-04-01700,IK08,transport,most/przeprawa krytyczna,02,0214004,K2,0,0,0,0,0,0,0.0,0.0,marginalny
IK-08-01701,most/przeprawa krytyczna dolnośląskie-południowy-25-05-01701,IK08,transport,most/przeprawa krytyczna,02,0225005,K2,0,0,0,0,0,0,0.0,0.0,marginalny
IK-08-01702,most/przeprawa krytyczna lubuskie-wschodni-08-02-01702,IK08,transport,most/przeprawa krytyczna,08,0808002,K1,0,0,0,0,0,0,0.0,0.0,marginalny
IK-08-01703,most/przeprawa krytyczna dolnośląskie-wschodni-20-01-01703,IK08,transport,most/przeprawa krytyczna,02,0220001,K2,0,0,0,0,0,0,0.0,0.0,marginalny
IK-08-01704,most/przeprawa krytyczna lubelskie-miejski-05-03-01704,IK08,transport,most/przeprawa krytyczna,06,0605003,K2,0,0,0,0,0,0,0.0,0.0,marginalny
IK-08-01705,most/przeprawa krytyczna świętokrzyskie-zachodni-09-04-01705,IK08,transport,most/przeprawa krytyczna,26,2609004,K2,0,0,0,0,0,0,0.0,0.0,marginalny
IK-08-01706,most/przeprawa krytyczna lubuskie-wschodni-14-04-01706,IK08,transport,most/przeprawa krytyczna,08,0814004,K1,0,0,0,0,0,0,0.0,0.0,marginalny
IK-08-01707,most/przeprawa krytyczna lubelskie-wschodni-14-03-01707,IK08,transport,most/przeprawa krytyczna,06,0614003,K2,0,0,0,0,0,0,0.0,0.0,marginalny
IK-08-01708,most/przeprawa krytyczna pomorskie-miejski-05-02-01708,IK08,transport,most/przeprawa krytyczna,22,2205002,K1,0,0,0,0,0,0,0.0,0.0,marginalny
IK-08-01709,most/przeprawa krytyczna świętokrzyskie-zachodni-03-04-01709,IK08,transport,most/przeprawa krytyczna,26,2603004,K3,0,0,0,0,0,0,0.0,0.0,marginalny
IK-08-01710,most/przeprawa krytyczna warmińsko-mazurskie-centralny-16-03-01710,IK08,transport,most/przeprawa krytyczna,28,2816003,K2,0,0,0,0,0,0,0.0,0.0,marginalny
IK-08-01711,most/przeprawa krytyczna podkarpackie-północny-24-05-01711,IK08,transport,most/przeprawa krytyczna,18,1824005,K2,0,0,0,0,0,0,0.0,0.0,marginalny
IK-08-01712,most/przeprawa krytyczna opolskie-miejski-05-07-01712,IK08,transport,most/przeprawa krytyczna,16,1605007,K2,0,0,0,0,0,0,0.0,0.0,marginalny
IK-08-01713,most/przeprawa krytyczna dolnośląskie-zachodni-15-05-01713,IK08,transport,most/przeprawa krytyczna,02,0215005,K3,0,0,0,0,0,0,0.0,0.0,marginalny
IK-08-01714,most/przeprawa krytyczna zachodniopomorskie-zachodni-15-02-01714,IK08,transport,most/przeprawa krytyczna,32,3215002,K2,0,0,0,0,0,0,0.0,0.0,marginalny
IK-08-01715,most/przeprawa krytyczna świętokrzyskie-miejski-11-03-01715,IK08,transport,most/przeprawa krytyczna,26,2611003,K2,0,0,0,0,0,0,0.0,0.0,marginalny
IK-08-01716,most/przeprawa krytyczna dolnośląskie-miejski-11-02-01716,IK08,transport,most/przeprawa krytyczna,02,0211002,K1,0,0,0,0,0,0,0.0,0.0,marginalny
IK-08-01717,most/przeprawa krytyczna wielkopolskie-miejski-05-04-01717,IK08,transport,most/przeprawa krytyczna,30,3005004,K3,0,0,0,0,0,0,0.0,0.0,marginalny
IK-08-01718,most/przeprawa krytyczna podkarpackie-wschodni-20-06-01718,IK08,transport,most/przeprawa krytyczna,18,1820006,K2,0,0,0,0,0,0,0.0,0.0,marginalny
IK-08-01719,most/przeprawa krytyczna opolskie-miejski-05-02-01719,IK08,transport,most/przeprawa krytyczna,16,1605002,K2,0,0,0,0,0,0,0.0,0.0,marginalny
IK-08-01720,most/przeprawa krytyczna łódzkie-wschodni-02-01-01720,IK08,transport,most/przeprawa krytyczna,10,1002001,K3,0,0,0,0,0,0,0.0,0.0,marginalny
IK-08-01721,most/przeprawa krytyczna dolnośląskie-zachodni-27-07-01721,IK08,transport,most/przeprawa krytyczna,02,0227007,K2,0,0,0,0,0,0,0.0,0.0,marginalny
IK-08-01722,most/przeprawa krytyczna lubelskie-południowy-19-02-01722,IK08,transport,most/przeprawa krytyczna,06,0619002,K2,0,0,0,0,0,0,0.0,0.0,marginalny
IK-08-01723,most/przeprawa krytyczna dolnośląskie-południowy-07-04-01723,IK08,transport,most/przeprawa krytyczna,02,0207004,K2,0,0,0,0,0,0,0.0,0.0,marginalny
IK-08-01724,most/przeprawa krytyczna pomorskie-centralny-04-02-01724,IK08,transport,most/przeprawa krytyczna,22,2204002,K3,0,0,0,0,0,0,0.0,0.0,marginalny
IK-08-01725,most/przeprawa krytyczna dolnośląskie-miejski-23-06-01725,IK08,transport,most/przeprawa krytyczna,02,0223006,K2,0,0,0,0,0,0,0.0,0.0,marginalny
IK-08-01726,most/przeprawa krytyczna dolnośląskie-centralny-04-04-01726,IK08,transport,most/przeprawa krytyczna,02,0204004,K2,0,0,0,0,0,0,0.0,0.0,marginalny
IK-08-01727,most/przeprawa krytyczna zachodniopomorskie-miejski-17-06-01727,IK08,transport,most/przeprawa krytyczna,32,3217006,K3,0,0,0,0,0,0,0.0,0.0,marginalny
IK-08-01728,most/przeprawa krytyczna dolnośląskie-wschodni-08-03-01728,IK08,transport,most/przeprawa krytyczna,02,0208003,K2,0,0,0,0,0,0,0.0,0.0,marginalny
IK-08-01729,most/przeprawa krytyczna opolskie-centralny-10-01-01729,IK08,transport,most/przeprawa krytyczna,16,1610001,K2,0,0,0,0,0,0,0.0,0.0,marginalny
IK-08-01730,most/przeprawa krytyczna podkarpackie-miejski-23-01-01730,IK08,transport,most/przeprawa krytyczna,18,1823001,K1,0,0,0,0,0,0,0.0,0.0,marginalny
IK-08-01731,most/przeprawa krytyczna dolnośląskie-centralny-28-07-01731,IK08,transport,most/przeprawa krytyczna,02,0228007,K1,0,0,0,0,0,0,0.0,0.0,marginalny
IK-08-01732,most/przeprawa krytyczna warmińsko-mazurskie-południowy-19-05-01732,IK08,transport,most/przeprawa krytyczna,28,2819005,K2,0,0,0,0,0,0,0.0,0.0,marginalny
IK-08-01733,most/przeprawa krytyczna świętokrzyskie-centralny-10-04-01733,IK08,transport,most/przeprawa krytyczna,26,2610004,K2,0,0,0,0,0,0,0.0,0.0,marginalny
IK-08-01734,most/przeprawa krytyczna świętokrzyskie-centralny-10-03-01734,IK08,transport,most/przeprawa krytyczna,26,2610003,K3,0,0,0,0,0,0,0.0,0.0,marginalny
IK-08-01735,most/przeprawa krytyczna kujawsko-pomorskie-wschodni-02-02-01735,IK08,transport,most/przeprawa krytyczna,04,0402002,K2,0,0,0,0,0,0,0.0,0.0,marginalny
IK-08-01736,most/przeprawa krytyczna podlaskie-centralny-16-01-01736,IK08,transport,most/przeprawa krytyczna,20,2016001,K2,0,0,0,0,0,0,0.0,0.0,marginalny
IK-08-01737,most/przeprawa krytyczna zachodniopomorskie-centralny-10-02-01737,IK08,transport,most/przeprawa krytyczna,32,3210002,K3,0,0,0,0,0,0,0.0,0.0,marginalny
IK-08-01738,most/przeprawa krytyczna podlaskie-centralny-16-02-01738,IK08,transport,most/przeprawa krytyczna,20,2016002,K2,0,0,0,0,0,0,0.0,0.0,marginalny
IK-08-01739,most/przeprawa krytyczna opolskie-zachodni-09-07-01739,IK08,transport,most/przeprawa krytyczna,16,1609007,K3,0,0,0,0,0,0,0.0,0.0,marginalny
IK-08-01740,most/przeprawa krytyczna zachodniopomorskie-zachodni-15-01-01740,IK08,transport,most/przeprawa krytyczna,32,3215001,K2,0,0,0,0,0,0,0.0,0.0,marginalny
IK-08-01741,most/przeprawa krytyczna zachodniopomorskie-miejski-11-01-01741,IK08,transport,most/przeprawa krytyczna,32,3211001,K2,0,0,0,0,0,0,0.0,0.0,marginalny
IK-08-01742,most/przeprawa krytyczna małopolskie-południowy-19-04-01742,IK08,transport,most/przeprawa krytyczna,12,1219004,K2,0,0,0,0,0,0,0.0,0.0,marginalny
IK-08-01743,most/przeprawa krytyczna dolnośląskie-zachodni-15-03-01743,IK08,transport,most/przeprawa krytyczna,02,0215003,K2,0,0,0,0,0,0,0.0,0.0,marginalny
IK-08-01744,most/przeprawa krytyczna zachodniopomorskie-południowy-13-04-01744,IK08,transport,most/przeprawa krytyczna,32,3213004,K2,0,0,0,0,0,0,0.0,0.0,marginalny
IK-08-01745,port lotniczy śląskie-zachodni-33-05-01745,IK08,transport,port lotniczy,24,2433005,K1,0,0,0,0,0,0,0.0,0.0,marginalny
IK-08-01746,port lotniczy pomorskie-wschodni-02-02-01746,IK08,transport,port lotniczy,22,2202002,K2,0,0,0,0,0,0,0.0,0.0,marginalny
IK-08-01747,port lotniczy dolnośląskie-centralny-22-05-01747,IK08,transport,port lotniczy,02,0222005,K1,0,0,0,0,0,0,0.0,0.0,marginalny
IK-08-01748,port lotniczy dolnośląskie-miejski-05-05-01748,IK08,transport,port lotniczy,02,0205005,K1,0,0,0,0,0,0,0.0,0.0,marginalny
IK-08-01749,port lotniczy dolnośląskie-południowy-13-06-01749,IK08,transport,port lotniczy,02,0213006,K2,0,0,0,0,0,0,0.0,0.0,marginalny
IK-08-01750,port lotniczy dolnośląskie-centralny-28-07-01750,IK08,transport,port lotniczy,02,0228007,K2,0,0,0,0,0,0,0.0,0.0,marginalny
IK-08-01751,port lotniczy pomorskie-zachodni-09-01-01751,IK08,transport,port lotniczy,22,2209001,K1,0,0,0,0,0,0,0.0,0.0,marginalny
IK-08-01752,port lotniczy opolskie-wschodni-08-06-01752,IK08,transport,port lotniczy,16,1608006,K2,0,0,0,0,0,0,0.0,0.0,marginalny
IK-08-01753,port lotniczy dolnośląskie-wschodni-14-01-01753,IK08,transport,port lotniczy,02,0214001,K1,0,0,0,0,0,0,0.0,0.0,marginalny
IK-08-01754,port lotniczy dolnośląskie-południowy-13-06-01754,IK08,transport,port lotniczy,02,0213006,K2,0,0,0,0,0,0,0.0,0.0,marginalny
IK-08-01755,port lotniczy dolnośląskie-południowy-25-02-01755,IK08,transport,port lotniczy,02,0225002,K1,0,0,0,0,0,0,0.0,0.0,marginalny
IK-08-01756,port lotniczy opolskie-miejski-05-03-01756,IK08,transport,port lotniczy,16,1605003,K2,0,0,0,0,0,0,0.0,0.0,marginalny
IK-08-01757,port lotniczy dolnośląskie-północny-12-03-01757,IK08,transport,port lotniczy,02,0212003,K2,0,0,0,0,0,0,0.0,0.0,marginalny
IK-08-01758,port lotniczy lubelskie-zachodni-03-03-01758,IK08,transport,port lotniczy,06,0603003,K2,0,0,0,0,0,0,0.0,0.0,marginalny
IK-08-01759,port lotniczy dolnośląskie-miejski-05-02-01759,IK08,transport,port lotniczy,02,0205002,K2,0,0,0,0,0,0,0.0,0.0,marginalny
IK-08-01760,port morski/rzeczny małopolskie-południowy-01-06-01760,IK08,transport,port morski/rzeczny,12,1201006,K2,0,0,0,0,0,0,0.0,0.0,marginalny
IK-08-01761,port morski/rzeczny pomorskie-południowy-01-05-01761,IK08,transport,port morski/rzeczny,22,2201005,K2,0,0,0,0,0,0,0.0,0.0,marginalny
IK-08-01762,port morski/rzeczny warmińsko-mazurskie-południowy-13-01-01762,IK08,transport,port morski/rzeczny,28,2813001,K2,0,0,0,0,0,0,0.0,0.0,marginalny
IK-08-01763,port morski/rzeczny dolnośląskie-centralny-16-03-01763,IK08,transport,port morski/rzeczny,02,0216003,K2,0,0,0,0,0,0,0.0,0.0,marginalny
IK-08-01764,port morski/rzeczny dolnośląskie-południowy-01-06-01764,IK08,transport,port morski/rzeczny,02,0201006,K3,0,0,0,0,0,0,0.0,0.0,marginalny
IK-08-01765,port morski/rzeczny zachodniopomorskie-południowy-13-04-01765,IK08,transport,port morski/rzeczny,32,3213004,K2,0,0,0,0,0,0,0.0,0.0,marginalny
IK-08-01766,port morski/rzeczny pomorskie-zachodni-09-01-01766,IK08,transport,port morski/rzeczny,22,2209001,K2,0,0,0,0,0,0,0.0,0.0,marginalny
IK-08-01767,port morski/rzeczny świętokrzyskie-południowy-07-06-01767,IK08,transport,port morski/rzeczny,26,2607006,K2,0,0,0,0,0,0,0.0,0.0,marginalny
IK-08-01768,port morski/rzeczny dolnośląskie-centralny-04-05-01768,IK08,transport,port morski/rzeczny,02,0204005,K1,0,0,0,0,0,0,0.0,0.0,marginalny
IK-08-01769,port morski/rzeczny lubuskie-południowy-13-05-01769,IK08,transport,port morski/rzeczny,08,0813005,K3,0,0,0,0,0,0,0.0,0.0,marginalny
IK-08-01770,port morski/rzeczny mazowieckie-południowy-25-05-01770,IK08,transport,port morski/rzeczny,14,1425005,K2,0,0,0,0,0,0,0.0,0.0,marginalny
IK-08-01771,port morski/rzeczny pomorskie-centralny-04-04-01771,IK08,transport,port morski/rzeczny,22,2204004,K2,0,0,0,0,0,0,0.0,0.0,marginalny
IK-08-01772,centrum sterowania ruchem podlaskie-wschodni-08-05-01772,IK08,transport,centrum sterowania ruchem,20,2008005,K2,0,0,0,0,0,0,0.0,0.0,marginalny
IK-08-01773,centrum sterowania ruchem mazowieckie-południowy-37-03-01773,IK08,transport,centrum sterowania ruchem,14,1437003,K3,0,0,0,0,0,0,0.0,0.0,marginalny
IK-08-01774,centrum sterowania ruchem lubelskie-wschodni-20-05-01774,IK08,transport,centrum sterowania ruchem,06,0620005,K3,0,0,0,0,0,0,0.0,0.0,marginalny
IK-08-01775,centrum sterowania ruchem opolskie-północny-06-02-01775,IK08,transport,centrum sterowania ruchem,16,1606002,K3,0,0,0,0,0,0,0.0,0.0,marginalny
IK-08-01776,centrum sterowania ruchem dolnośląskie-wschodni-02-06-01776,IK08,transport,centrum sterowania ruchem,02,0202006,K3,0,0,0,0,0,0,0.0,0.0,marginalny
IK-08-01777,centrum sterowania ruchem świętokrzyskie-miejski-05-05-01777,IK08,transport,centrum sterowania ruchem,26,2605005,K1,0,0,0,0,0,0,0.0,0.0,marginalny
IK-08-01778,centrum sterowania ruchem lubelskie-centralny-22-02-01778,IK08,transport,centrum sterowania ruchem,06,0622002,K3,0,0,0,0,0,0,0.0,0.0,marginalny
IK-08-01779,centrum sterowania ruchem pomorskie-północny-06-05-01779,IK08,transport,centrum sterowania ruchem,22,2206005,K1,0,0,0,0,0,0,0.0,0.0,marginalny
IK-08-01780,centrum sterowania ruchem zachodniopomorskie-centralny-10-01-01780,IK08,transport,centrum sterowania ruchem,32,3210001,K2,0,0,0,0,0,0,0.0,0.0,marginalny
IK-08-01781,centrum sterowania ruchem śląskie-centralny-34-06-01781,IK08,transport,centrum sterowania ruchem,24,2434006,K2,0,0,0,0,0,0,0.0,0.0,marginalny
IK-08-01782,centrum sterowania ruchem opolskie-północny-12-07-01782,IK08,transport,centrum sterowania ruchem,16,1612007,K2,0,0,0,0,0,0,0.0,0.0,marginalny
IK-08-01783,centrum sterowania ruchem podlaskie-centralny-10-02-01783,IK08,transport,centrum sterowania ruchem,20,2010002,K2,0,0,0,0,0,0,0.0,0.0,marginalny
IK-08-01784,centrum sterowania ruchem pomorskie-miejski-05-02-01784,IK08,transport,centrum sterowania ruchem,22,2205002,K3,0,0,0,0,0,0,0.0,0.0,marginalny
IK-08-01785,centrum sterowania ruchem dolnośląskie-zachodni-15-05-01785,IK08,transport,centrum sterowania ruchem,02,0215005,K2,0,0,0,0,0,0,0.0,0.0,marginalny
IK-08-01786,centrum sterowania ruchem wielkopolskie-miejski-29-04-01786,IK08,transport,centrum sterowania ruchem,30,3029004,K3,0,0,0,0,0,0,0.0,0.0,marginalny
IK-08-01787,centrum sterowania ruchem małopolskie-południowy-01-05-01787,IK08,transport,centrum sterowania ruchem,12,1201005,K3,0,0,0,0,0,0,0.0,0.0,marginalny
IK-08-01788,centrum sterowania ruchem małopolskie-centralny-22-01-01788,IK08,transport,centrum sterowania ruchem,12,1222001,K3,0,0,0,0,0,0,0.0,0.0,marginalny
IK-08-01789,centrum sterowania ruchem mazowieckie-miejski-35-02-01789,IK08,transport,centrum sterowania ruchem,14,1435002,K2,0,0,0,0,0,0,0.0,0.0,marginalny
IK-08-01790,centrum sterowania ruchem dolnośląskie-północny-24-03-01790,IK08,transport,centrum sterowania ruchem,02,0224003,K3,0,0,0,0,0,0,0.0,0.0,marginalny
IK-08-01791,centrum sterowania ruchem dolnośląskie-północny-30-05-01791,IK08,transport,centrum sterowania ruchem,02,0230005,K3,0,0,0,0,0,0,0.0,0.0,marginalny
IK-08-01792,centrum sterowania ruchem warmińsko-mazurskie-wschodni-20-06-01792,IK08,transport,centrum sterowania ruchem,28,2820006,K2,0,0,0,0,0,0,0.0,0.0,marginalny
IK-08-01793,centrum sterowania ruchem dolnośląskie-zachodni-27-05-01793,IK08,transport,centrum sterowania ruchem,02,0227005,K3,0,0,0,0,0,0,0.0,0.0,marginalny
IK-08-01794,centrum sterowania ruchem kujawsko-pomorskie-wschodni-20-01-01794,IK08,transport,centrum sterowania ruchem,04,0420001,K2,0,0,0,0,0,0,0.0,0.0,marginalny
IK-08-01795,centrum sterowania ruchem dolnośląskie-wschodni-14-03-01795,IK08,transport,centrum sterowania ruchem,02,0214003,K2,0,0,0,0,0,0,0.0,0.0,marginalny
IK-08-01796,centrum sterowania ruchem opolskie-zachodni-03-05-01796,IK08,transport,centrum sterowania ruchem,16,1603005,K3,0,0,0,0,0,0,0.0,0.0,marginalny
IK-08-01797,centrum sterowania ruchem dolnośląskie-północny-06-04-01797,IK08,transport,centrum sterowania ruchem,02,0206004,K2,0,0,0,0,0,0,0.0,0.0,marginalny
IK-08-01798,centrum sterowania ruchem podlaskie-centralny-10-02-01798,IK08,transport,centrum sterowania ruchem,20,2010002,K2,0,0,0,0,0,0,0.0,0.0,marginalny
IK-08-01799,centrum sterowania ruchem pomorskie-południowy-19-03-01799,IK08,transport,centrum sterowania ruchem,22,2219003,K2,0,0,0,0,0,0,0.0,0.0,marginalny
IK-08-01800,centrum sterowania ruchem mazowieckie-południowy-31-02-01800,IK08,transport,centrum sterowania ruchem,14,1431002,K2,0,0,0,0,0,0,0.0,0.0,marginalny
IK-08-01801,centrum sterowania ruchem opolskie-północny-06-02-01801,IK08,transport,centrum sterowania ruchem,16,1606002,K3,0,0,0,0,0,0,0.0,0.0,marginalny
IK-08-01802,centrum sterowania ruchem małopolskie-centralny-10-03-01802,IK08,transport,centrum sterowania ruchem,12,1210003,K2,0,0,0,0,0,0,0.0,0.0,marginalny
IK-08-01803,centrum sterowania ruchem opolskie-wschodni-08-03-01803,IK08,transport,centrum sterowania ruchem,16,1608003,K3,0,0,0,0,0,0,0.0,0.0,marginalny
IK-08-01804,centrum sterowania ruchem lubuskie-zachodni-03-06-01804,IK08,transport,centrum sterowania ruchem,08,0803006,K2,0,0,0,0,0,0,0.0,0.0,marginalny
IK-08-01805,centrum sterowania ruchem dolnośląskie-wschodni-02-01-01805,IK08,transport,centrum sterowania ruchem,02,0202001,K3,0,0,0,0,0,0,0.0,0.0,marginalny
IK-08-01806,centrum sterowania ruchem opolskie-północny-06-05-01806,IK08,transport,centrum sterowania ruchem,16,1606005,K3,0,0,0,0,0,0,0.0,0.0,marginalny
IK-08-01807,centrum sterowania ruchem zachodniopomorskie-północny-12-06-01807,IK08,transport,centrum sterowania ruchem,32,3212006,K2,0,0,0,0,0,0,0.0,0.0,marginalny
IK-08-01808,centrum sterowania ruchem opolskie-wschodni-08-06-01808,IK08,transport,centrum sterowania ruchem,16,1608006,K3,0,0,0,0,0,0,0.0,0.0,marginalny
IK-08-01809,centrum sterowania ruchem kujawsko-pomorskie-wschodni-08-03-01809,IK08,transport,centrum sterowania ruchem,04,0408003,K3,0,0,0,0,0,0,0.0,0.0,marginalny
IK-08-01810,centrum sterowania ruchem podkarpackie-miejski-05-07-01810,IK08,transport,centrum sterowania ruchem,18,1805007,K2,0,0,0,0,0,0,0.0,0.0,marginalny
IK-08-01811,centrum sterowania ruchem dolnośląskie-centralny-10-04-01811,IK08,transport,centrum sterowania ruchem,02,0210004,K2,0,0,0,0,0,0,0.0,0.0,marginalny
IK-08-01812,centrum sterowania ruchem małopolskie-wschodni-02-04-01812,IK08,transport,centrum sterowania ruchem,12,1202004,K2,0,0,0,0,0,0,0.0,0.0,marginalny
IK-08-01813,centrum sterowania ruchem zachodniopomorskie-miejski-17-05-01813,IK08,transport,centrum sterowania ruchem,32,3217005,K2,0,0,0,0,0,0,0.0,0.0,marginalny
IK-08-01814,centrum sterowania ruchem opolskie-wschodni-02-01-01814,IK08,transport,centrum sterowania ruchem,16,1602001,K2,0,0,0,0,0,0,0.0,0.0,marginalny
IK-08-01815,centrum sterowania ruchem dolnośląskie-północny-12-04-01815,IK08,transport,centrum sterowania ruchem,02,0212004,K3,0,0,0,0,0,0,0.0,0.0,marginalny
IK-08-01816,centrum sterowania ruchem podlaskie-wschodni-02-03-01816,IK08,transport,centrum sterowania ruchem,20,2002003,K3,0,0,0,0,0,0,0.0,0.0,marginalny
IK-09-01817,jednostka ratowniczo-gaśnicza PSP dolnośląskie-wschodni-14-03-01817,IK09,rescue,jednostka ratowniczo-gaśnicza PSP,02,0214003,K2,0,0,0,0,0,0,0.0,0.0,marginalny
IK-09-01818,jednostka ratowniczo-gaśnicza PSP świętokrzyskie-zachodni-03-06-01818,IK09,rescue,jednostka ratowniczo-gaśnicza PSP,26,2603006,K1,0,0,0,0,0,0,0.0,0.0,marginalny
IK-09-01819,jednostka ratowniczo-gaśnicza PSP lubuskie-miejski-11-04-01819,IK09,rescue,jednostka ratowniczo-gaśnicza PSP,08,0811004,K2,0,0,0,0,0,0,0.0,0.0,marginalny
IK-09-01820,jednostka ratowniczo-gaśnicza PSP podkarpackie-zachodni-21-02-01820,IK09,rescue,jednostka ratowniczo-gaśnicza PSP,18,1821002,K2,0,0,0,0,0,0,0.0,0.0,marginalny
IK-09-01821,jednostka ratowniczo-gaśnicza PSP opolskie-miejski-11-07-01821,IK09,rescue,jednostka ratowniczo-gaśnicza PSP,16,1611007,K3,0,0,0,0,0,0,0.0,0.0,marginalny
IK-09-01822,jednostka ratowniczo-gaśnicza PSP dolnośląskie-miejski-29-02-01822,IK09,rescue,jednostka ratowniczo-gaśnicza PSP,02,0229002,K2,0,0,0,0,0,0,0.0,0.0,marginalny
IK-09-01823,jednostka ratowniczo-gaśnicza PSP dolnośląskie-południowy-13-01-01823,IK09,rescue,jednostka ratowniczo-gaśnicza PSP,02,0213001,K2,0,0,0,0,0,0,0.0,0.0,marginalny
IK-09-01824,jednostka ratowniczo-gaśnicza PSP opolskie-wschodni-08-06-01824,IK09,rescue,jednostka ratowniczo-gaśnicza PSP,16,1608006,K1,0,0,0,0,0,0,0.0,0.0,marginalny
IK-09-01825,jednostka ratowniczo-gaśnicza PSP dolnośląskie-północny-06-02-01825,IK09,rescue,jednostka ratowniczo-gaśnicza PSP,02,0206002,K2,0,0,0,0,0,0,0.0,0.0,marginalny
IK-09-01826,jednostka ratowniczo-gaśnicza PSP małopolskie-wschodni-08-06-01826,IK09,rescue,jednostka ratowniczo-gaśnicza PSP,12,1208006,K2,0,0,0,0,0,0,0.0,0.0,marginalny
IK-09-01827,jednostka ratowniczo-gaśnicza PSP wielkopolskie-północny-18-03-01827,IK09,rescue,jednostka ratowniczo-gaśnicza PSP,30,3018003,K1,0,0,0,0,0,0,0.0,0.0,marginalny
IK-09-01828,jednostka ratowniczo-gaśnicza PSP dolnośląskie-centralny-22-04-01828,IK09,rescue,jednostka ratowniczo-gaśnicza PSP,02,0222004,K2,0,0,0,0,0,0,0.0,0.0,marginalny
IK-09-01829,jednostka ratowniczo-gaśnicza PSP opolskie-zachodni-09-07-01829,IK09,rescue,jednostka ratowniczo-gaśnicza PSP,16,1609007,K2,0,0,0,0,0,0,0.0,0.0,marginalny
IK-09-01830,jednostka ratowniczo-gaśnicza PSP opolskie-zachodni-03-01-01830,IK09,rescue,jednostka ratowniczo-gaśnicza PSP,16,1603001,K2,0,0,0,0,0,0,0.0,0.0,marginalny
IK-09-01831,jednostka ratowniczo-gaśnicza PSP warmińsko-mazurskie-miejski-11-01-01831,IK09,rescue,jednostka ratowniczo-gaśnicza PSP,28,2811001,K2,0,0,0,0,0,0,0.0,0.0,marginalny
IK-09-01832,jednostka ratowniczo-gaśnicza PSP podkarpackie-północny-06-03-01832,IK09,rescue,jednostka ratowniczo-gaśnicza PSP,18,1806003,K2,0,0,0,0,0,0,0.0,0.0,marginalny
IK-09-01833,jednostka ratowniczo-gaśnicza PSP zachodniopomorskie-centralny-16-02-01833,IK09,rescue,jednostka ratowniczo-gaśnicza PSP,32,3216002,K2,0,0,0,0,0,0,0.0,0.0,marginalny
IK-09-01834,jednostka ratowniczo-gaśnicza PSP dolnośląskie-północny-12-02-01834,IK09,rescue,jednostka ratowniczo-gaśnicza PSP,02,0212002,K3,0,0,0,0,0,0,0.0,0.0,marginalny
IK-09-01835,jednostka ratowniczo-gaśnicza PSP kujawsko-pomorskie-wschodni-02-07-01835,IK09,rescue,jednostka ratowniczo-gaśnicza PSP,04,0402007,K2,0,0,0,0,0,0,0.0,0.0,marginalny
IK-09-01836,jednostka ratowniczo-gaśnicza PSP podkarpackie-miejski-23-04-01836,IK09,rescue,jednostka ratowniczo-gaśnicza PSP,18,1823004,K2,0,0,0,0,0,0,0.0,0.0,marginalny
IK-09-01837,jednostka ratowniczo-gaśnicza PSP podlaskie-wschodni-14-04-01837,IK09,rescue,jednostka ratowniczo-gaśnicza PSP,20,2014004,K2,0,0,0,0,0,0,0.0,0.0,marginalny
IK-09-01838,jednostka ratowniczo-gaśnicza PSP dolnośląskie-północny-30-05-01838,IK09,rescue,jednostka ratowniczo-gaśnicza PSP,02,0230005,K2,0,0,0,0,0,0,0.0,0.0,marginalny
IK-09-01839,jednostka ratowniczo-gaśnicza PSP opolskie-zachodni-09-01-01839,IK09,rescue,jednostka ratowniczo-gaśnicza PSP,16,1609001,K2,0,0,0,0,0,0,0.0,0.0,marginalny
IK-09-01840,jednostka ratowniczo-gaśnicza PSP dolnośląskie-zachodni-15-03-01840,IK09,rescue,jednostka ratowniczo-gaśnicza PSP,02,0215003,K2,0,0,0,0,0,0,0.0,0.0,marginalny
IK-09-01841,jednostka ratowniczo-gaśnicza PSP podlaskie-wschodni-02-06-01841,IK09,rescue,jednostka ratowniczo-gaśnicza PSP,20,2002006,K2,0,0,0,0,0,0,0.0,0.0,marginalny
IK-09-01842,jednostka ratowniczo-gaśnicza PSP dolnośląskie-miejski-11-07-01842,IK09,rescue,jednostka ratowniczo-gaśnicza PSP,02,0211007,K2,0,0,0,0,0,0,0.0,0.0,marginalny
IK-09-01843,jednostka ratowniczo-gaśnicza PSP dolnośląskie-północny-06-07-01843,IK09,rescue,jednostka ratowniczo-gaśnicza PSP,02,0206007,K2,0,0,0,0,0,0,0.0,0.0,marginalny
IK-09-01844,jednostka ratowniczo-gaśnicza PSP pomorskie-południowy-19-05-01844,IK09,rescue,jednostka ratowniczo-gaśnicza PSP,22,2219005,K1,0,0,0,0,0,0,0.0,0.0,marginalny
IK-09-01845,jednostka ratowniczo-gaśnicza PSP kujawsko-pomorskie-miejski-11-01-01845,IK09,rescue,jednostka ratowniczo-gaśnicza PSP,04,0411001,K3,0,0,0,0,0,0,0.0,0.0,marginalny
IK-09-01846,jednostka ratowniczo-gaśnicza PSP zachodniopomorskie-miejski-11-01-01846,IK09,rescue,jednostka ratowniczo-gaśnicza PSP,32,3211001,K1,0,0,0,0,0,0,0.0,0.0,marginalny
IK-09-01847,jednostka ratowniczo-gaśnicza PSP opolskie-południowy-07-01-01847,IK09,rescue,jednostka ratowniczo-gaśnicza PSP,16,1607001,K1,0,0,0,0,0,0,0.0,0.0,marginalny
IK-09-01848,jednostka ratowniczo-gaśnicza PSP lubuskie-zachodni-03-07-01848,IK09,rescue,jednostka ratowniczo-gaśnicza PSP,08,0803007,K2,0,0,0,0,0,0,0.0,0.0,marginalny
IK-09-01849,jednostka ratowniczo-gaśnicza PSP lubelskie-południowy-13-07-01849,IK09,rescue,jednostka ratowniczo-gaśnicza PSP,06,0613007,K3,0,0,0,0,0,0,0.0,0.0,marginalny
IK-09-01850,jednostka ratowniczo-gaśnicza PSP pomorskie-centralny-10-05-01850,IK09,rescue,jednostka ratowniczo-gaśnicza PSP,22,2210005,K2,0,0,0,0,0,0,0.0,0.0,marginalny
IK-09-01851,jednostka ratowniczo-gaśnicza PSP kujawsko-pomorskie-południowy-07-06-01851,IK09,rescue,jednostka ratowniczo-gaśnicza PSP,04,0407006,K2,0,0,0,0,0,0,0.0,0.0,marginalny
IK-09-01852,jednostka ratowniczo-gaśnicza PSP łódzkie-południowy-01-01-01852,IK09,rescue,jednostka ratowniczo-gaśnicza PSP,10,1001001,K3,0,0,0,0,0,0,0.0,0.0,marginalny
IK-09-01853,jednostka ratowniczo-gaśnicza PSP dolnośląskie-wschodni-08-03-01853,IK09,rescue,jednostka ratowniczo-gaśnicza PSP,02,0208003,K1,0,0,0,0,0,0,0.0,0.0,marginalny
IK-09-01854,jednostka ratowniczo-gaśnicza PSP pomorskie-południowy-13-02-01854,IK09,rescue,jednostka ratowniczo-gaśnicza PSP,22,2213002,K2,0,0,0,0,0,0,0.0,0.0,marginalny
IK-09-01855,jednostka ratowniczo-gaśnicza PSP lubuskie-zachodni-03-07-01855,IK09,rescue,jednostka ratowniczo-gaśnicza PSP,08,0803007,K1,0,0,0,0,0,0,0.0,0.0,marginalny
IK-09-01856,jednostka ratowniczo-gaśnicza PSP łódzkie-centralny-22-06-01856,IK09,rescue,jednostka ratowniczo-gaśnicza PSP,10,1022006,K2,0,0,0,0,0,0,0.0,0.0,marginalny
IK-09-01857,jednostka ratowniczo-gaśnicza PSP pomorskie-centralny-10-04-01857,IK09,rescue,jednostka ratowniczo-gaśnicza PSP,22,2210004,K2,0,0,0,0,0,0,0.0,0.0,marginalny
IK-09-01858,jednostka ratowniczo-gaśnicza PSP łódzkie-centralny-10-04-01858,IK09,rescue,jednostka ratowniczo-gaśnicza PSP,10,1010004,K2,0,0,0,0,0,0,0.0,0.0,marginalny
IK-09-01859,jednostka ratowniczo-gaśnicza PSP pomorskie-północny-18-01-01859,IK09,rescue,jednostka ratowniczo-gaśnicza PSP,22,2218001,K2,0,0,0,0,0,0,0.0,0.0,marginalny
IK-09-01860,jednostka ratowniczo-gaśnicza PSP dolnośląskie-wschodni-08-02-01860,IK09,rescue,jednostka ratowniczo-gaśnicza PSP,02,0208002,K3,0,0,0,0,0,0,0.0,0.0,marginalny
IK-09-01861,jednostka ratowniczo-gaśnicza PSP warmińsko-mazurskie-wschodni-08-06-01861,IK09,rescue,jednostka ratowniczo-gaśnicza PSP,28,2808006,K2,0,0,0,0,0,0,0.0,0.0,marginalny
IK-09-01862,jednostka ratowniczo-gaśnicza PSP dolnośląskie-zachodni-15-03-01862,IK09,rescue,jednostka ratowniczo-gaśnicza PSP,02,0215003,K2,0,0,0,0,0,0,0.0,0.0,marginalny
IK-09-01863,jednostka ratowniczo-gaśnicza PSP opolskie-południowy-01-03-01863,IK09,rescue,jednostka ratowniczo-gaśnicza PSP,16,1601003,K3,0,0,0,0,0,0,0.0,0.0,marginalny
IK-09-01864,jednostka ratowniczo-gaśnicza PSP opolskie-wschodni-02-05-01864,IK09,rescue,jednostka ratowniczo-gaśnicza PSP,16,1602005,K2,0,0,0,0,0,0,0.0,0.0,marginalny
IK-09-01865,jednostka ratowniczo-gaśnicza PSP mazowieckie-wschodni-20-02-01865,IK09,rescue,jednostka ratowniczo-gaśnicza PSP,14,1420002,K3,0,0,0,0,0,0,0.0,0.0,marginalny
IK-09-01866,jednostka ratowniczo-gaśnicza PSP dolnośląskie-wschodni-02-06-01866,IK09,rescue,jednostka ratowniczo-gaśnicza PSP,02,0202006,K2,0,0,0,0,0,0,0.0,0.0,marginalny
IK-09-01867,jednostka ratowniczo-gaśnicza PSP warmińsko-mazurskie-południowy-13-05-01867,IK09,rescue,jednostka ratowniczo-gaśnicza PSP,28,2813005,K2,0,0,0,0,0,0,0.0,0.0,marginalny
IK-09-01868,jednostka ratowniczo-gaśnicza PSP łódzkie-centralny-04-02-01868,IK09,rescue,jednostka ratowniczo-gaśnicza PSP,10,1004002,K2,0,0,0,0,0,0,0.0,0.0,marginalny
IK-09-01869,jednostka ratowniczo-gaśnicza PSP małopolskie-zachodni-21-06-01869,IK09,rescue,jednostka ratowniczo-gaśnicza PSP,12,1221006,K2,0,0,0,0,0,0,0.0,0.0,marginalny
IK-09-01870,jednostka ratowniczo-gaśnicza PSP dolnośląskie-zachodni-27-02-01870,IK09,rescue,jednostka ratowniczo-gaśnicza PSP,02,0227002,K3,0,0,0,0,0,0,0.0,0.0,marginalny
IK-09-01871,jednostka ratowniczo-gaśnicza PSP wielkopolskie-miejski-29-05-01871,IK09,rescue,jednostka ratowniczo-gaśnicza PSP,30,3029005,K3,0,0,0,0,0,0,0.0,0.0,marginalny
IK-09-01872,jednostka ratowniczo-gaśnicza PSP opolskie-zachodni-03-02-01872,IK09,rescue,jednostka ratowniczo-gaśnicza PSP,16,1603002,K2,0,0,0,0,0,0,0.0,0.0,marginalny
IK-09-01873,jednostka ratowniczo-gaśnicza PSP mazowieckie-wschodni-14-07-01873,IK09,rescue,jednostka ratowniczo-gaśnicza PSP,14,1414007,K2,0,0,0,0,0,0,0.0,0.0,marginalny
IK-09-01874,jednostka ratowniczo-gaśnicza PSP podlaskie-centralny-16-06-01874,IK09,rescue,jednostka ratowniczo-gaśnicza PSP,20,2016006,K3,0,0,0,0,0,0,0.0,0.0,marginalny
IK-09-01875,jednostka ratowniczo-gaśnicza PSP świętokrzyskie-zachodni-03-05-01875,IK09,rescue,jednostka ratowniczo-gaśnicza PSP,26,2603005,K3,0,0,0,0,0,0,0.0,0.0,marginalny
IK-09-01876,jednostka ratowniczo-gaśnicza PSP mazowieckie-centralny-16-06-01876,IK09,rescue,jednostka ratowniczo-gaśnicza PSP,14,1416006,K2,0,0,0,0,0,0,0.0,0.0,marginalny
IK-09-01877,jednostka ratowniczo-gaśnicza PSP dolnośląskie-zachodni-27-05-01877,IK09,rescue,jednostka ratowniczo-gaśnicza PSP,02,0227005,K3,0,0,0,0,0,0,0.0,0.0,marginalny
IK-09-01878,jednostka ratowniczo-gaśnicza PSP warmińsko-mazurskie-centralny-04-06-01878,IK09,rescue,jednostka ratowniczo-gaśnicza PSP,28,2804006,K1,0,0,0,0,0,0,0.0,0.0,marginalny
IK-09-01879,jednostka ratowniczo-gaśnicza PSP dolnośląskie-miejski-29-07-01879,IK09,rescue,jednostka ratowniczo-gaśnicza PSP,02,0229007,K2,0,0,0,0,0,0,0.0,0.0,marginalny
IK-09-01880,jednostka ratowniczo-gaśnicza PSP dolnośląskie-wschodni-02-01-01880,IK09,rescue,jednostka ratowniczo-gaśnicza PSP,02,0202001,K1,0,0,0,0,0,0,0.0,0.0,marginalny
IK-09-01881,jednostka ratowniczo-gaśnicza PSP podkarpackie-centralny-10-01-01881,IK09,rescue,jednostka ratowniczo-gaśnicza PSP,18,1810001,K3,0,0,0,0,0,0,0.0,0.0,marginalny
IK-09-01882,jednostka ratowniczo-gaśnicza PSP opolskie-miejski-05-04-01882,IK09,rescue,jednostka ratowniczo-gaśnicza PSP,16,1605004,K2,0,0,0,0,0,0,0.0,0.0,marginalny
IK-09-01883,jednostka ratowniczo-gaśnicza PSP wielkopolskie-centralny-04-04-01883,IK09,rescue,jednostka ratowniczo-gaśnicza PSP,30,3004004,K2,0,0,0,0,0,0,0.0,0.0,marginalny
IK-09-01884,jednostka ratowniczo-gaśnicza PSP dolnośląskie-północny-18-02-01884,IK09,rescue,jednostka ratowniczo-gaśnicza PSP,02,0218002,K1,0,0,0,0,0,0,0.0,0.0,marginalny
IK-09-01885,jednostka ratowniczo-gaśnicza PSP pomorskie-zachodni-15-05-01885,IK09,rescue,jednostka ratowniczo-gaśnicza PSP,22,2215005,K1,0,0,0,0,0,0,0.0,0.0,marginalny
IK-09-01886,jednostka ratowniczo-gaśnicza PSP mazowieckie-miejski-29-01-01886,IK09,rescue,jednostka ratowniczo-gaśnicza PSP,14,1429001,K2,0,0,0,0,0,0,0.0,0.0,marginalny
IK-09-01887,jednostka ratowniczo-gaśnicza PSP podkarpackie-zachodni-03-05-01887,IK09,rescue,jednostka ratowniczo-gaśnicza PSP,18,1803005,K1,0,0,0,0,0,0,0.0,0.0,marginalny
IK-09-01888,jednostka ratowniczo-gaśnicza PSP opolskie-miejski-11-02-01888,IK09,rescue,jednostka ratowniczo-gaśnicza PSP,16,1611002,K2,0,0,0,0,0,0,0.0,0.0,marginalny
IK-09-01889,centrum powiadamiania ratunkowego kujawsko-pomorskie-południowy-13-02-01889,IK09,rescue,centrum powiadamiania ratunkowego,04,0413002,K1,0,0,0,0,0,0,0.0,0.0,marginalny
IK-09-01890,centrum powiadamiania ratunkowego zachodniopomorskie-wschodni-20-03-01890,IK09,rescue,centrum powiadamiania ratunkowego,32,3220003,K1,0,0,0,0,0,0,0.0,0.0,marginalny
IK-09-01891,centrum powiadamiania ratunkowego kujawsko-pomorskie-południowy-01-02-01891,IK09,rescue,centrum powiadamiania ratunkowego,04,0401002,K1,0,0,0,0,0,0,0.0,0.0,marginalny
IK-09-01892,centrum powiadamiania ratunkowego dolnośląskie-południowy-19-04-01892,IK09,rescue,centrum powiadamiania ratunkowego,02,0219004,K1,0,0,0,0,0,0,0.0,0.0,marginalny
IK-09-01893,centrum powiadamiania ratunkowego podlaskie-zachodni-09-03-01893,IK09,rescue,centrum powiadamiania ratunkowego,20,2009003,K1,0,0,0,0,0,0,0.0,0.0,marginalny
IK-09-01894,centrum powiadamiania ratunkowego łódzkie-zachodni-21-04-01894,IK09,rescue,centrum powiadamiania ratunkowego,10,1021004,K2,0,0,0,0,0,0,0.0,0.0,marginalny
IK-09-01895,centrum powiadamiania ratunkowego dolnośląskie-centralny-22-02-01895,IK09,rescue,centrum powiadamiania ratunkowego,02,0222002,K1,0,0,0,0,0,0,0.0,0.0,marginalny
IK-09-01896,centrum powiadamiania ratunkowego podkarpackie-południowy-07-02-01896,IK09,rescue,centrum powiadamiania ratunkowego,18,1807002,K1,0,0,0,0,0,0,0.0,0.0,marginalny
IK-09-01897,centrum powiadamiania ratunkowego opolskie-południowy-07-02-01897,IK09,rescue,centrum powiadamiania ratunkowego,16,1607002,K1,0,0,0,0,0,0,0.0,0.0,marginalny
IK-09-01898,centrum powiadamiania ratunkowego dolnośląskie-miejski-05-06-01898,IK09,rescue,centrum powiadamiania ratunkowego,02,0205006,K1,0,0,0,0,0,0,0.0,0.0,marginalny
IK-09-01899,centrum powiadamiania ratunkowego dolnośląskie-północny-12-05-01899,IK09,rescue,centrum powiadamiania ratunkowego,02,0212005,K1,0,0,0,0,0,0,0.0,0.0,marginalny
IK-09-01900,centrum powiadamiania ratunkowego łódzkie-centralny-10-04-01900,IK09,rescue,centrum powiadamiania ratunkowego,10,1010004,K2,0,0,0,0,0,0,0.0,0.0,marginalny
IK-09-01901,centrum powiadamiania ratunkowego pomorskie-południowy-01-06-01901,IK09,rescue,centrum powiadamiania ratunkowego,22,2201006,K1,0,0,0,0,0,0,0.0,0.0,marginalny
IK-09-01902,centrum powiadamiania ratunkowego zachodniopomorskie-południowy-19-04-01902,IK09,rescue,centrum powiadamiania ratunkowego,32,3219004,K1,0,0,0,0,0,0,0.0,0.0,marginalny
IK-09-01903,centrum powiadamiania ratunkowego dolnośląskie-centralny-28-03-01903,IK09,rescue,centrum powiadamiania ratunkowego,02,0228003,K1,0,0,0,0,0,0,0.0,0.0,marginalny
IK-09-01904,centrum powiadamiania ratunkowego dolnośląskie-centralny-16-06-01904,IK09,rescue,centrum powiadamiania ratunkowego,02,0216006,K1,0,0,0,0,0,0,0.0,0.0,marginalny
IK-09-01905,centrum powiadamiania ratunkowego podkarpackie-miejski-11-02-01905,IK09,rescue,centrum powiadamiania ratunkowego,18,1811002,K1,0,0,0,0,0,0,0.0,0.0,marginalny
IK-09-01906,centrum powiadamiania ratunkowego warmińsko-mazurskie-wschodni-20-01-01906,IK09,rescue,centrum powiadamiania ratunkowego,28,2820001,K2,0,0,0,0,0,0,0.0,0.0,marginalny
IK-09-01907,baza lotniczego pogotowia pomorskie-centralny-16-05-01907,IK09,rescue,baza lotniczego pogotowia,22,2216005,K2,0,0,0,0,0,0,0.0,0.0,marginalny
IK-09-01908,baza lotniczego pogotowia łódzkie-zachodni-21-03-01908,IK09,rescue,baza lotniczego pogotowia,10,1021003,K1,0,0,0,0,0,0,0.0,0.0,marginalny
IK-09-01909,baza lotniczego pogotowia opolskie-południowy-01-07-01909,IK09,rescue,baza lotniczego pogotowia,16,1601007,K2,0,0,0,0,0,0,0.0,0.0,marginalny
IK-09-01910,baza lotniczego pogotowia dolnośląskie-północny-06-04-01910,IK09,rescue,baza lotniczego pogotowia,02,0206004,K1,0,0,0,0,0,0,0.0,0.0,marginalny
IK-09-01911,baza lotniczego pogotowia opolskie-centralny-04-03-01911,IK09,rescue,baza lotniczego pogotowia,16,1604003,K2,0,0,0,0,0,0,0.0,0.0,marginalny
IK-09-01912,baza lotniczego pogotowia zachodniopomorskie-północny-06-04-01912,IK09,rescue,baza lotniczego pogotowia,32,3206004,K2,0,0,0,0,0,0,0.0,0.0,marginalny
IK-09-01913,baza lotniczego pogotowia wielkopolskie-południowy-19-04-01913,IK09,rescue,baza lotniczego pogotowia,30,3019004,K2,0,0,0,0,0,0,0.0,0.0,marginalny
IK-09-01914,baza lotniczego pogotowia dolnośląskie-południowy-19-01-01914,IK09,rescue,baza lotniczego pogotowia,02,0219001,K1,0,0,0,0,0,0,0.0,0.0,marginalny
IK-09-01915,baza lotniczego pogotowia wielkopolskie-centralny-16-02-01915,IK09,rescue,baza lotniczego pogotowia,30,3016002,K2,0,0,0,0,0,0,0.0,0.0,marginalny
IK-09-01916,baza lotniczego pogotowia wielkopolskie-centralny-22-01-01916,IK09,rescue,baza lotniczego pogotowia,30,3022001,K1,0,0,0,0,0,0,0.0,0.0,marginalny
IK-09-01917,baza lotniczego pogotowia łódzkie-miejski-05-04-01917,IK09,rescue,baza lotniczego pogotowia,10,1005004,K2,0,0,0,0,0,0,0.0,0.0,marginalny
IK-09-01918,baza lotniczego pogotowia lubelskie-wschodni-08-04-01918,IK09,rescue,baza lotniczego pogotowia,06,0608004,K2,0,0,0,0,0,0,0.0,0.0,marginalny
IK-09-01919,baza lotniczego pogotowia małopolskie-południowy-07-02-01919,IK09,rescue,baza lotniczego pogotowia,12,1207002,K2,0,0,0,0,0,0,0.0,0.0,marginalny
IK-09-01920,baza lotniczego pogotowia mazowieckie-południowy-01-03-01920,IK09,rescue,baza lotniczego pogotowia,14,1401003,K2,0,0,0,0,0,0,0.0,0.0,marginalny
IK-09-01921,baza lotniczego pogotowia dolnośląskie-centralny-16-02-01921,IK09,rescue,baza lotniczego pogotowia,02,0216002,K1,0,0,0,0,0,0,0.0,0.0,marginalny
IK-09-01922,baza lotniczego pogotowia opolskie-centralny-10-01-01922,IK09,rescue,baza lotniczego pogotowia,16,1610001,K1,0,0,0,0,0,0,0.0,0.0,marginalny
IK-09-01923,baza lotniczego pogotowia pomorskie-południowy-01-04-01923,IK09,rescue,baza lotniczego pogotowia,22,2201004,K2,0,0,0,0,0,0,0.0,0.0,marginalny
IK-09-01924,baza lotniczego pogotowia lubuskie-wschodni-08-02-01924,IK09,rescue,baza lotniczego pogotowia,08,0808002,K2,0,0,0,0,0,0,0.0,0.0,marginalny
IK-09-01925,baza lotniczego pogotowia lubuskie-północny-06-07-01925,IK09,rescue,baza lotniczego pogotowia,08,0806007,K2,0,0,0,0,0,0,0.0,0.0,marginalny
IK-09-01926,baza lotniczego pogotowia dolnośląskie-wschodni-02-01-01926,IK09,rescue,baza lotniczego pogotowia,02,0202001,K2,0,0,0,0,0,0,0.0,0.0,marginalny
IK-10-01927,centrum zarządzania kryzysowego wielkopolskie-południowy-31-02-01927,IK10,admin,centrum zarządzania kryzysowego,30,3031002,K2,0,0,0,0,0,0,0.0,0.0,marginalny
IK-10-01928,centrum zarządzania kryzysowego zachodniopomorskie-centralny-10-05-01928,IK10,admin,centrum zarządzania kryzysowego,32,3210005,K1,0,0,0,0,0,0,0.0,0.0,marginalny
IK-10-01929,centrum zarządzania kryzysowego dolnośląskie-centralny-10-06-01929,IK10,admin,centrum zarządzania kryzysowego,02,0210006,K1,0,0,0,0,0,0,0.0,0.0,marginalny
IK-10-01930,centrum zarządzania kryzysowego dolnośląskie-południowy-13-01-01930,IK10,admin,centrum zarządzania kryzysowego,02,0213001,K1,0,0,0,0,0,0,0.0,0.0,marginalny
IK-10-01931,centrum zarządzania kryzysowego wielkopolskie-wschodni-14-06-01931,IK10,admin,centrum zarządzania kryzysowego,30,3014006,K1,0,0,0,0,0,0,0.0,0.0,marginalny
IK-10-01932,centrum zarządzania kryzysowego łódzkie-wschodni-08-06-01932,IK10,admin,centrum zarządzania kryzysowego,10,1008006,K1,0,0,0,0,0,0,0.0,0.0,marginalny
IK-10-01933,centrum zarządzania kryzysowego podlaskie-południowy-07-06-01933,IK10,admin,centrum zarządzania kryzysowego,20,2007006,K1,0,0,0,0,0,0,0.0,0.0,marginalny
IK-10-01934,centrum zarządzania kryzysowego lubelskie-zachodni-21-01-01934,IK10,admin,centrum zarządzania kryzysowego,06,0621001,K1,0,0,0,0,0,0,0.0,0.0,marginalny
IK-10-01935,centrum zarządzania kryzysowego świętokrzyskie-wschodni-02-06-01935,IK10,admin,centrum zarządzania kryzysowego,26,2602006,K2,0,0,0,0,0,0,0.0,0.0,marginalny
IK-10-01936,centrum zarządzania kryzysowego opolskie-miejski-05-05-01936,IK10,admin,centrum zarządzania kryzysowego,16,1605005,K1,0,0,0,0,0,0,0.0,0.0,marginalny
IK-10-01937,centrum zarządzania kryzysowego opolskie-wschodni-08-03-01937,IK10,admin,centrum zarządzania kryzysowego,16,1608003,K1,0,0,0,0,0,0,0.0,0.0,marginalny
IK-10-01938,centrum zarządzania kryzysowego dolnośląskie-wschodni-08-05-01938,IK10,admin,centrum zarządzania kryzysowego,02,0208005,K1,0,0,0,0,0,0,0.0,0.0,marginalny
IK-10-01939,centrum zarządzania kryzysowego dolnośląskie-zachodni-15-02-01939,IK10,admin,centrum zarządzania kryzysowego,02,0215002,K2,0,0,0,0,0,0,0.0,0.0,marginalny
IK-10-01940,centrum zarządzania kryzysowego dolnośląskie-miejski-11-03-01940,IK10,admin,centrum zarządzania kryzysowego,02,0211003,K2,0,0,0,0,0,0,0.0,0.0,marginalny
IK-10-01941,centrum zarządzania kryzysowego dolnośląskie-centralny-28-04-01941,IK10,admin,centrum zarządzania kryzysowego,02,0228004,K1,0,0,0,0,0,0,0.0,0.0,marginalny
IK-10-01942,centrum zarządzania kryzysowego łódzkie-miejski-05-03-01942,IK10,admin,centrum zarządzania kryzysowego,10,1005003,K1,0,0,0,0,0,0,0.0,0.0,marginalny
IK-10-01943,centrum zarządzania kryzysowego zachodniopomorskie-północny-18-01-01943,IK10,admin,centrum zarządzania kryzysowego,32,3218001,K1,0,0,0,0,0,0,0.0,0.0,marginalny
IK-10-01944,centrum zarządzania kryzysowego podlaskie-zachodni-15-04-01944,IK10,admin,centrum zarządzania kryzysowego,20,2015004,K1,0,0,0,0,0,0,0.0,0.0,marginalny
IK-10-01945,centrum zarządzania kryzysowego łódzkie-wschodni-14-01-01945,IK10,admin,centrum zarządzania kryzysowego,10,1014001,K1,0,0,0,0,0,0,0.0,0.0,marginalny
IK-10-01946,centrum zarządzania kryzysowego lubuskie-południowy-07-06-01946,IK10,admin,centrum zarządzania kryzysowego,08,0807006,K1,0,0,0,0,0,0,0.0,0.0,marginalny
IK-10-01947,centrum zarządzania kryzysowego mazowieckie-północny-36-06-01947,IK10,admin,centrum zarządzania kryzysowego,14,1436006,K2,0,0,0,0,0,0,0.0,0.0,marginalny
IK-10-01948,centrum zarządzania kryzysowego świętokrzyskie-miejski-11-01-01948,IK10,admin,centrum zarządzania kryzysowego,26,2611001,K1,0,0,0,0,0,0,0.0,0.0,marginalny
IK-10-01949,centrum zarządzania kryzysowego warmińsko-mazurskie-wschodni-02-06-01949,IK10,admin,centrum zarządzania kryzysowego,28,2802006,K1,0,0,0,0,0,0,0.0,0.0,marginalny
IK-10-01950,centrum zarządzania kryzysowego śląskie-zachodni-27-02-01950,IK10,admin,centrum zarządzania kryzysowego,24,2427002,K1,0,0,0,0,0,0,0.0,0.0,marginalny
IK-10-01951,centrum zarządzania kryzysowego warmińsko-mazurskie-wschodni-14-03-01951,IK10,admin,centrum zarządzania kryzysowego,28,2814003,K1,0,0,0,0,0,0,0.0,0.0,marginalny
IK-10-01952,centrum zarządzania kryzysowego lubelskie-wschodni-02-04-01952,IK10,admin,centrum zarządzania kryzysowego,06,0602004,K1,0,0,0,0,0,0,0.0,0.0,marginalny
IK-10-01953,centrum zarządzania kryzysowego opolskie-południowy-07-02-01953,IK10,admin,centrum zarządzania kryzysowego,16,1607002,K1,0,0,0,0,0,0,0.0,0.0,marginalny
IK-10-01954,centrum zarządzania kryzysowego opolskie-północny-12-06-01954,IK10,admin,centrum zarządzania kryzysowego,16,1612006,K1,0,0,0,0,0,0,0.0,0.0,marginalny
IK-10-01955,centrum zarządzania kryzysowego łódzkie-południowy-19-01-01955,IK10,admin,centrum zarządzania kryzysowego,10,1019001,K1,0,0,0,0,0,0,0.0,0.0,marginalny
IK-10-01956,centrum zarządzania kryzysowego lubelskie-miejski-11-05-01956,IK10,admin,centrum zarządzania kryzysowego,06,0611005,K1,0,0,0,0,0,0,0.0,0.0,marginalny
IK-10-01957,centrum zarządzania kryzysowego warmińsko-mazurskie-wschodni-02-05-01957,IK10,admin,centrum zarządzania kryzysowego,28,2802005,K1,0,0,0,0,0,0,0.0,0.0,marginalny
IK-10-01958,centrum zarządzania kryzysowego opolskie-północny-06-04-01958,IK10,admin,centrum zarządzania kryzysowego,16,1606004,K1,0,0,0,0,0,0,0.0,0.0,marginalny
IK-10-01959,centrum zarządzania kryzysowego dolnośląskie-miejski-05-05-01959,IK10,admin,centrum zarządzania kryzysowego,02,0205005,K1,0,0,0,0,0,0,0.0,0.0,marginalny
IK-10-01960,centrum zarządzania kryzysowego podlaskie-północny-06-02-01960,IK10,admin,centrum zarządzania kryzysowego,20,2006002,K2,0,0,0,0,0,0,0.0,0.0,marginalny
IK-10-01961,centrum zarządzania kryzysowego dolnośląskie-centralny-16-05-01961,IK10,admin,centrum zarządzania kryzysowego,02,0216005,K1,0,0,0,0,0,0,0.0,0.0,marginalny
IK-10-01962,centrum zarządzania kryzysowego kujawsko-pomorskie-zachodni-21-02-01962,IK10,admin,centrum zarządzania kryzysowego,04,0421002,K1,0,0,0,0,0,0,0.0,0.0,marginalny
IK-10-01963,centrum zarządzania kryzysowego kujawsko-pomorskie-południowy-19-06-01963,IK10,admin,centrum zarządzania kryzysowego,04,0419006,K1,0,0,0,0,0,0,0.0,0.0,marginalny
IK-10-01964,centrum zarządzania kryzysowego warmińsko-mazurskie-zachodni-09-05-01964,IK10,admin,centrum zarządzania kryzysowego,28,2809005,K1,0,0,0,0,0,0,0.0,0.0,marginalny
IK-10-01965,centrum zarządzania kryzysowego dolnośląskie-miejski-17-07-01965,IK10,admin,centrum zarządzania kryzysowego,02,0217007,K1,0,0,0,0,0,0,0.0,0.0,marginalny
IK-10-01966,centrum zarządzania kryzysowego podkarpackie-zachodni-15-01-01966,IK10,admin,centrum zarządzania kryzysowego,18,1815001,K1,0,0,0,0,0,0,0.0,0.0,marginalny
IK-10-01967,centrum zarządzania kryzysowego lubelskie-południowy-19-03-01967,IK10,admin,centrum zarządzania kryzysowego,06,0619003,K1,0,0,0,0,0,0,0.0,0.0,marginalny
IK-10-01968,centrum zarządzania kryzysowego dolnośląskie-miejski-05-02-01968,IK10,admin,centrum zarządzania kryzysowego,02,0205002,K1,0,0,0,0,0,0,0.0,0.0,marginalny
IK-10-01969,centrum zarządzania kryzysowego wielkopolskie-wschodni-08-04-01969,IK10,admin,centrum zarządzania kryzysowego,30,3008004,K1,0,0,0,0,0,0,0.0,0.0,marginalny
IK-10-01970,centrum zarządzania kryzysowego dolnośląskie-zachodni-15-03-01970,IK10,admin,centrum zarządzania kryzysowego,02,0215003,K1,0,0,0,0,0,0,0.0,0.0,marginalny
IK-10-01971,centrum zarządzania kryzysowego dolnośląskie-centralny-04-01-01971,IK10,admin,centrum zarządzania kryzysowego,02,0204001,K1,0,0,0,0,0,0,0.0,0.0,marginalny
IK-10-01972,centrum zarządzania kryzysowego opolskie-północny-06-04-01972,IK10,admin,centrum zarządzania kryzysowego,16,1606004,K1,0,0,0,0,0,0,0.0,0.0,marginalny
IK-10-01973,centrum zarządzania kryzysowego dolnośląskie-centralny-22-04-01973,IK10,admin,centrum zarządzania kryzysowego,02,0222004,K1,0,0,0,0,0,0,0.0,0.0,marginalny
IK-10-01974,centrum zarządzania kryzysowego wielkopolskie-zachodni-33-02-01974,IK10,admin,centrum zarządzania kryzysowego,30,3033002,K2,0,0,0,0,0,0,0.0,0.0,marginalny
IK-10-01975,centrum zarządzania kryzysowego wielkopolskie-zachodni-27-04-01975,IK10,admin,centrum zarządzania kryzysowego,30,3027004,K1,0,0,0,0,0,0,0.0,0.0,marginalny
IK-10-01976,centrum zarządzania kryzysowego opolskie-południowy-07-02-01976,IK10,admin,centrum zarządzania kryzysowego,16,1607002,K1,0,0,0,0,0,0,0.0,0.0,marginalny
IK-10-01977,centrum zarządzania kryzysowego dolnośląskie-wschodni-08-06-01977,IK10,admin,centrum zarządzania kryzysowego,02,0208006,K1,0,0,0,0,0,0,0.0,0.0,marginalny
IK-10-01978,centrum zarządzania kryzysowego lubelskie-miejski-23-01-01978,IK10,admin,centrum zarządzania kryzysowego,06,0623001,K1,0,0,0,0,0,0,0.0,0.0,marginalny
IK-10-01979,centrum zarządzania kryzysowego opolskie-wschodni-02-07-01979,IK10,admin,centrum zarządzania kryzysowego,16,1602007,K1,0,0,0,0,0,0,0.0,0.0,marginalny
IK-10-01980,centrum zarządzania kryzysowego dolnośląskie-wschodni-20-04-01980,IK10,admin,centrum zarządzania kryzysowego,02,0220004,K1,0,0,0,0,0,0,0.0,0.0,marginalny
IK-10-01981,centrum zarządzania kryzysowego dolnośląskie-zachodni-15-04-01981,IK10,admin,centrum zarządzania kryzysowego,02,0215004,K1,0,0,0,0,0,0,0.0,0.0,marginalny
IK-10-01982,centrum zarządzania kryzysowego dolnośląskie-południowy-07-02-01982,IK10,admin,centrum zarządzania kryzysowego,02,0207002,K1,0,0,0,0,0,0,0.0,0.0,marginalny
IK-10-01983,centrum zarządzania kryzysowego zachodniopomorskie-centralny-10-05-01983,IK10,admin,centrum zarządzania kryzysowego,32,3210005,K1,0,0,0,0,0,0,0.0,0.0,marginalny
IK-10-01984,centrum zarządzania kryzysowego świętokrzyskie-południowy-13-06-01984,IK10,admin,centrum zarządzania kryzysowego,26,2613006,K1,0,0,0,0,0,0,0.0,0.0,marginalny
IK-10-01985,centrum zarządzania kryzysowego zachodniopomorskie-południowy-07-03-01985,IK10,admin,centrum zarządzania kryzysowego,32,3207003,K1,0,0,0,0,0,0,0.0,0.0,marginalny
IK-10-01986,centrum zarządzania kryzysowego dolnośląskie-północny-30-06-01986,IK10,admin,centrum zarządzania kryzysowego,02,0230006,K1,0,0,0,0,0,0,0.0,0.0,marginalny
IK-10-01987,centrum zarządzania kryzysowego śląskie-północny-30-03-01987,IK10,admin,centrum zarządzania kryzysowego,24,2430003,K2,0,0,0,0,0,0,0.0,0.0,marginalny
IK-10-01988,centrum zarządzania kryzysowego świętokrzyskie-południowy-07-03-01988,IK10,admin,centrum zarządzania kryzysowego,26,2607003,K1,0,0,0,0,0,0,0.0,0.0,marginalny
IK-10-01989,węzeł teleinformatyczny urzędu łódzkie-miejski-05-07-01989,IK10,admin,węzeł teleinformatyczny urzędu,10,1005007,K2,0,0,0,0,0,0,0.0,0.0,marginalny
IK-10-01990,węzeł teleinformatyczny urzędu opolskie-centralny-04-04-01990,IK10,admin,węzeł teleinformatyczny urzędu,16,1604004,K2,0,0,0,0,0,0,0.0,0.0,marginalny
IK-10-01991,węzeł teleinformatyczny urzędu opolskie-południowy-01-03-01991,IK10,admin,węzeł teleinformatyczny urzędu,16,1601003,K3,0,0,0,0,0,0,0.0,0.0,marginalny
IK-10-01992,węzeł teleinformatyczny urzędu mazowieckie-wschodni-02-07-01992,IK10,admin,węzeł teleinformatyczny urzędu,14,1402007,K3,0,0,0,0,0,0,0.0,0.0,marginalny
IK-10-01993,węzeł teleinformatyczny urzędu dolnośląskie-północny-18-05-01993,IK10,admin,węzeł teleinformatyczny urzędu,02,0218005,K2,0,0,0,0,0,0,0.0,0.0,marginalny
IK-10-01994,węzeł teleinformatyczny urzędu łódzkie-północny-24-06-01994,IK10,admin,węzeł teleinformatyczny urzędu,10,1024006,K3,0,0,0,0,0,0,0.0,0.0,marginalny
IK-10-01995,węzeł teleinformatyczny urzędu warmińsko-mazurskie-północny-18-06-01995,IK10,admin,węzeł teleinformatyczny urzędu,28,2818006,K3,0,0,0,0,0,0,0.0,0.0,marginalny
IK-10-01996,węzeł teleinformatyczny urzędu mazowieckie-południowy-07-03-01996,IK10,admin,węzeł teleinformatyczny urzędu,14,1407003,K3,0,0,0,0,0,0,0.0,0.0,marginalny
IK-10-01997,węzeł teleinformatyczny urzędu wielkopolskie-południowy-07-02-01997,IK10,admin,węzeł teleinformatyczny urzędu,30,3007002,K3,0,0,0,0,0,0,0.0,0.0,marginalny
IK-10-01998,węzeł teleinformatyczny urzędu warmińsko-mazurskie-południowy-01-03-01998,IK10,admin,węzeł teleinformatyczny urzędu,28,2801003,K3,0,0,0,0,0,0,0.0,0.0,marginalny
IK-10-01999,węzeł teleinformatyczny urzędu małopolskie-północny-06-05-01999,IK10,admin,węzeł teleinformatyczny urzędu,12,1206005,K3,0,0,0,0,0,0,0.0,0.0,marginalny
IK-10-02000,węzeł teleinformatyczny urzędu wielkopolskie-zachodni-21-05-02000,IK10,admin,węzeł teleinformatyczny urzędu,30,3021005,K2,0,0,0,0,0,0,0.0,0.0,marginalny
IK-10-02001,węzeł teleinformatyczny urzędu dolnośląskie-miejski-17-04-02001,IK10,admin,węzeł teleinformatyczny urzędu,02,0217004,K2,0,0,0,0,0,0,0.0,0.0,marginalny
IK-10-02002,węzeł teleinformatyczny urzędu opolskie-centralny-04-05-02002,IK10,admin,węzeł teleinformatyczny urzędu,16,1604005,K3,0,0,0,0,0,0,0.0,0.0,marginalny
IK-10-02003,węzeł teleinformatyczny urzędu świętokrzyskie-wschodni-02-01-02003,IK10,admin,węzeł teleinformatyczny urzędu,26,2602001,K2,0,0,0,0,0,0,0.0,0.0,marginalny
IK-10-02004,węzeł teleinformatyczny urzędu dolnośląskie-południowy-01-03-02004,IK10,admin,węzeł teleinformatyczny urzędu,02,0201003,K3,0,0,0,0,0,0,0.0,0.0,marginalny
IK-10-02005,węzeł teleinformatyczny urzędu warmińsko-mazurskie-zachodni-21-06-02005,IK10,admin,węzeł teleinformatyczny urzędu,28,2821006,K2,0,0,0,0,0,0,0.0,0.0,marginalny
IK-10-02006,węzeł teleinformatyczny urzędu opolskie-centralny-10-01-02006,IK10,admin,węzeł teleinformatyczny urzędu,16,1610001,K3,0,0,0,0,0,0,0.0,0.0,marginalny
IK-10-02007,węzeł teleinformatyczny urzędu podlaskie-południowy-01-05-02007,IK10,admin,węzeł teleinformatyczny urzędu,20,2001005,K2,0,0,0,0,0,0,0.0,0.0,marginalny
IK-10-02008,węzeł teleinformatyczny urzędu dolnośląskie-zachodni-15-05-02008,IK10,admin,węzeł teleinformatyczny urzędu,02,0215005,K2,0,0,0,0,0,0,0.0,0.0,marginalny
IK-10-02009,węzeł teleinformatyczny urzędu zachodniopomorskie-miejski-05-06-02009,IK10,admin,węzeł teleinformatyczny urzędu,32,3205006,K3,0,0,0,0,0,0,0.0,0.0,marginalny
IK-10-02010,węzeł teleinformatyczny urzędu dolnośląskie-zachodni-03-02-02010,IK10,admin,węzeł teleinformatyczny urzędu,02,0203002,K3,0,0,0,0,0,0,0.0,0.0,marginalny
IK-10-02011,węzeł teleinformatyczny urzędu opolskie-południowy-01-03-02011,IK10,admin,węzeł teleinformatyczny urzędu,16,1601003,K3,0,0,0,0,0,0,0.0,0.0,marginalny
IK-10-02012,węzeł teleinformatyczny urzędu opolskie-miejski-11-04-02012,IK10,admin,węzeł teleinformatyczny urzędu,16,1611004,K2,0,0,0,0,0,0,0.0,0.0,marginalny
IK-10-02013,węzeł teleinformatyczny urzędu opolskie-miejski-11-01-02013,IK10,admin,węzeł teleinformatyczny urzędu,16,1611001,K3,0,0,0,0,0,0,0.0,0.0,marginalny
IK-10-02014,węzeł teleinformatyczny urzędu dolnośląskie-centralny-10-06-02014,IK10,admin,węzeł teleinformatyczny urzędu,02,0210006,K3,0,0,0,0,0,0,0.0,0.0,marginalny
IK-10-02015,węzeł teleinformatyczny urzędu warmińsko-mazurskie-południowy-19-06-02015,IK10,admin,węzeł teleinformatyczny urzędu,28,2819006,K3,0,0,0,0,0,0,0.0,0.0,marginalny
IK-10-02016,węzeł teleinformatyczny urzędu lubuskie-centralny-10-01-02016,IK10,admin,węzeł teleinformatyczny urzędu,08,0810001,K3,0,0,0,0,0,0,0.0,0.0,marginalny
IK-10-02017,węzeł teleinformatyczny urzędu dolnośląskie-północny-24-05-02017,IK10,admin,węzeł teleinformatyczny urzędu,02,0224005,K3,0,0,0,0,0,0,0.0,0.0,marginalny
IK-10-02018,węzeł teleinformatyczny urzędu dolnośląskie-miejski-17-03-02018,IK10,admin,węzeł teleinformatyczny urzędu,02,0217003,K2,0,0,0,0,0,0,0.0,0.0,marginalny
IK-10-02019,węzeł teleinformatyczny urzędu warmińsko-mazurskie-południowy-01-03-02019,IK10,admin,węzeł teleinformatyczny urzędu,28,2801003,K3,0,0,0,0,0,0,0.0,0.0,marginalny
IK-10-02020,węzeł teleinformatyczny urzędu podlaskie-centralny-16-03-02020,IK10,admin,węzeł teleinformatyczny urzędu,20,2016003,K3,0,0,0,0,0,0,0.0,0.0,marginalny
IK-10-02021,węzeł teleinformatyczny urzędu zachodniopomorskie-wschodni-08-03-02021,IK10,admin,węzeł teleinformatyczny urzędu,32,3208003,K2,0,0,0,0,0,0,0.0,0.0,marginalny
IK-10-02022,węzeł teleinformatyczny urzędu opolskie-centralny-10-02-02022,IK10,admin,węzeł teleinformatyczny urzędu,16,1610002,K2,0,0,0,0,0,0,0.0,0.0,marginalny
IK-10-02023,węzeł teleinformatyczny urzędu pomorskie-wschodni-20-04-02023,IK10,admin,węzeł teleinformatyczny urzędu,22,2220004,K2,0,0,0,0,0,0,0.0,0.0,marginalny
IK-10-02024,węzeł teleinformatyczny urzędu wielkopolskie-północny-06-04-02024,IK10,admin,węzeł teleinformatyczny urzędu,30,3006004,K3,0,0,0,0,0,0,0.0,0.0,marginalny
IK-10-02025,węzeł teleinformatyczny urzędu świętokrzyskie-zachodni-09-06-02025,IK10,admin,węzeł teleinformatyczny urzędu,26,2609006,K2,0,0,0,0,0,0,0.0,0.0,marginalny
IK-10-02026,węzeł teleinformatyczny urzędu śląskie-centralny-34-06-02026,IK10,admin,węzeł teleinformatyczny urzędu,24,2434006,K2,0,0,0,0,0,0,0.0,0.0,marginalny
IK-10-02027,węzeł teleinformatyczny urzędu małopolskie-wschodni-08-05-02027,IK10,admin,węzeł teleinformatyczny urzędu,12,1208005,K3,0,0,0,0,0,0,0.0,0.0,marginalny
IK-10-02028,węzeł teleinformatyczny urzędu opolskie-wschodni-02-05-02028,IK10,admin,węzeł teleinformatyczny urzędu,16,1602005,K3,0,0,0,0,0,0,0.0,0.0,marginalny
IK-10-02029,węzeł teleinformatyczny urzędu zachodniopomorskie-zachodni-03-05-02029,IK10,admin,węzeł teleinformatyczny urzędu,32,3203005,K3,0,0,0,0,0,0,0.0,0.0,marginalny
IK-10-02030,węzeł teleinformatyczny urzędu mazowieckie-północny-12-04-02030,IK10,admin,węzeł teleinformatyczny urzędu,14,1412004,K2,0,0,0,0,0,0,0.0,0.0,marginalny
IK-10-02031,węzeł teleinformatyczny urzędu zachodniopomorskie-zachodni-03-01-02031,IK10,admin,węzeł teleinformatyczny urzędu,32,3203001,K3,0,0,0,0,0,0,0.0,0.0,marginalny
IK-10-02032,węzeł teleinformatyczny urzędu zachodniopomorskie-południowy-07-03-02032,IK10,admin,węzeł teleinformatyczny urzędu,32,3207003,K3,0,0,0,0,0,0,0.0,0.0,marginalny
IK-10-02033,węzeł teleinformatyczny urzędu dolnośląskie-wschodni-08-05-02033,IK10,admin,węzeł teleinformatyczny urzędu,02,0208005,K3,0,0,0,0,0,0,0.0,0.0,marginalny
IK-10-02034,węzeł teleinformatyczny urzędu kujawsko-pomorskie-południowy-01-05-02034,IK10,admin,węzeł teleinformatyczny urzędu,04,0401005,K2,0,0,0,0,0,0,0.0,0.0,marginalny
IK-10-02035,węzeł teleinformatyczny urzędu dolnośląskie-centralny-10-04-02035,IK10,admin,węzeł teleinformatyczny urzędu,02,0210004,K3,0,0,0,0,0,0,0.0,0.0,marginalny
IK-10-02036,węzeł teleinformatyczny urzędu dolnośląskie-południowy-25-06-02036,IK10,admin,węzeł teleinformatyczny urzędu,02,0225006,K3,0,0,0,0,0,0,0.0,0.0,marginalny
IK-10-02037,węzeł teleinformatyczny urzędu małopolskie-południowy-19-03-02037,IK10,admin,węzeł teleinformatyczny urzędu,12,1219003,K1,0,0,0,0,0,0,0.0,0.0,marginalny
IK-10-02038,węzeł teleinformatyczny urzędu lubelskie-południowy-13-03-02038,IK10,admin,węzeł teleinformatyczny urzędu,06,0613003,K3,0,0,0,0,0,0,0.0,0.0,marginalny
IK-10-02039,węzeł teleinformatyczny urzędu opolskie-zachodni-03-01-02039,IK10,admin,węzeł teleinformatyczny urzędu,16,1603001,K3,0,0,0,0,0,0,0.0,0.0,marginalny
IK-10-02040,węzeł teleinformatyczny urzędu dolnośląskie-zachodni-09-03-02040,IK10,admin,węzeł teleinformatyczny urzędu,02,0209003,K3,0,0,0,0,0,0,0.0,0.0,marginalny
IK-10-02041,węzeł teleinformatyczny urzędu opolskie-zachodni-09-07-02041,IK10,admin,węzeł teleinformatyczny urzędu,16,1609007,K2,0,0,0,0,0,0,0.0,0.0,marginalny
IK-10-02042,węzeł teleinformatyczny urzędu dolnośląskie-południowy-13-04-02042,IK10,admin,węzeł teleinformatyczny urzędu,02,0213004,K2,0,0,0,0,0,0,0.0,0.0,marginalny
IK-11-02081,zakład zwiększonego ryzyka (ZZR) kujawsko-pomorskie-wschodni-20-05-02081,IK11,chemical,zakład zwiększonego ryzyka (ZZR),04,0420005,K2,0,0,0,0,0,0,0.0,0.0,marginalny
IK-10-02044,węzeł teleinformatyczny urzędu dolnośląskie-północny-06-04-02044,IK10,admin,węzeł teleinformatyczny urzędu,02,0206004,K2,0,0,0,0,0,0,0.0,0.0,marginalny
IK-10-02045,węzeł teleinformatyczny urzędu lubuskie-południowy-13-07-02045,IK10,admin,węzeł teleinformatyczny urzędu,08,0813007,K3,0,0,0,0,0,0,0.0,0.0,marginalny
IK-10-02046,węzeł teleinformatyczny urzędu wielkopolskie-miejski-35-01-02046,IK10,admin,węzeł teleinformatyczny urzędu,30,3035001,K3,0,0,0,0,0,0,0.0,0.0,marginalny
IK-11-02047,zakład dużego ryzyka (ZDR) lubuskie-wschodni-02-07-02047,IK11,chemical,zakład dużego ryzyka (ZDR),08,0802007,K2,0,0,0,0,0,0,0.0,0.0,marginalny
IK-11-02048,zakład dużego ryzyka (ZDR) dolnośląskie-zachodni-21-04-02048,IK11,chemical,zakład dużego ryzyka (ZDR),02,0221004,K1,0,0,0,0,0,0,0.0,0.0,marginalny
IK-11-02049,zakład dużego ryzyka (ZDR) lubuskie-centralny-04-01-02049,IK11,chemical,zakład dużego ryzyka (ZDR),08,0804001,K1,0,0,0,0,0,0,0.0,0.0,marginalny
IK-11-02050,zakład dużego ryzyka (ZDR) dolnośląskie-wschodni-08-04-02050,IK11,chemical,zakład dużego ryzyka (ZDR),02,0208004,K2,0,0,0,0,0,0,0.0,0.0,marginalny
IK-11-02051,zakład dużego ryzyka (ZDR) małopolskie-miejski-11-05-02051,IK11,chemical,zakład dużego ryzyka (ZDR),12,1211005,K1,0,0,0,0,0,0,0.0,0.0,marginalny
IK-11-02052,zakład dużego ryzyka (ZDR) zachodniopomorskie-centralny-16-04-02052,IK11,chemical,zakład dużego ryzyka (ZDR),32,3216004,K2,0,0,0,0,0,0,0.0,0.0,marginalny
IK-11-02053,zakład dużego ryzyka (ZDR) opolskie-zachodni-03-06-02053,IK11,chemical,zakład dużego ryzyka (ZDR),16,1603006,K1,0,0,0,0,0,0,0.0,0.0,marginalny
IK-11-02054,zakład dużego ryzyka (ZDR) opolskie-południowy-07-01-02054,IK11,chemical,zakład dużego ryzyka (ZDR),16,1607001,K2,0,0,0,0,0,0,0.0,0.0,marginalny
IK-11-02055,zakład dużego ryzyka (ZDR) lubuskie-centralny-04-05-02055,IK11,chemical,zakład dużego ryzyka (ZDR),08,0804005,K1,0,0,0,0,0,0,0.0,0.0,marginalny
IK-11-02056,zakład dużego ryzyka (ZDR) dolnośląskie-centralny-16-02-02056,IK11,chemical,zakład dużego ryzyka (ZDR),02,0216002,K1,0,0,0,0,0,0,0.0,0.0,marginalny
IK-11-02057,zakład dużego ryzyka (ZDR) opolskie-zachodni-09-05-02057,IK11,chemical,zakład dużego ryzyka (ZDR),16,1609005,K2,0,0,0,0,0,0,0.0,0.0,marginalny
IK-11-02084,zakład zwiększonego ryzyka (ZZR) pomorskie-miejski-17-01-02084,IK11,chemical,zakład zwiększonego ryzyka (ZZR),22,2217001,K2,0,0,0,0,0,0,0.0,0.0,marginalny
IK-11-02083,zakład zwiększonego ryzyka (ZZR) mazowieckie-południowy-07-06-02083,IK11,chemical,zakład zwiększonego ryzyka (ZZR),14,1407006,K3,0,0,0,0,0,0,0.0,0.0,marginalny
IK-11-02092,zakład zwiększonego ryzyka (ZZR) wielkopolskie-zachodni-15-03-02092,IK11,chemical,zakład zwiększonego ryzyka (ZZR),30,3015003,K2,0,0,0,0,0,0,0.0,0.0,marginalny
IK-11-02093,zakład zwiększonego ryzyka (ZZR) opolskie-południowy-07-03-02093,IK11,chemical,zakład zwiększonego ryzyka (ZZR),16,1607003,K2,0,0,0,0,0,0,0.0,0.0,marginalny
IK-11-02094,zakład zwiększonego ryzyka (ZZR) opolskie-północny-06-02-02094,IK11,chemical,zakład zwiększonego ryzyka (ZZR),16,1606002,K2,0,0,0,0,0,0,0.0,0.0,marginalny
IK-11-02063,zakład dużego ryzyka (ZDR) opolskie-zachodni-03-04-02063,IK11,chemical,zakład dużego ryzyka (ZDR),16,1603004,K1,0,0,0,0,0,0,0.0,0.0,marginalny
IK-11-02064,zakład dużego ryzyka (ZDR) warmińsko-mazurskie-wschodni-20-04-02064,IK11,chemical,zakład dużego ryzyka (ZDR),28,2820004,K1,0,0,0,0,0,0,0.0,0.0,marginalny
IK-11-02065,zakład dużego ryzyka (ZDR) wielkopolskie-miejski-23-01-02065,IK11,chemical,zakład dużego ryzyka (ZDR),30,3023001,K1,0,0,0,0,0,0,0.0,0.0,marginalny
IK-11-02066,zakład dużego ryzyka (ZDR) dolnośląskie-miejski-17-02-02066,IK11,chemical,zakład dużego ryzyka (ZDR),02,0217002,K1,0,0,0,0,0,0,0.0,0.0,marginalny
IK-11-02067,zakład dużego ryzyka (ZDR) dolnośląskie-zachodni-27-02-02067,IK11,chemical,zakład dużego ryzyka (ZDR),02,0227002,K1,0,0,0,0,0,0,0.0,0.0,marginalny
IK-11-02068,zakład dużego ryzyka (ZDR) opolskie-wschodni-02-04-02068,IK11,chemical,zakład dużego ryzyka (ZDR),16,1602004,K2,0,0,0,0,0,0,0.0,0.0,marginalny
IK-11-02069,zakład dużego ryzyka (ZDR) pomorskie-zachodni-09-04-02069,IK11,chemical,zakład dużego ryzyka (ZDR),22,2209004,K1,0,0,0,0,0,0,0.0,0.0,marginalny
IK-11-02070,zakład dużego ryzyka (ZDR) opolskie-wschodni-08-07-02070,IK11,chemical,zakład dużego ryzyka (ZDR),16,1608007,K1,0,0,0,0,0,0,0.0,0.0,marginalny
IK-11-02071,zakład dużego ryzyka (ZDR) dolnośląskie-zachodni-15-03-02071,IK11,chemical,zakład dużego ryzyka (ZDR),02,0215003,K1,0,0,0,0,0,0,0.0,0.0,marginalny
IK-11-02072,zakład dużego ryzyka (ZDR) łódzkie-centralny-22-01-02072,IK11,chemical,zakład dużego ryzyka (ZDR),10,1022001,K1,0,0,0,0,0,0,0.0,0.0,marginalny
IK-11-02073,zakład dużego ryzyka (ZDR) podlaskie-zachodni-09-06-02073,IK11,chemical,zakład dużego ryzyka (ZDR),20,2009006,K1,0,0,0,0,0,0,0.0,0.0,marginalny
IK-10-02043,węzeł teleinformatyczny urzędu kujawsko-pomorskie-zachodni-21-03-02043,IK10,admin,węzeł teleinformatyczny urzędu,04,0421003,K3,0,0,0,0,0,0,0.0,0.0,marginalny
