node_id,node_name,system_code,system_group,node_type,voivodeship_code,powiat_code,gmina_code,criticality_class,population_served,fail_hour,wave,cause_node_id,cause_dependency,gmina_name,cause_node_name,fail_time
IK-01-00042,GPZ 110/SN dolnośląskie-północny-18-04-00042,IK01,energy,GPZ 110/SN,02,0218,0218004,K2,85867,0.0,0,,seed,gmina dolnośląskie-północny-18-04,,2026-09-12T06:00+0200
IK-01-00111,GPZ 110/SN dolnośląskie-zachodni-21-02-00111,IK01,energy,GPZ 110/SN,02,0221,0221002,K1,53004,0.0,0,,seed,gmina dolnośląskie-zachodni-21-02,,2026-09-12T06:00+0200
IK-01-00250,elektrownia systemowa dolnośląskie-zachodni-09-05-00250,IK01,energy,elektrownia systemowa,02,0209,0209005,K1,993739,0.0,0,,seed,gmina dolnośląskie-zachodni-09-05,,2026-09-12T06:00+0200
IK-01-00352,magazyn/terminal paliw dolnośląskie-zachodni-27-03-00352,IK01,energy,magazyn/terminal paliw,02,0227,0227003,K2,415999,0.0,0,,seed,gmina dolnośląskie-zachodni-27-03,,2026-09-12T06:00+0200
IK-01-00385,stacja redukcyjna gazu dolnośląskie-północny-18-07-00385,IK01,energy,stacja redukcyjna gazu,02,0218,0218007,K3,49789,0.0,0,,seed,gmina dolnośląskie-północny-18-07,,2026-09-12T06:00+0200
IK-02-00438,węzeł szkieletowy telekom dolnośląskie-północny-06-01-00438,IK02,telecom,węzeł szkieletowy telekom,02,0206,0206001,K1,592036,0.0,0,,seed,gmina dolnośląskie-północny-06-01,,2026-09-12T06:00+0200
IK-02-00445,węzeł szkieletowy telekom dolnośląskie-wschodni-26-02-00445,IK02,telecom,węzeł szkieletowy telekom,02,0226,0226002,K2,275013,0.0,0,,seed,gmina dolnośląskie-wschodni-26-02,,2026-09-12T06:00+0200
IK-02-00455,węzeł szkieletowy telekom dolnośląskie-miejski-05-01-00455,IK02,telecom,węzeł szkieletowy telekom,02,0205,0205001,K1,240854,0.0,0,,seed,gmina dolnośląskie-miejski-05-01,,2026-09-12T06:00+0200
IK-02-00600,węzeł agregacyjny/RAN hub dolnośląskie-północny-18-03-00600,IK02,telecom,węzeł agregacyjny/RAN hub,02,0218,0218003,K3,80574,0.0,0,,seed,gmina dolnośląskie-północny-18-03,,2026-09-12T06:00+0200
IK-02-00606,węzeł agregacyjny/RAN hub dolnośląskie-zachodni-21-02-00606,IK02,telecom,węzeł agregacyjny/RAN hub,02,0221,0221002,K3,36446,0.0,0,,seed,gmina dolnośląskie-zachodni-21-02,,2026-09-12T06:00+0200
IK-03-00735,węzeł sieci rządowej dolnośląskie-zachodni-27-01-00735,IK03,ict,węzeł sieci rządowej,02,0227,0227001,K1,312668,0.0,0,,seed,gmina dolnośląskie-zachodni-27-01,,2026-09-12T06:00+0200
IK-03-00796,system rejestrów państwowych dolnośląskie-zachodni-21-07-00796,IK03,ict,system rejestrów państwowych,02,0221,0221007,K2,778164,0.0,0,,seed,gmina dolnośląskie-zachodni-21-07,,2026-09-12T06:00+0200
IK-03-00824,system rejestrów państwowych dolnośląskie-południowy-13-04-00824,IK03,ict,system rejestrów państwowych,02,0213,0213004,K2,1116256,0.0,0,,seed,gmina dolnośląskie-południowy-13-04,,2026-09-12T06:00+0200
IK-04-00844,centrum rozliczeniowe dolnośląskie-wschodni-02-01-00844,IK04,finance,centrum rozliczeniowe,02,0202,0202001,K3,1006395,0.0,0,,seed,gmina dolnośląskie-wschodni-02-01,,2026-09-12T06:00+0200
IK-04-00853,centrum przetwarzania banku dolnośląskie-północny-24-03-00853,IK04,finance,centrum przetwarzania banku,02,0224,0224003,K3,683438,0.0,0,,seed,gmina dolnośląskie-północny-24-03,,2026-09-12T06:00+0200
IK-04-00909,hurtownia wartości/gotówki dolnośląskie-północny-12-07-00909,IK04,finance,hurtownia wartości/gotówki,02,0212,0212007,K3,291714,0.0,0,,seed,gmina dolnośląskie-północny-12-07,,2026-09-12T06:00+0200
IK-05-00925,magazyn rezerw strategicznych dolnośląskie-wschodni-14-01-00925,IK05,food,magazyn rezerw strategicznych,02,0214,0214001,K2,229928,0.0,0,,seed,gmina dolnośląskie-wschodni-14-01,,2026-09-12T06:00+0200
IK-05-00966,chłodnia składowa dolnośląskie-wschodni-20-04-00966,IK05,food,chłodnia składowa,02,0220,0220004,K3,215861,0.0,0,,seed,gmina dolnośląskie-wschodni-20-04,,2026-09-12T06:00+0200
IK-05-00967,chłodnia składowa dolnośląskie-południowy-07-07-00967,IK05,food,chłodnia składowa,02,0207,0207007,K3,189768,0.0,0,,seed,gmina dolnośląskie-południowy-07-07,,2026-09-12T06:00+0200
IK-05-01020,zakład przetwórstwa spożywczego dolnośląskie-północny-06-03-01020,IK05,food,zakład przetwórstwa spożywczego,02,0206,0206003,K3,199624,0.0,0,,seed,gmina dolnośląskie-północny-06-03,,2026-09-12T06:00+0200
IK-05-01044,zakład przetwórstwa spożywczego dolnośląskie-południowy-13-04-01044,IK05,food,zakład przetwórstwa spożywczego,02,0213,0213004,K3,56092,0.0,0,,seed,gmina dolnośląskie-południowy-13-04,,2026-09-12T06:00+0200
IK-06-01137,ujęcie wody dolnośląskie-miejski-23-06-01137,IK06,water,ujęcie wody,02,0223,0223006,K2,18812,0.0,0,,seed,gmina dolnośląskie-miejski-23-06,,2026-09-12T06:00+0200
IK-06-01187,stacja uzdatniania wody dolnośląskie-miejski-23-07-01187,IK06,water,stacja uzdatniania wody,02,0223,0223007,K2,80893,0.0,0,,seed,gmina dolnośląskie-miejski-23-07,,2026-09-12T06:00+0200
IK-06-01192,stacja uzdatniania wody dolnośląskie-zachodni-03-03-01192,IK06,water,stacja uzdatniania wody,02,0203,0203003,K1,54826,0.0,0,,seed,gmina dolnośląskie-zachodni-03-03,,2026-09-12T06:00+0200
IK-06-01233,stacja uzdatniania wody dolnośląskie-południowy-07-04-01233,IK06,water,stacja uzdatniania wody,02,0207,0207004,K3,38028,0.0,0,,seed,gmina dolnośląskie-południowy-07-04,,2026-09-12T06:00+0200
IK-06-01248,przepompownia wody dolnośląskie-miejski-23-01-01248,IK06,water,przepompownia wody,02,0223,0223001,K3,34403,0.0,0,,seed,gmina dolnośląskie-miejski-23-01,,2026-09-12T06:00+0200
IK-06-01250,przepompownia wody dolnośląskie-północny-12-07-01250,IK06,water,przepompownia wody,02,0212,0212007,K3,36993,0.0,0,,seed,gmina dolnośląskie-północny-12-07,,2026-09-12T06:00+0200
IK-06-01284,przepompownia wody dolnośląskie-południowy-07-07-01284,IK06,water,przepompownia wody,02,0207,0207007,K3,29199,0.0,0,,seed,gmina dolnośląskie-południowy-07-07,,2026-09-12T06:00+0200
IK-06-01299,przepompownia wody dolnośląskie-centralny-16-01-01299,IK06,water,przepompownia wody,02,0216,0216001,K3,19505,0.0,0,,seed,gmina dolnośląskie-centralny-16-01,,2026-09-12T06:00+0200
IK-06-01346,oczyszczalnia ścieków dolnośląskie-zachodni-03-04-01346,IK06,water,oczyszczalnia ścieków,02,0203,0203004,K3,23748,0.0,0,,seed,gmina dolnośląskie-zachodni-03-04,,2026-09-12T06:00+0200
IK-07-01399,szpital wielospecjalistyczny dolnośląskie-północny-06-01-01399,IK07,health,szpital wielospecjalistyczny,02,0206,0206001,K1,132474,0.0,0,,seed,gmina dolnośląskie-północny-06-01,,2026-09-12T06:00+0200
IK-07-01401,szpital wielospecjalistyczny dolnośląskie-centralny-22-05-01401,IK07,health,szpital wielospecjalistyczny,02,0222,0222005,K1,440628,0.0,0,,seed,gmina dolnośląskie-centralny-22-05,,2026-09-12T06:00+0200
IK-07-01415,szpital wielospecjalistyczny dolnośląskie-wschodni-26-05-01415,IK07,health,szpital wielospecjalistyczny,02,0226,0226005,K1,99465,0.0,0,,seed,gmina dolnośląskie-wschodni-26-05,,2026-09-12T06:00+0200
IK-07-01460,szpital powiatowy dolnośląskie-północny-18-06-01460,IK07,health,szpital powiatowy,02,0218,0218006,K2,29333,0.0,0,,seed,gmina dolnośląskie-północny-18-06,,2026-09-12T06:00+0200
IK-07-01510,szpital powiatowy dolnośląskie-południowy-13-02-01510,IK07,health,szpital powiatowy,02,0213,0213002,K2,48595,0.0,0,,seed,gmina dolnośląskie-południowy-13-02,,2026-09-12T06:00+0200
IK-07-01520,szpital powiatowy dolnośląskie-zachodni-03-04-01520,IK07,health,szpital powiatowy,02,0203,0203004,K2,47843,0.0,0,,seed,gmina dolnośląskie-zachodni-03-04,,2026-09-12T06:00+0200
IK-07-01580,bank krwi / magazyn farmaceutyczny dolnośląskie-zachodni-21-02-01580,IK07,health,bank krwi / magazyn farmaceutyczny,02,0221,0221002,K1,861429,0.0,0,,seed,gmina dolnośląskie-zachodni-21-02,,2026-09-12T06:00+0200
IK-08-01617,węzeł kolejowy dolnośląskie-północny-06-05-01617,IK08,transport,węzeł kolejowy,02,0206,0206005,K2,207246,0.0,0,,seed,gmina dolnośląskie-północny-06-05,,2026-09-12T06:00+0200
IK-08-01694,most/przeprawa krytyczna dolnośląskie-południowy-19-01-01694,IK08,transport,most/przeprawa krytyczna,02,0219,0219001,K3,94846,0.0,0,,seed,gmina dolnośląskie-południowy-19-01,,2026-09-12T06:00+0200
IK-08-01701,most/przeprawa krytyczna dolnośląskie-południowy-25-05-01701,IK08,transport,most/przeprawa krytyczna,02,0225,0225005,K2,72010,0.0,0,,seed,gmina dolnośląskie-południowy-25-05,,2026-09-12T06:00+0200
IK-08-01713,most/przeprawa krytyczna dolnośląskie-zachodni-15-05-01713,IK08,transport,most/przeprawa krytyczna,02,0215,0215005,K3,109265,0.0,0,,seed,gmina dolnośląskie-zachodni-15-05,,2026-09-12T06:00+0200
IK-08-01721,most/przeprawa krytyczna dolnośląskie-zachodni-27-07-01721,IK08,transport,most/przeprawa krytyczna,02,0227,0227007,K2,122937,0.0,0,,seed,gmina dolnośląskie-zachodni-27-07,,2026-09-12T06:00+0200
IK-08-01726,most/przeprawa krytyczna dolnośląskie-centralny-04-04-01726,IK08,transport,most/przeprawa krytyczna,02,0204,0204004,K2,90766,0.0,0,,seed,gmina dolnośląskie-centralny-04-04,,2026-09-12T06:00+0200
IK-08-01797,centrum sterowania ruchem dolnośląskie-północny-06-04-01797,IK08,transport,centrum sterowania ruchem,02,0206,0206004,K2,239586,0.0,0,,seed,gmina dolnośląskie-północny-06-04,,2026-09-12T06:00+0200
IK-08-01805,centrum sterowania ruchem dolnośląskie-wschodni-02-01-01805,IK08,transport,centrum sterowania ruchem,02,0202,0202001,K3,105022,0.0,0,,seed,gmina dolnośląskie-wschodni-02-01,,2026-09-12T06:00+0200
IK-09-01843,jednostka ratowniczo-gaśnicza PSP dolnośląskie-północny-06-07-01843,IK09,rescue,jednostka ratowniczo-gaśnicza PSP,02,0206,0206007,K2,129530,0.0,0,,seed,gmina dolnośląskie-północny-06-07,,2026-09-12T06:00+0200
IK-09-01862,jednostka ratowniczo-gaśnicza PSP dolnośląskie-zachodni-15-03-01862,IK09,rescue,jednostka ratowniczo-gaśnicza PSP,02,0215,0215003,K2,28669,0.0,0,,seed,gmina dolnośląskie-zachodni-15-03,,2026-09-12T06:00+0200
IK-09-01895,centrum powiadamiania ratunkowego dolnośląskie-centralny-22-02-01895,IK09,rescue,centrum powiadamiania ratunkowego,02,0222,0222002,K1,597136,0.0,0,,seed,gmina dolnośląskie-centralny-22-02,,2026-09-12T06:00+0200
IK-09-01903,centrum powiadamiania ratunkowego dolnośląskie-centralny-28-03-01903,IK09,rescue,centrum powiadamiania ratunkowego,02,0228,0228003,K1,1389490,0.0,0,,seed,gmina dolnośląskie-centralny-28-03,,2026-09-12T06:00+0200
IK-10-01930,centrum zarządzania kryzysowego dolnośląskie-południowy-13-01-01930,IK10,admin,centrum zarządzania kryzysowego,02,0213,0213001,K1,230577,0.0,0,,seed,gmina dolnośląskie-południowy-13-01,,2026-09-12T06:00+0200
IK-10-01971,centrum zarządzania kryzysowego dolnośląskie-centralny-04-01-01971,IK10,admin,centrum zarządzania kryzysowego,02,0204,0204001,K1,1584779,0.0,0,,seed,gmina dolnośląskie-centralny-04-01,,2026-09-12T06:00+0200
IK-10-02017,węzeł teleinformatyczny urzędu dolnośląskie-północny-24-05-02017,IK10,admin,węzeł teleinformatyczny urzędu,02,0224,0224005,K3,77405,0.0,0,,seed,gmina dolnośląskie-północny-24-05,,2026-09-12T06:00+0200
IK-03-00790,system rejestrów państwowych dolnośląskie-północny-18-02-00790,IK03,ict,system rejestrów państwowych,02,0218,0218002,K1,427252,0.55,1,IK-02-00438,telecom,gmina dolnośląskie-północny-18-02,węzeł szkieletowy telekom dolnośląskie-północny-06-01-00438,2026-09-12T06:33+0200
IK-03-00717,centrum przetwarzania danych dolnośląskie-północny-24-06-00717,IK03,ict,centrum przetwarzania danych,02,0224,0224006,K1,3200000,0.62,1,IK-02-00445,telecom,gmina dolnośląskie-północny-24-06,węzeł szkieletowy telekom dolnośląskie-wschodni-26-02-00445,2026-09-12T06:37+0200
IK-04-00847,centrum rozliczeniowe dolnośląskie-północny-18-01-00847,IK04,finance,centrum rozliczeniowe,02,0218,0218001,K1,1116994,0.65,1,IK-02-00438,telecom,gmina dolnośląskie-północny-18-01,węzeł szkieletowy telekom dolnośląskie-północny-06-01-00438,2026-09-12T06:39+0200
IK-03-00807,system rejestrów państwowych dolnośląskie-zachodni-15-04-00807,IK03,ict,system rejestrów państwowych,02,0215,0215004,K1,1548800,0.65,1,IK-02-00455,telecom,gmina dolnośląskie-zachodni-15-04,węzeł szkieletowy telekom dolnośląskie-miejski-05-01-00455,2026-09-12T06:39+0200
IK-02-00592,węzeł agregacyjny/RAN hub dolnośląskie-północny-24-04-00592,IK02,telecom,węzeł agregacyjny/RAN hub,02,0224,0224004,K3,72602,0.69,1,IK-03-00796,ict,gmina dolnośląskie-północny-24-04,system rejestrów państwowych dolnośląskie-zachodni-21-07-00796,2026-09-12T06:41+0200
IK-10-01929,centrum zarządzania kryzysowego dolnośląskie-centralny-10-06-01929,IK10,admin,centrum zarządzania kryzysowego,02,0210,0210006,K1,355113,0.71,1,IK-03-00796,ict,gmina dolnośląskie-centralny-10-06,system rejestrów państwowych dolnośląskie-zachodni-21-07-00796,2026-09-12T06:42+0200
IK-10-02008,węzeł teleinformatyczny urzędu dolnośląskie-zachodni-15-05-02008,IK10,admin,węzeł teleinformatyczny urzędu,02,0215,0215005,K2,217995,0.75,1,IK-02-00438,telecom,gmina dolnośląskie-zachodni-15-05,węzeł szkieletowy telekom dolnośląskie-północny-06-01-00438,2026-09-12T06:45+0200
IK-09-01825,jednostka ratowniczo-gaśnicza PSP dolnośląskie-północny-06-02-01825,IK09,rescue,jednostka ratowniczo-gaśnicza PSP,02,0206,0206002,K2,16109,0.88,1,IK-02-00438,telecom,gmina dolnośląskie-północny-06-02,węzeł szkieletowy telekom dolnośląskie-północny-06-01-00438,2026-09-12T06:52+0200
IK-01-00013,stacja NN 400/220 kV dolnośląskie-zachodni-15-06-00013,IK01,energy,stacja NN 400/220 kV,02,0215,0215006,K1,382971,1.0,0,,seed,gmina dolnośląskie-zachodni-15-06,,2026-09-12T07:00+0200
IK-02-00436,węzeł szkieletowy telekom dolnośląskie-północny-12-04-00436,IK02,telecom,węzeł szkieletowy telekom,02,0212,0212004,K1,301355,1.0,0,,seed,gmina dolnośląskie-północny-12-04,,2026-09-12T07:00+0200
IK-02-00635,węzeł agregacyjny/RAN hub dolnośląskie-miejski-17-07-00635,IK02,telecom,węzeł agregacyjny/RAN hub,02,0217,0217007,K3,57838,1.0,0,,seed,gmina dolnośląskie-miejski-17-07,,2026-09-12T07:00+0200
IK-05-00960,chłodnia składowa dolnośląskie-zachodni-03-01-00960,IK05,food,chłodnia składowa,02,0203,0203001,K3,202533,1.0,0,,seed,gmina dolnośląskie-zachodni-03-01,,2026-09-12T07:00+0200
IK-06-01155,stacja uzdatniania wody dolnośląskie-wschodni-02-03-01155,IK06,water,stacja uzdatniania wody,02,0202,0202003,K1,27472,1.0,0,,seed,gmina dolnośląskie-wschodni-02-03,,2026-09-12T07:00+0200
IK-07-01467,szpital powiatowy dolnośląskie-zachodni-27-07-01467,IK07,health,szpital powiatowy,02,0227,0227007,K2,171977,1.0,0,,seed,gmina dolnośląskie-zachodni-27-07,,2026-09-12T07:00+0200
IK-09-01817,jednostka ratowniczo-gaśnicza PSP dolnośląskie-wschodni-14-03-01817,IK09,rescue,jednostka ratowniczo-gaśnicza PSP,02,0214,0214003,K2,68076,1.0,0,,seed,gmina dolnośląskie-wschodni-14-03,,2026-09-12T07:00+0200
IK-09-01926,baza lotniczego pogotowia dolnośląskie-wschodni-02-01-01926,IK09,rescue,baza lotniczego pogotowia,02,0202,0202001,K2,661289,1.0,0,,seed,gmina dolnośląskie-wschodni-02-01,,2026-09-12T07:00+0200
IK-10-01941,centrum zarządzania kryzysowego dolnośląskie-centralny-28-04-01941,IK10,admin,centrum zarządzania kryzysowego,02,0228,0228004,K1,163415,1.0,0,,seed,gmina dolnośląskie-centralny-28-04,,2026-09-12T07:00+0200
IK-10-01970,centrum zarządzania kryzysowego dolnośląskie-zachodni-15-03-01970,IK10,admin,centrum zarządzania kryzysowego,02,0215,0215003,K1,512671,1.0,0,,seed,gmina dolnośląskie-zachodni-15-03,,2026-09-12T07:00+0200
IK-01-00049,GPZ 110/SN dolnośląskie-miejski-23-03-00049,IK01,energy,GPZ 110/SN,02,0223,0223003,K3,23985,1.0,1,IK-01-00013,electricity,gmina dolnośląskie-miejski-23-03,stacja NN 400/220 kV dolnośląskie-zachodni-15-06-00013,2026-09-12T07:00+0200
IK-01-00069,GPZ 110/SN dolnośląskie-centralny-22-04-00069,IK01,energy,GPZ 110/SN,02,0222,0222004,K2,43724,1.0,1,IK-01-00013,electricity,gmina dolnośląskie-centralny-22-04,stacja NN 400/220 kV dolnośląskie-zachodni-15-06-00013,2026-09-12T07:00+0200
IK-01-00078,GPZ 110/SN dolnośląskie-południowy-19-05-00078,IK01,energy,GPZ 110/SN,02,0219,0219005,K3,59653,1.0,1,IK-01-00013,electricity,gmina dolnośląskie-południowy-19-05,stacja NN 400/220 kV dolnośląskie-zachodni-15-06-00013,2026-09-12T07:00+0200
IK-01-00112,GPZ 110/SN dolnośląskie-wschodni-14-04-00112,IK01,energy,GPZ 110/SN,02,0214,0214004,K2,49678,1.0,1,IK-01-00013,electricity,gmina dolnośląskie-wschodni-14-04,stacja NN 400/220 kV dolnośląskie-zachodni-15-06-00013,2026-09-12T07:00+0200
IK-01-00120,GPZ 110/SN dolnośląskie-centralny-28-06-00120,IK01,energy,GPZ 110/SN,02,0228,0228006,K2,28944,1.0,1,IK-01-00013,electricity,gmina dolnośląskie-centralny-28-06,stacja NN 400/220 kV dolnośląskie-zachodni-15-06-00013,2026-09-12T07:00+0200
IK-01-00143,GPZ 110/SN dolnośląskie-centralny-10-05-00143,IK01,energy,GPZ 110/SN,02,0210,0210005,K2,86617,1.0,1,IK-01-00013,electricity,gmina dolnośląskie-centralny-10-05,stacja NN 400/220 kV dolnośląskie-zachodni-15-06-00013,2026-09-12T07:00+0200
IK-01-00154,GPZ 110/SN dolnośląskie-zachodni-03-02-00154,IK01,energy,GPZ 110/SN,02,0203,0203002,K2,82349,1.0,1,IK-01-00013,electricity,gmina dolnośląskie-zachodni-03-02,stacja NN 400/220 kV dolnośląskie-zachodni-15-06-00013,2026-09-12T07:00+0200
IK-01-00192,GPZ 110/SN dolnośląskie-wschodni-26-06-00192,IK01,energy,GPZ 110/SN,02,0226,0226006,K2,32807,1.0,1,IK-01-00013,electricity,gmina dolnośląskie-wschodni-26-06,stacja NN 400/220 kV dolnośląskie-zachodni-15-06-00013,2026-09-12T07:00+0200
IK-01-00193,GPZ 110/SN dolnośląskie-zachodni-21-06-00193,IK01,energy,GPZ 110/SN,02,0221,0221006,K2,92353,1.0,1,IK-01-00013,electricity,gmina dolnośląskie-zachodni-21-06,stacja NN 400/220 kV dolnośląskie-zachodni-15-06-00013,2026-09-12T07:00+0200
IK-01-00217,GPZ 110/SN dolnośląskie-wschodni-26-05-00217,IK01,energy,GPZ 110/SN,02,0226,0226005,K2,50263,1.0,1,IK-01-00013,electricity,gmina dolnośląskie-wschodni-26-05,stacja NN 400/220 kV dolnośląskie-zachodni-15-06-00013,2026-09-12T07:00+0200
IK-01-00225,GPZ 110/SN dolnośląskie-południowy-07-01-00225,IK01,energy,GPZ 110/SN,02,0207,0207001,K1,62303,1.0,1,IK-01-00013,electricity,gmina dolnośląskie-południowy-07-01,stacja NN 400/220 kV dolnośląskie-zachodni-15-06-00013,2026-09-12T07:00+0200
IK-01-00233,GPZ 110/SN dolnośląskie-wschodni-14-06-00233,IK01,energy,GPZ 110/SN,02,0214,0214006,K2,83395,1.0,1,IK-01-00013,electricity,gmina dolnośląskie-wschodni-14-06,stacja NN 400/220 kV dolnośląskie-zachodni-15-06-00013,2026-09-12T07:00+0200
IK-01-00238,GPZ 110/SN dolnośląskie-południowy-01-06-00238,IK01,energy,GPZ 110/SN,02,0201,0201006,K1,66617,1.0,1,IK-01-00013,electricity,gmina dolnośląskie-południowy-01-06,stacja NN 400/220 kV dolnośląskie-zachodni-15-06-00013,2026-09-12T07:00+0200
IK-02-00670,węzeł agregacyjny/RAN hub dolnośląskie-zachodni-15-06-00670,IK02,telecom,węzeł agregacyjny/RAN hub,02,0215,0215006,K3,36556,1.0,2,IK-01-00049,electricity,gmina dolnośląskie-zachodni-15-06,GPZ 110/SN dolnośląskie-miejski-23-03-00049,2026-09-12T07:00+0200
IK-08-01672,most/przeprawa krytyczna dolnośląskie-centralny-04-03-01672,IK08,transport,most/przeprawa krytyczna,02,0204,0204003,K2,68902,1.0,2,IK-01-00049,electricity,gmina dolnośląskie-centralny-04-03,GPZ 110/SN dolnośląskie-miejski-23-03-00049,2026-09-12T07:00+0200
IK-01-00359,magazyn/terminal paliw dolnośląskie-południowy-19-04-00359,IK01,energy,magazyn/terminal paliw,02,0219,0219004,K2,154275,1.0,2,IK-01-00049,electricity,gmina dolnośląskie-południowy-19-04,GPZ 110/SN dolnośląskie-miejski-23-03-00049,2026-09-12T07:00+0200
IK-08-01683,most/przeprawa krytyczna dolnośląskie-wschodni-26-07-01683,IK08,transport,most/przeprawa krytyczna,02,0226,0226007,K3,71392,1.0,2,IK-01-00078,electricity,gmina dolnośląskie-wschodni-26-07,GPZ 110/SN dolnośląskie-południowy-19-05-00078,2026-09-12T07:00+0200
IK-08-01700,most/przeprawa krytyczna dolnośląskie-wschodni-14-04-01700,IK08,transport,most/przeprawa krytyczna,02,0214,0214004,K2,58221,1.0,2,IK-01-00112,electricity,gmina dolnośląskie-wschodni-14-04,GPZ 110/SN dolnośląskie-wschodni-14-04-00112,2026-09-12T07:00+0200
IK-07-01539,centrum dializ dolnośląskie-południowy-19-02-01539,IK07,health,centrum dializ,02,0219,0219002,K3,1146,1.0,2,IK-01-00120,electricity,gmina dolnośląskie-południowy-19-02,GPZ 110/SN dolnośląskie-centralny-28-06-00120,2026-09-12T07:00+0200
IK-01-00360,magazyn/terminal paliw dolnośląskie-południowy-07-02-00360,IK01,energy,magazyn/terminal paliw,02,0207,0207002,K2,1087642,1.0,2,IK-01-00192,electricity,gmina dolnośląskie-południowy-07-02,GPZ 110/SN dolnośląskie-wschodni-26-06-00192,2026-09-12T07:00+0200
IK-03-00764,węzeł sieci rządowej dolnośląskie-centralny-10-01-00764,IK03,ict,węzeł sieci rządowej,02,0210,0210001,K1,456053,1.0,2,IK-01-00193,electricity,gmina dolnośląskie-centralny-10-01,GPZ 110/SN dolnośląskie-zachodni-21-06-00193,2026-09-12T07:00+0200
IK-05-01013,zakład przetwórstwa spożywczego dolnośląskie-wschodni-26-04-01013,IK05,food,zakład przetwórstwa spożywczego,02,0226,0226004,K3,88031,1.0,2,IK-01-00193,electricity,gmina dolnośląskie-wschodni-26-04,GPZ 110/SN dolnośląskie-zachodni-21-06-00193,2026-09-12T07:00+0200
IK-01-00402,stacja redukcyjna gazu dolnośląskie-wschodni-14-01-00402,IK01,energy,stacja redukcyjna gazu,02,0214,0214001,K2,79129,1.0,2,IK-01-00193,electricity,gmina dolnośląskie-wschodni-14-01,GPZ 110/SN dolnośląskie-zachodni-21-06-00193,2026-09-12T07:00+0200
IK-02-00476,węzeł szkieletowy telekom dolnośląskie-centralny-04-06-00476,IK02,telecom,węzeł szkieletowy telekom,02,0204,0204006,K2,1252150,1.0,2,IK-01-00217,electricity,gmina dolnośląskie-centralny-04-06,GPZ 110/SN dolnośląskie-wschodni-26-05-00217,2026-09-12T07:00+0200
IK-05-01016,zakład przetwórstwa spożywczego dolnośląskie-centralny-28-04-01016,IK05,food,zakład przetwórstwa spożywczego,02,0228,0228004,K3,322260,1.0,2,IK-01-00217,electricity,gmina dolnośląskie-centralny-28-04,GPZ 110/SN dolnośląskie-wschodni-26-05-00217,2026-09-12T07:00+0200
IK-06-01355,oczyszczalnia ścieków dolnośląskie-miejski-05-01-01355,IK06,water,oczyszczalnia ścieków,02,0205,0205001,K3,103081,1.0,2,IK-01-00217,electricity,gmina dolnośląskie-miejski-05-01,GPZ 110/SN dolnośląskie-wschodni-26-05-00217,2026-09-12T07:00+0200
IK-08-01671,most/przeprawa krytyczna dolnośląskie-południowy-25-04-01671,IK08,transport,most/przeprawa krytyczna,02,0225,0225004,K2,91619,1.0,2,IK-01-00233,electricity,gmina dolnośląskie-południowy-25-04,GPZ 110/SN dolnośląskie-wschodni-14-06-00233,2026-09-12T07:00+0200
IK-10-01981,centrum zarządzania kryzysowego dolnośląskie-zachodni-15-04-01981,IK10,admin,centrum zarządzania kryzysowego,02,0215,0215004,K1,882029,1.15,2,IK-03-00807,ict,gmina dolnośląskie-zachodni-15-04,system rejestrów państwowych dolnośląskie-zachodni-15-04-00807,2026-09-12T07:09+0200
IK-04-00892,hurtownia wartości/gotówki dolnośląskie-centralny-28-04-00892,IK04,finance,hurtownia wartości/gotówki,02,0228,0228004,K3,451481,1.22,3,IK-02-00476,telecom,gmina dolnośląskie-centralny-28-04,węzeł szkieletowy telekom dolnośląskie-centralny-04-06-00476,2026-09-12T07:13+0200
IK-04-00860,centrum przetwarzania banku dolnośląskie-wschodni-20-01-00860,IK04,finance,centrum przetwarzania banku,02,0220,0220001,K2,916446,1.28,3,IK-02-00476,telecom,gmina dolnośląskie-wschodni-20-01,węzeł szkieletowy telekom dolnośląskie-centralny-04-06-00476,2026-09-12T07:16+0200
IK-10-01939,centrum zarządzania kryzysowego dolnośląskie-zachodni-15-02-01939,IK10,admin,centrum zarządzania kryzysowego,02,0215,0215002,K2,489465,1.37,2,IK-03-00807,ict,gmina dolnośląskie-zachodni-15-02,system rejestrów państwowych dolnośląskie-zachodni-15-04-00807,2026-09-12T07:22+0200
IK-04-00843,centrum rozliczeniowe dolnośląskie-wschodni-20-02-00843,IK04,finance,centrum rozliczeniowe,02,0220,0220002,K2,1841060,1.42,3,IK-02-00476,telecom,gmina dolnośląskie-wschodni-20-02,węzeł szkieletowy telekom dolnośląskie-centralny-04-06-00476,2026-09-12T07:25+0200
IK-04-00916,hurtownia wartości/gotówki dolnośląskie-centralny-04-03-00916,IK04,finance,hurtownia wartości/gotówki,02,0204,0204003,K2,183145,1.5,3,IK-03-00764,ict,gmina dolnośląskie-centralny-04-03,węzeł sieci rządowej dolnośląskie-centralny-10-01-00764,2026-09-12T07:30+0200
IK-03-00793,system rejestrów państwowych dolnośląskie-wschodni-26-05-00793,IK03,ict,system rejestrów państwowych,02,0226,0226005,K1,391671,1.51,3,IK-02-00476,telecom,gmina dolnośląskie-wschodni-26-05,węzeł szkieletowy telekom dolnośląskie-centralny-04-06-00476,2026-09-12T07:30+0200
IK-02-00479,węzeł szkieletowy telekom dolnośląskie-centralny-04-03-00479,IK02,telecom,węzeł szkieletowy telekom,02,0204,0204003,K1,772966,1.54,3,IK-03-00764,ict,gmina dolnośląskie-centralny-04-03,węzeł sieci rządowej dolnośląskie-centralny-10-01-00764,2026-09-12T07:32+0200
IK-03-00763,węzeł sieci rządowej dolnośląskie-wschodni-26-05-00763,IK03,ict,węzeł sieci rządowej,02,0226,0226005,K1,294527,1.54,3,IK-02-00476,telecom,gmina dolnośląskie-wschodni-26-05,węzeł szkieletowy telekom dolnośląskie-centralny-04-06-00476,2026-09-12T07:32+0200
IK-04-00886,centrum przetwarzania banku dolnośląskie-zachodni-09-04-00886,IK04,finance,centrum przetwarzania banku,02,0209,0209004,K2,891472,1.55,1,IK-02-00436,telecom,gmina dolnośląskie-zachodni-09-04,węzeł szkieletowy telekom dolnośląskie-północny-12-04-00436,2026-09-12T07:33+0200
IK-04-00837,centrum rozliczeniowe dolnośląskie-miejski-23-05-00837,IK04,finance,centrum rozliczeniowe,02,0223,0223005,K2,1245366,1.55,3,IK-02-00476,telecom,gmina dolnośląskie-miejski-23-05,węzeł szkieletowy telekom dolnośląskie-centralny-04-06-00476,2026-09-12T07:33+0200
IK-10-02014,węzeł teleinformatyczny urzędu dolnośląskie-centralny-10-06-02014,IK10,admin,węzeł teleinformatyczny urzędu,02,0210,0210006,K3,123157,1.61,3,IK-02-00670,telecom,gmina dolnośląskie-centralny-10-06,węzeł agregacyjny/RAN hub dolnośląskie-zachodni-15-06-00670,2026-09-12T07:36+0200
IK-09-01828,jednostka ratowniczo-gaśnicza PSP dolnośląskie-centralny-22-04-01828,IK09,rescue,jednostka ratowniczo-gaśnicza PSP,02,0222,0222004,K2,52810,1.67,3,IK-02-00476,telecom,gmina dolnośląskie-centralny-22-04,węzeł szkieletowy telekom dolnośląskie-centralny-04-06-00476,2026-09-12T07:40+0200
IK-04-00840,centrum rozliczeniowe dolnośląskie-centralny-10-01-00840,IK04,finance,centrum rozliczeniowe,02,0210,0210001,K1,650380,1.7,3,IK-03-00764,ict,gmina dolnośląskie-centralny-10-01,węzeł sieci rządowej dolnośląskie-centralny-10-01-00764,2026-09-12T07:42+0200
IK-02-00462,węzeł szkieletowy telekom dolnośląskie-miejski-23-03-00462,IK02,telecom,węzeł szkieletowy telekom,02,0223,0223003,K2,841759,1.77,3,IK-03-00764,ict,gmina dolnośląskie-miejski-23-03,węzeł sieci rządowej dolnośląskie-centralny-10-01-00764,2026-09-12T07:46+0200
IK-09-01899,centrum powiadamiania ratunkowego dolnośląskie-północny-12-05-01899,IK09,rescue,centrum powiadamiania ratunkowego,02,0212,0212005,K1,1667688,1.79,1,IK-02-00436,telecom,gmina dolnośląskie-północny-12-05,węzeł szkieletowy telekom dolnośląskie-północny-12-04-00436,2026-09-12T07:47+0200
IK-03-00726,węzeł sieci rządowej dolnośląskie-centralny-04-05-00726,IK03,ict,węzeł sieci rządowej,02,0204,0204005,K1,268950,1.91,4,IK-02-00479,telecom,gmina dolnośląskie-centralny-04-05,węzeł szkieletowy telekom dolnośląskie-centralny-04-03-00479,2026-09-12T07:54+0200
IK-05-00992,chłodnia składowa dolnośląskie-miejski-11-01-00992,IK05,food,chłodnia składowa,02,0211,0211001,K3,82769,2.0,0,,seed,gmina dolnośląskie-miejski-11-01,,2026-09-12T08:00+0200
IK-07-01567,centrum dializ dolnośląskie-północny-06-03-01567,IK07,health,centrum dializ,02,0206,0206003,K3,293,2.0,0,,seed,gmina dolnośląskie-północny-06-03,,2026-09-12T08:00+0200
IK-08-01680,most/przeprawa krytyczna dolnośląskie-centralny-28-05-01680,IK08,transport,most/przeprawa krytyczna,02,0228,0228005,K2,61368,2.0,0,,seed,gmina dolnośląskie-centralny-28-05,,2026-09-12T08:00+0200
IK-10-01982,centrum zarządzania kryzysowego dolnośląskie-południowy-07-02-01982,IK10,admin,centrum zarządzania kryzysowego,02,0207,0207002,K1,286092,2.0,0,,seed,gmina dolnośląskie-południowy-07-02,,2026-09-12T08:00+0200
IK-02-00594,węzeł agregacyjny/RAN hub dolnośląskie-wschodni-26-05-00594,IK02,telecom,węzeł agregacyjny/RAN hub,02,0226,0226005,K3,116114,2.04,4,IK-03-00763,ict,gmina dolnośląskie-wschodni-26-05,węzeł sieci rządowej dolnośląskie-wschodni-26-05-00763,2026-09-12T08:02+0200
IK-01-00332,magazyn/terminal paliw dolnośląskie-centralny-10-06-00332,IK01,energy,magazyn/terminal paliw,02,0210,0210006,K2,277808,2.3,2,IK-01-00193,electricity,gmina dolnośląskie-centralny-10-06,GPZ 110/SN dolnośląskie-zachodni-21-06-00193,2026-09-12T08:18+0200
IK-07-01367,szpital wielospecjalistyczny dolnośląskie-miejski-23-03-01367,IK07,health,szpital wielospecjalistyczny,02,0223,0223003,K1,189924,2.31,3,IK-02-00670,telecom,gmina dolnośląskie-miejski-23-03,węzeł agregacyjny/RAN hub dolnośląskie-zachodni-15-06-00670,2026-09-12T08:18+0200
IK-10-01973,centrum zarządzania kryzysowego dolnośląskie-centralny-22-04-01973,IK10,admin,centrum zarządzania kryzysowego,02,0222,0222004,K1,577711,2.44,4,IK-03-00793,ict,gmina dolnośląskie-centralny-22-04,system rejestrów państwowych dolnośląskie-wschodni-26-05-00793,2026-09-12T08:26+0200
IK-04-00910,hurtownia wartości/gotówki dolnośląskie-południowy-07-01-00910,IK04,finance,hurtownia wartości/gotówki,02,0207,0207001,K3,313765,2.48,4,IK-03-00793,ict,gmina dolnośląskie-południowy-07-01,system rejestrów państwowych dolnośląskie-wschodni-26-05-00793,2026-09-12T08:28+0200
IK-07-01604,bank krwi / magazyn farmaceutyczny dolnośląskie-centralny-04-02-01604,IK07,health,bank krwi / magazyn farmaceutyczny,02,0204,0204002,K3,263972,2.49,3,IK-02-00476,telecom,gmina dolnośląskie-centralny-04-02,węzeł szkieletowy telekom dolnośląskie-centralny-04-06-00476,2026-09-12T08:29+0200
IK-01-00379,stacja redukcyjna gazu dolnośląskie-miejski-29-04-00379,IK01,energy,stacja redukcyjna gazu,02,0229,0229004,K3,24861,2.5,2,IK-01-00192,electricity,gmina dolnośląskie-miejski-29-04,GPZ 110/SN dolnośląskie-wschodni-26-06-00192,2026-09-12T08:30+0200
IK-07-01472,szpital powiatowy dolnośląskie-miejski-23-03-01472,IK07,health,szpital powiatowy,02,0223,0223003,K2,44869,2.58,3,IK-02-00670,telecom,gmina dolnośląskie-miejski-23-03,węzeł agregacyjny/RAN hub dolnośląskie-zachodni-15-06-00670,2026-09-12T08:34+0200
IK-06-01118,ujęcie wody dolnośląskie-centralny-04-03-01118,IK06,water,ujęcie wody,02,0204,0204003,K2,81653,2.6,2,IK-01-00193,electricity,gmina dolnośląskie-centralny-04-03,GPZ 110/SN dolnośląskie-zachodni-21-06-00193,2026-09-12T08:36+0200
IK-07-01375,szpital wielospecjalistyczny dolnośląskie-zachodni-21-07-01375,IK07,health,szpital wielospecjalistyczny,02,0221,0221007,K1,124916,2.7,4,IK-02-00479,telecom,gmina dolnośląskie-zachodni-21-07,węzeł szkieletowy telekom dolnośląskie-centralny-04-03-00479,2026-09-12T08:42+0200
IK-07-01551,centrum dializ dolnośląskie-wschodni-26-04-01551,IK07,health,centrum dializ,02,0226,0226004,K2,1684,2.7,4,IK-02-00479,telecom,gmina dolnośląskie-wschodni-26-04,węzeł szkieletowy telekom dolnośląskie-centralny-04-03-00479,2026-09-12T08:42+0200
IK-07-01596,bank krwi / magazyn farmaceutyczny dolnośląskie-wschodni-14-05-01596,IK07,health,bank krwi / magazyn farmaceutyczny,02,0214,0214005,K2,319494,2.71,4,IK-02-00479,telecom,gmina dolnośląskie-wschodni-14-05,węzeł szkieletowy telekom dolnośląskie-centralny-04-03-00479,2026-09-12T08:42+0200
IK-08-01633,węzeł kolejowy dolnośląskie-wschodni-14-01-01633,IK08,transport,węzeł kolejowy,02,0214,0214001,K2,180752,2.75,4,IK-02-00479,telecom,gmina dolnośląskie-wschodni-14-01,węzeł szkieletowy telekom dolnośląskie-centralny-04-03-00479,2026-09-12T08:45+0200
IK-08-01768,port morski/rzeczny dolnośląskie-centralny-04-05-01768,IK08,transport,port morski/rzeczny,02,0204,0204005,K1,112782,2.86,4,IK-02-00479,telecom,gmina dolnośląskie-centralny-04-05,węzeł szkieletowy telekom dolnośląskie-centralny-04-03-00479,2026-09-12T08:51+0200
IK-08-01753,port lotniczy dolnośląskie-wschodni-14-01-01753,IK08,transport,port lotniczy,02,0214,0214001,K1,501104,2.89,4,IK-02-00479,telecom,gmina dolnośląskie-wschodni-14-01,węzeł szkieletowy telekom dolnośląskie-centralny-04-03-00479,2026-09-12T08:53+0200
IK-01-00370,magazyn/terminal paliw dolnośląskie-północny-18-02-00370,IK01,energy,magazyn/terminal paliw,02,0218,0218002,K2,218663,3.0,0,,seed,gmina dolnośląskie-północny-18-02,,2026-09-12T09:00+0200
IK-03-00742,węzeł sieci rządowej dolnośląskie-północny-06-06-00742,IK03,ict,węzeł sieci rządowej,02,0206,0206006,K2,399867,3.0,0,,seed,gmina dolnośląskie-północny-06-06,,2026-09-12T09:00+0200
IK-05-00989,chłodnia składowa dolnośląskie-miejski-11-07-00989,IK05,food,chłodnia składowa,02,0211,0211007,K3,261849,3.0,0,,seed,gmina dolnośląskie-miejski-11-07,,2026-09-12T09:00+0200
IK-06-01288,przepompownia wody dolnośląskie-północny-24-05-01288,IK06,water,przepompownia wody,02,0224,0224005,K3,18803,3.0,0,,seed,gmina dolnośląskie-północny-24-05,,2026-09-12T09:00+0200
IK-09-01898,centrum powiadamiania ratunkowego dolnośląskie-miejski-05-06-01898,IK09,rescue,centrum powiadamiania ratunkowego,02,0205,0205006,K1,2123162,3.0,0,,seed,gmina dolnośląskie-miejski-05-06,,2026-09-12T09:00+0200
IK-09-01904,centrum powiadamiania ratunkowego dolnośląskie-centralny-16-06-01904,IK09,rescue,centrum powiadamiania ratunkowego,02,0216,0216006,K1,1718777,3.0,0,,seed,gmina dolnośląskie-centralny-16-06,,2026-09-12T09:00+0200
IK-07-01435,szpital powiatowy dolnośląskie-południowy-07-04-01435,IK07,health,szpital powiatowy,02,0207,0207004,K2,43128,3.0,1,IK-06-01187,water,gmina dolnośląskie-południowy-07-04,stacja uzdatniania wody dolnośląskie-miejski-23-07-01187,2026-09-12T09:00+0200
IK-07-01560,centrum dializ dolnośląskie-wschodni-26-03-01560,IK07,health,centrum dializ,02,0226,0226003,K2,1048,3.04,4,IK-02-00462,telecom,gmina dolnośląskie-wschodni-26-03,węzeł szkieletowy telekom dolnośląskie-miejski-23-03-00462,2026-09-12T09:02+0200
IK-07-01374,szpital wielospecjalistyczny dolnośląskie-zachodni-03-05-01374,IK07,health,szpital wielospecjalistyczny,02,0203,0203005,K1,306936,3.07,1,IK-06-01192,water,gmina dolnośląskie-zachodni-03-05,stacja uzdatniania wody dolnośląskie-zachodni-03-03-01192,2026-09-12T09:04+0200
IK-06-01356,oczyszczalnia ścieków dolnośląskie-centralny-10-02-01356,IK06,water,oczyszczalnia ścieków,02,0210,0210002,K2,137740,3.1,2,IK-01-00143,electricity,gmina dolnośląskie-centralny-10-02,GPZ 110/SN dolnośląskie-centralny-10-05-00143,2026-09-12T09:06+0200
IK-06-01140,ujęcie wody dolnośląskie-miejski-23-02-01140,IK06,water,ujęcie wody,02,0223,0223002,K2,56615,3.1,2,IK-01-00193,electricity,gmina dolnośląskie-miejski-23-02,GPZ 110/SN dolnośląskie-zachodni-21-06-00193,2026-09-12T09:06+0200
IK-07-01497,szpital powiatowy dolnośląskie-wschodni-26-03-01497,IK07,health,szpital powiatowy,02,0226,0226003,K2,45136,3.19,4,IK-02-00462,telecom,gmina dolnośląskie-wschodni-26-03,węzeł szkieletowy telekom dolnośląskie-miejski-23-03-00462,2026-09-12T09:11+0200
IK-07-01451,szpital powiatowy dolnośląskie-południowy-07-04-01451,IK07,health,szpital powiatowy,02,0207,0207004,K2,20803,3.21,1,IK-06-01233,water,gmina dolnośląskie-południowy-07-04,stacja uzdatniania wody dolnośląskie-południowy-07-04-01233,2026-09-12T09:12+0200
IK-07-01589,bank krwi / magazyn farmaceutyczny dolnośląskie-centralny-04-02-01589,IK07,health,bank krwi / magazyn farmaceutyczny,02,0204,0204002,K2,138105,3.27,5,IK-02-00594,telecom,gmina dolnośląskie-centralny-04-02,węzeł agregacyjny/RAN hub dolnośląskie-wschodni-26-05-00594,2026-09-12T09:16+0200
IK-07-01466,szpital powiatowy dolnośląskie-centralny-04-05-01466,IK07,health,szpital powiatowy,02,0204,0204005,K3,51674,3.39,5,IK-02-00594,telecom,gmina dolnośląskie-centralny-04-05,węzeł agregacyjny/RAN hub dolnośląskie-wschodni-26-05-00594,2026-09-12T09:23+0200
IK-02-00650,węzeł agregacyjny/RAN hub dolnośląskie-południowy-25-02-00650,IK02,telecom,węzeł agregacyjny/RAN hub,02,0225,0225002,K3,58216,3.4,2,IK-01-00112,electricity,gmina dolnośląskie-południowy-25-02,GPZ 110/SN dolnośląskie-wschodni-14-04-00112,2026-09-12T09:24+0200
IK-11-02096,zakład zwiększonego ryzyka (ZZR) dolnośląskie-centralny-04-06-02096,IK11,chemical,zakład zwiększonego ryzyka (ZZR),02,0204,0204006,K3,36946,3.4,2,IK-01-00225,electricity,gmina dolnośląskie-centralny-04-06,GPZ 110/SN dolnośląskie-południowy-07-01-00225,2026-09-12T09:24+0200
IK-07-01396,szpital wielospecjalistyczny dolnośląskie-wschodni-26-02-01396,IK07,health,szpital wielospecjalistyczny,02,0226,0226002,K1,98504,3.45,1,IK-06-01137,water,gmina dolnośląskie-wschodni-26-02,ujęcie wody dolnośląskie-miejski-23-06-01137,2026-09-12T09:27+0200
IK-06-01170,stacja uzdatniania wody dolnośląskie-miejski-23-03-01170,IK06,water,stacja uzdatniania wody,02,0223,0223003,K2,32234,3.5,2,IK-01-00049,electricity,gmina dolnośląskie-miejski-23-03,GPZ 110/SN dolnośląskie-miejski-23-03-00049,2026-09-12T09:30+0200
IK-06-01214,stacja uzdatniania wody dolnośląskie-wschodni-20-01-01214,IK06,water,stacja uzdatniania wody,02,0220,0220001,K2,43401,3.5,2,IK-01-00069,electricity,gmina dolnośląskie-wschodni-20-01,GPZ 110/SN dolnośląskie-centralny-22-04-00069,2026-09-12T09:30+0200
IK-06-01106,ujęcie wody dolnośląskie-miejski-23-03-01106,IK06,water,ujęcie wody,02,0223,0223003,K2,53724,3.5,2,IK-01-00193,electricity,gmina dolnośląskie-miejski-23-03,GPZ 110/SN dolnośląskie-zachodni-21-06-00193,2026-09-12T09:30+0200
IK-07-01378,szpital wielospecjalistyczny dolnośląskie-wschodni-02-03-01378,IK07,health,szpital wielospecjalistyczny,02,0202,0202003,K2,131294,3.54,1,IK-06-01137,water,gmina dolnośląskie-wschodni-02-03,ujęcie wody dolnośląskie-miejski-23-06-01137,2026-09-12T09:32+0200
IK-07-01459,szpital powiatowy dolnośląskie-południowy-07-04-01459,IK07,health,szpital powiatowy,02,0207,0207004,K2,40011,3.56,1,IK-06-01233,water,gmina dolnośląskie-południowy-07-04,stacja uzdatniania wody dolnośląskie-południowy-07-04-01233,2026-09-12T09:33+0200
IK-06-01195,stacja uzdatniania wody dolnośląskie-zachodni-21-07-01195,IK06,water,stacja uzdatniania wody,02,0221,0221007,K3,66875,3.62,4,IK-02-00479,telecom,gmina dolnośląskie-zachodni-21-07,węzeł szkieletowy telekom dolnośląskie-centralny-04-03-00479,2026-09-12T09:37+0200
IK-06-01252,przepompownia wody dolnośląskie-wschodni-20-04-01252,IK06,water,przepompownia wody,02,0220,0220004,K3,31470,3.8,2,IK-01-00069,electricity,gmina dolnośląskie-wschodni-20-04,GPZ 110/SN dolnośląskie-centralny-22-04-00069,2026-09-12T09:48+0200
IK-06-01332,oczyszczalnia ścieków dolnośląskie-południowy-07-01-01332,IK06,water,oczyszczalnia ścieków,02,0207,0207001,K2,49086,3.8,2,IK-01-00225,electricity,gmina dolnośląskie-południowy-07-01,GPZ 110/SN dolnośląskie-południowy-07-01-00225,2026-09-12T09:48+0200
IK-01-00230,GPZ 110/SN dolnośląskie-wschodni-02-06-00230,IK01,energy,GPZ 110/SN,02,0202,0202006,K1,63563,4.0,0,,seed,gmina dolnośląskie-wschodni-02-06,,2026-09-12T10:00+0200
IK-01-00289,elektrociepłownia opolskie-zachodni-03-06-00289,IK01,energy,elektrociepłownia,16,1603,1603006,K1,98793,4.0,0,,seed,gmina opolskie-zachodni-03-06,,2026-09-12T10:00+0200
IK-02-00590,węzeł agregacyjny/RAN hub dolnośląskie-południowy-01-05-00590,IK02,telecom,węzeł agregacyjny/RAN hub,02,0201,0201005,K2,56188,4.0,0,,seed,gmina dolnośląskie-południowy-01-05,,2026-09-12T10:00+0200
IK-05-00999,zakład przetwórstwa spożywczego dolnośląskie-zachodni-27-06-00999,IK05,food,zakład przetwórstwa spożywczego,02,0227,0227006,K3,109407,4.0,0,,seed,gmina dolnośląskie-zachodni-27-06,,2026-09-12T10:00+0200
IK-06-01064,ujęcie wody dolnośląskie-wschodni-02-04-01064,IK06,water,ujęcie wody,02,0202,0202004,K2,35308,4.0,0,,seed,gmina dolnośląskie-wschodni-02-04,,2026-09-12T10:00+0200
IK-07-01491,szpital powiatowy dolnośląskie-centralny-16-02-01491,IK07,health,szpital powiatowy,02,0216,0216002,K3,29638,4.0,0,,seed,gmina dolnośląskie-centralny-16-02,,2026-09-12T10:00+0200
IK-10-02018,węzeł teleinformatyczny urzędu dolnośląskie-miejski-17-03-02018,IK10,admin,węzeł teleinformatyczny urzędu,02,0217,0217003,K2,224251,4.0,0,,seed,gmina dolnośląskie-miejski-17-03,,2026-09-12T10:00+0200
IK-08-01623,węzeł kolejowy dolnośląskie-centralny-28-07-01623,IK08,transport,węzeł kolejowy,02,0228,0228007,K1,484225,4.1,2,IK-01-00238,electricity,gmina dolnośląskie-centralny-28-07,GPZ 110/SN dolnośląskie-południowy-01-06-00238,2026-09-12T10:06+0200
IK-02-00572,węzeł agregacyjny/RAN hub dolnośląskie-miejski-17-03-00572,IK02,telecom,węzeł agregacyjny/RAN hub,02,0217,0217003,K3,26423,4.2,2,IK-01-00120,electricity,gmina dolnośląskie-miejski-17-03,GPZ 110/SN dolnośląskie-centralny-28-06-00120,2026-09-12T10:12+0200
IK-07-01392,szpital wielospecjalistyczny dolnośląskie-wschodni-02-04-01392,IK07,health,szpital wielospecjalistyczny,02,0202,0202004,K1,59252,4.57,1,IK-06-01155,water,gmina dolnośląskie-wschodni-02-04,stacja uzdatniania wody dolnośląskie-wschodni-02-03-01155,2026-09-12T10:34+0200
IK-10-01938,centrum zarządzania kryzysowego dolnośląskie-wschodni-08-05-01938,IK10,admin,centrum zarządzania kryzysowego,02,0208,0208005,K1,846212,4.82,1,IK-02-00590,telecom,gmina dolnośląskie-wschodni-08-05,węzeł agregacyjny/RAN hub dolnośląskie-południowy-01-05-00590,2026-09-12T10:49+0200
IK-10-02040,węzeł teleinformatyczny urzędu dolnośląskie-zachodni-09-03-02040,IK10,admin,węzeł teleinformatyczny urzędu,02,0209,0209003,K3,133089,4.88,1,IK-02-00590,telecom,gmina dolnośląskie-zachodni-09-03,węzeł agregacyjny/RAN hub dolnośląskie-południowy-01-05-00590,2026-09-12T10:52+0200
IK-10-02004,węzeł teleinformatyczny urzędu dolnośląskie-południowy-01-03-02004,IK10,admin,węzeł teleinformatyczny urzędu,02,0201,0201003,K3,61344,4.88,3,IK-02-00572,telecom,gmina dolnośląskie-południowy-01-03,węzeł agregacyjny/RAN hub dolnośląskie-miejski-17-03-00572,2026-09-12T10:52+0200
IK-08-01665,węzeł kolejowy dolnośląskie-południowy-19-06-01665,IK08,transport,węzeł kolejowy,02,0219,0219006,K1,205728,4.9,2,IK-01-00078,electricity,gmina dolnośląskie-południowy-19-06,GPZ 110/SN dolnośląskie-południowy-19-05-00078,2026-09-12T10:54+0200
IK-06-01131,ujęcie wody dolnośląskie-zachodni-21-05-01131,IK06,water,ujęcie wody,02,0221,0221005,K2,31547,4.9,1,IK-01-00230,electricity,gmina dolnośląskie-zachodni-21-05,GPZ 110/SN dolnośląskie-wschodni-02-06-00230,2026-09-12T10:54+0200
IK-06-01150,ujęcie wody dolnośląskie-południowy-13-01-01150,IK06,water,ujęcie wody,02,0213,0213001,K1,48854,5.0,0,,seed,gmina dolnośląskie-południowy-13-01,,2026-09-12T11:00+0200
IK-06-01242,stacja uzdatniania wody dolnośląskie-wschodni-14-03-01242,IK06,water,stacja uzdatniania wody,02,0214,0214003,K1,75027,5.0,0,,seed,gmina dolnośląskie-wschodni-14-03,,2026-09-12T11:00+0200
IK-07-01522,szpital powiatowy dolnośląskie-południowy-13-02-01522,IK07,health,szpital powiatowy,02,0213,0213002,K1,80605,5.0,0,,seed,gmina dolnośląskie-południowy-13-02,,2026-09-12T11:00+0200
IK-07-01545,centrum dializ dolnośląskie-miejski-11-05-01545,IK07,health,centrum dializ,02,0211,0211005,K2,566,5.0,2,IK-01-00078,electricity,gmina dolnośląskie-miejski-11-05,GPZ 110/SN dolnośląskie-południowy-19-05-00078,2026-09-12T11:00+0200
IK-08-01750,port lotniczy dolnośląskie-centralny-28-07-01750,IK08,transport,port lotniczy,02,0228,0228007,K2,533922,5.28,3,IK-02-00572,telecom,gmina dolnośląskie-centralny-28-07,węzeł agregacyjny/RAN hub dolnośląskie-miejski-17-03-00572,2026-09-12T11:16+0200
IK-01-00349,magazyn/terminal paliw dolnośląskie-południowy-07-07-00349,IK01,energy,magazyn/terminal paliw,02,0207,0207007,K1,141007,5.4,1,IK-01-00230,electricity,gmina dolnośląskie-południowy-07-07,GPZ 110/SN dolnośląskie-wschodni-02-06-00230,2026-09-12T11:24+0200
IK-01-00388,stacja redukcyjna gazu dolnośląskie-północny-18-04-00388,IK01,energy,stacja redukcyjna gazu,02,0218,0218004,K2,29768,5.4,1,IK-01-00230,electricity,gmina dolnośląskie-północny-18-04,GPZ 110/SN dolnośląskie-wschodni-02-06-00230,2026-09-12T11:24+0200
IK-08-01731,most/przeprawa krytyczna dolnośląskie-centralny-28-07-01731,IK08,transport,most/przeprawa krytyczna,02,0228,0228007,K1,70872,5.44,3,IK-02-00572,telecom,gmina dolnośląskie-centralny-28-07,węzeł agregacyjny/RAN hub dolnośląskie-miejski-17-03-00572,2026-09-12T11:26+0200
IK-06-01201,stacja uzdatniania wody dolnośląskie-wschodni-08-07-01201,IK06,water,stacja uzdatniania wody,02,0208,0208007,K2,26302,5.5,2,IK-01-00078,electricity,gmina dolnośląskie-wschodni-08-07,GPZ 110/SN dolnośląskie-południowy-19-05-00078,2026-09-12T11:30+0200
IK-11-02105,obiekt jądrowy/składowisko odpadów prom. dolnośląskie-północny-24-02-02105,IK11,chemical,obiekt jądrowy/składowisko odpadów prom.,02,0224,0224002,K1,20391,5.65,3,IK-06-01106,water,gmina dolnośląskie-północny-24-02,ujęcie wody dolnośląskie-miejski-23-03-01106,2026-09-12T11:39+0200
IK-07-01486,szpital powiatowy dolnośląskie-miejski-11-02-01486,IK07,health,szpital powiatowy,02,0211,0211002,K1,35419,5.69,3,IK-02-00572,telecom,gmina dolnośląskie-miejski-11-02,węzeł agregacyjny/RAN hub dolnośląskie-miejski-17-03-00572,2026-09-12T11:41+0200
IK-06-01234,stacja uzdatniania wody dolnośląskie-miejski-23-04-01234,IK06,water,stacja uzdatniania wody,02,0223,0223004,K2,98233,5.7,2,IK-01-00217,electricity,gmina dolnośląskie-miejski-23-04,GPZ 110/SN dolnośląskie-wschodni-26-05-00217,2026-09-12T11:42+0200
IK-08-01661,węzeł kolejowy dolnośląskie-centralny-28-07-01661,IK08,transport,węzeł kolejowy,02,0228,0228007,K1,215951,5.78,3,IK-02-00572,telecom,gmina dolnośląskie-centralny-28-07,węzeł agregacyjny/RAN hub dolnośląskie-miejski-17-03-00572,2026-09-12T11:46+0200
IK-02-00643,węzeł agregacyjny/RAN hub dolnośląskie-centralny-22-02-00643,IK02,telecom,węzeł agregacyjny/RAN hub,02,0222,0222002,K3,32595,5.8,2,IK-01-00069,electricity,gmina dolnośląskie-centralny-22-02,GPZ 110/SN dolnośląskie-centralny-22-04-00069,2026-09-12T11:48+0200
IK-01-00198,GPZ 110/SN dolnośląskie-zachodni-09-04-00198,IK01,energy,GPZ 110/SN,02,0209,0209004,K3,45579,6.0,0,,seed,gmina dolnośląskie-zachodni-09-04,,2026-09-12T12:00+0200
IK-02-00427,węzeł szkieletowy telekom opolskie-południowy-01-01-00427,IK02,telecom,węzeł szkieletowy telekom,16,1601,1601001,K2,1431113,6.0,0,,seed,gmina opolskie-południowy-01-01,,2026-09-12T12:00+0200
IK-06-01213,stacja uzdatniania wody dolnośląskie-wschodni-02-05-01213,IK06,water,stacja uzdatniania wody,02,0202,0202005,K3,46766,6.0,0,,seed,gmina dolnośląskie-wschodni-02-05,,2026-09-12T12:00+0200
IK-07-01453,szpital powiatowy dolnośląskie-północny-24-05-01453,IK07,health,szpital powiatowy,02,0224,0224005,K1,38001,6.0,0,,seed,gmina dolnośląskie-północny-24-05,,2026-09-12T12:00+0200
IK-02-00580,węzeł agregacyjny/RAN hub dolnośląskie-wschodni-08-04-00580,IK02,telecom,węzeł agregacyjny/RAN hub,02,0208,0208004,K3,43250,6.0,2,IK-01-00143,electricity,gmina dolnośląskie-wschodni-08-04,GPZ 110/SN dolnośląskie-centralny-10-05-00143,2026-09-12T12:00+0200
IK-06-01138,ujęcie wody dolnośląskie-południowy-01-04-01138,IK06,water,ujęcie wody,02,0201,0201004,K2,46416,6.0,1,IK-01-00198,electricity,gmina dolnośląskie-południowy-01-04,GPZ 110/SN dolnośląskie-zachodni-09-04-00198,2026-09-12T12:00+0200
IK-08-01728,most/przeprawa krytyczna dolnośląskie-wschodni-08-03-01728,IK08,transport,most/przeprawa krytyczna,02,0208,0208003,K2,38120,6.0,1,IK-01-00198,electricity,gmina dolnośląskie-wschodni-08-03,GPZ 110/SN dolnośląskie-zachodni-09-04-00198,2026-09-12T12:00+0200
IK-10-01980,centrum zarządzania kryzysowego dolnośląskie-wschodni-20-04-01980,IK10,admin,centrum zarządzania kryzysowego,02,0220,0220004,K1,1285398,6.43,3,IK-02-00643,telecom,gmina dolnośląskie-wschodni-20-04,węzeł agregacyjny/RAN hub dolnośląskie-centralny-22-02-00643,2026-09-12T12:25+0200
IK-09-01909,baza lotniczego pogotowia opolskie-południowy-01-07-01909,IK09,rescue,baza lotniczego pogotowia,16,1601,1601007,K2,505793,6.58,1,IK-02-00427,telecom,gmina opolskie-południowy-01-07,węzeł szkieletowy telekom opolskie-południowy-01-01-00427,2026-09-12T12:34+0200
IK-07-01569,centrum dializ dolnośląskie-wschodni-20-04-01569,IK07,health,centrum dializ,02,0220,0220004,K2,386,6.67,3,IK-06-01214,water,gmina dolnośląskie-wschodni-20-04,stacja uzdatniania wody dolnośląskie-wschodni-20-01-01214,2026-09-12T12:40+0200
IK-07-01381,szpital wielospecjalistyczny dolnośląskie-centralny-22-01-01381,IK07,health,szpital wielospecjalistyczny,02,0222,0222001,K1,183294,6.9,3,IK-02-00643,telecom,gmina dolnośląskie-centralny-22-01,węzeł agregacyjny/RAN hub dolnośląskie-centralny-22-02-00643,2026-09-12T12:54+0200
IK-04-00855,centrum przetwarzania banku dolnośląskie-północny-18-05-00855,IK04,finance,centrum przetwarzania banku,02,0218,0218005,K2,2057587,7.0,0,,seed,gmina dolnośląskie-północny-18-05,,2026-09-12T13:00+0200
IK-04-00866,centrum przetwarzania banku dolnośląskie-zachodni-21-01-00866,IK04,finance,centrum przetwarzania banku,02,0221,0221001,K2,499209,7.0,0,,seed,gmina dolnośląskie-zachodni-21-01,,2026-09-12T13:00+0200
IK-07-01377,szpital wielospecjalistyczny opolskie-centralny-10-01-01377,IK07,health,szpital wielospecjalistyczny,16,1610,1610001,K1,148846,7.0,0,,seed,gmina opolskie-centralny-10-01,,2026-09-12T13:00+0200
IK-08-01626,węzeł kolejowy opolskie-południowy-07-05-01626,IK08,transport,węzeł kolejowy,16,1607,1607005,K1,331413,7.0,0,,seed,gmina opolskie-południowy-07-05,,2026-09-12T13:00+0200
IK-06-01240,stacja uzdatniania wody dolnośląskie-zachodni-09-02-01240,IK06,water,stacja uzdatniania wody,02,0209,0209002,K2,55234,7.0,1,IK-01-00198,electricity,gmina dolnośląskie-zachodni-09-02,GPZ 110/SN dolnośląskie-zachodni-09-04-00198,2026-09-12T13:00+0200
IK-07-01550,centrum dializ dolnośląskie-centralny-22-05-01550,IK07,health,centrum dializ,02,0222,0222005,K2,889,7.29,3,IK-02-00643,telecom,gmina dolnośląskie-centralny-22-05,węzeł agregacyjny/RAN hub dolnośląskie-centralny-22-02-00643,2026-09-12T13:17+0200
IK-08-01674,most/przeprawa krytyczna dolnośląskie-centralny-22-02-01674,IK08,transport,most/przeprawa krytyczna,02,0222,0222002,K3,173771,7.37,3,IK-02-00643,telecom,gmina dolnośląskie-centralny-22-02,węzeł agregacyjny/RAN hub dolnośląskie-centralny-22-02-00643,2026-09-12T13:22+0200
IK-07-01506,szpital powiatowy dolnośląskie-miejski-29-07-01506,IK07,health,szpital powiatowy,02,0229,0229007,K2,18250,7.42,1,IK-06-01064,water,gmina dolnośląskie-miejski-29-07,ujęcie wody dolnośląskie-wschodni-02-04-01064,2026-09-12T13:25+0200
IK-11-02089,zakład zwiększonego ryzyka (ZZR) dolnośląskie-miejski-05-04-02089,IK11,chemical,zakład zwiększonego ryzyka (ZZR),02,0205,0205004,K3,8582,7.5,2,IK-01-00078,electricity,gmina dolnośląskie-miejski-05-04,GPZ 110/SN dolnośląskie-południowy-19-05-00078,2026-09-12T13:30+0200
IK-06-01206,stacja uzdatniania wody dolnośląskie-południowy-07-07-01206,IK06,water,stacja uzdatniania wody,02,0207,0207007,K2,26793,7.5,1,IK-01-00230,electricity,gmina dolnośląskie-południowy-07-07,GPZ 110/SN dolnośląskie-wschodni-02-06-00230,2026-09-12T13:30+0200
IK-07-01492,szpital powiatowy dolnośląskie-wschodni-02-04-01492,IK07,health,szpital powiatowy,02,0202,0202004,K3,69107,7.5,1,IK-06-01064,water,gmina dolnośląskie-wschodni-02-04,ujęcie wody dolnośląskie-wschodni-02-04-01064,2026-09-12T13:30+0200
IK-07-01438,szpital powiatowy dolnośląskie-wschodni-08-04-01438,IK07,health,szpital powiatowy,02,0208,0208004,K3,30364,7.51,3,IK-02-00580,telecom,gmina dolnośląskie-wschodni-08-04,węzeł agregacyjny/RAN hub dolnośląskie-wschodni-08-04-00580,2026-09-12T13:30+0200
IK-06-01253,przepompownia wody dolnośląskie-zachodni-15-05-01253,IK06,water,przepompownia wody,02,0215,0215005,K3,17295,7.6,1,IK-01-00230,electricity,gmina dolnośląskie-zachodni-15-05,GPZ 110/SN dolnośląskie-wschodni-02-06-00230,2026-09-12T13:36+0200
IK-11-02104,obiekt jądrowy/składowisko odpadów prom. dolnośląskie-centralny-10-05-02104,IK11,chemical,obiekt jądrowy/składowisko odpadów prom.,02,0210,0210005,K1,34627,7.87,3,IK-06-01201,water,gmina dolnośląskie-centralny-10-05,stacja uzdatniania wody dolnośląskie-wschodni-08-07-01201,2026-09-12T13:52+0200
IK-01-00331,magazyn/terminal paliw dolnośląskie-południowy-25-06-00331,IK01,energy,magazyn/terminal paliw,02,0225,0225006,K2,535563,7.9,1,IK-01-00198,electricity,gmina dolnośląskie-południowy-25-06,GPZ 110/SN dolnośląskie-zachodni-09-04-00198,2026-09-12T13:54+0200
IK-02-00472,węzeł szkieletowy telekom dolnośląskie-miejski-17-02-00472,IK02,telecom,węzeł szkieletowy telekom,02,0217,0217002,K2,1833172,8.0,0,,seed,gmina dolnośląskie-miejski-17-02,,2026-09-12T14:00+0200
IK-05-00955,chłodnia składowa dolnośląskie-północny-24-07-00955,IK05,food,chłodnia składowa,02,0224,0224007,K2,178600,8.0,0,,seed,gmina dolnośląskie-północny-24-07,,2026-09-12T14:00+0200
IK-06-01085,ujęcie wody opolskie-wschodni-08-04-01085,IK06,water,ujęcie wody,16,1608,1608004,K2,37385,8.0,0,,seed,gmina opolskie-wschodni-08-04,,2026-09-12T14:00+0200
IK-06-01141,ujęcie wody dolnośląskie-zachodni-09-05-01141,IK06,water,ujęcie wody,02,0209,0209005,K3,138744,8.0,1,IK-01-00198,electricity,gmina dolnośląskie-zachodni-09-05,GPZ 110/SN dolnośląskie-zachodni-09-04-00198,2026-09-12T14:00+0200
IK-03-00804,system rejestrów państwowych dolnośląskie-miejski-05-07-00804,IK03,ict,system rejestrów państwowych,02,0205,0205007,K1,1657347,8.1,2,IK-01-00078,electricity,gmina dolnośląskie-miejski-05-07,GPZ 110/SN dolnośląskie-południowy-19-05-00078,2026-09-12T14:06+0200
IK-05-00930,magazyn rezerw strategicznych dolnośląskie-północny-18-07-00930,IK05,food,magazyn rezerw strategicznych,02,0218,0218007,K1,444776,8.15,1,IK-06-01064,water,gmina dolnośląskie-północny-18-07,ujęcie wody dolnośląskie-wschodni-02-04-01064,2026-09-12T14:09+0200
IK-02-00443,węzeł szkieletowy telekom dolnośląskie-zachodni-15-05-00443,IK02,telecom,węzeł szkieletowy telekom,02,0215,0215005,K2,256925,8.3,1,IK-01-00042,electricity,gmina dolnośląskie-zachodni-15-05,GPZ 110/SN dolnośląskie-północny-18-04-00042,2026-09-12T14:18+0200
IK-03-00745,węzeł sieci rządowej dolnośląskie-zachodni-27-07-00745,IK03,ict,węzeł sieci rządowej,02,0227,0227007,K2,550843,8.38,1,IK-02-00472,telecom,gmina dolnośląskie-zachodni-27-07,węzeł szkieletowy telekom dolnośląskie-miejski-17-02-00472,2026-09-12T14:22+0200
IK-03-00727,węzeł sieci rządowej dolnośląskie-południowy-19-05-00727,IK03,ict,węzeł sieci rządowej,02,0219,0219005,K1,1049626,8.44,1,IK-02-00472,telecom,gmina dolnośląskie-południowy-19-05,węzeł szkieletowy telekom dolnośląskie-miejski-17-02-00472,2026-09-12T14:26+0200
IK-07-01524,szpital powiatowy dolnośląskie-zachodni-27-07-01524,IK07,health,szpital powiatowy,02,0227,0227007,K2,35769,8.52,1,IK-06-01150,water,gmina dolnośląskie-zachodni-27-07,ujęcie wody dolnośląskie-południowy-13-01-01150,2026-09-12T14:31+0200
IK-10-01977,centrum zarządzania kryzysowego dolnośląskie-wschodni-08-06-01977,IK10,admin,centrum zarządzania kryzysowego,02,0208,0208006,K1,490821,8.6,3,IK-03-00804,ict,gmina dolnośląskie-wschodni-08-06,system rejestrów państwowych dolnośląskie-miejski-05-07-00804,2026-09-12T14:36+0200
IK-04-00897,hurtownia wartości/gotówki dolnośląskie-miejski-05-04-00897,IK04,finance,hurtownia wartości/gotówki,02,0205,0205004,K3,334823,8.61,1,IK-02-00472,telecom,gmina dolnośląskie-miejski-05-04,węzeł szkieletowy telekom dolnośląskie-miejski-17-02-00472,2026-09-12T14:36+0200
IK-09-01892,centrum powiadamiania ratunkowego dolnośląskie-południowy-19-04-01892,IK09,rescue,centrum powiadamiania ratunkowego,02,0219,0219004,K1,1170841,8.64,1,IK-02-00472,telecom,gmina dolnośląskie-południowy-19-04,węzeł szkieletowy telekom dolnośląskie-miejski-17-02-00472,2026-09-12T14:38+0200
IK-09-01870,jednostka ratowniczo-gaśnicza PSP dolnośląskie-zachodni-27-02-01870,IK09,rescue,jednostka ratowniczo-gaśnicza PSP,02,0227,0227002,K3,31341,8.65,1,IK-02-00472,telecom,gmina dolnośląskie-zachodni-27-02,węzeł szkieletowy telekom dolnośląskie-miejski-17-02-00472,2026-09-12T14:39+0200
IK-09-01879,jednostka ratowniczo-gaśnicza PSP dolnośląskie-miejski-29-07-01879,IK09,rescue,jednostka ratowniczo-gaśnicza PSP,02,0229,0229007,K2,165372,8.65,2,IK-02-00443,telecom,gmina dolnośląskie-miejski-29-07,węzeł szkieletowy telekom dolnośląskie-zachodni-15-05-00443,2026-09-12T14:39+0200
IK-05-00943,magazyn rezerw strategicznych dolnośląskie-południowy-19-02-00943,IK05,food,magazyn rezerw strategicznych,02,0219,0219002,K1,273430,8.7,2,IK-01-00120,electricity,gmina dolnośląskie-południowy-19-02,GPZ 110/SN dolnośląskie-centralny-28-06-00120,2026-09-12T14:42+0200
IK-05-00950,magazyn rezerw strategicznych dolnośląskie-centralny-04-05-00950,IK05,food,magazyn rezerw strategicznych,02,0204,0204005,K1,130763,8.7,2,IK-01-00217,electricity,gmina dolnośląskie-centralny-04-05,GPZ 110/SN dolnośląskie-wschodni-26-05-00217,2026-09-12T14:42+0200
IK-06-01091,ujęcie wody dolnośląskie-zachodni-09-04-01091,IK06,water,ujęcie wody,02,0209,0209004,K2,80430,8.7,1,IK-01-00198,electricity,gmina dolnośląskie-zachodni-09-04,GPZ 110/SN dolnośląskie-zachodni-09-04-00198,2026-09-12T14:42+0200
IK-10-01940,centrum zarządzania kryzysowego dolnośląskie-miejski-11-03-01940,IK10,admin,centrum zarządzania kryzysowego,02,0211,0211003,K2,710425,8.74,3,IK-03-00804,ict,gmina dolnośląskie-miejski-11-03,system rejestrów państwowych dolnośląskie-miejski-05-07-00804,2026-09-12T14:44+0200
IK-04-00875,centrum przetwarzania banku dolnośląskie-centralny-28-02-00875,IK04,finance,centrum przetwarzania banku,02,0228,0228002,K2,240396,8.76,1,IK-02-00472,telecom,gmina dolnośląskie-centralny-28-02,węzeł szkieletowy telekom dolnośląskie-miejski-17-02-00472,2026-09-12T14:45+0200
IK-04-00849,centrum przetwarzania banku dolnośląskie-miejski-05-07-00849,IK04,finance,centrum przetwarzania banku,02,0205,0205007,K2,260105,8.77,1,IK-02-00472,telecom,gmina dolnośląskie-miejski-05-07,węzeł szkieletowy telekom dolnośląskie-miejski-17-02-00472,2026-09-12T14:46+0200
IK-04-00838,centrum rozliczeniowe dolnośląskie-centralny-04-01-00838,IK04,finance,centrum rozliczeniowe,02,0204,0204001,K2,1382703,8.79,1,IK-02-00472,telecom,gmina dolnośląskie-centralny-04-01,węzeł szkieletowy telekom dolnośląskie-miejski-17-02-00472,2026-09-12T14:47+0200
IK-02-00494,węzeł agregacyjny/RAN hub dolnośląskie-miejski-05-03-00494,IK02,telecom,węzeł agregacyjny/RAN hub,02,0205,0205003,K3,27623,8.98,2,IK-03-00727,ict,gmina dolnośląskie-miejski-05-03,węzeł sieci rządowej dolnośląskie-południowy-19-05-00727,2026-09-12T14:58+0200
IK-03-00759,węzeł sieci rządowej dolnośląskie-północny-18-05-00759,IK03,ict,węzeł sieci rządowej,02,0218,0218005,K2,286483,8.99,2,IK-02-00443,telecom,gmina dolnośląskie-północny-18-05,węzeł szkieletowy telekom dolnośląskie-zachodni-15-05-00443,2026-09-12T14:59+0200
IK-01-00035,stacja NN 400/220 kV opolskie-wschodni-08-06-00035,IK01,energy,stacja NN 400/220 kV,16,1608,1608006,K1,1705209,9.0,0,,seed,gmina opolskie-wschodni-08-06,,2026-09-12T15:00+0200
IK-01-00082,GPZ 110/SN dolnośląskie-zachodni-27-05-00082,IK01,energy,GPZ 110/SN,02,0227,0227005,K2,115602,9.0,0,,seed,gmina dolnośląskie-zachodni-27-05,,2026-09-12T15:00+0200
IK-08-01703,most/przeprawa krytyczna dolnośląskie-wschodni-20-01-01703,IK08,transport,most/przeprawa krytyczna,02,0220,0220001,K2,23073,9.0,0,,seed,gmina dolnośląskie-wschodni-20-01,,2026-09-12T15:00+0200
IK-10-01993,węzeł teleinformatyczny urzędu dolnośląskie-północny-18-05-01993,IK10,admin,węzeł teleinformatyczny urzędu,02,0218,0218005,K2,122776,9.0,0,,seed,gmina dolnośląskie-północny-18-05,,2026-09-12T15:00+0200
IK-01-00056,GPZ 110/SN opolskie-północny-06-01-00056,IK01,energy,GPZ 110/SN,16,1606,1606001,K2,104119,9.0,1,IK-01-00035,electricity,gmina opolskie-północny-06-01,stacja NN 400/220 kV opolskie-wschodni-08-06-00035,2026-09-12T15:00+0200
IK-01-00213,GPZ 110/SN opolskie-północny-12-02-00213,IK01,energy,GPZ 110/SN,16,1612,1612002,K2,29596,9.0,1,IK-01-00035,electricity,gmina opolskie-północny-12-02,stacja NN 400/220 kV opolskie-wschodni-08-06-00035,2026-09-12T15:00+0200
IK-05-01047,zakład przetwórstwa spożywczego dolnośląskie-południowy-13-01-01047,IK05,food,zakład przetwórstwa spożywczego,02,0213,0213001,K3,40767,9.0,1,IK-01-00082,electricity,gmina dolnośląskie-południowy-13-01,GPZ 110/SN dolnośląskie-zachodni-27-05-00082,2026-09-12T15:00+0200
IK-08-01793,centrum sterowania ruchem dolnośląskie-zachodni-27-05-01793,IK08,transport,centrum sterowania ruchem,02,0227,0227005,K3,100971,9.0,1,IK-01-00082,electricity,gmina dolnośląskie-zachodni-27-05,GPZ 110/SN dolnośląskie-zachodni-27-05-00082,2026-09-12T15:00+0200
IK-01-00407,stacja redukcyjna gazu dolnośląskie-zachodni-27-01-00407,IK01,energy,stacja redukcyjna gazu,02,0227,0227001,K3,52682,9.0,1,IK-01-00082,electricity,gmina dolnośląskie-zachodni-27-01,GPZ 110/SN dolnośląskie-zachodni-27-05-00082,2026-09-12T15:00+0200
IK-02-00641,węzeł agregacyjny/RAN hub opolskie-wschodni-02-03-00641,IK02,telecom,węzeł agregacyjny/RAN hub,16,1602,1602003,K3,32836,9.0,2,IK-01-00056,electricity,gmina opolskie-wschodni-02-03,GPZ 110/SN opolskie-północny-06-01-00056,2026-09-12T15:00+0200
IK-05-01008,zakład przetwórstwa spożywczego opolskie-północny-12-07-01008,IK05,food,zakład przetwórstwa spożywczego,16,1612,1612007,K3,61824,9.0,2,IK-01-00213,electricity,gmina opolskie-północny-12-07,GPZ 110/SN opolskie-północny-12-02-00213,2026-09-12T15:00+0200
IK-09-01880,jednostka ratowniczo-gaśnicza PSP dolnośląskie-wschodni-02-01-01880,IK09,rescue,jednostka ratowniczo-gaśnicza PSP,02,0202,0202001,K1,55332,9.06,2,IK-02-00443,telecom,gmina dolnośląskie-wschodni-02-01,węzeł szkieletowy telekom dolnośląskie-zachodni-15-05-00443,2026-09-12T15:03+0200
IK-04-00895,hurtownia wartości/gotówki dolnośląskie-południowy-07-05-00895,IK04,finance,hurtownia wartości/gotówki,02,0207,0207005,K3,264430,9.1,2,IK-01-00192,electricity,gmina dolnośląskie-południowy-07-05,GPZ 110/SN dolnośląskie-wschodni-26-06-00192,2026-09-12T15:06+0200
IK-09-01866,jednostka ratowniczo-gaśnicza PSP dolnośląskie-wschodni-02-06-01866,IK09,rescue,jednostka ratowniczo-gaśnicza PSP,02,0202,0202006,K2,45623,9.12,2,IK-02-00443,telecom,gmina dolnośląskie-wschodni-02-06,węzeł szkieletowy telekom dolnośląskie-zachodni-15-05-00443,2026-09-12T15:07+0200
IK-02-00621,węzeł agregacyjny/RAN hub dolnośląskie-centralny-22-02-00621,IK02,telecom,węzeł agregacyjny/RAN hub,02,0222,0222002,K3,22669,9.15,2,IK-03-00745,ict,gmina dolnośląskie-centralny-22-02,węzeł sieci rządowej dolnośląskie-zachodni-27-07-00745,2026-09-12T15:09+0200
IK-10-02033,węzeł teleinformatyczny urzędu dolnośląskie-wschodni-08-05-02033,IK10,admin,węzeł teleinformatyczny urzędu,02,0208,0208005,K3,84032,9.18,3,IK-03-00804,ict,gmina dolnośląskie-wschodni-08-05,system rejestrów państwowych dolnośląskie-miejski-05-07-00804,2026-09-12T15:10+0200
IK-02-00673,węzeł agregacyjny/RAN hub dolnośląskie-południowy-19-03-00673,IK02,telecom,węzeł agregacyjny/RAN hub,02,0219,0219003,K2,69995,9.18,2,IK-03-00727,ict,gmina dolnośląskie-południowy-19-03,węzeł sieci rządowej dolnośląskie-południowy-19-05-00727,2026-09-12T15:10+0200
IK-11-02050,zakład dużego ryzyka (ZDR) dolnośląskie-wschodni-08-04-02050,IK11,chemical,zakład dużego ryzyka (ZDR),02,0208,0208004,K2,37260,9.27,2,IK-06-01240,water,gmina dolnośląskie-wschodni-08-04,stacja uzdatniania wody dolnośląskie-zachodni-09-02-01240,2026-09-12T15:16+0200
IK-04-00870,centrum przetwarzania banku dolnośląskie-zachodni-27-07-00870,IK04,finance,centrum przetwarzania banku,02,0227,0227007,K1,229835,9.38,2,IK-03-00745,ict,gmina dolnośląskie-zachodni-27-07,węzeł sieci rządowej dolnośląskie-zachodni-27-07-00745,2026-09-12T15:22+0200
IK-07-01413,szpital wielospecjalistyczny dolnośląskie-północny-18-02-01413,IK07,health,szpital wielospecjalistyczny,02,0218,0218002,K1,354495,9.4,2,IK-02-00443,telecom,gmina dolnośląskie-północny-18-02,węzeł szkieletowy telekom dolnośląskie-zachodni-15-05-00443,2026-09-12T15:24+0200
IK-08-01621,węzeł kolejowy dolnośląskie-północny-18-07-01621,IK08,transport,węzeł kolejowy,02,0218,0218007,K2,288934,9.55,2,IK-02-00443,telecom,gmina dolnośląskie-północny-18-07,węzeł szkieletowy telekom dolnośląskie-zachodni-15-05-00443,2026-09-12T15:33+0200
IK-10-01972,centrum zarządzania kryzysowego opolskie-północny-06-04-01972,IK10,admin,centrum zarządzania kryzysowego,16,1606,1606004,K1,402207,9.75,3,IK-02-00641,telecom,gmina opolskie-północny-06-04,węzeł agregacyjny/RAN hub opolskie-wschodni-02-03-00641,2026-09-12T15:45+0200
IK-02-00536,węzeł agregacyjny/RAN hub dolnośląskie-północny-12-04-00536,IK02,telecom,węzeł agregacyjny/RAN hub,02,0212,0212004,K3,45841,9.9,1,IK-01-00198,electricity,gmina dolnośląskie-północny-12-04,GPZ 110/SN dolnośląskie-zachodni-09-04-00198,2026-09-12T15:54+0200
IK-01-00121,GPZ 110/SN dolnośląskie-zachodni-27-07-00121,IK01,energy,GPZ 110/SN,02,0227,0227007,K1,92731,10.0,0,,seed,gmina dolnośląskie-zachodni-27-07,,2026-09-12T16:00+0200
IK-01-00327,tłocznia gazu dolnośląskie-zachodni-15-01-00327,IK01,energy,tłocznia gazu,02,0215,0215001,K2,188694,10.0,0,,seed,gmina dolnośląskie-zachodni-15-01,,2026-09-12T16:00+0200
IK-02-00578,węzeł agregacyjny/RAN hub dolnośląskie-zachodni-03-03-00578,IK02,telecom,węzeł agregacyjny/RAN hub,02,0203,0203003,K3,64896,10.0,0,,seed,gmina dolnośląskie-zachodni-03-03,,2026-09-12T16:00+0200
IK-03-00718,centrum przetwarzania danych dolnośląskie-centralny-10-04-00718,IK03,ict,centrum przetwarzania danych,02,0210,0210004,K1,1014833,10.0,0,,seed,gmina dolnośląskie-centralny-10-04,,2026-09-12T16:00+0200
IK-06-01181,stacja uzdatniania wody dolnośląskie-miejski-05-02-01181,IK06,water,stacja uzdatniania wody,02,0205,0205002,K2,65607,10.0,0,,seed,gmina dolnośląskie-miejski-05-02,,2026-09-12T16:00+0200
IK-06-01211,stacja uzdatniania wody dolnośląskie-północny-12-03-01211,IK06,water,stacja uzdatniania wody,02,0212,0212003,K2,52492,10.0,0,,seed,gmina dolnośląskie-północny-12-03,,2026-09-12T16:00+0200
IK-06-01273,przepompownia wody dolnośląskie-centralny-16-07-01273,IK06,water,przepompownia wody,02,0216,0216007,K3,8003,10.0,0,,seed,gmina dolnośląskie-centralny-16-07,,2026-09-12T16:00+0200
IK-06-01358,oczyszczalnia ścieków dolnośląskie-północny-24-03-01358,IK06,water,oczyszczalnia ścieków,02,0224,0224003,K3,88602,10.0,0,,seed,gmina dolnośląskie-północny-24-03,,2026-09-12T16:00+0200
IK-08-01776,centrum sterowania ruchem dolnośląskie-wschodni-02-06-01776,IK08,transport,centrum sterowania ruchem,02,0202,0202006,K3,130348,10.0,0,,seed,gmina dolnośląskie-wschodni-02-06,,2026-09-12T16:00+0200
IK-02-00630,węzeł agregacyjny/RAN hub dolnośląskie-północny-12-04-00630,IK02,telecom,węzeł agregacyjny/RAN hub,02,0212,0212004,K3,43935,10.0,1,IK-01-00198,electricity,gmina dolnośląskie-północny-12-04,GPZ 110/SN dolnośląskie-zachodni-09-04-00198,2026-09-12T16:00+0200
IK-07-01586,bank krwi / magazyn farmaceutyczny opolskie-północny-06-01-01586,IK07,health,bank krwi / magazyn farmaceutyczny,16,1606,1606001,K3,204110,10.12,3,IK-02-00641,telecom,gmina opolskie-północny-06-01,węzeł agregacyjny/RAN hub opolskie-wschodni-02-03-00641,2026-09-12T16:07+0200
IK-07-01408,szpital wielospecjalistyczny dolnośląskie-wschodni-08-06-01408,IK07,health,szpital wielospecjalistyczny,02,0208,0208006,K1,156994,10.18,3,IK-02-00673,telecom,gmina dolnośląskie-wschodni-08-06,węzeł agregacyjny/RAN hub dolnośląskie-południowy-19-03-00673,2026-09-12T16:10+0200
IK-05-00926,magazyn rezerw strategicznych dolnośląskie-miejski-05-07-00926,IK05,food,magazyn rezerw strategicznych,02,0205,0205007,K2,613329,10.2,2,IK-01-00238,electricity,gmina dolnośląskie-miejski-05-07,GPZ 110/SN dolnośląskie-południowy-01-06-00238,2026-09-12T16:12+0200
IK-06-01089,ujęcie wody opolskie-północny-12-02-01089,IK06,water,ujęcie wody,16,1612,1612002,K3,98012,10.2,2,IK-01-00213,electricity,gmina opolskie-północny-12-02,GPZ 110/SN opolskie-północny-12-02-00213,2026-09-12T16:12+0200
IK-08-01641,węzeł kolejowy opolskie-północny-06-04-01641,IK08,transport,węzeł kolejowy,16,1606,1606004,K1,363635,10.3,3,IK-02-00641,telecom,gmina opolskie-północny-06-04,węzeł agregacyjny/RAN hub opolskie-wschodni-02-03-00641,2026-09-12T16:18+0200
IK-07-01488,szpital powiatowy opolskie-północny-06-07-01488,IK07,health,szpital powiatowy,16,1606,1606007,K3,43371,10.37,3,IK-02-00641,telecom,gmina opolskie-północny-06-07,węzeł agregacyjny/RAN hub opolskie-wschodni-02-03-00641,2026-09-12T16:22+0200
IK-07-01394,szpital wielospecjalistyczny opolskie-północny-06-04-01394,IK07,health,szpital wielospecjalistyczny,16,1606,1606004,K1,151591,10.45,3,IK-02-00641,telecom,gmina opolskie-północny-06-04,węzeł agregacyjny/RAN hub opolskie-wschodni-02-03-00641,2026-09-12T16:27+0200
IK-07-01428,szpital powiatowy opolskie-północny-06-01-01428,IK07,health,szpital powiatowy,16,1606,1606001,K2,82999,10.49,3,IK-02-00641,telecom,gmina opolskie-północny-06-01,węzeł agregacyjny/RAN hub opolskie-wschodni-02-03-00641,2026-09-12T16:29+0200
IK-07-01614,bank krwi / magazyn farmaceutyczny opolskie-północny-06-04-01614,IK07,health,bank krwi / magazyn farmaceutyczny,16,1606,1606004,K2,228882,10.49,3,IK-02-00641,telecom,gmina opolskie-północny-06-04,węzeł agregacyjny/RAN hub opolskie-wschodni-02-03-00641,2026-09-12T16:29+0200
IK-08-01650,węzeł kolejowy opolskie-wschodni-02-03-01650,IK08,transport,węzeł kolejowy,16,1602,1602003,K2,418444,10.49,3,IK-02-00641,telecom,gmina opolskie-wschodni-02-03,węzeł agregacyjny/RAN hub opolskie-wschodni-02-03-00641,2026-09-12T16:29+0200
IK-10-02036,węzeł teleinformatyczny urzędu dolnośląskie-południowy-25-06-02036,IK10,admin,węzeł teleinformatyczny urzędu,02,0225,0225006,K3,203804,10.49,2,IK-02-00536,telecom,gmina dolnośląskie-południowy-25-06,węzeł agregacyjny/RAN hub dolnośląskie-północny-12-04-00536,2026-09-12T16:29+0200
IK-02-00464,węzeł szkieletowy telekom dolnośląskie-południowy-19-04-00464,IK02,telecom,węzeł szkieletowy telekom,02,0219,0219004,K1,1074360,10.7,2,IK-01-00078,electricity,gmina dolnośląskie-południowy-19-04,GPZ 110/SN dolnośląskie-południowy-19-05-00078,2026-09-12T16:42+0200
IK-07-01470,szpital powiatowy dolnośląskie-północny-18-06-01470,IK07,health,szpital powiatowy,02,0218,0218006,K2,72138,10.89,2,IK-06-01206,water,gmina dolnośląskie-północny-18-06,stacja uzdatniania wody dolnośląskie-południowy-07-07-01206,2026-09-12T16:53+0200
IK-01-00277,elektrociepłownia dolnośląskie-południowy-07-03-00277,IK01,energy,elektrociepłownia,02,0207,0207003,K2,95968,11.0,0,,seed,gmina dolnośląskie-południowy-07-03,,2026-09-12T17:00+0200
IK-06-01277,przepompownia wody dolnośląskie-wschodni-26-06-01277,IK06,water,przepompownia wody,02,0226,0226006,K3,21958,11.0,0,,seed,gmina dolnośląskie-wschodni-26-06,,2026-09-12T17:00+0200
IK-06-01363,oczyszczalnia ścieków dolnośląskie-zachodni-03-02-01363,IK06,water,oczyszczalnia ścieków,02,0203,0203002,K2,43523,11.0,0,,seed,gmina dolnośląskie-zachodni-03-02,,2026-09-12T17:00+0200
IK-07-01405,szpital wielospecjalistyczny dolnośląskie-południowy-13-03-01405,IK07,health,szpital wielospecjalistyczny,02,0213,0213003,K1,193753,11.0,0,,seed,gmina dolnośląskie-południowy-13-03,,2026-09-12T17:00+0200
IK-07-01518,szpital powiatowy opolskie-południowy-07-05-01518,IK07,health,szpital powiatowy,16,1607,1607005,K2,167722,11.0,0,,seed,gmina opolskie-południowy-07-05,,2026-09-12T17:00+0200
IK-08-01743,most/przeprawa krytyczna dolnośląskie-zachodni-15-03-01743,IK08,transport,most/przeprawa krytyczna,02,0215,0215003,K2,101377,11.0,0,,seed,gmina dolnośląskie-zachodni-15-03,,2026-09-12T17:00+0200
IK-10-01961,centrum zarządzania kryzysowego dolnośląskie-centralny-16-05-01961,IK10,admin,centrum zarządzania kryzysowego,02,0216,0216005,K1,567183,11.0,0,,seed,gmina dolnośląskie-centralny-16-05,,2026-09-12T17:00+0200
IK-10-02010,węzeł teleinformatyczny urzędu dolnośląskie-zachodni-03-02-02010,IK10,admin,węzeł teleinformatyczny urzędu,02,0203,0203002,K3,137990,11.0,0,,seed,gmina dolnośląskie-zachodni-03-02,,2026-09-12T17:00+0200
IK-06-01108,ujęcie wody dolnośląskie-miejski-17-04-01108,IK06,water,ujęcie wody,02,0217,0217004,K2,69962,11.0,1,IK-01-00082,electricity,gmina dolnośląskie-miejski-17-04,GPZ 110/SN dolnośląskie-zachodni-27-05-00082,2026-09-12T17:00+0200
IK-04-00842,centrum rozliczeniowe dolnośląskie-miejski-05-05-00842,IK04,finance,centrum rozliczeniowe,02,0205,0205005,K1,3200000,11.04,3,IK-02-00464,telecom,gmina dolnośląskie-miejski-05-05,węzeł szkieletowy telekom dolnośląskie-południowy-19-04-00464,2026-09-12T17:02+0200
IK-04-00888,centrum przetwarzania banku dolnośląskie-wschodni-08-07-00888,IK04,finance,centrum przetwarzania banku,02,0208,0208007,K2,278937,11.04,3,IK-02-00464,telecom,gmina dolnośląskie-wschodni-08-07,węzeł szkieletowy telekom dolnośląskie-południowy-19-04-00464,2026-09-12T17:02+0200
IK-04-00912,hurtownia wartości/gotówki dolnośląskie-południowy-01-03-00912,IK04,finance,hurtownia wartości/gotówki,02,0201,0201003,K3,81965,11.18,3,IK-02-00464,telecom,gmina dolnośląskie-południowy-01-03,węzeł szkieletowy telekom dolnośląskie-południowy-19-04-00464,2026-09-12T17:10+0200
IK-06-01319,przepompownia wody opolskie-północny-12-02-01319,IK06,water,przepompownia wody,16,1612,1612002,K2,48505,11.2,2,IK-01-00213,electricity,gmina opolskie-północny-12-02,GPZ 110/SN opolskie-północny-12-02-00213,2026-09-12T17:12+0200
IK-04-00878,centrum przetwarzania banku dolnośląskie-miejski-11-05-00878,IK04,finance,centrum przetwarzania banku,02,0211,0211005,K2,1286880,11.26,3,IK-02-00464,telecom,gmina dolnośląskie-miejski-11-05,węzeł szkieletowy telekom dolnośląskie-południowy-19-04-00464,2026-09-12T17:15+0200
IK-08-01815,centrum sterowania ruchem dolnośląskie-północny-12-04-01815,IK08,transport,centrum sterowania ruchem,02,0212,0212004,K3,209912,11.3,2,IK-02-00536,telecom,gmina dolnośląskie-północny-12-04,węzeł agregacyjny/RAN hub dolnośląskie-północny-12-04-00536,2026-09-12T17:18+0200
IK-07-01440,szpital powiatowy opolskie-wschodni-08-04-01440,IK07,health,szpital powiatowy,16,1608,1608004,K2,33455,11.33,1,IK-06-01085,water,gmina opolskie-wschodni-08-04,ujęcie wody opolskie-wschodni-08-04-01085,2026-09-12T17:19+0200
IK-04-00856,centrum przetwarzania banku dolnośląskie-zachodni-09-03-00856,IK04,finance,centrum przetwarzania banku,02,0209,0209003,K1,678820,11.38,3,IK-02-00464,telecom,gmina dolnośląskie-zachodni-09-03,węzeł szkieletowy telekom dolnośląskie-południowy-19-04-00464,2026-09-12T17:22+0200
IK-06-01329,przepompownia wody opolskie-północny-12-05-01329,IK06,water,przepompownia wody,16,1612,1612005,K3,14742,11.4,2,IK-01-00213,electricity,gmina opolskie-północny-12-05,GPZ 110/SN opolskie-północny-12-02-00213,2026-09-12T17:24+0200
IK-03-00712,centrum przetwarzania danych dolnośląskie-wschodni-26-07-00712,IK03,ict,centrum przetwarzania danych,02,0226,0226007,K1,779976,11.41,3,IK-02-00464,telecom,gmina dolnośląskie-wschodni-26-07,węzeł szkieletowy telekom dolnośląskie-południowy-19-04-00464,2026-09-12T17:24+0200
IK-02-00469,węzeł szkieletowy telekom dolnośląskie-zachodni-09-02-00469,IK02,telecom,węzeł szkieletowy telekom,02,0209,0209002,K2,557082,11.7,1,IK-01-00198,electricity,gmina dolnośląskie-zachodni-09-02,GPZ 110/SN dolnośląskie-zachodni-09-04-00198,2026-09-12T17:42+0200
IK-06-01226,stacja uzdatniania wody opolskie-centralny-04-01-01226,IK06,water,stacja uzdatniania wody,16,1604,1604001,K2,124876,11.7,2,IK-01-00213,electricity,gmina opolskie-centralny-04-01,GPZ 110/SN opolskie-północny-12-02-00213,2026-09-12T17:42+0200
IK-02-00465,węzeł szkieletowy telekom dolnośląskie-południowy-19-01-00465,IK02,telecom,węzeł szkieletowy telekom,02,0219,0219001,K1,392708,12.0,0,,seed,gmina dolnośląskie-południowy-19-01,,2026-09-12T18:00+0200
IK-07-01445,szpital powiatowy opolskie-centralny-04-04-01445,IK07,health,szpital powiatowy,16,1604,1604004,K2,41561,12.0,0,,seed,gmina opolskie-centralny-04-04,,2026-09-12T18:00+0200
IK-07-01511,szpital powiatowy opolskie-południowy-01-05-01511,IK07,health,szpital powiatowy,16,1601,1601005,K3,49201,12.0,0,,seed,gmina opolskie-południowy-01-05,,2026-09-12T18:00+0200
IK-07-01561,centrum dializ opolskie-zachodni-03-06-01561,IK07,health,centrum dializ,16,1603,1603006,K3,507,12.0,0,,seed,gmina opolskie-zachodni-03-06,,2026-09-12T18:00+0200
IK-08-01625,węzeł kolejowy opolskie-miejski-11-07-01625,IK08,transport,węzeł kolejowy,16,1611,1611007,K2,508063,12.0,0,,seed,gmina opolskie-miejski-11-07,,2026-09-12T18:00+0200
IK-11-02066,zakład dużego ryzyka (ZDR) dolnośląskie-miejski-17-02-02066,IK11,chemical,zakład dużego ryzyka (ZDR),02,0217,0217002,K1,21951,12.0,0,,seed,gmina dolnośląskie-miejski-17-02,,2026-09-12T18:00+0200
IK-11-02085,zakład zwiększonego ryzyka (ZZR) dolnośląskie-wschodni-02-01-02085,IK11,chemical,zakład zwiększonego ryzyka (ZZR),02,0202,0202001,K3,14888,12.0,0,,seed,gmina dolnośląskie-wschodni-02-01,,2026-09-12T18:00+0200
IK-03-00785,system rejestrów państwowych dolnośląskie-południowy-01-04-00785,IK03,ict,system rejestrów państwowych,02,0201,0201004,K1,1099968,12.08,2,IK-02-00469,telecom,gmina dolnośląskie-południowy-01-04,węzeł szkieletowy telekom dolnośląskie-zachodni-09-02-00469,2026-09-12T18:04+0200
IK-09-01860,jednostka ratowniczo-gaśnicza PSP dolnośląskie-wschodni-08-02-01860,IK09,rescue,jednostka ratowniczo-gaśnicza PSP,02,0208,0208002,K3,101277,12.15,2,IK-02-00469,telecom,gmina dolnośląskie-wschodni-08-02,węzeł szkieletowy telekom dolnośląskie-zachodni-09-02-00469,2026-09-12T18:09+0200
IK-03-00795,system rejestrów państwowych dolnośląskie-miejski-17-04-00795,IK03,ict,system rejestrów państwowych,02,0217,0217004,K2,864689,12.36,1,IK-02-00465,telecom,gmina dolnośląskie-miejski-17-04,węzeł szkieletowy telekom dolnośląskie-południowy-19-01-00465,2026-09-12T18:21+0200
IK-09-01842,jednostka ratowniczo-gaśnicza PSP dolnośląskie-miejski-11-07-01842,IK09,rescue,jednostka ratowniczo-gaśnicza PSP,02,0211,0211007,K2,48294,12.46,1,IK-02-00465,telecom,gmina dolnośląskie-miejski-11-07,węzeł szkieletowy telekom dolnośląskie-południowy-19-01-00465,2026-09-12T18:27+0200
IK-09-01853,jednostka ratowniczo-gaśnicza PSP dolnośląskie-wschodni-08-03-01853,IK09,rescue,jednostka ratowniczo-gaśnicza PSP,02,0208,0208003,K1,50083,12.47,2,IK-02-00469,telecom,gmina dolnośląskie-wschodni-08-03,węzeł szkieletowy telekom dolnośląskie-zachodni-09-02-00469,2026-09-12T18:28+0200
IK-03-00810,system rejestrów państwowych dolnośląskie-miejski-17-04-00810,IK03,ict,system rejestrów państwowych,02,0217,0217004,K1,1176423,12.55,1,IK-02-00465,telecom,gmina dolnośląskie-miejski-17-04,węzeł szkieletowy telekom dolnośląskie-południowy-19-01-00465,2026-09-12T18:33+0200
IK-07-01371,szpital wielospecjalistyczny dolnośląskie-północny-24-04-01371,IK07,health,szpital wielospecjalistyczny,02,0224,0224004,K2,145053,12.57,2,IK-08-01728,transport,gmina dolnośląskie-północny-24-04,most/przeprawa krytyczna dolnośląskie-wschodni-08-03-01728,2026-09-12T18:34+0200
IK-09-01877,jednostka ratowniczo-gaśnicza PSP dolnośląskie-zachodni-27-05-01877,IK09,rescue,jednostka ratowniczo-gaśnicza PSP,02,0227,0227005,K3,46754,12.58,1,IK-02-00465,telecom,gmina dolnośląskie-zachodni-27-05,węzeł szkieletowy telekom dolnośląskie-południowy-19-01-00465,2026-09-12T18:34+0200
IK-03-00749,węzeł sieci rządowej dolnośląskie-miejski-17-05-00749,IK03,ict,węzeł sieci rządowej,02,0217,0217005,K1,144167,12.6,1,IK-02-00465,telecom,gmina dolnośląskie-miejski-17-05,węzeł szkieletowy telekom dolnośląskie-południowy-19-01-00465,2026-09-12T18:36+0200
IK-07-01613,bank krwi / magazyn farmaceutyczny dolnośląskie-północny-18-07-01613,IK07,health,bank krwi / magazyn farmaceutyczny,02,0218,0218007,K2,200581,12.7,1,IK-01-00042,electricity,gmina dolnośląskie-północny-18-07,GPZ 110/SN dolnośląskie-północny-18-04-00042,2026-09-12T18:42+0200
IK-02-00679,węzeł agregacyjny/RAN hub opolskie-wschodni-08-05-00679,IK02,telecom,węzeł agregacyjny/RAN hub,16,1608,1608005,K3,16599,12.7,2,IK-01-00213,electricity,gmina opolskie-wschodni-08-05,GPZ 110/SN opolskie-północny-12-02-00213,2026-09-12T18:42+0200
IK-09-01823,jednostka ratowniczo-gaśnicza PSP dolnośląskie-południowy-13-01-01823,IK09,rescue,jednostka ratowniczo-gaśnicza PSP,02,0213,0213001,K2,60385,12.9,1,IK-02-00465,telecom,gmina dolnośląskie-południowy-13-01,węzeł szkieletowy telekom dolnośląskie-południowy-19-01-00465,2026-09-12T18:54+0200
IK-01-00412,stacja redukcyjna gazu dolnośląskie-centralny-16-02-00412,IK01,energy,stacja redukcyjna gazu,02,0216,0216002,K2,34547,13.0,0,,seed,gmina dolnośląskie-centralny-16-02,,2026-09-12T19:00+0200
IK-02-00608,węzeł agregacyjny/RAN hub dolnośląskie-południowy-01-02-00608,IK02,telecom,węzeł agregacyjny/RAN hub,02,0201,0201002,K3,80657,13.0,0,,seed,gmina dolnośląskie-południowy-01-02,,2026-09-12T19:00+0200
IK-03-00703,centrum przetwarzania danych dolnośląskie-południowy-25-01-00703,IK03,ict,centrum przetwarzania danych,02,0225,0225001,K1,766643,13.0,0,,seed,gmina dolnośląskie-południowy-25-01,,2026-09-12T19:00+0200
IK-04-00835,centrum rozliczeniowe dolnośląskie-miejski-29-02-00835,IK04,finance,centrum rozliczeniowe,02,0229,0229002,K2,2261246,13.0,0,,seed,gmina dolnośląskie-miejski-29-02,,2026-09-12T19:00+0200
IK-07-01387,szpital wielospecjalistyczny dolnośląskie-północny-12-01-01387,IK07,health,szpital wielospecjalistyczny,02,0212,0212001,K1,229537,13.0,0,,seed,gmina dolnośląskie-północny-12-01,,2026-09-12T19:00+0200
IK-08-01687,most/przeprawa krytyczna dolnośląskie-wschodni-14-07-01687,IK08,transport,most/przeprawa krytyczna,02,0214,0214007,K2,100963,13.0,0,,seed,gmina dolnośląskie-wschodni-14-07,,2026-09-12T19:00+0200
IK-02-00509,węzeł agregacyjny/RAN hub dolnośląskie-miejski-17-04-00509,IK02,telecom,węzeł agregacyjny/RAN hub,02,0217,0217004,K3,56835,13.0,1,IK-01-00082,electricity,gmina dolnośląskie-miejski-17-04,GPZ 110/SN dolnośląskie-zachodni-27-05-00082,2026-09-12T19:00+0200
IK-02-00449,węzeł szkieletowy telekom opolskie-wschodni-08-05-00449,IK02,telecom,węzeł szkieletowy telekom,16,1608,1608005,K1,714656,13.0,2,IK-01-00213,electricity,gmina opolskie-wschodni-08-05,GPZ 110/SN opolskie-północny-12-02-00213,2026-09-12T19:00+0200
IK-10-02001,węzeł teleinformatyczny urzędu dolnośląskie-miejski-17-04-02001,IK10,admin,węzeł teleinformatyczny urzędu,02,0217,0217004,K2,68362,13.07,2,IK-03-00795,ict,gmina dolnośląskie-miejski-17-04,system rejestrów państwowych dolnośląskie-miejski-17-04-00795,2026-09-12T19:04+0200
IK-08-01652,węzeł kolejowy opolskie-południowy-07-03-01652,IK08,transport,węzeł kolejowy,16,1607,1607003,K2,147514,13.1,2,IK-01-00213,electricity,gmina opolskie-południowy-07-03,GPZ 110/SN opolskie-północny-12-02-00213,2026-09-12T19:06+0200
IK-07-01591,bank krwi / magazyn farmaceutyczny dolnośląskie-północny-12-05-01591,IK07,health,bank krwi / magazyn farmaceutyczny,02,0212,0212005,K1,294159,13.11,1,IK-06-01211,water,gmina dolnośląskie-północny-12-05,stacja uzdatniania wody dolnośląskie-północny-12-03-01211,2026-09-12T19:06+0200
IK-03-00819,system rejestrów państwowych opolskie-południowy-07-07-00819,IK03,ict,system rejestrów państwowych,16,1607,1607007,K2,2486478,13.21,3,IK-02-00449,telecom,gmina opolskie-południowy-07-07,węzeł szkieletowy telekom opolskie-wschodni-08-05-00449,2026-09-12T19:12+0200
IK-03-00708,centrum przetwarzania danych opolskie-wschodni-08-06-00708,IK03,ict,centrum przetwarzania danych,16,1608,1608006,K1,1076264,13.38,3,IK-02-00449,telecom,gmina opolskie-wschodni-08-06,węzeł szkieletowy telekom opolskie-wschodni-08-05-00449,2026-09-12T19:22+0200
IK-07-01598,bank krwi / magazyn farmaceutyczny dolnośląskie-północny-12-02-01598,IK07,health,bank krwi / magazyn farmaceutyczny,02,0212,0212002,K3,616729,13.39,1,IK-06-01211,water,gmina dolnośląskie-północny-12-02,stacja uzdatniania wody dolnośląskie-północny-12-03-01211,2026-09-12T19:23+0200
IK-04-00905,hurtownia wartości/gotówki opolskie-północny-12-05-00905,IK04,finance,hurtownia wartości/gotówki,16,1612,1612005,K3,260116,13.4,3,IK-02-00449,telecom,gmina opolskie-północny-12-05,węzeł szkieletowy telekom opolskie-wschodni-08-05-00449,2026-09-12T19:24+0200
IK-03-00773,węzeł sieci rządowej opolskie-północny-12-03-00773,IK03,ict,węzeł sieci rządowej,16,1612,1612003,K2,248652,13.58,3,IK-02-00449,telecom,gmina opolskie-północny-12-03,węzeł szkieletowy telekom opolskie-wschodni-08-05-00449,2026-09-12T19:34+0200
IK-10-02042,węzeł teleinformatyczny urzędu dolnośląskie-południowy-13-04-02042,IK10,admin,węzeł teleinformatyczny urzędu,02,0213,0213004,K2,252009,13.62,2,IK-03-00749,ict,gmina dolnośląskie-południowy-13-04,węzeł sieci rządowej dolnośląskie-miejski-17-05-00749,2026-09-12T19:37+0200
IK-10-01965,centrum zarządzania kryzysowego dolnośląskie-miejski-17-07-01965,IK10,admin,centrum zarządzania kryzysowego,02,0217,0217007,K1,238265,13.63,2,IK-03-00749,ict,gmina dolnośląskie-miejski-17-07,węzeł sieci rządowej dolnośląskie-miejski-17-05-00749,2026-09-12T19:37+0200
IK-04-00898,hurtownia wartości/gotówki opolskie-wschodni-08-01-00898,IK04,finance,hurtownia wartości/gotówki,16,1608,1608001,K2,197546,13.64,3,IK-02-00449,telecom,gmina opolskie-wschodni-08-01,węzeł szkieletowy telekom opolskie-wschodni-08-05-00449,2026-09-12T19:38+0200
IK-08-01782,centrum sterowania ruchem opolskie-północny-12-07-01782,IK08,transport,centrum sterowania ruchem,16,1612,1612007,K2,117372,13.7,2,IK-01-00213,electricity,gmina opolskie-północny-12-07,GPZ 110/SN opolskie-północny-12-02-00213,2026-09-12T19:42+0200
IK-04-00908,hurtownia wartości/gotówki opolskie-północny-12-05-00908,IK04,finance,hurtownia wartości/gotówki,16,1612,1612005,K3,390636,13.77,3,IK-02-00449,telecom,gmina opolskie-północny-12-05,węzeł szkieletowy telekom opolskie-wschodni-08-05-00449,2026-09-12T19:46+0200
IK-02-00660,węzeł agregacyjny/RAN hub opolskie-wschodni-08-01-00660,IK02,telecom,węzeł agregacyjny/RAN hub,16,1608,1608001,K2,55715,13.92,4,IK-03-00819,ict,gmina opolskie-wschodni-08-01,system rejestrów państwowych opolskie-południowy-07-07-00819,2026-09-12T19:55+0200
IK-02-00666,węzeł agregacyjny/RAN hub opolskie-południowy-07-07-00666,IK02,telecom,węzeł agregacyjny/RAN hub,16,1607,1607007,K2,41066,14.0,0,,seed,gmina opolskie-południowy-07-07,,2026-09-12T20:00+0200
IK-07-01418,szpital wielospecjalistyczny opolskie-wschodni-02-06-01418,IK07,health,szpital wielospecjalistyczny,16,1602,1602006,K1,244690,14.0,0,,seed,gmina opolskie-wschodni-02-06,,2026-09-12T20:00+0200
IK-08-01681,most/przeprawa krytyczna dolnośląskie-zachodni-27-04-01681,IK08,transport,most/przeprawa krytyczna,02,0227,0227004,K3,103493,14.0,0,,seed,gmina dolnośląskie-zachodni-27-04,,2026-09-12T20:00+0200
IK-11-02100,obiekt jądrowy/składowisko odpadów prom. dolnośląskie-zachodni-03-02-02100,IK11,chemical,obiekt jądrowy/składowisko odpadów prom.,02,0203,0203002,K1,22347,14.0,0,,seed,gmina dolnośląskie-zachodni-03-02,,2026-09-12T20:00+0200
IK-02-00615,węzeł agregacyjny/RAN hub opolskie-północny-12-02-00615,IK02,telecom,węzeł agregacyjny/RAN hub,16,1612,1612002,K2,32306,14.0,2,IK-01-00213,electricity,gmina opolskie-północny-12-02,GPZ 110/SN opolskie-północny-12-02-00213,2026-09-12T20:00+0200
IK-05-00929,magazyn rezerw strategicznych dolnośląskie-wschodni-20-06-00929,IK05,food,magazyn rezerw strategicznych,02,0220,0220006,K2,642905,14.1,2,IK-01-00069,electricity,gmina dolnośląskie-wschodni-20-06,GPZ 110/SN dolnośląskie-centralny-22-04-00069,2026-09-12T20:06+0200
IK-02-00557,węzeł agregacyjny/RAN hub opolskie-wschodni-02-02-00557,IK02,telecom,węzeł agregacyjny/RAN hub,16,1602,1602002,K2,34410,14.18,4,IK-03-00708,ict,gmina opolskie-wschodni-02-02,centrum przetwarzania danych opolskie-wschodni-08-06-00708,2026-09-12T20:10+0200
IK-04-00881,centrum przetwarzania banku opolskie-północny-06-07-00881,IK04,finance,centrum przetwarzania banku,16,1606,1606007,K2,375729,14.38,4,IK-03-00773,ict,gmina opolskie-północny-06-07,węzeł sieci rządowej opolskie-północny-12-03-00773,2026-09-12T20:22+0200
IK-04-00854,centrum przetwarzania banku opolskie-północny-06-05-00854,IK04,finance,centrum przetwarzania banku,16,1606,1606005,K2,896654,14.39,4,IK-03-00773,ict,gmina opolskie-północny-06-05,węzeł sieci rządowej opolskie-północny-12-03-00773,2026-09-12T20:23+0200
IK-10-01937,centrum zarządzania kryzysowego opolskie-wschodni-08-03-01937,IK10,admin,centrum zarządzania kryzysowego,16,1608,1608003,K1,387634,14.47,4,IK-03-00773,ict,gmina opolskie-wschodni-08-03,węzeł sieci rządowej opolskie-północny-12-03-00773,2026-09-12T20:28+0200
IK-10-01958,centrum zarządzania kryzysowego opolskie-północny-06-04-01958,IK10,admin,centrum zarządzania kryzysowego,16,1606,1606004,K1,858867,14.56,4,IK-03-00773,ict,gmina opolskie-północny-06-04,węzeł sieci rządowej opolskie-północny-12-03-00773,2026-09-12T20:33+0200
IK-04-00833,centrum rozliczeniowe opolskie-wschodni-02-06-00833,IK04,finance,centrum rozliczeniowe,16,1602,1602006,K2,897581,14.61,4,IK-03-00773,ict,gmina opolskie-wschodni-02-06,węzeł sieci rządowej opolskie-północny-12-03-00773,2026-09-12T20:36+0200
IK-02-00633,węzeł agregacyjny/RAN hub opolskie-zachodni-03-04-00633,IK02,telecom,węzeł agregacyjny/RAN hub,16,1603,1603004,K2,82777,15.0,0,,seed,gmina opolskie-zachodni-03-04,,2026-09-12T21:00+0200
IK-03-00769,węzeł sieci rządowej dolnośląskie-południowy-07-05-00769,IK03,ict,węzeł sieci rządowej,02,0207,0207005,K2,185132,15.0,0,,seed,gmina dolnośląskie-południowy-07-05,,2026-09-12T21:00+0200
IK-06-01097,ujęcie wody opolskie-południowy-01-05-01097,IK06,water,ujęcie wody,16,1601,1601005,K1,96464,15.0,0,,seed,gmina opolskie-południowy-01-05,,2026-09-12T21:00+0200
IK-09-01884,jednostka ratowniczo-gaśnicza PSP dolnośląskie-północny-18-02-01884,IK09,rescue,jednostka ratowniczo-gaśnicza PSP,02,0218,0218002,K1,50479,15.0,0,,seed,gmina dolnośląskie-północny-18-02,,2026-09-12T21:00+0200
IK-08-01803,centrum sterowania ruchem opolskie-wschodni-08-03-01803,IK08,transport,centrum sterowania ruchem,16,1608,1608003,K3,136385,15.18,3,IK-02-00615,telecom,gmina opolskie-wschodni-08-03,węzeł agregacyjny/RAN hub opolskie-północny-12-02-00615,2026-09-12T21:10+0200
IK-01-00256,elektrownia systemowa dolnośląskie-wschodni-08-04-00256,IK01,energy,elektrownia systemowa,02,0208,0208004,K1,378609,16.0,0,,seed,gmina dolnośląskie-wschodni-08-04,,2026-09-12T22:00+0200
IK-10-01991,węzeł teleinformatyczny urzędu opolskie-południowy-01-03-01991,IK10,admin,węzeł teleinformatyczny urzędu,16,1601,1601003,K3,189863,16.0,0,,seed,gmina opolskie-południowy-01-03,,2026-09-12T22:00+0200
IK-10-02011,węzeł teleinformatyczny urzędu opolskie-południowy-01-03-02011,IK10,admin,węzeł teleinformatyczny urzędu,16,1601,1601003,K3,124663,16.0,0,,seed,gmina opolskie-południowy-01-03,,2026-09-12T22:00+0200
IK-01-00006,stacja NN 400/220 kV dolnośląskie-miejski-05-07-00006,IK01,energy,stacja NN 400/220 kV,02,0205,0205007,K1,805257,16.0,1,IK-01-00256,generation,gmina dolnośląskie-miejski-05-07,elektrownia systemowa dolnośląskie-wschodni-08-04-00256,2026-09-12T22:00+0200
IK-01-00029,stacja NN 400/220 kV dolnośląskie-centralny-16-05-00029,IK01,energy,stacja NN 400/220 kV,02,0216,0216005,K1,1055334,16.0,1,IK-01-00256,generation,gmina dolnośląskie-centralny-16-05,elektrownia systemowa dolnośląskie-wschodni-08-04-00256,2026-09-12T22:00+0200
IK-01-00071,GPZ 110/SN dolnośląskie-wschodni-08-07-00071,IK01,energy,GPZ 110/SN,02,0208,0208007,K1,118465,16.0,2,IK-01-00006,electricity,gmina dolnośląskie-wschodni-08-07,stacja NN 400/220 kV dolnośląskie-miejski-05-07-00006,2026-09-12T22:00+0200
IK-01-00119,GPZ 110/SN dolnośląskie-południowy-13-02-00119,IK01,energy,GPZ 110/SN,02,0213,0213002,K2,104882,16.0,2,IK-01-00006,electricity,gmina dolnośląskie-południowy-13-02,stacja NN 400/220 kV dolnośląskie-miejski-05-07-00006,2026-09-12T22:00+0200
IK-01-00159,GPZ 110/SN dolnośląskie-zachodni-03-03-00159,IK01,energy,GPZ 110/SN,02,0203,0203003,K2,69489,16.0,2,IK-01-00006,electricity,gmina dolnośląskie-zachodni-03-03,stacja NN 400/220 kV dolnośląskie-miejski-05-07-00006,2026-09-12T22:00+0200
IK-01-00168,GPZ 110/SN dolnośląskie-miejski-11-02-00168,IK01,energy,GPZ 110/SN,02,0211,0211002,K2,33039,16.0,2,IK-01-00006,electricity,gmina dolnośląskie-miejski-11-02,stacja NN 400/220 kV dolnośląskie-miejski-05-07-00006,2026-09-12T22:00+0200
IK-01-00240,GPZ 110/SN dolnośląskie-zachodni-03-05-00240,IK01,energy,GPZ 110/SN,02,0203,0203005,K2,31523,16.0,2,IK-01-00006,electricity,gmina dolnośląskie-zachodni-03-05,stacja NN 400/220 kV dolnośląskie-miejski-05-07-00006,2026-09-12T22:00+0200
IK-07-01508,szpital powiatowy dolnośląskie-południowy-01-01-01508,IK07,health,szpital powiatowy,02,0201,0201001,K1,230210,16.0,3,IK-01-00071,electricity,gmina dolnośląskie-południowy-01-01,GPZ 110/SN dolnośląskie-wschodni-08-07-00071,2026-09-12T22:00+0200
IK-08-01682,most/przeprawa krytyczna dolnośląskie-wschodni-08-06-01682,IK08,transport,most/przeprawa krytyczna,02,0208,0208006,K1,40636,16.0,3,IK-01-00071,electricity,gmina dolnośląskie-wschodni-08-06,GPZ 110/SN dolnośląskie-wschodni-08-07-00071,2026-09-12T22:00+0200
IK-05-01006,zakład przetwórstwa spożywczego dolnośląskie-południowy-13-06-01006,IK05,food,zakład przetwórstwa spożywczego,02,0213,0213006,K3,65657,16.0,3,IK-01-00119,electricity,gmina dolnośląskie-południowy-13-06,GPZ 110/SN dolnośląskie-południowy-13-02-00119,2026-09-12T22:00+0200
IK-05-01038,zakład przetwórstwa spożywczego dolnośląskie-miejski-17-01-01038,IK05,food,zakład przetwórstwa spożywczego,02,0217,0217001,K3,65459,16.0,3,IK-01-00119,electricity,gmina dolnośląskie-miejski-17-01,GPZ 110/SN dolnośląskie-południowy-13-02-00119,2026-09-12T22:00+0200
IK-06-01238,stacja uzdatniania wody dolnośląskie-miejski-17-05-01238,IK06,water,stacja uzdatniania wody,02,0217,0217005,K2,47740,16.0,3,IK-01-00119,electricity,gmina dolnośląskie-miejski-17-05,GPZ 110/SN dolnośląskie-południowy-13-02-00119,2026-09-12T22:00+0200
IK-01-00339,magazyn/terminal paliw dolnośląskie-południowy-13-06-00339,IK01,energy,magazyn/terminal paliw,02,0213,0213006,K3,385186,16.0,3,IK-01-00119,electricity,gmina dolnośląskie-południowy-13-06,GPZ 110/SN dolnośląskie-południowy-13-02-00119,2026-09-12T22:00+0200
IK-05-01025,zakład przetwórstwa spożywczego dolnośląskie-miejski-05-06-01025,IK05,food,zakład przetwórstwa spożywczego,02,0205,0205006,K3,28768,16.0,3,IK-01-00168,electricity,gmina dolnośląskie-miejski-05-06,GPZ 110/SN dolnośląskie-miejski-11-02-00168,2026-09-12T22:00+0200
IK-08-01716,most/przeprawa krytyczna dolnośląskie-miejski-11-02-01716,IK08,transport,most/przeprawa krytyczna,02,0211,0211002,K1,119114,16.0,3,IK-01-00168,electricity,gmina dolnośląskie-miejski-11-02,GPZ 110/SN dolnośląskie-miejski-11-02-00168,2026-09-12T22:00+0200
IK-01-00364,magazyn/terminal paliw dolnośląskie-centralny-28-07-00364,IK01,energy,magazyn/terminal paliw,02,0228,0228007,K1,254911,16.0,3,IK-01-00168,electricity,gmina dolnośląskie-centralny-28-07,GPZ 110/SN dolnośląskie-miejski-11-02-00168,2026-09-12T22:00+0200
IK-05-01057,zakład przetwórstwa spożywczego dolnośląskie-zachodni-03-04-01057,IK05,food,zakład przetwórstwa spożywczego,02,0203,0203004,K3,67857,16.0,3,IK-01-00240,electricity,gmina dolnośląskie-zachodni-03-04,GPZ 110/SN dolnośląskie-zachodni-03-05-00240,2026-09-12T22:00+0200
IK-05-00974,chłodnia składowa opolskie-centralny-04-01-00974,IK05,food,chłodnia składowa,16,1604,1604001,K3,155011,16.11,3,IK-06-01226,water,gmina opolskie-centralny-04-01,stacja uzdatniania wody opolskie-centralny-04-01-01226,2026-09-12T22:06+0200
IK-01-00186,GPZ 110/SN opolskie-zachodni-03-07-00186,IK01,energy,GPZ 110/SN,16,1603,1603007,K3,166407,17.0,0,,seed,gmina opolskie-zachodni-03-07,,2026-09-12T23:00+0200
IK-01-00366,magazyn/terminal paliw opolskie-południowy-07-04-00366,IK01,energy,magazyn/terminal paliw,16,1607,1607004,K2,155828,17.0,0,,seed,gmina opolskie-południowy-07-04,,2026-09-12T23:00+0200
IK-02-00653,węzeł agregacyjny/RAN hub opolskie-zachodni-03-04-00653,IK02,telecom,węzeł agregacyjny/RAN hub,16,1603,1603004,K3,29069,17.0,0,,seed,gmina opolskie-zachodni-03-04,,2026-09-12T23:00+0200
IK-05-01043,zakład przetwórstwa spożywczego opolskie-zachodni-03-05-01043,IK05,food,zakład przetwórstwa spożywczego,16,1603,1603005,K3,99343,17.0,1,IK-01-00186,electricity,gmina opolskie-zachodni-03-05,GPZ 110/SN opolskie-zachodni-03-07-00186,2026-09-12T23:00+0200
IK-05-01045,zakład przetwórstwa spożywczego opolskie-zachodni-03-01-01045,IK05,food,zakład przetwórstwa spożywczego,16,1603,1603001,K3,124769,17.0,1,IK-01-00186,electricity,gmina opolskie-zachodni-03-01,GPZ 110/SN opolskie-zachodni-03-07-00186,2026-09-12T23:00+0200
IK-06-01293,przepompownia wody dolnośląskie-miejski-17-05-01293,IK06,water,przepompownia wody,02,0217,0217005,K2,19935,17.1,3,IK-01-00119,electricity,gmina dolnośląskie-miejski-17-05,GPZ 110/SN dolnośląskie-południowy-13-02-00119,2026-09-12T23:06+0200
IK-06-01279,przepompownia wody dolnośląskie-zachodni-09-05-01279,IK06,water,przepompownia wody,02,0209,0209005,K3,10749,17.3,3,IK-01-00071,electricity,gmina dolnośląskie-zachodni-09-05,GPZ 110/SN dolnośląskie-wschodni-08-07-00071,2026-09-12T23:18+0200
IK-03-00752,węzeł sieci rządowej dolnośląskie-zachodni-21-04-00752,IK03,ict,węzeł sieci rządowej,02,0221,0221004,K1,112665,18.0,0,,seed,gmina dolnośląskie-zachodni-21-04,,2026-09-13T00:00+0200
IK-05-00924,magazyn rezerw strategicznych dolnośląskie-wschodni-26-02-00924,IK05,food,magazyn rezerw strategicznych,02,0226,0226002,K2,298469,18.0,0,,seed,gmina dolnośląskie-wschodni-26-02,,2026-09-13T00:00+0200
IK-06-01223,stacja uzdatniania wody opolskie-centralny-04-06-01223,IK06,water,stacja uzdatniania wody,16,1604,1604006,K2,16623,18.0,0,,seed,gmina opolskie-centralny-04-06,,2026-09-13T00:00+0200
IK-07-01385,szpital wielospecjalistyczny opolskie-zachodni-09-06-01385,IK07,health,szpital wielospecjalistyczny,16,1609,1609006,K1,327461,18.0,0,,seed,gmina opolskie-zachodni-09-06,,2026-09-13T00:00+0200
IK-07-01549,centrum dializ opolskie-północny-06-07-01549,IK07,health,centrum dializ,16,1606,1606007,K3,1357,18.0,0,,seed,gmina opolskie-północny-06-07,,2026-09-13T00:00+0200
IK-06-01070,ujęcie wody dolnośląskie-zachodni-09-05-01070,IK06,water,ujęcie wody,02,0209,0209005,K2,32313,18.2,3,IK-01-00071,electricity,gmina dolnośląskie-zachodni-09-05,GPZ 110/SN dolnośląskie-wschodni-08-07-00071,2026-09-13T00:12+0200
IK-06-01260,przepompownia wody dolnośląskie-centralny-28-01-01260,IK06,water,przepompownia wody,02,0228,0228001,K3,12885,18.2,3,IK-01-00119,electricity,gmina dolnośląskie-centralny-28-01,GPZ 110/SN dolnośląskie-południowy-13-02-00119,2026-09-13T00:12+0200
IK-07-01557,centrum dializ dolnośląskie-miejski-17-05-01557,IK07,health,centrum dializ,02,0217,0217005,K1,425,18.3,3,IK-01-00119,electricity,gmina dolnośląskie-miejski-17-05,GPZ 110/SN dolnośląskie-południowy-13-02-00119,2026-09-13T00:18+0200
IK-07-01593,bank krwi / magazyn farmaceutyczny opolskie-wschodni-02-01-01593,IK07,health,bank krwi / magazyn farmaceutyczny,16,1602,1602001,K2,245141,18.41,1,IK-06-01097,water,gmina opolskie-wschodni-02-01,ujęcie wody opolskie-południowy-01-05-01097,2026-09-13T00:24+0200
IK-06-01172,stacja uzdatniania wody dolnośląskie-miejski-05-03-01172,IK06,water,stacja uzdatniania wody,02,0205,0205003,K3,55341,18.5,3,IK-01-00119,electricity,gmina dolnośląskie-miejski-05-03,GPZ 110/SN dolnośląskie-południowy-13-02-00119,2026-09-13T00:30+0200
IK-02-00575,węzeł agregacyjny/RAN hub dolnośląskie-centralny-04-01-00575,IK02,telecom,węzeł agregacyjny/RAN hub,02,0204,0204001,K3,42220,18.8,3,IK-01-00119,electricity,gmina dolnośląskie-centralny-04-01,GPZ 110/SN dolnośląskie-południowy-13-02-00119,2026-09-13T00:48+0200
IK-08-01747,port lotniczy dolnośląskie-centralny-22-05-01747,IK08,transport,port lotniczy,02,0222,0222005,K1,318180,18.9,1,IK-01-00121,electricity,gmina dolnośląskie-centralny-22-05,GPZ 110/SN dolnośląskie-zachodni-27-07-00121,2026-09-13T00:54+0200
IK-02-00551,węzeł agregacyjny/RAN hub dolnośląskie-północny-06-05-00551,IK02,telecom,węzeł agregacyjny/RAN hub,02,0206,0206005,K3,36677,18.92,1,IK-03-00752,ict,gmina dolnośląskie-północny-06-05,węzeł sieci rządowej dolnośląskie-zachodni-21-04-00752,2026-09-13T00:55+0200
IK-01-00104,GPZ 110/SN opolskie-miejski-05-04-00104,IK01,energy,GPZ 110/SN,16,1605,1605004,K1,32607,19.0,0,,seed,gmina opolskie-miejski-05-04,,2026-09-13T01:00+0200
IK-02-00498,węzeł agregacyjny/RAN hub opolskie-zachodni-09-02-00498,IK02,telecom,węzeł agregacyjny/RAN hub,16,1609,1609002,K3,15606,19.0,0,,seed,gmina opolskie-zachodni-09-02,,2026-09-13T01:00+0200
IK-02-00556,węzeł agregacyjny/RAN hub opolskie-centralny-04-03-00556,IK02,telecom,węzeł agregacyjny/RAN hub,16,1604,1604003,K3,39728,19.0,0,,seed,gmina opolskie-centralny-04-03,,2026-09-13T01:00+0200
IK-06-01359,oczyszczalnia ścieków opolskie-północny-06-01-01359,IK06,water,oczyszczalnia ścieków,16,1606,1606001,K2,40528,19.0,0,,seed,gmina opolskie-północny-06-01,,2026-09-13T01:00+0200
IK-07-01458,szpital powiatowy opolskie-południowy-01-07-01458,IK07,health,szpital powiatowy,16,1601,1601007,K2,84124,19.0,0,,seed,gmina opolskie-południowy-01-07,,2026-09-13T01:00+0200
IK-05-01029,zakład przetwórstwa spożywczego opolskie-miejski-05-04-01029,IK05,food,zakład przetwórstwa spożywczego,16,1605,1605004,K3,36822,19.0,1,IK-01-00104,electricity,gmina opolskie-miejski-05-04,GPZ 110/SN opolskie-miejski-05-04-00104,2026-09-13T01:00+0200
IK-05-00978,chłodnia składowa dolnośląskie-zachodni-21-01-00978,IK05,food,chłodnia składowa,02,0221,0221001,K2,177077,19.22,1,IK-08-01743,transport,gmina dolnośląskie-zachodni-21-01,most/przeprawa krytyczna dolnośląskie-zachodni-15-03-01743,2026-09-13T01:13+0200
IK-07-01504,szpital powiatowy dolnośląskie-miejski-17-05-01504,IK07,health,szpital powiatowy,02,0217,0217005,K2,96367,19.44,4,IK-06-01238,water,gmina dolnośląskie-miejski-17-05,stacja uzdatniania wody dolnośląskie-miejski-17-05-01238,2026-09-13T01:26+0200
IK-06-01167,stacja uzdatniania wody dolnośląskie-miejski-05-06-01167,IK06,water,stacja uzdatniania wody,02,0205,0205006,K2,60737,19.5,3,IK-01-00168,electricity,gmina dolnośląskie-miejski-05-06,GPZ 110/SN dolnośląskie-miejski-11-02-00168,2026-09-13T01:30+0200
IK-05-00987,chłodnia składowa dolnośląskie-południowy-01-05-00987,IK05,food,chłodnia składowa,02,0201,0201005,K2,221657,19.6,3,IK-01-00071,electricity,gmina dolnośląskie-południowy-01-05,GPZ 110/SN dolnośląskie-wschodni-08-07-00071,2026-09-13T01:36+0200
IK-10-01968,centrum zarządzania kryzysowego dolnośląskie-miejski-05-02-01968,IK10,admin,centrum zarządzania kryzysowego,02,0205,0205002,K1,259376,19.7,4,IK-02-00575,telecom,gmina dolnośląskie-miejski-05-02,węzeł agregacyjny/RAN hub dolnośląskie-centralny-04-01-00575,2026-09-13T01:42+0200
IK-07-01587,bank krwi / magazyn farmaceutyczny dolnośląskie-centralny-04-01-01587,IK07,health,bank krwi / magazyn farmaceutyczny,02,0204,0204001,K2,222229,19.85,4,IK-02-00575,telecom,gmina dolnośląskie-centralny-04-01,węzeł agregacyjny/RAN hub dolnośląskie-centralny-04-01-00575,2026-09-13T01:51+0200
IK-07-01429,szpital powiatowy dolnośląskie-centralny-28-05-01429,IK07,health,szpital powiatowy,02,0228,0228005,K1,20578,19.89,4,IK-02-00575,telecom,gmina dolnośląskie-centralny-28-05,węzeł agregacyjny/RAN hub dolnośląskie-centralny-04-01-00575,2026-09-13T01:53+0200
IK-01-00137,GPZ 110/SN opolskie-miejski-11-05-00137,IK01,energy,GPZ 110/SN,16,1611,1611005,K2,29975,20.0,0,,seed,gmina opolskie-miejski-11-05,,2026-09-13T02:00+0200
IK-01-00196,GPZ 110/SN opolskie-centralny-04-02-00196,IK01,energy,GPZ 110/SN,16,1604,1604002,K3,58329,20.0,0,,seed,gmina opolskie-centralny-04-02,,2026-09-13T02:00+0200
IK-02-00584,węzeł agregacyjny/RAN hub opolskie-wschodni-02-03-00584,IK02,telecom,węzeł agregacyjny/RAN hub,16,1602,1602003,K3,27187,20.0,0,,seed,gmina opolskie-wschodni-02-03,,2026-09-13T02:00+0200
IK-05-00990,chłodnia składowa opolskie-centralny-04-07-00990,IK05,food,chłodnia składowa,16,1604,1604007,K3,72092,20.0,0,,seed,gmina opolskie-centralny-04-07,,2026-09-13T02:00+0200
IK-07-01489,szpital powiatowy opolskie-miejski-11-05-01489,IK07,health,szpital powiatowy,16,1611,1611005,K1,86640,20.0,0,,seed,gmina opolskie-miejski-11-05,,2026-09-13T02:00+0200
IK-03-00797,system rejestrów państwowych opolskie-miejski-11-04-00797,IK03,ict,system rejestrów państwowych,16,1611,1611004,K1,390146,20.0,1,IK-01-00137,electricity,gmina opolskie-miejski-11-04,GPZ 110/SN opolskie-miejski-11-05-00137,2026-09-13T02:00+0200
IK-08-01697,most/przeprawa krytyczna opolskie-miejski-11-01-01697,IK08,transport,most/przeprawa krytyczna,16,1611,1611001,K2,43323,20.0,1,IK-01-00137,electricity,gmina opolskie-miejski-11-01,GPZ 110/SN opolskie-miejski-11-05-00137,2026-09-13T02:00+0200
IK-07-01372,szpital wielospecjalistyczny opolskie-zachodni-09-01-01372,IK07,health,szpital wielospecjalistyczny,16,1609,1609001,K1,241927,20.0,1,IK-01-00196,electricity,gmina opolskie-zachodni-09-01,GPZ 110/SN opolskie-centralny-04-02-00196,2026-09-13T02:00+0200
IK-02-00565,węzeł agregacyjny/RAN hub dolnośląskie-miejski-05-02-00565,IK02,telecom,węzeł agregacyjny/RAN hub,02,0205,0205002,K3,30566,20.3,3,IK-01-00119,electricity,gmina dolnośląskie-miejski-05-02,GPZ 110/SN dolnośląskie-południowy-13-02-00119,2026-09-13T02:18+0200
IK-01-00336,magazyn/terminal paliw opolskie-miejski-05-05-00336,IK01,energy,magazyn/terminal paliw,16,1605,1605005,K2,121420,20.4,1,IK-01-00104,electricity,gmina opolskie-miejski-05-05,GPZ 110/SN opolskie-miejski-05-04-00104,2026-09-13T02:24+0200
IK-06-01159,stacja uzdatniania wody dolnośląskie-miejski-05-07-01159,IK06,water,stacja uzdatniania wody,02,0205,0205007,K1,22316,20.5,3,IK-01-00168,electricity,gmina dolnośląskie-miejski-05-07,GPZ 110/SN dolnośląskie-miejski-11-02-00168,2026-09-13T02:30+0200
IK-01-00404,stacja redukcyjna gazu opolskie-miejski-05-01-00404,IK01,energy,stacja redukcyjna gazu,16,1605,1605001,K1,91580,20.5,1,IK-01-00104,electricity,gmina opolskie-miejski-05-01,GPZ 110/SN opolskie-miejski-05-04-00104,2026-09-13T02:30+0200
IK-10-02012,węzeł teleinformatyczny urzędu opolskie-miejski-11-04-02012,IK10,admin,węzeł teleinformatyczny urzędu,16,1611,1611004,K2,320157,20.55,2,IK-03-00797,ict,gmina opolskie-miejski-11-04,system rejestrów państwowych opolskie-miejski-11-04-00797,2026-09-13T02:33+0200
IK-02-00619,węzeł agregacyjny/RAN hub dolnośląskie-zachodni-03-04-00619,IK02,telecom,węzeł agregacyjny/RAN hub,02,0203,0203004,K3,74588,20.9,3,IK-01-00159,electricity,gmina dolnośląskie-zachodni-03-04,GPZ 110/SN dolnośląskie-zachodni-03-03-00159,2026-09-13T02:54+0200
IK-01-00152,GPZ 110/SN opolskie-wschodni-02-07-00152,IK01,energy,GPZ 110/SN,16,1602,1602007,K1,27588,21.0,0,,seed,gmina opolskie-wschodni-02-07,,2026-09-13T03:00+0200
IK-02-00631,węzeł agregacyjny/RAN hub opolskie-miejski-05-01-00631,IK02,telecom,węzeł agregacyjny/RAN hub,16,1605,1605001,K3,32304,21.0,0,,seed,gmina opolskie-miejski-05-01,,2026-09-13T03:00+0200
IK-05-00940,magazyn rezerw strategicznych opolskie-północny-06-07-00940,IK05,food,magazyn rezerw strategicznych,16,1606,1606007,K1,370207,21.0,0,,seed,gmina opolskie-północny-06-07,,2026-09-13T03:00+0200
IK-09-01839,jednostka ratowniczo-gaśnicza PSP opolskie-zachodni-09-01-01839,IK09,rescue,jednostka ratowniczo-gaśnicza PSP,16,1609,1609001,K2,54132,21.0,0,,seed,gmina opolskie-zachodni-09-01,,2026-09-13T03:00+0200
IK-09-01888,jednostka ratowniczo-gaśnicza PSP opolskie-miejski-11-02-01888,IK09,rescue,jednostka ratowniczo-gaśnicza PSP,16,1611,1611002,K2,32019,21.0,0,,seed,gmina opolskie-miejski-11-02,,2026-09-13T03:00+0200
IK-11-02093,zakład zwiększonego ryzyka (ZZR) opolskie-południowy-07-03-02093,IK11,chemical,zakład zwiększonego ryzyka (ZZR),16,1607,1607003,K2,27252,21.0,0,,seed,gmina opolskie-południowy-07-03,,2026-09-13T03:00+0200
IK-07-01475,szpital powiatowy dolnośląskie-wschodni-08-01-01475,IK07,health,szpital powiatowy,02,0208,0208001,K2,82383,21.21,4,IK-06-01070,water,gmina dolnośląskie-wschodni-08-01,ujęcie wody dolnośląskie-zachodni-09-05-01070,2026-09-13T03:12+0200
IK-02-00577,węzeł agregacyjny/RAN hub dolnośląskie-południowy-01-02-00577,IK02,telecom,węzeł agregacyjny/RAN hub,02,0201,0201002,K3,30693,21.3,3,IK-01-00168,electricity,gmina dolnośląskie-południowy-01-02,GPZ 110/SN dolnośląskie-miejski-11-02-00168,2026-09-13T03:18+0200
IK-05-00962,chłodnia składowa dolnośląskie-wschodni-02-04-00962,IK05,food,chłodnia składowa,02,0202,0202004,K3,178311,21.45,1,IK-08-01687,transport,gmina dolnośląskie-wschodni-02-04,most/przeprawa krytyczna dolnośląskie-wschodni-14-07-01687,2026-09-13T03:27+0200
IK-08-01764,port morski/rzeczny dolnośląskie-południowy-01-06-01764,IK08,transport,port morski/rzeczny,02,0201,0201006,K3,376136,21.47,4,IK-02-00565,telecom,gmina dolnośląskie-południowy-01-06,węzeł agregacyjny/RAN hub dolnośląskie-miejski-05-02-00565,2026-09-13T03:28+0200
IK-01-00045,GPZ 110/SN opolskie-południowy-07-06-00045,IK01,energy,GPZ 110/SN,16,1607,1607006,K2,127504,22.0,0,,seed,gmina opolskie-południowy-07-06,,2026-09-13T04:00+0200
IK-01-00243,elektrownia systemowa opolskie-południowy-07-02-00243,IK01,energy,elektrownia systemowa,16,1607,1607002,K1,888671,22.0,0,,seed,gmina opolskie-południowy-07-02,,2026-09-13T04:00+0200
IK-01-00319,tłocznia gazu dolnośląskie-wschodni-14-02-00319,IK01,energy,tłocznia gazu,02,0214,0214002,K1,363954,22.0,0,,seed,gmina dolnośląskie-wschodni-14-02,,2026-09-13T04:00+0200
IK-01-00374,magazyn/terminal paliw opolskie-wschodni-08-04-00374,IK01,energy,magazyn/terminal paliw,16,1608,1608004,K2,740691,22.0,0,,seed,gmina opolskie-wschodni-08-04,,2026-09-13T04:00+0200
IK-02-00601,węzeł agregacyjny/RAN hub opolskie-zachodni-03-04-00601,IK02,telecom,węzeł agregacyjny/RAN hub,16,1603,1603004,K2,47785,22.0,0,,seed,gmina opolskie-zachodni-03-04,,2026-09-13T04:00+0200
IK-07-01573,bank krwi / magazyn farmaceutyczny dolnośląskie-południowy-01-02-01573,IK07,health,bank krwi / magazyn farmaceutyczny,02,0201,0201002,K3,343956,22.12,4,IK-08-01682,transport,gmina dolnośląskie-południowy-01-02,most/przeprawa krytyczna dolnośląskie-wschodni-08-06-01682,2026-09-13T04:07+0200
IK-10-01959,centrum zarządzania kryzysowego dolnośląskie-miejski-05-05-01959,IK10,admin,centrum zarządzania kryzysowego,02,0205,0205005,K1,355463,22.19,4,IK-02-00577,telecom,gmina dolnośląskie-miejski-05-05,węzeł agregacyjny/RAN hub dolnośląskie-południowy-01-02-00577,2026-09-13T04:11+0200
IK-02-00515,węzeł agregacyjny/RAN hub opolskie-zachodni-03-03-00515,IK02,telecom,węzeł agregacyjny/RAN hub,16,1603,1603003,K3,76912,22.2,1,IK-01-00186,electricity,gmina opolskie-zachodni-03-03,GPZ 110/SN opolskie-zachodni-03-07-00186,2026-09-13T04:12+0200
IK-01-00354,magazyn/terminal paliw opolskie-północny-06-03-00354,IK01,energy,magazyn/terminal paliw,16,1606,1606003,K1,569932,22.4,1,IK-01-00152,electricity,gmina opolskie-północny-06-03,GPZ 110/SN opolskie-wschodni-02-07-00152,2026-09-13T04:24+0200
IK-10-02013,węzeł teleinformatyczny urzędu opolskie-miejski-11-01-02013,IK10,admin,węzeł teleinformatyczny urzędu,16,1611,1611001,K3,154407,22.87,1,IK-02-00601,telecom,gmina opolskie-miejski-11-01,węzeł agregacyjny/RAN hub opolskie-zachodni-03-04-00601,2026-09-13T04:52+0200
IK-08-01759,port lotniczy dolnośląskie-miejski-05-02-01759,IK08,transport,port lotniczy,02,0205,0205002,K2,155680,22.9,3,IK-01-00119,electricity,gmina dolnośląskie-miejski-05-02,GPZ 110/SN dolnośląskie-południowy-13-02-00119,2026-09-13T04:54+0200
IK-10-02039,węzeł teleinformatyczny urzędu opolskie-zachodni-03-01-02039,IK10,admin,węzeł teleinformatyczny urzędu,16,1603,1603001,K3,227419,22.93,2,IK-02-00515,telecom,gmina opolskie-zachodni-03-01,węzeł agregacyjny/RAN hub opolskie-zachodni-03-03-00515,2026-09-13T04:55+0200
IK-01-00153,GPZ 110/SN opolskie-zachodni-03-02-00153,IK01,energy,GPZ 110/SN,16,1603,1603002,K2,42029,23.0,0,,seed,gmina opolskie-zachodni-03-02,,2026-09-13T05:00+0200
IK-02-00530,węzeł agregacyjny/RAN hub opolskie-północny-12-06-00530,IK02,telecom,węzeł agregacyjny/RAN hub,16,1612,1612006,K3,37090,23.0,0,,seed,gmina opolskie-północny-12-06,,2026-09-13T05:00+0200
IK-05-01017,zakład przetwórstwa spożywczego opolskie-miejski-11-04-01017,IK05,food,zakład przetwórstwa spożywczego,16,1611,1611004,K3,77635,23.0,0,,seed,gmina opolskie-miejski-11-04,,2026-09-13T05:00+0200
IK-02-00591,węzeł agregacyjny/RAN hub opolskie-zachodni-03-02-00591,IK02,telecom,węzeł agregacyjny/RAN hub,16,1603,1603002,K3,27713,23.0,1,IK-01-00153,electricity,gmina opolskie-zachodni-03-02,GPZ 110/SN opolskie-zachodni-03-02-00153,2026-09-13T05:00+0200
IK-06-01219,stacja uzdatniania wody opolskie-zachodni-09-01-01219,IK06,water,stacja uzdatniania wody,16,1609,1609001,K2,28855,23.4,1,IK-01-00196,electricity,gmina opolskie-zachodni-09-01,GPZ 110/SN opolskie-centralny-04-02-00196,2026-09-13T05:24+0200
IK-01-00323,tłocznia gazu opolskie-południowy-07-06-00323,IK01,energy,tłocznia gazu,16,1607,1607006,K1,204870,23.8,1,IK-01-00045,electricity,gmina opolskie-południowy-07-06,GPZ 110/SN opolskie-południowy-07-06-00045,2026-09-13T05:48+0200
IK-01-00272,elektrociepłownia opolskie-wschodni-08-05-00272,IK01,energy,elektrociepłownia,16,1608,1608005,K2,166927,24.0,0,,seed,gmina opolskie-wschodni-08-05,,2026-09-13T06:00+0200
IK-01-00330,tłocznia gazu opolskie-północny-12-06-00330,IK01,energy,tłocznia gazu,16,1612,1612006,K1,164365,24.0,0,,seed,gmina opolskie-północny-12-06,,2026-09-13T06:00+0200
IK-05-01014,zakład przetwórstwa spożywczego opolskie-zachodni-03-06-01014,IK05,food,zakład przetwórstwa spożywczego,16,1603,1603006,K3,119612,24.0,0,,seed,gmina opolskie-zachodni-03-06,,2026-09-13T06:00+0200
IK-07-01570,centrum dializ opolskie-zachodni-03-02-01570,IK07,health,centrum dializ,16,1603,1603002,K3,912,24.0,0,,seed,gmina opolskie-zachodni-03-02,,2026-09-13T06:00+0200
IK-10-01979,centrum zarządzania kryzysowego opolskie-wschodni-02-07-01979,IK10,admin,centrum zarządzania kryzysowego,16,1602,1602007,K1,635935,24.0,0,,seed,gmina opolskie-wschodni-02-07,,2026-09-13T06:00+0200
IK-08-01748,port lotniczy dolnośląskie-miejski-05-05-01748,IK08,transport,port lotniczy,02,0205,0205005,K1,1319990,24.2,3,IK-01-00168,electricity,gmina dolnośląskie-miejski-05-05,GPZ 110/SN dolnośląskie-miejski-11-02-00168,2026-09-13T06:12+0200
IK-08-01656,węzeł kolejowy opolskie-zachodni-03-02-01656,IK08,transport,węzeł kolejowy,16,1603,1603002,K3,264573,24.38,2,IK-02-00591,telecom,gmina opolskie-zachodni-03-02,węzeł agregacyjny/RAN hub opolskie-zachodni-03-02-00591,2026-09-13T06:22+0200
IK-08-01629,węzeł kolejowy opolskie-zachodni-03-02-01629,IK08,transport,węzeł kolejowy,16,1603,1603002,K3,74044,24.4,2,IK-02-00591,telecom,gmina opolskie-zachodni-03-02,węzeł agregacyjny/RAN hub opolskie-zachodni-03-02-00591,2026-09-13T06:24+0200
IK-06-01171,stacja uzdatniania wody opolskie-północny-06-03-01171,IK06,water,stacja uzdatniania wody,16,1606,1606003,K2,125540,24.5,1,IK-01-00152,electricity,gmina opolskie-północny-06-03,GPZ 110/SN opolskie-wschodni-02-07-00152,2026-09-13T06:30+0200
IK-06-01352,oczyszczalnia ścieków opolskie-miejski-11-07-01352,IK06,water,oczyszczalnia ścieków,16,1611,1611007,K3,109127,24.5,2,IK-02-00515,telecom,gmina opolskie-miejski-11-07,węzeł agregacyjny/RAN hub opolskie-zachodni-03-03-00515,2026-09-13T06:30+0200
IK-01-00156,GPZ 110/SN dolnośląskie-zachodni-15-05-00156,IK01,energy,GPZ 110/SN,02,0215,0215005,K2,39271,25.0,0,,seed,gmina dolnośląskie-zachodni-15-05,,2026-09-13T07:00+0200
IK-01-00411,stacja redukcyjna gazu opolskie-południowy-01-07-00411,IK01,energy,stacja redukcyjna gazu,16,1601,1601007,K3,30203,25.0,0,,seed,gmina opolskie-południowy-01-07,,2026-09-13T07:00+0200
IK-02-00507,węzeł agregacyjny/RAN hub opolskie-miejski-05-04-00507,IK02,telecom,węzeł agregacyjny/RAN hub,16,1605,1605004,K3,16682,25.0,0,,seed,gmina opolskie-miejski-05-04,,2026-09-13T07:00+0200
IK-06-01178,stacja uzdatniania wody opolskie-północny-06-02-01178,IK06,water,stacja uzdatniania wody,16,1606,1606002,K1,103901,25.0,0,,seed,gmina opolskie-północny-06-02,,2026-09-13T07:00+0200
IK-01-00321,tłocznia gazu opolskie-centralny-10-02-00321,IK01,energy,tłocznia gazu,16,1610,1610002,K2,59641,25.0,1,IK-01-00153,electricity,gmina opolskie-centralny-10-02,GPZ 110/SN opolskie-zachodni-03-02-00153,2026-09-13T07:00+0200
IK-05-00933,magazyn rezerw strategicznych dolnośląskie-północny-18-01-00933,IK05,food,magazyn rezerw strategicznych,02,0218,0218001,K2,182043,25.0,1,IK-01-00156,electricity,gmina dolnośląskie-północny-18-01,GPZ 110/SN dolnośląskie-zachodni-15-05-00156,2026-09-13T07:00+0200
IK-06-01259,przepompownia wody opolskie-centralny-04-02-01259,IK06,water,przepompownia wody,16,1604,1604002,K3,26175,25.21,1,IK-02-00530,telecom,gmina opolskie-centralny-04-02,węzeł agregacyjny/RAN hub opolskie-północny-12-06-00530,2026-09-13T07:12+0200
IK-03-00830,system rejestrów państwowych dolnośląskie-miejski-05-05-00830,IK03,ict,system rejestrów państwowych,02,0205,0205005,K1,780738,25.7,3,IK-01-00168,electricity,gmina dolnośląskie-miejski-05-05,GPZ 110/SN dolnośląskie-miejski-11-02-00168,2026-09-13T07:42+0200
IK-10-01936,centrum zarządzania kryzysowego opolskie-miejski-05-05-01936,IK10,admin,centrum zarządzania kryzysowego,16,1605,1605005,K1,596847,25.96,1,IK-02-00507,telecom,gmina opolskie-miejski-05-05,węzeł agregacyjny/RAN hub opolskie-miejski-05-04-00507,2026-09-13T07:57+0200
IK-06-01168,stacja uzdatniania wody opolskie-centralny-10-04-01168,IK06,water,stacja uzdatniania wody,16,1610,1610004,K1,60763,26.0,0,,seed,gmina opolskie-centralny-10-04,,2026-09-13T08:00+0200
IK-06-01177,stacja uzdatniania wody opolskie-południowy-01-02-01177,IK06,water,stacja uzdatniania wody,16,1601,1601002,K2,41156,26.0,0,,seed,gmina opolskie-południowy-01-02,,2026-09-13T08:00+0200
IK-07-01496,szpital powiatowy opolskie-wschodni-02-04-01496,IK07,health,szpital powiatowy,16,1602,1602004,K3,46866,26.0,0,,seed,gmina opolskie-wschodni-02-04,,2026-09-13T08:00+0200
IK-06-01116,ujęcie wody dolnośląskie-wschodni-26-02-01116,IK06,water,ujęcie wody,02,0226,0226002,K3,43463,26.2,1,IK-01-00156,electricity,gmina dolnośląskie-wschodni-26-02,GPZ 110/SN dolnośląskie-zachodni-15-05-00156,2026-09-13T08:12+0200
IK-08-01648,węzeł kolejowy opolskie-centralny-04-04-01648,IK08,transport,węzeł kolejowy,16,1604,1604004,K2,93240,26.3,1,IK-01-00045,electricity,gmina opolskie-centralny-04-04,GPZ 110/SN opolskie-południowy-07-06-00045,2026-09-13T08:18+0200
IK-01-00389,stacja redukcyjna gazu dolnośląskie-wschodni-02-03-00389,IK01,energy,stacja redukcyjna gazu,02,0202,0202003,K2,34684,26.3,1,IK-01-00156,electricity,gmina dolnośląskie-wschodni-02-03,GPZ 110/SN dolnośląskie-zachodni-15-05-00156,2026-09-13T08:18+0200
IK-07-01610,bank krwi / magazyn farmaceutyczny opolskie-zachodni-09-04-01610,IK07,health,bank krwi / magazyn farmaceutyczny,16,1609,1609004,K3,356963,26.51,2,IK-06-01219,water,gmina opolskie-zachodni-09-04,stacja uzdatniania wody opolskie-zachodni-09-01-01219,2026-09-13T08:30+0200
IK-07-01521,szpital powiatowy opolskie-centralny-04-06-01521,IK07,health,szpital powiatowy,16,1604,1604006,K2,90619,26.53,2,IK-06-01219,water,gmina opolskie-centralny-04-06,stacja uzdatniania wody opolskie-zachodni-09-01-01219,2026-09-13T08:31+0200
IK-06-01308,przepompownia wody dolnośląskie-północny-18-02-01308,IK06,water,przepompownia wody,02,0218,0218002,K3,25872,26.7,1,IK-01-00156,electricity,gmina dolnośląskie-północny-18-02,GPZ 110/SN dolnośląskie-zachodni-15-05-00156,2026-09-13T08:42+0200
IK-07-01447,szpital powiatowy opolskie-zachodni-09-04-01447,IK07,health,szpital powiatowy,16,1609,1609004,K2,83086,26.9,2,IK-06-01219,water,gmina opolskie-zachodni-09-04,stacja uzdatniania wody opolskie-zachodni-09-01-01219,2026-09-13T08:54+0200
IK-10-02002,węzeł teleinformatyczny urzędu opolskie-centralny-04-05-02002,IK10,admin,węzeł teleinformatyczny urzędu,16,1604,1604005,K3,161013,27.0,0,,seed,gmina opolskie-centralny-04-05,,2026-09-13T09:00+0200
IK-11-02094,zakład zwiększonego ryzyka (ZZR) opolskie-północny-06-02-02094,IK11,chemical,zakład zwiększonego ryzyka (ZZR),16,1606,1606002,K2,38221,27.0,0,,seed,gmina opolskie-północny-06-02,,2026-09-13T09:00+0200
IK-09-01882,jednostka ratowniczo-gaśnicza PSP opolskie-miejski-05-04-01882,IK09,rescue,jednostka ratowniczo-gaśnicza PSP,16,1605,1605004,K2,52928,27.0,1,IK-01-00104,electricity,gmina opolskie-miejski-05-04,GPZ 110/SN opolskie-miejski-05-04-00104,2026-09-13T09:00+0200
IK-02-00527,węzeł agregacyjny/RAN hub opolskie-północny-06-03-00527,IK02,telecom,węzeł agregacyjny/RAN hub,16,1606,1606003,K3,32003,27.0,1,IK-01-00152,electricity,gmina opolskie-północny-06-03,GPZ 110/SN opolskie-wschodni-02-07-00152,2026-09-13T09:00+0200
IK-02-00550,węzeł agregacyjny/RAN hub dolnośląskie-północny-06-05-00550,IK02,telecom,węzeł agregacyjny/RAN hub,02,0206,0206005,K3,108712,27.3,1,IK-01-00156,electricity,gmina dolnośląskie-północny-06-05,GPZ 110/SN dolnośląskie-zachodni-15-05-00156,2026-09-13T09:18+0200
IK-11-02068,zakład dużego ryzyka (ZDR) opolskie-wschodni-02-04-02068,IK11,chemical,zakład dużego ryzyka (ZDR),16,1602,1602004,K2,46542,27.4,1,IK-06-01178,water,gmina opolskie-wschodni-02-04,stacja uzdatniania wody opolskie-północny-06-02-01178,2026-09-13T09:24+0200
IK-05-00923,magazyn rezerw strategicznych dolnośląskie-zachodni-27-06-00923,IK05,food,magazyn rezerw strategicznych,02,0227,0227006,K1,208480,27.49,2,IK-08-01747,transport,gmina dolnośląskie-zachodni-27-06,port lotniczy dolnośląskie-centralny-22-05-01747,2026-09-13T09:29+0200
IK-01-00088,GPZ 110/SN opolskie-południowy-07-03-00088,IK01,energy,GPZ 110/SN,16,1607,1607003,K2,56621,28.0,0,,seed,gmina opolskie-południowy-07-03,,2026-09-13T10:00+0200
IK-01-00118,GPZ 110/SN opolskie-centralny-10-07-00118,IK01,energy,GPZ 110/SN,16,1610,1610007,K2,80484,28.0,0,,seed,gmina opolskie-centralny-10-07,,2026-09-13T10:00+0200
IK-01-00296,elektrociepłownia dolnośląskie-zachodni-21-07-00296,IK01,energy,elektrociepłownia,02,0221,0221007,K2,95178,28.0,0,,seed,gmina dolnośląskie-zachodni-21-07,,2026-09-13T10:00+0200
IK-05-01049,zakład przetwórstwa spożywczego opolskie-centralny-10-04-01049,IK05,food,zakład przetwórstwa spożywczego,16,1610,1610004,K3,79906,28.0,1,IK-01-00118,electricity,gmina opolskie-centralny-10-04,GPZ 110/SN opolskie-centralny-10-07-00118,2026-09-13T10:00+0200
IK-06-01065,ujęcie wody opolskie-centralny-10-05-01065,IK06,water,ujęcie wody,16,1610,1610005,K2,113702,28.0,1,IK-01-00118,electricity,gmina opolskie-centralny-10-05,GPZ 110/SN opolskie-centralny-10-07-00118,2026-09-13T10:00+0200
IK-06-01111,ujęcie wody opolskie-centralny-10-04-01111,IK06,water,ujęcie wody,16,1610,1610004,K2,49880,28.0,1,IK-01-00118,electricity,gmina opolskie-centralny-10-04,GPZ 110/SN opolskie-centralny-10-07-00118,2026-09-13T10:00+0200
IK-08-01676,most/przeprawa krytyczna opolskie-centralny-10-02-01676,IK08,transport,most/przeprawa krytyczna,16,1610,1610002,K3,133300,28.0,1,IK-01-00118,electricity,gmina opolskie-centralny-10-02,GPZ 110/SN opolskie-centralny-10-07-00118,2026-09-13T10:00+0200
IK-08-01729,most/przeprawa krytyczna opolskie-centralny-10-01-01729,IK08,transport,most/przeprawa krytyczna,16,1610,1610001,K2,127844,28.0,1,IK-01-00118,electricity,gmina opolskie-centralny-10-01,GPZ 110/SN opolskie-centralny-10-07-00118,2026-09-13T10:00+0200
IK-07-01581,bank krwi / magazyn farmaceutyczny opolskie-północny-06-05-01581,IK07,health,bank krwi / magazyn farmaceutyczny,16,1606,1606005,K2,457869,28.27,1,IK-06-01178,water,gmina opolskie-północny-06-05,stacja uzdatniania wody opolskie-północny-06-02-01178,2026-09-13T10:16+0200
IK-05-00988,chłodnia składowa opolskie-zachodni-03-04-00988,IK05,food,chłodnia składowa,16,1603,1603004,K3,45736,28.41,2,IK-08-01697,transport,gmina opolskie-zachodni-03-04,most/przeprawa krytyczna opolskie-miejski-11-01-01697,2026-09-13T10:24+0200
IK-08-01785,centrum sterowania ruchem dolnośląskie-zachodni-15-05-01785,IK08,transport,centrum sterowania ruchem,02,0215,0215005,K2,223403,28.6,1,IK-01-00156,electricity,gmina dolnośląskie-zachodni-15-05,GPZ 110/SN dolnośląskie-zachodni-15-05-00156,2026-09-13T10:36+0200
IK-05-01033,zakład przetwórstwa spożywczego opolskie-południowy-07-05-01033,IK05,food,zakład przetwórstwa spożywczego,16,1607,1607005,K3,53322,28.61,2,IK-06-01171,water,gmina opolskie-południowy-07-05,stacja uzdatniania wody opolskie-północny-06-03-01171,2026-09-13T10:36+0200
IK-07-01516,szpital powiatowy dolnośląskie-zachodni-15-01-01516,IK07,health,szpital powiatowy,02,0215,0215001,K3,115714,28.71,2,IK-02-00550,telecom,gmina dolnośląskie-zachodni-15-01,węzeł agregacyjny/RAN hub dolnośląskie-północny-06-05-00550,2026-09-13T10:42+0200
IK-02-00523,węzeł agregacyjny/RAN hub dolnośląskie-wschodni-14-07-00523,IK02,telecom,węzeł agregacyjny/RAN hub,02,0214,0214007,K3,62737,28.9,1,IK-01-00156,electricity,gmina dolnośląskie-wschodni-14-07,GPZ 110/SN dolnośląskie-zachodni-15-05-00156,2026-09-13T10:54+0200
IK-02-00426,węzeł szkieletowy telekom opolskie-zachodni-09-06-00426,IK02,telecom,węzeł szkieletowy telekom,16,1609,1609006,K1,290271,29.0,0,,seed,gmina opolskie-zachodni-09-06,,2026-09-13T11:00+0200
IK-02-00458,węzeł szkieletowy telekom opolskie-południowy-07-02-00458,IK02,telecom,węzeł szkieletowy telekom,16,1607,1607002,K1,456627,29.0,0,,seed,gmina opolskie-południowy-07-02,,2026-09-13T11:00+0200
IK-02-00549,węzeł agregacyjny/RAN hub opolskie-zachodni-09-04-00549,IK02,telecom,węzeł agregacyjny/RAN hub,16,1609,1609004,K3,41208,29.0,0,,seed,gmina opolskie-zachodni-09-04,,2026-09-13T11:00+0200
IK-05-00953,chłodnia składowa opolskie-północny-12-01-00953,IK05,food,chłodnia składowa,16,1612,1612001,K3,124697,29.0,0,,seed,gmina opolskie-północny-12-01,,2026-09-13T11:00+0200
IK-07-01457,szpital powiatowy opolskie-południowy-01-06-01457,IK07,health,szpital powiatowy,16,1601,1601006,K1,104205,29.0,0,,seed,gmina opolskie-południowy-01-06,,2026-09-13T11:00+0200
IK-04-00884,centrum przetwarzania banku opolskie-północny-06-02-00884,IK04,finance,centrum przetwarzania banku,16,1606,1606002,K2,922390,29.25,1,IK-02-00458,telecom,gmina opolskie-północny-06-02,węzeł szkieletowy telekom opolskie-południowy-07-02-00458,2026-09-13T11:15+0200
IK-04-00851,centrum przetwarzania banku opolskie-zachodni-09-03-00851,IK04,finance,centrum przetwarzania banku,16,1609,1609003,K2,547545,29.32,1,IK-02-00426,telecom,gmina opolskie-zachodni-09-03,węzeł szkieletowy telekom opolskie-zachodni-09-06-00426,2026-09-13T11:19+0200
IK-09-01897,centrum powiadamiania ratunkowego opolskie-południowy-07-02-01897,IK09,rescue,centrum powiadamiania ratunkowego,16,1607,1607002,K1,1019978,29.35,1,IK-02-00458,telecom,gmina opolskie-południowy-07-02,węzeł szkieletowy telekom opolskie-południowy-07-02-00458,2026-09-13T11:21+0200
IK-07-01384,szpital wielospecjalistyczny opolskie-południowy-01-01-01384,IK07,health,szpital wielospecjalistyczny,16,1601,1601001,K1,267567,29.41,1,IK-06-01177,water,gmina opolskie-południowy-01-01,stacja uzdatniania wody opolskie-południowy-01-02-01177,2026-09-13T11:24+0200
IK-07-01541,centrum dializ opolskie-południowy-01-03-01541,IK07,health,centrum dializ,16,1601,1601003,K2,1006,29.47,1,IK-06-01177,water,gmina opolskie-południowy-01-03,stacja uzdatniania wody opolskie-południowy-01-02-01177,2026-09-13T11:28+0200
IK-09-01847,jednostka ratowniczo-gaśnicza PSP opolskie-południowy-07-01-01847,IK09,rescue,jednostka ratowniczo-gaśnicza PSP,16,1607,1607001,K1,59623,29.48,1,IK-02-00458,telecom,gmina opolskie-południowy-07-01,węzeł szkieletowy telekom opolskie-południowy-07-02-00458,2026-09-13T11:28+0200
IK-09-01864,jednostka ratowniczo-gaśnicza PSP opolskie-wschodni-02-05-01864,IK09,rescue,jednostka ratowniczo-gaśnicza PSP,16,1602,1602005,K2,102075,29.55,1,IK-02-00458,telecom,gmina opolskie-wschodni-02-05,węzeł szkieletowy telekom opolskie-południowy-07-02-00458,2026-09-13T11:33+0200
IK-07-01531,centrum dializ opolskie-centralny-10-06-01531,IK07,health,centrum dializ,16,1610,1610006,K2,1082,29.58,1,IK-06-01168,water,gmina opolskie-centralny-10-06,stacja uzdatniania wody opolskie-centralny-10-04-01168,2026-09-13T11:34+0200
IK-02-00662,węzeł agregacyjny/RAN hub dolnośląskie-północny-24-06-00662,IK02,telecom,węzeł agregacyjny/RAN hub,02,0224,0224006,K3,81725,29.6,1,IK-01-00156,electricity,gmina dolnośląskie-północny-24-06,GPZ 110/SN dolnośląskie-zachodni-15-05-00156,2026-09-13T11:36+0200
IK-03-00690,centrum przetwarzania danych opolskie-zachodni-09-02-00690,IK03,ict,centrum przetwarzania danych,16,1609,1609002,K1,1184943,29.68,1,IK-02-00426,telecom,gmina opolskie-zachodni-09-02,węzeł szkieletowy telekom opolskie-zachodni-09-06-00426,2026-09-13T11:40+0200
IK-09-01911,baza lotniczego pogotowia opolskie-centralny-04-03-01911,IK09,rescue,baza lotniczego pogotowia,16,1604,1604003,K2,3200000,29.71,1,IK-02-00458,telecom,gmina opolskie-centralny-04-03,węzeł szkieletowy telekom opolskie-południowy-07-02-00458,2026-09-13T11:42+0200
IK-03-00765,węzeł sieci rządowej opolskie-wschodni-02-05-00765,IK03,ict,węzeł sieci rządowej,16,1602,1602005,K1,232774,29.75,1,IK-02-00458,telecom,gmina opolskie-wschodni-02-05,węzeł szkieletowy telekom opolskie-południowy-07-02-00458,2026-09-13T11:45+0200
IK-06-01161,stacja uzdatniania wody opolskie-centralny-10-05-01161,IK06,water,stacja uzdatniania wody,16,1610,1610005,K2,86494,29.9,1,IK-01-00118,electricity,gmina opolskie-centralny-10-05,GPZ 110/SN opolskie-centralny-10-07-00118,2026-09-13T11:54+0200
IK-10-02028,węzeł teleinformatyczny urzędu opolskie-wschodni-02-05-02028,IK10,admin,węzeł teleinformatyczny urzędu,16,1602,1602005,K3,78062,29.98,1,IK-02-00458,telecom,gmina opolskie-wschodni-02-05,węzeł szkieletowy telekom opolskie-południowy-07-02-00458,2026-09-13T11:58+0200
IK-01-00309,tłocznia gazu opolskie-północny-12-06-00309,IK01,energy,tłocznia gazu,16,1612,1612006,K1,67381,30.0,0,,seed,gmina opolskie-północny-12-06,,2026-09-13T12:00+0200
IK-03-00748,węzeł sieci rządowej opolskie-północny-12-01-00748,IK03,ict,węzeł sieci rządowej,16,1612,1612001,K1,598600,30.0,0,,seed,gmina opolskie-północny-12-01,,2026-09-13T12:00+0200
IK-01-00372,magazyn/terminal paliw opolskie-centralny-10-02-00372,IK01,energy,magazyn/terminal paliw,16,1610,1610002,K2,229920,30.0,1,IK-01-00118,electricity,gmina opolskie-centralny-10-02,GPZ 110/SN opolskie-centralny-10-07-00118,2026-09-13T12:00+0200
IK-06-01298,przepompownia wody opolskie-centralny-10-02-01298,IK06,water,przepompownia wody,16,1610,1610002,K3,36503,30.1,1,IK-01-00118,electricity,gmina opolskie-centralny-10-02,GPZ 110/SN opolskie-centralny-10-07-00118,2026-09-13T12:06+0200
IK-07-01483,szpital powiatowy opolskie-wschodni-02-05-01483,IK07,health,szpital powiatowy,16,1602,1602005,K1,28611,30.11,1,IK-02-00458,telecom,gmina opolskie-wschodni-02-05,węzeł szkieletowy telekom opolskie-południowy-07-02-00458,2026-09-13T12:06+0200
IK-04-00846,centrum rozliczeniowe opolskie-północny-06-07-00846,IK04,finance,centrum rozliczeniowe,16,1606,1606007,K1,3037608,30.49,2,IK-03-00765,ict,gmina opolskie-północny-06-07,węzeł sieci rządowej opolskie-wschodni-02-05-00765,2026-09-13T12:29+0200
IK-02-00431,węzeł szkieletowy telekom opolskie-północny-12-06-00431,IK02,telecom,węzeł szkieletowy telekom,16,1612,1612006,K2,580767,30.51,2,IK-03-00765,ict,gmina opolskie-północny-12-06,węzeł sieci rządowej opolskie-wschodni-02-05-00765,2026-09-13T12:30+0200
IK-02-00652,węzeł agregacyjny/RAN hub opolskie-centralny-04-01-00652,IK02,telecom,węzeł agregacyjny/RAN hub,16,1604,1604001,K1,10594,30.54,2,IK-03-00765,ict,gmina opolskie-centralny-04-01,węzeł sieci rządowej opolskie-wschodni-02-05-00765,2026-09-13T12:32+0200
IK-10-01976,centrum zarządzania kryzysowego opolskie-południowy-07-02-01976,IK10,admin,centrum zarządzania kryzysowego,16,1607,1607002,K1,290300,30.6,2,IK-03-00765,ict,gmina opolskie-południowy-07-02,węzeł sieci rządowej opolskie-wschodni-02-05-00765,2026-09-13T12:36+0200
IK-02-00671,węzeł agregacyjny/RAN hub opolskie-południowy-07-03-00671,IK02,telecom,węzeł agregacyjny/RAN hub,16,1607,1607003,K2,102332,30.74,2,IK-03-00765,ict,gmina opolskie-południowy-07-03,węzeł sieci rządowej opolskie-wschodni-02-05-00765,2026-09-13T12:44+0200
IK-10-01990,węzeł teleinformatyczny urzędu opolskie-centralny-04-04-01990,IK10,admin,węzeł teleinformatyczny urzędu,16,1604,1604004,K2,364546,30.76,1,IK-03-00748,ict,gmina opolskie-centralny-04-04,węzeł sieci rządowej opolskie-północny-12-01-00748,2026-09-13T12:45+0200
IK-10-01953,centrum zarządzania kryzysowego opolskie-południowy-07-02-01953,IK10,admin,centrum zarządzania kryzysowego,16,1607,1607002,K1,161663,30.79,2,IK-03-00765,ict,gmina opolskie-południowy-07-02,węzeł sieci rządowej opolskie-wschodni-02-05-00765,2026-09-13T12:47+0200
IK-02-00560,węzeł agregacyjny/RAN hub opolskie-centralny-04-07-00560,IK02,telecom,węzeł agregacyjny/RAN hub,16,1604,1604007,K2,36557,30.85,2,IK-03-00765,ict,gmina opolskie-centralny-04-07,węzeł sieci rządowej opolskie-wschodni-02-05-00765,2026-09-13T12:51+0200
IK-02-00446,węzeł szkieletowy telekom opolskie-wschodni-08-05-00446,IK02,telecom,węzeł szkieletowy telekom,16,1608,1608005,K1,572669,30.9,1,IK-03-00748,ict,gmina opolskie-wschodni-08-05,węzeł sieci rządowej opolskie-północny-12-01-00748,2026-09-13T12:54+0200
IK-03-00741,węzeł sieci rządowej śląskie-miejski-11-02-00741,IK03,ict,węzeł sieci rządowej,24,2411,2411002,K1,243299,30.93,3,IK-02-00431,telecom,gmina śląskie-miejski-11-02,węzeł szkieletowy telekom opolskie-północny-12-06-00431,2026-09-13T12:55+0200
IK-03-00829,system rejestrów państwowych opolskie-centralny-04-03-00829,IK03,ict,system rejestrów państwowych,16,1604,1604003,K1,762942,30.95,3,IK-02-00431,telecom,gmina opolskie-centralny-04-03,węzeł szkieletowy telekom opolskie-północny-12-06-00431,2026-09-13T12:57+0200
IK-03-00817,system rejestrów państwowych śląskie-wschodni-14-06-00817,IK03,ict,system rejestrów państwowych,24,2414,2414006,K1,1411659,30.99,3,IK-02-00431,telecom,gmina śląskie-wschodni-14-06,węzeł szkieletowy telekom opolskie-północny-12-06-00431,2026-09-13T12:59+0200
IK-01-00057,GPZ 110/SN opolskie-miejski-11-01-00057,IK01,energy,GPZ 110/SN,16,1611,1611001,K2,46759,31.0,0,,seed,gmina opolskie-miejski-11-01,,2026-09-13T13:00+0200
IK-02-00555,węzeł agregacyjny/RAN hub opolskie-północny-06-06-00555,IK02,telecom,węzeł agregacyjny/RAN hub,16,1606,1606006,K3,31482,31.0,0,,seed,gmina opolskie-północny-06-06,,2026-09-13T13:00+0200
IK-05-01004,zakład przetwórstwa spożywczego opolskie-miejski-11-04-01004,IK05,food,zakład przetwórstwa spożywczego,16,1611,1611004,K3,28419,31.0,1,IK-01-00057,electricity,gmina opolskie-miejski-11-04,GPZ 110/SN opolskie-miejski-11-01-00057,2026-09-13T13:00+0200
IK-08-01725,most/przeprawa krytyczna dolnośląskie-miejski-23-06-01725,IK08,transport,most/przeprawa krytyczna,02,0223,0223006,K2,48447,31.15,2,IK-02-00662,telecom,gmina dolnośląskie-miejski-23-06,węzeł agregacyjny/RAN hub dolnośląskie-północny-24-06-00662,2026-09-13T13:09+0200
IK-07-01389,szpital wielospecjalistyczny opolskie-centralny-10-06-01389,IK07,health,szpital wielospecjalistyczny,16,1610,1610006,K1,144945,31.34,2,IK-06-01111,water,gmina opolskie-centralny-10-06,ujęcie wody opolskie-centralny-10-04-01111,2026-09-13T13:20+0200
IK-03-00739,węzeł sieci rządowej opolskie-północny-12-02-00739,IK03,ict,węzeł sieci rządowej,16,1612,1612002,K1,310208,31.34,2,IK-02-00446,telecom,gmina opolskie-północny-12-02,węzeł szkieletowy telekom opolskie-wschodni-08-05-00446,2026-09-13T13:20+0200
IK-06-01305,przepompownia wody opolskie-północny-12-04-01305,IK06,water,przepompownia wody,16,1612,1612004,K3,10679,31.42,1,IK-02-00426,telecom,gmina opolskie-północny-12-04,węzeł szkieletowy telekom opolskie-zachodni-09-06-00426,2026-09-13T13:25+0200
IK-03-00799,system rejestrów państwowych opolskie-miejski-11-02-00799,IK03,ict,system rejestrów państwowych,16,1611,1611002,K2,415720,31.68,2,IK-02-00446,telecom,gmina opolskie-miejski-11-02,węzeł szkieletowy telekom opolskie-wschodni-08-05-00446,2026-09-13T13:40+0200
IK-10-01987,centrum zarządzania kryzysowego śląskie-północny-30-03-01987,IK10,admin,centrum zarządzania kryzysowego,24,2430,2430003,K2,321017,31.78,4,IK-03-00741,ict,gmina śląskie-północny-30-03,węzeł sieci rządowej śląskie-miejski-11-02-00741,2026-09-13T13:46+0200
IK-10-01954,centrum zarządzania kryzysowego opolskie-północny-12-06-01954,IK10,admin,centrum zarządzania kryzysowego,16,1612,1612006,K1,477520,31.88,4,IK-03-00829,ict,gmina opolskie-północny-12-06,system rejestrów państwowych opolskie-centralny-04-03-00829,2026-09-13T13:52+0200
IK-01-00229,GPZ 110/SN opolskie-wschodni-02-07-00229,IK01,energy,GPZ 110/SN,16,1602,1602007,K1,54540,32.0,0,,seed,gmina opolskie-wschodni-02-07,,2026-09-13T14:00+0200
IK-06-01294,przepompownia wody opolskie-miejski-11-01-01294,IK06,water,przepompownia wody,16,1611,1611001,K2,31322,32.0,0,,seed,gmina opolskie-miejski-11-01,,2026-09-13T14:00+0200
IK-06-01349,oczyszczalnia ścieków opolskie-północny-06-02-01349,IK06,water,oczyszczalnia ścieków,16,1606,1606002,K2,59468,32.0,0,,seed,gmina opolskie-północny-06-02,,2026-09-13T14:00+0200
IK-06-01144,ujęcie wody opolskie-miejski-11-01-01144,IK06,water,ujęcie wody,16,1611,1611001,K2,99969,32.2,1,IK-01-00057,electricity,gmina opolskie-miejski-11-01,GPZ 110/SN opolskie-miejski-11-01-00057,2026-09-13T14:12+0200
IK-06-01255,przepompownia wody opolskie-miejski-11-01-01255,IK06,water,przepompownia wody,16,1611,1611001,K3,29583,32.2,1,IK-01-00057,electricity,gmina opolskie-miejski-11-01,GPZ 110/SN opolskie-miejski-11-01-00057,2026-09-13T14:12+0200
IK-07-01592,bank krwi / magazyn farmaceutyczny opolskie-północny-12-01-01592,IK07,health,bank krwi / magazyn farmaceutyczny,16,1612,1612001,K2,126950,32.21,3,IK-02-00560,telecom,gmina opolskie-północny-12-01,węzeł agregacyjny/RAN hub opolskie-centralny-04-07-00560,2026-09-13T14:12+0200
IK-04-00915,hurtownia wartości/gotówki opolskie-zachodni-03-07-00915,IK04,finance,hurtownia wartości/gotówki,16,1603,1603007,K3,832996,32.23,3,IK-03-00799,ict,gmina opolskie-zachodni-03-07,system rejestrów państwowych opolskie-miejski-11-02-00799,2026-09-13T14:13+0200
IK-08-01752,port lotniczy opolskie-wschodni-08-06-01752,IK08,transport,port lotniczy,16,1608,1608006,K2,910170,32.31,1,IK-02-00555,telecom,gmina opolskie-wschodni-08-06,węzeł agregacyjny/RAN hub opolskie-północny-06-06-00555,2026-09-13T14:18+0200
IK-02-00614,węzeł agregacyjny/RAN hub opolskie-zachodni-03-07-00614,IK02,telecom,węzeł agregacyjny/RAN hub,16,1603,1603007,K2,82705,32.4,3,IK-03-00799,ict,gmina opolskie-zachodni-03-07,system rejestrów państwowych opolskie-miejski-11-02-00799,2026-09-13T14:24+0200
IK-06-01076,ujęcie wody opolskie-wschodni-08-05-01076,IK06,water,ujęcie wody,16,1608,1608005,K2,62284,32.57,3,IK-02-00652,telecom,gmina opolskie-wschodni-08-05,węzeł agregacyjny/RAN hub opolskie-centralny-04-01-00652,2026-09-13T14:34+0200
IK-04-00869,centrum przetwarzania banku opolskie-zachodni-03-07-00869,IK04,finance,centrum przetwarzania banku,16,1603,1603007,K2,719272,32.74,3,IK-03-00799,ict,gmina opolskie-zachodni-03-07,system rejestrów państwowych opolskie-miejski-11-02-00799,2026-09-13T14:44+0200
IK-02-00610,węzeł agregacyjny/RAN hub opolskie-wschodni-02-04-00610,IK02,telecom,węzeł agregacyjny/RAN hub,16,1602,1602004,K3,71080,33.0,0,,seed,gmina opolskie-wschodni-02-04,,2026-09-13T15:00+0200
IK-02-00667,węzeł agregacyjny/RAN hub opolskie-miejski-11-06-00667,IK02,telecom,węzeł agregacyjny/RAN hub,16,1611,1611006,K2,82461,33.0,0,,seed,gmina opolskie-miejski-11-06,,2026-09-13T15:00+0200
IK-04-00862,centrum przetwarzania banku opolskie-centralny-10-06-00862,IK04,finance,centrum przetwarzania banku,16,1610,1610006,K1,346092,33.0,0,,seed,gmina opolskie-centralny-10-06,,2026-09-13T15:00+0200
IK-05-00922,magazyn rezerw strategicznych opolskie-południowy-07-03-00922,IK05,food,magazyn rezerw strategicznych,16,1607,1607003,K1,491193,33.0,0,,seed,gmina opolskie-południowy-07-03,,2026-09-13T15:00+0200
IK-07-01500,szpital powiatowy opolskie-miejski-05-03-01500,IK07,health,szpital powiatowy,16,1605,1605003,K2,64401,33.0,0,,seed,gmina opolskie-miejski-05-03,,2026-09-13T15:00+0200
IK-01-00384,stacja redukcyjna gazu opolskie-miejski-11-04-00384,IK01,energy,stacja redukcyjna gazu,16,1611,1611004,K3,78113,33.2,1,IK-01-00057,electricity,gmina opolskie-miejski-11-04,GPZ 110/SN opolskie-miejski-11-01-00057,2026-09-13T15:12+0200
IK-01-00420,stacja redukcyjna gazu opolskie-wschodni-02-07-00420,IK01,energy,stacja redukcyjna gazu,16,1602,1602007,K3,64145,33.8,1,IK-01-00229,electricity,gmina opolskie-wschodni-02-07,GPZ 110/SN opolskie-wschodni-02-07-00229,2026-09-13T15:48+0200
IK-11-02091,zakład zwiększonego ryzyka (ZZR) opolskie-miejski-11-04-02091,IK11,chemical,zakład zwiększonego ryzyka (ZZR),16,1611,1611004,K2,29090,34.45,2,IK-06-01144,water,gmina opolskie-miejski-11-04,ujęcie wody opolskie-miejski-11-01-01144,2026-09-13T16:27+0200
IK-01-00114,GPZ 110/SN opolskie-zachodni-09-04-00114,IK01,energy,GPZ 110/SN,16,1609,1609004,K2,43774,35.0,0,,seed,gmina opolskie-zachodni-09-04,,2026-09-13T17:00+0200
IK-01-00126,GPZ 110/SN opolskie-południowy-01-06-00126,IK01,energy,GPZ 110/SN,16,1601,1601006,K1,85254,35.0,0,,seed,gmina opolskie-południowy-01-06,,2026-09-13T17:00+0200
IK-05-00982,chłodnia składowa opolskie-miejski-11-03-00982,IK05,food,chłodnia składowa,16,1611,1611003,K3,248551,35.0,0,,seed,gmina opolskie-miejski-11-03,,2026-09-13T17:00+0200
IK-05-01009,zakład przetwórstwa spożywczego opolskie-południowy-01-02-01009,IK05,food,zakład przetwórstwa spożywczego,16,1601,1601002,K3,64173,35.0,0,,seed,gmina opolskie-południowy-01-02,,2026-09-13T17:00+0200
IK-03-00806,system rejestrów państwowych dolnośląskie-zachodni-21-04-00806,IK03,ict,system rejestrów państwowych,02,0221,0221004,K2,1026218,35.1,1,IK-01-00156,electricity,gmina dolnośląskie-zachodni-21-04,GPZ 110/SN dolnośląskie-zachodni-15-05-00156,2026-09-13T17:06+0200
IK-07-01424,szpital wielospecjalistyczny opolskie-miejski-11-04-01424,IK07,health,szpital wielospecjalistyczny,16,1611,1611004,K1,220852,35.6,2,IK-06-01144,water,gmina opolskie-miejski-11-04,ujęcie wody opolskie-miejski-11-01-01144,2026-09-13T17:36+0200
IK-10-02022,węzeł teleinformatyczny urzędu opolskie-centralny-10-02-02022,IK10,admin,węzeł teleinformatyczny urzędu,16,1610,1610002,K2,80050,36.0,1,IK-01-00118,electricity,gmina opolskie-centralny-10-02,GPZ 110/SN opolskie-centralny-10-07-00118,2026-09-13T18:00+0200
IK-08-01643,węzeł kolejowy opolskie-miejski-11-05-01643,IK08,transport,węzeł kolejowy,16,1611,1611005,K1,263822,36.6,1,IK-01-00057,electricity,gmina opolskie-miejski-11-05,GPZ 110/SN opolskie-miejski-11-01-00057,2026-09-13T18:36+0200
IK-01-00185,GPZ 110/SN opolskie-południowy-07-04-00185,IK01,energy,GPZ 110/SN,16,1607,1607004,K2,127416,37.0,0,,seed,gmina opolskie-południowy-07-04,,2026-09-13T19:00+0200
IK-01-00400,stacja redukcyjna gazu opolskie-południowy-07-02-00400,IK01,energy,stacja redukcyjna gazu,16,1607,1607002,K2,39703,37.0,1,IK-01-00185,electricity,gmina opolskie-południowy-07-02,GPZ 110/SN opolskie-południowy-07-04-00185,2026-09-13T19:00+0200
IK-03-00695,centrum przetwarzania danych dolnośląskie-miejski-17-05-00695,IK03,ict,centrum przetwarzania danych,02,0217,0217005,K1,868865,37.1,3,IK-01-00119,electricity,gmina dolnośląskie-miejski-17-05,GPZ 110/SN dolnośląskie-południowy-13-02-00119,2026-09-13T19:06+0200
IK-02-00499,węzeł agregacyjny/RAN hub opolskie-miejski-11-06-00499,IK02,telecom,węzeł agregacyjny/RAN hub,16,1611,1611006,K2,50163,38.0,0,,seed,gmina opolskie-miejski-11-06,,2026-09-13T20:00+0200
IK-03-00789,system rejestrów państwowych opolskie-miejski-05-03-00789,IK03,ict,system rejestrów państwowych,16,1605,1605003,K1,694291,38.0,0,,seed,gmina opolskie-miejski-05-03,,2026-09-13T20:00+0200
IK-07-01452,szpital powiatowy opolskie-południowy-01-06-01452,IK07,health,szpital powiatowy,16,1601,1601006,K1,90405,38.0,0,,seed,gmina opolskie-południowy-01-06,,2026-09-13T20:00+0200
IK-11-02057,zakład dużego ryzyka (ZDR) opolskie-zachodni-09-05-02057,IK11,chemical,zakład dużego ryzyka (ZDR),16,1609,1609005,K2,29792,38.0,0,,seed,gmina opolskie-zachodni-09-05,,2026-09-13T20:00+0200
IK-11-02059,zakład dużego ryzyka (ZDR) opolskie-wschodni-02-04-02059,IK11,chemical,zakład dużego ryzyka (ZDR),16,1602,1602004,K2,61525,38.0,0,,seed,gmina opolskie-wschodni-02-04,,2026-09-13T20:00+0200
IK-06-01220,stacja uzdatniania wody opolskie-miejski-05-07-01220,IK06,water,stacja uzdatniania wody,16,1605,1605007,K2,19264,38.7,1,IK-01-00126,electricity,gmina opolskie-miejski-05-07,GPZ 110/SN opolskie-południowy-01-06-00126,2026-09-13T20:42+0200
IK-06-01090,ujęcie wody opolskie-miejski-11-07-01090,IK06,water,ujęcie wody,16,1611,1611007,K2,114299,39.0,0,,seed,gmina opolskie-miejski-11-07,,2026-09-13T21:00+0200
IK-01-00365,magazyn/terminal paliw opolskie-południowy-07-01-00365,IK01,energy,magazyn/terminal paliw,16,1607,1607001,K1,212704,39.8,1,IK-01-00185,electricity,gmina opolskie-południowy-07-01,GPZ 110/SN opolskie-południowy-07-04-00185,2026-09-13T21:48+0200
IK-01-00033,stacja NN 400/220 kV opolskie-południowy-07-06-00033,IK01,energy,stacja NN 400/220 kV,16,1607,1607006,K1,333334,40.0,0,,seed,gmina opolskie-południowy-07-06,,2026-09-13T22:00+0200
IK-06-01098,ujęcie wody opolskie-południowy-01-02-01098,IK06,water,ujęcie wody,16,1601,1601002,K2,133265,40.0,0,,seed,gmina opolskie-południowy-01-02,,2026-09-13T22:00+0200
IK-01-00171,GPZ 110/SN opolskie-północny-12-06-00171,IK01,energy,GPZ 110/SN,16,1612,1612006,K2,93566,40.0,1,IK-01-00033,electricity,gmina opolskie-północny-12-06,stacja NN 400/220 kV opolskie-południowy-07-06-00033,2026-09-13T22:00+0200
IK-01-00176,GPZ 110/SN opolskie-północny-12-04-00176,IK01,energy,GPZ 110/SN,16,1612,1612004,K2,54302,40.0,1,IK-01-00033,electricity,gmina opolskie-północny-12-04,stacja NN 400/220 kV opolskie-południowy-07-06-00033,2026-09-13T22:00+0200
IK-01-00224,GPZ 110/SN opolskie-południowy-07-03-00224,IK01,energy,GPZ 110/SN,16,1607,1607003,K2,145910,40.0,1,IK-01-00033,electricity,gmina opolskie-południowy-07-03,stacja NN 400/220 kV opolskie-południowy-07-06-00033,2026-09-13T22:00+0200
IK-01-00231,GPZ 110/SN opolskie-zachodni-09-01-00231,IK01,energy,GPZ 110/SN,16,1609,1609001,K2,180474,40.0,1,IK-01-00033,electricity,gmina opolskie-zachodni-09-01,stacja NN 400/220 kV opolskie-południowy-07-06-00033,2026-09-13T22:00+0200
IK-11-02075,zakład dużego ryzyka (ZDR) opolskie-południowy-07-03-02075,IK11,chemical,zakład dużego ryzyka (ZDR),16,1607,1607003,K2,65964,40.0,2,IK-01-00224,electricity,gmina opolskie-południowy-07-03,GPZ 110/SN opolskie-południowy-07-03-00224,2026-09-13T22:00+0200
IK-06-01334,oczyszczalnia ścieków opolskie-zachodni-09-05-01334,IK06,water,oczyszczalnia ścieków,16,1609,1609005,K2,60214,40.0,2,IK-01-00231,electricity,gmina opolskie-zachodni-09-05,GPZ 110/SN opolskie-zachodni-09-01-00231,2026-09-13T22:00+0200
IK-08-01619,węzeł kolejowy opolskie-zachodni-09-05-01619,IK08,transport,węzeł kolejowy,16,1609,1609005,K2,270979,40.0,2,IK-01-00231,electricity,gmina opolskie-zachodni-09-05,GPZ 110/SN opolskie-zachodni-09-01-00231,2026-09-13T22:00+0200
IK-02-00623,węzeł agregacyjny/RAN hub opolskie-wschodni-02-06-00623,IK02,telecom,węzeł agregacyjny/RAN hub,16,1602,1602006,K3,26368,41.0,0,,seed,gmina opolskie-wschodni-02-06,,2026-09-13T23:00+0200
IK-07-01555,centrum dializ śląskie-południowy-13-02-01555,IK07,health,centrum dializ,24,2413,2413002,K2,940,41.0,0,,seed,gmina śląskie-południowy-13-02,,2026-09-13T23:00+0200
IK-01-00279,elektrociepłownia dolnośląskie-wschodni-02-04-00279,IK01,energy,elektrociepłownia,02,0202,0202004,K2,135016,41.0,1,IK-01-00385,fuel,gmina dolnośląskie-wschodni-02-04,stacja redukcyjna gazu dolnośląskie-północny-18-07-00385,2026-09-13T23:00+0200
IK-11-02063,zakład dużego ryzyka (ZDR) opolskie-zachodni-03-04-02063,IK11,chemical,zakład dużego ryzyka (ZDR),16,1603,1603004,K1,23299,41.33,1,IK-06-01090,water,gmina opolskie-zachodni-03-04,ujęcie wody opolskie-miejski-11-07-01090,2026-09-13T23:19+0200
IK-01-00380,stacja redukcyjna gazu opolskie-zachodni-09-07-00380,IK01,energy,stacja redukcyjna gazu,16,1609,1609007,K2,21217,41.6,2,IK-01-00231,electricity,gmina opolskie-zachodni-09-07,GPZ 110/SN opolskie-zachodni-09-01-00231,2026-09-13T23:36+0200
IK-02-00502,węzeł agregacyjny/RAN hub zachodniopomorskie-wschodni-20-05-00502,IK02,telecom,węzeł agregacyjny/RAN hub,32,3220,3220005,K3,58471,42.0,0,,seed,gmina zachodniopomorskie-wschodni-20-05,,2026-09-14T00:00+0200
IK-09-01922,baza lotniczego pogotowia opolskie-centralny-10-01-01922,IK09,rescue,baza lotniczego pogotowia,16,1610,1610001,K1,1243675,42.04,2,IK-01-00372,fuel,gmina opolskie-centralny-10-01,magazyn/terminal paliw opolskie-centralny-10-02-00372,2026-09-14T00:02+0200
IK-07-01414,szpital wielospecjalistyczny opolskie-południowy-01-06-01414,IK07,health,szpital wielospecjalistyczny,16,1601,1601006,K1,154124,42.14,2,IK-06-01220,water,gmina opolskie-południowy-01-06,stacja uzdatniania wody opolskie-miejski-05-07-01220,2026-09-14T00:08+0200
IK-06-01296,przepompownia wody opolskie-centralny-04-03-01296,IK06,water,przepompownia wody,16,1604,1604003,K2,24275,42.2,2,IK-01-00171,electricity,gmina opolskie-centralny-04-03,GPZ 110/SN opolskie-północny-12-06-00171,2026-09-14T00:12+0200
IK-07-01369,szpital wielospecjalistyczny opolskie-zachodni-03-05-01369,IK07,health,szpital wielospecjalistyczny,16,1603,1603005,K1,253685,42.23,1,IK-06-01090,water,gmina opolskie-zachodni-03-05,ujęcie wody opolskie-miejski-11-07-01090,2026-09-14T00:13+0200
IK-07-01416,szpital wielospecjalistyczny opolskie-zachodni-03-03-01416,IK07,health,szpital wielospecjalistyczny,16,1603,1603003,K1,197059,42.33,1,IK-06-01090,water,gmina opolskie-zachodni-03-03,ujęcie wody opolskie-miejski-11-07-01090,2026-09-14T00:19+0200
IK-10-02029,węzeł teleinformatyczny urzędu zachodniopomorskie-zachodni-03-05-02029,IK10,admin,węzeł teleinformatyczny urzędu,32,3203,3203005,K3,45380,42.7,1,IK-02-00502,telecom,gmina zachodniopomorskie-zachodni-03-05,węzeł agregacyjny/RAN hub zachodniopomorskie-wschodni-20-05-00502,2026-09-14T00:42+0200
IK-05-01058,zakład przetwórstwa spożywczego opolskie-miejski-05-07-01058,IK05,food,zakład przetwórstwa spożywczego,16,1605,1605007,K3,52318,42.9,2,IK-06-01220,water,gmina opolskie-miejski-05-07,stacja uzdatniania wody opolskie-miejski-05-07-01220,2026-09-14T00:54+0200
IK-06-01341,oczyszczalnia ścieków opolskie-południowy-07-01-01341,IK06,water,oczyszczalnia ścieków,16,1607,1607001,K2,84782,43.9,2,IK-01-00224,electricity,gmina opolskie-południowy-07-01,GPZ 110/SN opolskie-południowy-07-03-00224,2026-09-14T01:54+0200
IK-01-00305,tłocznia gazu lubuskie-miejski-05-02-00305,IK01,energy,tłocznia gazu,08,0805,0805002,K1,164274,44.0,0,,seed,gmina lubuskie-miejski-05-02,,2026-09-14T02:00+0200
IK-05-01027,zakład przetwórstwa spożywczego zachodniopomorskie-zachodni-09-03-01027,IK05,food,zakład przetwórstwa spożywczego,32,3209,3209003,K3,89079,44.0,0,,seed,gmina zachodniopomorskie-zachodni-09-03,,2026-09-14T02:00+0200
IK-10-02041,węzeł teleinformatyczny urzędu opolskie-zachodni-09-07-02041,IK10,admin,węzeł teleinformatyczny urzędu,16,1609,1609007,K2,57690,44.5,2,IK-01-00231,electricity,gmina opolskie-zachodni-09-07,GPZ 110/SN opolskie-zachodni-09-01-00231,2026-09-14T02:30+0200
IK-05-00968,chłodnia składowa opolskie-miejski-11-03-00968,IK05,food,chłodnia składowa,16,1611,1611003,K3,105434,44.93,2,IK-08-01643,transport,gmina opolskie-miejski-11-03,węzeł kolejowy opolskie-miejski-11-05-01643,2026-09-14T02:55+0200
IK-08-01807,centrum sterowania ruchem zachodniopomorskie-północny-12-06-01807,IK08,transport,centrum sterowania ruchem,32,3212,3212006,K2,88987,45.0,0,,seed,gmina zachodniopomorskie-północny-12-06,,2026-09-14T03:00+0200
IK-02-00588,węzeł agregacyjny/RAN hub opolskie-zachodni-09-02-00588,IK02,telecom,węzeł agregacyjny/RAN hub,16,1609,1609002,K3,36465,45.1,2,IK-01-00231,electricity,gmina opolskie-zachodni-09-02,GPZ 110/SN opolskie-zachodni-09-01-00231,2026-09-14T03:06+0200
IK-01-00294,elektrociepłownia opolskie-wschodni-08-04-00294,IK01,energy,elektrociepłownia,16,1608,1608004,K3,135664,45.6,1,IK-01-00374,fuel,gmina opolskie-wschodni-08-04,magazyn/terminal paliw opolskie-wschodni-08-04-00374,2026-09-14T03:36+0200
IK-06-01176,stacja uzdatniania wody opolskie-południowy-07-03-01176,IK06,water,stacja uzdatniania wody,16,1607,1607003,K2,67923,45.8,2,IK-01-00224,electricity,gmina opolskie-południowy-07-03,GPZ 110/SN opolskie-południowy-07-03-00224,2026-09-14T03:48+0200
IK-08-01739,most/przeprawa krytyczna opolskie-zachodni-09-07-01739,IK08,transport,most/przeprawa krytyczna,16,1609,1609007,K3,92867,46.14,3,IK-02-00588,telecom,gmina opolskie-zachodni-09-07,węzeł agregacyjny/RAN hub opolskie-zachodni-09-02-00588,2026-09-14T04:08+0200
IK-07-01450,szpital powiatowy opolskie-zachodni-09-05-01450,IK07,health,szpital powiatowy,16,1609,1609005,K2,64296,46.25,3,IK-08-01619,transport,gmina opolskie-zachodni-09-05,węzeł kolejowy opolskie-zachodni-09-05-01619,2026-09-14T04:15+0200
IK-09-01863,jednostka ratowniczo-gaśnicza PSP opolskie-południowy-01-03-01863,IK09,rescue,jednostka ratowniczo-gaśnicza PSP,16,1601,1601003,K3,49102,46.48,2,IK-01-00336,fuel,gmina opolskie-południowy-01-03,magazyn/terminal paliw opolskie-miejski-05-05-00336,2026-09-14T04:28+0200
IK-09-01830,jednostka ratowniczo-gaśnicza PSP opolskie-zachodni-03-01-01830,IK09,rescue,jednostka ratowniczo-gaśnicza PSP,16,1603,1603001,K2,48556,46.48,2,IK-01-00372,fuel,gmina opolskie-zachodni-03-01,magazyn/terminal paliw opolskie-centralny-10-02-00372,2026-09-14T04:28+0200
IK-06-01348,oczyszczalnia ścieków opolskie-zachodni-09-02-01348,IK06,water,oczyszczalnia ścieków,16,1609,1609002,K2,57525,47.26,3,IK-02-00588,telecom,gmina opolskie-zachodni-09-02,węzeł agregacyjny/RAN hub opolskie-zachodni-09-02-00588,2026-09-14T05:15+0200
IK-11-02054,zakład dużego ryzyka (ZDR) opolskie-południowy-07-01-02054,IK11,chemical,zakład dużego ryzyka (ZDR),16,1607,1607001,K2,14463,48.02,3,IK-06-01176,water,gmina opolskie-południowy-07-01,stacja uzdatniania wody opolskie-południowy-07-03-01176,2026-09-14T06:01+0200
IK-01-00261,elektrownia systemowa dolnośląskie-centralny-04-03-00261,IK01,energy,elektrownia systemowa,02,0204,0204003,K1,1268145,48.4,3,IK-01-00332,fuel,gmina dolnośląskie-centralny-04-03,magazyn/terminal paliw dolnośląskie-centralny-10-06-00332,2026-09-14T06:24+0200
IK-08-01627,węzeł kolejowy zachodniopomorskie-południowy-13-01-01627,IK08,transport,węzeł kolejowy,32,3213,3213001,K2,191290,49.0,0,,seed,gmina zachodniopomorskie-południowy-13-01,,2026-09-14T07:00+0200
IK-09-01829,jednostka ratowniczo-gaśnicza PSP opolskie-zachodni-09-07-01829,IK09,rescue,jednostka ratowniczo-gaśnicza PSP,16,1609,1609007,K2,36047,49.3,2,IK-01-00231,electricity,gmina opolskie-zachodni-09-07,GPZ 110/SN opolskie-zachodni-09-01-00231,2026-09-14T07:18+0200
IK-09-01824,jednostka ratowniczo-gaśnicza PSP opolskie-wschodni-08-06-01824,IK09,rescue,jednostka ratowniczo-gaśnicza PSP,16,1608,1608006,K1,69489,51.89,2,IK-01-00365,fuel,gmina opolskie-wschodni-08-06,magazyn/terminal paliw opolskie-południowy-07-01-00365,2026-09-14T09:53+0200
IK-01-00172,GPZ 110/SN zachodniopomorskie-zachodni-09-05-00172,IK01,energy,GPZ 110/SN,32,3209,3209005,K2,171393,52.0,0,,seed,gmina zachodniopomorskie-zachodni-09-05,,2026-09-14T10:00+0200
IK-07-01366,szpital wielospecjalistyczny zachodniopomorskie-zachodni-21-06-01366,IK07,health,szpital wielospecjalistyczny,32,3221,3221006,K1,341968,52.0,0,,seed,gmina zachodniopomorskie-zachodni-21-06,,2026-09-14T10:00+0200
IK-09-01872,jednostka ratowniczo-gaśnicza PSP opolskie-zachodni-03-02-01872,IK09,rescue,jednostka ratowniczo-gaśnicza PSP,16,1603,1603002,K2,23875,52.53,2,IK-01-00372,fuel,gmina opolskie-zachodni-03-02,magazyn/terminal paliw opolskie-centralny-10-02-00372,2026-09-14T10:31+0200
IK-02-00450,węzeł szkieletowy telekom zachodniopomorskie-północny-18-01-00450,IK02,telecom,węzeł szkieletowy telekom,32,3218,3218001,K2,1133707,53.0,0,,seed,gmina zachodniopomorskie-północny-18-01,,2026-09-14T11:00+0200
IK-02-00540,węzeł agregacyjny/RAN hub śląskie-zachodni-33-02-00540,IK02,telecom,węzeł agregacyjny/RAN hub,24,2433,2433002,K3,49365,53.0,0,,seed,gmina śląskie-zachodni-33-02,,2026-09-14T11:00+0200
IK-10-01943,centrum zarządzania kryzysowego zachodniopomorskie-północny-18-01-01943,IK10,admin,centrum zarządzania kryzysowego,32,3218,3218001,K1,869496,53.72,1,IK-02-00450,telecom,gmina zachodniopomorskie-północny-18-01,węzeł szkieletowy telekom zachodniopomorskie-północny-18-01-00450,2026-09-14T11:43+0200
IK-06-01164,stacja uzdatniania wody zachodniopomorskie-centralny-16-03-01164,IK06,water,stacja uzdatniania wody,32,3216,3216003,K2,131538,54.6,1,IK-01-00172,electricity,gmina zachodniopomorskie-centralny-16-03,GPZ 110/SN zachodniopomorskie-zachodni-09-05-00172,2026-09-14T12:36+0200
IK-01-00273,elektrociepłownia zachodniopomorskie-południowy-13-02-00273,IK01,energy,elektrociepłownia,32,3213,3213002,K2,68467,55.0,0,,seed,gmina zachodniopomorskie-południowy-13-02,,2026-09-14T13:00+0200
IK-01-00257,elektrownia systemowa dolnośląskie-północny-24-03-00257,IK01,energy,elektrownia systemowa,02,0224,0224003,K2,1305087,57.2,2,IK-01-00388,fuel,gmina dolnośląskie-północny-24-03,stacja redukcyjna gazu dolnośląskie-północny-18-04-00388,2026-09-14T15:12+0200
IK-01-00037,stacja NN 400/220 kV dolnośląskie-północny-18-04-00037,IK01,energy,stacja NN 400/220 kV,02,0218,0218004,K1,1944294,57.2,3,IK-01-00257,generation,gmina dolnośląskie-północny-18-04,elektrownia systemowa dolnośląskie-północny-24-03-00257,2026-09-14T15:12+0200
IK-01-00087,GPZ 110/SN dolnośląskie-północny-06-07-00087,IK01,energy,GPZ 110/SN,02,0206,0206007,K2,54514,57.2,4,IK-01-00037,electricity,gmina dolnośląskie-północny-06-07,stacja NN 400/220 kV dolnośląskie-północny-18-04-00037,2026-09-14T15:12+0200
IK-01-00179,GPZ 110/SN dolnośląskie-miejski-29-05-00179,IK01,energy,GPZ 110/SN,02,0229,0229005,K2,77692,57.2,4,IK-01-00037,electricity,gmina dolnośląskie-miejski-29-05,stacja NN 400/220 kV dolnośląskie-północny-18-04-00037,2026-09-14T15:12+0200
IK-01-00205,GPZ 110/SN dolnośląskie-północny-06-03-00205,IK01,energy,GPZ 110/SN,02,0206,0206003,K2,53696,57.2,4,IK-01-00037,electricity,gmina dolnośląskie-północny-06-03,stacja NN 400/220 kV dolnośląskie-północny-18-04-00037,2026-09-14T15:12+0200
IK-01-00211,GPZ 110/SN dolnośląskie-miejski-29-07-00211,IK01,energy,GPZ 110/SN,02,0229,0229007,K2,39682,57.2,4,IK-01-00037,electricity,gmina dolnośląskie-miejski-29-07,stacja NN 400/220 kV dolnośląskie-północny-18-04-00037,2026-09-14T15:12+0200
IK-01-00346,magazyn/terminal paliw dolnośląskie-północny-18-05-00346,IK01,energy,magazyn/terminal paliw,02,0218,0218005,K2,399300,57.2,5,IK-01-00087,electricity,gmina dolnośląskie-północny-18-05,GPZ 110/SN dolnośląskie-północny-06-07-00087,2026-09-14T15:12+0200
IK-05-01032,zakład przetwórstwa spożywczego dolnośląskie-centralny-16-01-01032,IK05,food,zakład przetwórstwa spożywczego,02,0216,0216001,K3,85799,57.2,5,IK-01-00205,electricity,gmina dolnośląskie-centralny-16-01,GPZ 110/SN dolnośląskie-północny-06-03-00205,2026-09-14T15:12+0200
IK-05-01054,zakład przetwórstwa spożywczego dolnośląskie-miejski-29-07-01054,IK05,food,zakład przetwórstwa spożywczego,02,0229,0229007,K3,40695,57.2,5,IK-01-00211,electricity,gmina dolnośląskie-miejski-29-07,GPZ 110/SN dolnośląskie-miejski-29-07-00211,2026-09-14T15:12+0200
IK-01-00248,elektrownia systemowa opolskie-centralny-04-04-00248,IK01,energy,elektrownia systemowa,16,1604,1604004,K1,948114,57.5,2,IK-01-00323,fuel,gmina opolskie-centralny-04-04,tłocznia gazu opolskie-południowy-07-06-00323,2026-09-14T15:30+0200
IK-07-01402,szpital wielospecjalistyczny zachodniopomorskie-zachodni-09-02-01402,IK07,health,szpital wielospecjalistyczny,32,3209,3209002,K1,241801,57.71,2,IK-06-01164,water,gmina zachodniopomorskie-zachodni-09-02,stacja uzdatniania wody zachodniopomorskie-centralny-16-03-01164,2026-09-14T15:42+0200
IK-01-00302,tłocznia gazu dolnośląskie-wschodni-14-05-00302,IK01,energy,tłocznia gazu,02,0214,0214005,K1,327011,58.5,5,IK-01-00087,electricity,gmina dolnośląskie-wschodni-14-05,GPZ 110/SN dolnośląskie-północny-06-07-00087,2026-09-14T16:30+0200
IK-01-00063,GPZ 110/SN zachodniopomorskie-wschodni-14-04-00063,IK01,energy,GPZ 110/SN,32,3214,3214004,K1,32506,59.0,0,,seed,gmina zachodniopomorskie-wschodni-14-04,,2026-09-14T17:00+0200
IK-05-01026,zakład przetwórstwa spożywczego zachodniopomorskie-północny-12-06-01026,IK05,food,zakład przetwórstwa spożywczego,32,3212,3212006,K3,56052,59.0,1,IK-01-00063,electricity,gmina zachodniopomorskie-północny-12-06,GPZ 110/SN zachodniopomorskie-wschodni-14-04-00063,2026-09-14T17:00+0200
IK-06-01146,ujęcie wody dolnośląskie-północny-06-03-01146,IK06,water,ujęcie wody,02,0206,0206003,K2,27017,59.4,5,IK-01-00205,electricity,gmina dolnośląskie-północny-06-03,GPZ 110/SN dolnośląskie-północny-06-03-00205,2026-09-14T17:24+0200
IK-01-00307,tłocznia gazu dolnośląskie-miejski-29-03-00307,IK01,energy,tłocznia gazu,02,0229,0229003,K1,226007,59.5,5,IK-01-00211,electricity,gmina dolnośląskie-miejski-29-03,GPZ 110/SN dolnośląskie-miejski-29-07-00211,2026-09-14T17:30+0200
IK-06-01251,przepompownia wody dolnośląskie-miejski-29-07-01251,IK06,water,przepompownia wody,02,0229,0229007,K2,32190,59.9,5,IK-01-00211,electricity,gmina dolnośląskie-miejski-29-07,GPZ 110/SN dolnośląskie-miejski-29-07-00211,2026-09-14T17:54+0200
IK-02-00532,węzeł agregacyjny/RAN hub dolnośląskie-miejski-29-05-00532,IK02,telecom,węzeł agregacyjny/RAN hub,02,0229,0229005,K3,21507,60.4,5,IK-01-00179,electricity,gmina dolnośląskie-miejski-29-05,GPZ 110/SN dolnośląskie-miejski-29-05-00179,2026-09-14T18:24+0200
IK-11-02048,zakład dużego ryzyka (ZDR) dolnośląskie-zachodni-21-04-02048,IK11,chemical,zakład dużego ryzyka (ZDR),02,0221,0221004,K1,52302,60.5,5,IK-01-00205,electricity,gmina dolnośląskie-zachodni-21-04,GPZ 110/SN dolnośląskie-północny-06-03-00205,2026-09-14T18:30+0200
IK-01-00262,elektrownia systemowa dolnośląskie-zachodni-15-02-00262,IK01,energy,elektrownia systemowa,02,0215,0215002,K1,531384,61.2,1,IK-01-00370,fuel,gmina dolnośląskie-zachodni-15-02,magazyn/terminal paliw dolnośląskie-północny-18-02-00370,2026-09-14T19:12+0200
IK-10-02044,węzeł teleinformatyczny urzędu dolnośląskie-północny-06-04-02044,IK10,admin,węzeł teleinformatyczny urzędu,02,0206,0206004,K2,174201,61.38,6,IK-02-00532,telecom,gmina dolnośląskie-północny-06-04,węzeł agregacyjny/RAN hub dolnośląskie-miejski-29-05-00532,2026-09-14T19:22+0200
IK-02-00482,węzeł agregacyjny/RAN hub śląskie-północny-36-02-00482,IK02,telecom,węzeł agregacyjny/RAN hub,24,2436,2436002,K2,28202,62.0,0,,seed,gmina śląskie-północny-36-02,,2026-09-14T20:00+0200
IK-02-00637,węzeł agregacyjny/RAN hub zachodniopomorskie-północny-12-05-00637,IK02,telecom,węzeł agregacyjny/RAN hub,32,3212,3212005,K2,45978,62.7,1,IK-01-00063,electricity,gmina zachodniopomorskie-północny-12-05,GPZ 110/SN zachodniopomorskie-wschodni-14-04-00063,2026-09-14T20:42+0200
IK-06-01207,stacja uzdatniania wody dolnośląskie-północny-18-05-01207,IK06,water,stacja uzdatniania wody,02,0218,0218005,K1,48684,62.99,6,IK-02-00532,telecom,gmina dolnośląskie-północny-18-05,węzeł agregacyjny/RAN hub dolnośląskie-miejski-29-05-00532,2026-09-14T20:59+0200
IK-06-01185,stacja uzdatniania wody zachodniopomorskie-północny-18-01-01185,IK06,water,stacja uzdatniania wody,32,3218,3218001,K1,83354,63.3,1,IK-01-00063,electricity,gmina zachodniopomorskie-północny-18-01,GPZ 110/SN zachodniopomorskie-wschodni-14-04-00063,2026-09-14T21:18+0200
IK-07-01434,szpital powiatowy zachodniopomorskie-wschodni-02-05-01434,IK07,health,szpital powiatowy,32,3202,3202005,K2,27035,63.73,2,IK-02-00637,telecom,gmina zachodniopomorskie-wschodni-02-05,węzeł agregacyjny/RAN hub zachodniopomorskie-północny-12-05-00637,2026-09-14T21:43+0200
IK-07-01382,szpital wielospecjalistyczny zachodniopomorskie-miejski-11-02-01382,IK07,health,szpital wielospecjalistyczny,32,3211,3211002,K2,280668,65.0,0,,seed,gmina zachodniopomorskie-miejski-11-02,,2026-09-14T23:00+0200
IK-01-00287,elektrociepłownia dolnośląskie-centralny-22-04-00287,IK01,energy,elektrociepłownia,02,0222,0222004,K2,69698,69.5,4,IK-01-00339,fuel,gmina dolnośląskie-centralny-22-04,magazyn/terminal paliw dolnośląskie-południowy-13-06-00339,2026-09-15T03:30+0200
IK-03-00711,centrum przetwarzania danych dolnośląskie-centralny-10-03-00711,IK03,ict,centrum przetwarzania danych,02,0210,0210003,K1,1254127,72.4,5,IK-01-00087,electricity,gmina dolnośląskie-centralny-10-03,GPZ 110/SN dolnośląskie-północny-06-07-00087,2026-09-15T06:24+0200
IK-01-00291,elektrociepłownia dolnośląskie-centralny-22-03-00291,IK01,energy,elektrociepłownia,02,0222,0222003,K2,102829,76.5,1,IK-01-00319,fuel,gmina dolnośląskie-centralny-22-03,tłocznia gazu dolnośląskie-wschodni-14-02-00319,2026-09-15T10:30+0200
IK-01-00026,stacja NN 400/220 kV dolnośląskie-miejski-23-07-00026,IK01,energy,stacja NN 400/220 kV,02,0223,0223007,K1,786829,76.5,2,IK-01-00291,generation,gmina dolnośląskie-miejski-23-07,elektrociepłownia dolnośląskie-centralny-22-03-00291,2026-09-15T10:30+0200
IK-01-00099,GPZ 110/SN dolnośląskie-wschodni-02-05-00099,IK01,energy,GPZ 110/SN,02,0202,0202005,K3,94136,76.5,3,IK-01-00026,electricity,gmina dolnośląskie-wschodni-02-05,stacja NN 400/220 kV dolnośląskie-miejski-23-07-00026,2026-09-15T10:30+0200
IK-01-00162,GPZ 110/SN dolnośląskie-wschodni-02-04-00162,IK01,energy,GPZ 110/SN,02,0202,0202004,K2,90265,76.5,3,IK-01-00026,electricity,gmina dolnośląskie-wschodni-02-04,stacja NN 400/220 kV dolnośląskie-miejski-23-07-00026,2026-09-15T10:30+0200
IK-01-00202,GPZ 110/SN dolnośląskie-zachodni-27-02-00202,IK01,energy,GPZ 110/SN,02,0227,0227002,K2,81890,76.5,3,IK-01-00026,electricity,gmina dolnośląskie-zachodni-27-02,stacja NN 400/220 kV dolnośląskie-miejski-23-07-00026,2026-09-15T10:30+0200
IK-01-00203,GPZ 110/SN dolnośląskie-północny-30-03-00203,IK01,energy,GPZ 110/SN,02,0230,0230003,K1,57012,76.5,3,IK-01-00026,electricity,gmina dolnośląskie-północny-30-03,stacja NN 400/220 kV dolnośląskie-miejski-23-07-00026,2026-09-15T10:30+0200
IK-01-00235,GPZ 110/SN dolnośląskie-miejski-29-06-00235,IK01,energy,GPZ 110/SN,02,0229,0229006,K1,118111,76.5,3,IK-01-00026,electricity,gmina dolnośląskie-miejski-29-06,stacja NN 400/220 kV dolnośląskie-miejski-23-07-00026,2026-09-15T10:30+0200
IK-08-01795,centrum sterowania ruchem dolnośląskie-wschodni-14-03-01795,IK08,transport,centrum sterowania ruchem,02,0214,0214003,K2,74609,76.5,4,IK-01-00099,electricity,gmina dolnośląskie-wschodni-14-03,GPZ 110/SN dolnośląskie-wschodni-02-05-00099,2026-09-15T10:30+0200
IK-08-01678,most/przeprawa krytyczna dolnośląskie-wschodni-20-03-01678,IK08,transport,most/przeprawa krytyczna,02,0220,0220003,K2,108208,76.5,4,IK-01-00162,electricity,gmina dolnośląskie-wschodni-20-03,GPZ 110/SN dolnośląskie-wschodni-02-04-00162,2026-09-15T10:30+0200
IK-05-01039,zakład przetwórstwa spożywczego dolnośląskie-północny-30-07-01039,IK05,food,zakład przetwórstwa spożywczego,02,0230,0230007,K3,146908,76.5,4,IK-01-00203,electricity,gmina dolnośląskie-północny-30-07,GPZ 110/SN dolnośląskie-północny-30-03-00203,2026-09-15T10:30+0200
IK-06-01126,ujęcie wody dolnośląskie-wschodni-26-06-01126,IK06,water,ujęcie wody,02,0226,0226006,K2,37769,76.5,4,IK-01-00203,electricity,gmina dolnośląskie-wschodni-26-06,GPZ 110/SN dolnośląskie-północny-30-03-00203,2026-09-15T10:30+0200
IK-09-01838,jednostka ratowniczo-gaśnicza PSP dolnośląskie-północny-30-05-01838,IK09,rescue,jednostka ratowniczo-gaśnicza PSP,02,0230,0230005,K2,114503,76.5,4,IK-01-00203,electricity,gmina dolnośląskie-północny-30-05,GPZ 110/SN dolnośląskie-północny-30-03-00203,2026-09-15T10:30+0200
IK-03-00816,system rejestrów państwowych dolnośląskie-miejski-29-04-00816,IK03,ict,system rejestrów państwowych,02,0229,0229004,K2,277660,76.5,4,IK-01-00235,electricity,gmina dolnośląskie-miejski-29-04,GPZ 110/SN dolnośląskie-miejski-29-06-00235,2026-09-15T10:30+0200
IK-05-01035,zakład przetwórstwa spożywczego dolnośląskie-miejski-29-02-01035,IK05,food,zakład przetwórstwa spożywczego,02,0229,0229002,K3,118013,76.5,4,IK-01-00235,electricity,gmina dolnośląskie-miejski-29-02,GPZ 110/SN dolnośląskie-miejski-29-06-00235,2026-09-15T10:30+0200
IK-10-01986,centrum zarządzania kryzysowego dolnośląskie-północny-30-06-01986,IK10,admin,centrum zarządzania kryzysowego,02,0230,0230006,K1,216996,76.5,4,IK-01-00235,electricity,gmina dolnośląskie-północny-30-06,GPZ 110/SN dolnośląskie-miejski-29-06-00235,2026-09-15T10:30+0200
IK-01-00342,magazyn/terminal paliw dolnośląskie-miejski-23-06-00342,IK01,energy,magazyn/terminal paliw,02,0223,0223006,K2,235806,77.5,4,IK-01-00099,electricity,gmina dolnośląskie-miejski-23-06,GPZ 110/SN dolnośląskie-wschodni-02-05-00099,2026-09-15T11:30+0200
IK-01-00329,tłocznia gazu dolnośląskie-miejski-29-04-00329,IK01,energy,tłocznia gazu,02,0229,0229004,K2,118136,77.6,4,IK-01-00235,electricity,gmina dolnośląskie-miejski-29-04,GPZ 110/SN dolnośląskie-miejski-29-06-00235,2026-09-15T11:36+0200
IK-01-00399,stacja redukcyjna gazu dolnośląskie-centralny-22-06-00399,IK01,energy,stacja redukcyjna gazu,02,0222,0222006,K2,144633,77.9,4,IK-01-00202,electricity,gmina dolnośląskie-centralny-22-06,GPZ 110/SN dolnośląskie-zachodni-27-02-00202,2026-09-15T11:54+0200
IK-01-00378,stacja redukcyjna gazu dolnośląskie-zachodni-27-02-00378,IK01,energy,stacja redukcyjna gazu,02,0227,0227002,K2,43692,78.0,4,IK-01-00202,electricity,gmina dolnośląskie-zachodni-27-02,GPZ 110/SN dolnośląskie-zachodni-27-02-00202,2026-09-15T12:00+0200
IK-06-01107,ujęcie wody dolnośląskie-wschodni-20-01-01107,IK06,water,ujęcie wody,02,0220,0220001,K2,61503,78.0,4,IK-01-00203,electricity,gmina dolnośląskie-wschodni-20-01,GPZ 110/SN dolnośląskie-północny-30-03-00203,2026-09-15T12:00+0200
IK-06-01119,ujęcie wody dolnośląskie-południowy-07-05-01119,IK06,water,ujęcie wody,02,0207,0207005,K3,81703,78.6,4,IK-01-00203,electricity,gmina dolnośląskie-południowy-07-05,GPZ 110/SN dolnośląskie-północny-30-03-00203,2026-09-15T12:36+0200
IK-01-00333,magazyn/terminal paliw dolnośląskie-miejski-29-04-00333,IK01,energy,magazyn/terminal paliw,02,0229,0229004,K2,209380,79.1,4,IK-01-00203,electricity,gmina dolnośląskie-miejski-29-04,GPZ 110/SN dolnośląskie-północny-30-03-00203,2026-09-15T13:06+0200
IK-06-01228,stacja uzdatniania wody dolnośląskie-wschodni-20-06-01228,IK06,water,stacja uzdatniania wody,02,0220,0220006,K2,128523,79.2,4,IK-01-00202,electricity,gmina dolnośląskie-wschodni-20-06,GPZ 110/SN dolnośląskie-zachodni-27-02-00202,2026-09-15T13:12+0200
IK-06-01175,stacja uzdatniania wody dolnośląskie-wschodni-02-05-01175,IK06,water,stacja uzdatniania wody,02,0202,0202005,K1,59560,79.4,4,IK-01-00099,electricity,gmina dolnośląskie-wschodni-02-05,GPZ 110/SN dolnośląskie-wschodni-02-05-00099,2026-09-15T13:24+0200
IK-02-00642,węzeł agregacyjny/RAN hub dolnośląskie-północny-30-06-00642,IK02,telecom,węzeł agregacyjny/RAN hub,02,0230,0230006,K2,40357,79.6,4,IK-01-00203,electricity,gmina dolnośląskie-północny-30-06,GPZ 110/SN dolnośląskie-północny-30-03-00203,2026-09-15T13:36+0200
IK-01-00363,magazyn/terminal paliw dolnośląskie-zachodni-27-04-00363,IK01,energy,magazyn/terminal paliw,02,0227,0227004,K2,175983,79.8,4,IK-01-00202,electricity,gmina dolnośląskie-zachodni-27-04,GPZ 110/SN dolnośląskie-zachodni-27-02-00202,2026-09-15T13:48+0200
IK-07-01456,szpital powiatowy dolnośląskie-północny-30-04-01456,IK07,health,szpital powiatowy,02,0230,0230004,K2,143962,79.99,5,IK-06-01126,water,gmina dolnośląskie-północny-30-04,ujęcie wody dolnośląskie-wschodni-26-06-01126,2026-09-15T13:59+0200
IK-06-01364,oczyszczalnia ścieków dolnośląskie-północny-30-06-01364,IK06,water,oczyszczalnia ścieków,02,0230,0230006,K2,164725,80.3,4,IK-01-00203,electricity,gmina dolnośląskie-północny-30-06,GPZ 110/SN dolnośląskie-północny-30-03-00203,2026-09-15T14:18+0200
IK-11-02079,zakład zwiększonego ryzyka (ZZR) dolnośląskie-północny-30-05-02079,IK11,chemical,zakład zwiększonego ryzyka (ZZR),02,0230,0230005,K3,23790,80.64,5,IK-06-01119,water,gmina dolnośląskie-północny-30-05,ujęcie wody dolnośląskie-południowy-07-05-01119,2026-09-15T14:38+0200
IK-08-01791,centrum sterowania ruchem dolnośląskie-północny-30-05-01791,IK08,transport,centrum sterowania ruchem,02,0230,0230005,K3,232528,80.89,5,IK-02-00642,telecom,gmina dolnośląskie-północny-30-05,węzeł agregacyjny/RAN hub dolnośląskie-północny-30-06-00642,2026-09-15T14:53+0200
IK-02-00651,węzeł agregacyjny/RAN hub dolnośląskie-północny-30-04-00651,IK02,telecom,węzeł agregacyjny/RAN hub,02,0230,0230004,K2,25776,80.9,4,IK-01-00235,electricity,gmina dolnośląskie-północny-30-04,GPZ 110/SN dolnośląskie-miejski-29-06-00235,2026-09-15T14:54+0200
IK-02-00541,węzeł agregacyjny/RAN hub dolnośląskie-wschodni-20-07-00541,IK02,telecom,węzeł agregacyjny/RAN hub,02,0220,0220007,K2,50510,81.4,4,IK-01-00203,electricity,gmina dolnośląskie-wschodni-20-07,GPZ 110/SN dolnośląskie-północny-30-03-00203,2026-09-15T15:24+0200
IK-11-02067,zakład dużego ryzyka (ZDR) dolnośląskie-zachodni-27-02-02067,IK11,chemical,zakład dużego ryzyka (ZDR),02,0227,0227002,K1,41844,81.51,5,IK-06-01228,water,gmina dolnośląskie-zachodni-27-02,stacja uzdatniania wody dolnośląskie-wschodni-20-06-01228,2026-09-15T15:30+0200
IK-02-00604,węzeł agregacyjny/RAN hub dolnośląskie-północny-30-01-00604,IK02,telecom,węzeł agregacyjny/RAN hub,02,0230,0230001,K2,33110,81.7,4,IK-01-00203,electricity,gmina dolnośląskie-północny-30-01,GPZ 110/SN dolnośląskie-północny-30-03-00203,2026-09-15T15:42+0200
IK-05-00959,chłodnia składowa dolnośląskie-północny-30-01-00959,IK05,food,chłodnia składowa,02,0230,0230001,K3,212337,82.08,5,IK-06-01107,water,gmina dolnośląskie-północny-30-01,ujęcie wody dolnośląskie-wschodni-20-01-01107,2026-09-15T16:04+0200
IK-02-00522,węzeł agregacyjny/RAN hub dolnośląskie-wschodni-20-01-00522,IK02,telecom,węzeł agregacyjny/RAN hub,02,0220,0220001,K3,63966,82.6,4,IK-01-00202,electricity,gmina dolnośląskie-wschodni-20-01,GPZ 110/SN dolnośląskie-zachodni-27-02-00202,2026-09-15T16:36+0200
IK-05-00991,chłodnia składowa dolnośląskie-miejski-29-02-00991,IK05,food,chłodnia składowa,02,0229,0229002,K3,108478,82.69,5,IK-06-01119,water,gmina dolnośląskie-miejski-29-02,ujęcie wody dolnośląskie-południowy-07-05-01119,2026-09-15T16:41+0200
IK-03-00754,węzeł sieci rządowej dolnośląskie-północny-30-03-00754,IK03,ict,węzeł sieci rządowej,02,0230,0230003,K2,164746,83.8,4,IK-01-00203,electricity,gmina dolnośląskie-północny-30-03,GPZ 110/SN dolnośląskie-północny-30-03-00203,2026-09-15T17:48+0200
IK-02-00424,węzeł szkieletowy telekom dolnośląskie-wschodni-02-04-00424,IK02,telecom,węzeł szkieletowy telekom,02,0202,0202004,K1,371843,84.2,4,IK-01-00162,electricity,gmina dolnośląskie-wschodni-02-04,GPZ 110/SN dolnośląskie-wschodni-02-04-00162,2026-09-15T18:12+0200
IK-03-00704,centrum przetwarzania danych dolnośląskie-miejski-29-03-00704,IK03,ict,centrum przetwarzania danych,02,0229,0229003,K1,980688,84.64,5,IK-02-00424,telecom,gmina dolnośląskie-miejski-29-03,węzeł szkieletowy telekom dolnośląskie-wschodni-02-04-00424,2026-09-15T18:38+0200
IK-03-00802,system rejestrów państwowych dolnośląskie-północny-30-04-00802,IK03,ict,system rejestrów państwowych,02,0230,0230004,K2,1309774,84.65,5,IK-02-00424,telecom,gmina dolnośląskie-północny-30-04,węzeł szkieletowy telekom dolnośląskie-wschodni-02-04-00424,2026-09-15T18:39+0200
IK-03-00788,system rejestrów państwowych dolnośląskie-południowy-07-06-00788,IK03,ict,system rejestrów państwowych,02,0207,0207006,K1,1304623,84.91,5,IK-02-00424,telecom,gmina dolnośląskie-południowy-07-06,węzeł szkieletowy telekom dolnośląskie-wschodni-02-04-00424,2026-09-15T18:54+0200
IK-04-00883,centrum przetwarzania banku dolnośląskie-południowy-07-06-00883,IK04,finance,centrum przetwarzania banku,02,0207,0207006,K2,213296,84.97,5,IK-02-00424,telecom,gmina dolnośląskie-południowy-07-06,węzeł szkieletowy telekom dolnośląskie-wschodni-02-04-00424,2026-09-15T18:58+0200
IK-03-00800,system rejestrów państwowych dolnośląskie-wschodni-14-07-00800,IK03,ict,system rejestrów państwowych,02,0214,0214007,K1,380470,84.98,5,IK-02-00424,telecom,gmina dolnośląskie-wschodni-14-07,węzeł szkieletowy telekom dolnośląskie-wschodni-02-04-00424,2026-09-15T18:58+0200
IK-01-00270,elektrociepłownia opolskie-miejski-11-01-00270,IK01,energy,elektrociepłownia,16,1611,1611001,K3,48046,85.2,2,IK-01-00384,fuel,gmina opolskie-miejski-11-01,stacja redukcyjna gazu opolskie-miejski-11-04-00384,2026-09-15T19:12+0200
IK-03-00693,centrum przetwarzania danych dolnośląskie-północny-30-01-00693,IK03,ict,centrum przetwarzania danych,02,0230,0230001,K1,3192501,91.4,4,IK-01-00235,electricity,gmina dolnośląskie-północny-30-01,GPZ 110/SN dolnośląskie-miejski-29-06-00235,2026-09-16T01:24+0200
IK-03-00688,centrum przetwarzania danych dolnośląskie-centralny-22-07-00688,IK03,ict,centrum przetwarzania danych,02,0222,0222007,K1,2037131,91.5,4,IK-01-00203,electricity,gmina dolnośląskie-centralny-22-07,GPZ 110/SN dolnośląskie-północny-30-03-00203,2026-09-16T01:30+0200
IK-01-00259,elektrownia systemowa opolskie-północny-06-05-00259,IK01,energy,elektrownia systemowa,16,1606,1606005,K1,581376,92.4,2,IK-01-00420,fuel,gmina opolskie-północny-06-05,stacja redukcyjna gazu opolskie-wschodni-02-07-00420,2026-09-16T02:24+0200
IK-01-00004,stacja NN 400/220 kV opolskie-północny-06-03-00004,IK01,energy,stacja NN 400/220 kV,16,1606,1606003,K1,953433,92.4,3,IK-01-00259,generation,gmina opolskie-północny-06-03,elektrownia systemowa opolskie-północny-06-05-00259,2026-09-16T02:24+0200
IK-01-00009,stacja NN 400/220 kV opolskie-północny-06-07-00009,IK01,energy,stacja NN 400/220 kV,16,1606,1606007,K1,809821,92.4,3,IK-01-00259,generation,gmina opolskie-północny-06-07,elektrownia systemowa opolskie-północny-06-05-00259,2026-09-16T02:24+0200
IK-01-00016,stacja NN 400/220 kV opolskie-południowy-01-01-00016,IK01,energy,stacja NN 400/220 kV,16,1601,1601001,K1,1492618,92.4,3,IK-01-00259,generation,gmina opolskie-południowy-01-01,elektrownia systemowa opolskie-północny-06-05-00259,2026-09-16T02:24+0200
IK-01-00018,stacja NN 400/220 kV opolskie-wschodni-02-02-00018,IK01,energy,stacja NN 400/220 kV,16,1602,1602002,K1,691808,92.4,3,IK-01-00259,generation,gmina opolskie-wschodni-02-02,elektrownia systemowa opolskie-północny-06-05-00259,2026-09-16T02:24+0200
IK-01-00027,stacja NN 400/220 kV opolskie-południowy-01-03-00027,IK01,energy,stacja NN 400/220 kV,16,1601,1601003,K2,881713,92.4,3,IK-01-00259,generation,gmina opolskie-południowy-01-03,elektrownia systemowa opolskie-północny-06-05-00259,2026-09-16T02:24+0200
IK-01-00183,GPZ 110/SN opolskie-południowy-01-04-00183,IK01,energy,GPZ 110/SN,16,1601,1601004,K3,45592,92.4,4,IK-01-00004,electricity,gmina opolskie-południowy-01-04,stacja NN 400/220 kV opolskie-północny-06-03-00004,2026-09-16T02:24+0200
IK-01-00043,GPZ 110/SN opolskie-wschodni-08-01-00043,IK01,energy,GPZ 110/SN,16,1608,1608001,K3,31802,92.4,4,IK-01-00009,electricity,gmina opolskie-wschodni-08-01,stacja NN 400/220 kV opolskie-północny-06-07-00009,2026-09-16T02:24+0200
IK-01-00081,GPZ 110/SN opolskie-północny-06-05-00081,IK01,energy,GPZ 110/SN,16,1606,1606005,K2,80326,92.4,4,IK-01-00009,electricity,gmina opolskie-północny-06-05,stacja NN 400/220 kV opolskie-północny-06-07-00009,2026-09-16T02:24+0200
IK-01-00109,GPZ 110/SN opolskie-zachodni-09-04-00109,IK01,energy,GPZ 110/SN,16,1609,1609004,K2,44287,92.4,4,IK-01-00009,electricity,gmina opolskie-zachodni-09-04,stacja NN 400/220 kV opolskie-północny-06-07-00009,2026-09-16T02:24+0200
IK-01-00134,GPZ 110/SN opolskie-północny-06-07-00134,IK01,energy,GPZ 110/SN,16,1606,1606007,K1,67725,92.4,4,IK-01-00009,electricity,gmina opolskie-północny-06-07,stacja NN 400/220 kV opolskie-północny-06-07-00009,2026-09-16T02:24+0200
IK-01-00174,GPZ 110/SN opolskie-północny-06-01-00174,IK01,energy,GPZ 110/SN,16,1606,1606001,K1,165347,92.4,4,IK-01-00009,electricity,gmina opolskie-północny-06-01,stacja NN 400/220 kV opolskie-północny-06-07-00009,2026-09-16T02:24+0200
IK-01-00070,GPZ 110/SN opolskie-południowy-01-02-00070,IK01,energy,GPZ 110/SN,16,1601,1601002,K2,68651,92.4,4,IK-01-00016,electricity,gmina opolskie-południowy-01-02,stacja NN 400/220 kV opolskie-południowy-01-01-00016,2026-09-16T02:24+0200
IK-01-00100,GPZ 110/SN opolskie-południowy-01-06-00100,IK01,energy,GPZ 110/SN,16,1601,1601006,K1,71186,92.4,4,IK-01-00016,electricity,gmina opolskie-południowy-01-06,stacja NN 400/220 kV opolskie-południowy-01-01-00016,2026-09-16T02:24+0200
IK-01-00187,GPZ 110/SN opolskie-miejski-05-03-00187,IK01,energy,GPZ 110/SN,16,1605,1605003,K1,62026,92.4,4,IK-01-00016,electricity,gmina opolskie-miejski-05-03,stacja NN 400/220 kV opolskie-południowy-01-01-00016,2026-09-16T02:24+0200
IK-01-00132,GPZ 110/SN opolskie-północny-06-03-00132,IK01,energy,GPZ 110/SN,16,1606,1606003,K2,109370,92.4,4,IK-01-00018,electricity,gmina opolskie-północny-06-03,stacja NN 400/220 kV opolskie-wschodni-02-02-00018,2026-09-16T02:24+0200
IK-01-00199,GPZ 110/SN opolskie-południowy-01-03-00199,IK01,energy,GPZ 110/SN,16,1601,1601003,K1,82648,92.4,4,IK-01-00027,electricity,gmina opolskie-południowy-01-03,stacja NN 400/220 kV opolskie-południowy-01-03-00027,2026-09-16T02:24+0200
IK-01-00239,GPZ 110/SN opolskie-miejski-05-06-00239,IK01,energy,GPZ 110/SN,16,1605,1605006,K1,111483,92.4,4,IK-01-00027,electricity,gmina opolskie-miejski-05-06,stacja NN 400/220 kV opolskie-południowy-01-03-00027,2026-09-16T02:24+0200
IK-03-00818,system rejestrów państwowych opolskie-zachodni-09-02-00818,IK03,ict,system rejestrów państwowych,16,1609,1609002,K2,1288600,92.4,5,IK-01-00109,electricity,gmina opolskie-zachodni-09-02,GPZ 110/SN opolskie-zachodni-09-04-00109,2026-09-16T02:24+0200
IK-06-01337,oczyszczalnia ścieków opolskie-południowy-01-02-01337,IK06,water,oczyszczalnia ścieków,16,1601,1601002,K3,107294,92.4,5,IK-01-00070,electricity,gmina opolskie-południowy-01-02,GPZ 110/SN opolskie-południowy-01-02-00070,2026-09-16T02:24+0200
IK-03-00761,węzeł sieci rządowej opolskie-miejski-05-02-00761,IK03,ict,węzeł sieci rządowej,16,1605,1605002,K1,444599,92.4,5,IK-01-00239,electricity,gmina opolskie-miejski-05-02,GPZ 110/SN opolskie-miejski-05-06-00239,2026-09-16T02:24+0200
IK-09-01822,jednostka ratowniczo-gaśnicza PSP dolnośląskie-miejski-29-02-01822,IK09,rescue,jednostka ratowniczo-gaśnicza PSP,02,0229,0229002,K2,58014,92.9,4,IK-01-00235,electricity,gmina dolnośląskie-miejski-29-02,GPZ 110/SN dolnośląskie-miejski-29-06-00235,2026-09-16T02:54+0200
IK-08-01640,węzeł kolejowy opolskie-północny-06-06-01640,IK08,transport,węzeł kolejowy,16,1606,1606006,K2,209331,92.9,5,IK-01-00174,electricity,gmina opolskie-północny-06-06,GPZ 110/SN opolskie-północny-06-01-00174,2026-09-16T02:54+0200
IK-02-00483,węzeł agregacyjny/RAN hub opolskie-zachodni-09-03-00483,IK02,telecom,węzeł agregacyjny/RAN hub,16,1609,1609003,K3,26693,93.1,6,IK-03-00818,ict,gmina opolskie-zachodni-09-03,system rejestrów państwowych opolskie-zachodni-09-02-00818,2026-09-16T03:06+0200
IK-04-00899,hurtownia wartości/gotówki opolskie-południowy-01-05-00899,IK04,finance,hurtownia wartości/gotówki,16,1601,1601005,K3,205362,93.32,6,IK-03-00761,ict,gmina opolskie-południowy-01-05,węzeł sieci rządowej opolskie-miejski-05-02-00761,2026-09-16T03:19+0200
IK-06-01258,przepompownia wody opolskie-wschodni-08-07-01258,IK06,water,przepompownia wody,16,1608,1608007,K2,17905,93.5,5,IK-01-00174,electricity,gmina opolskie-wschodni-08-07,GPZ 110/SN opolskie-północny-06-01-00174,2026-09-16T03:30+0200
IK-01-00382,stacja redukcyjna gazu opolskie-południowy-01-01-00382,IK01,energy,stacja redukcyjna gazu,16,1601,1601001,K2,39511,93.7,5,IK-01-00070,electricity,gmina opolskie-południowy-01-01,GPZ 110/SN opolskie-południowy-01-02-00070,2026-09-16T03:42+0200
IK-06-01105,ujęcie wody opolskie-północny-06-06-01105,IK06,water,ujęcie wody,16,1606,1606006,K2,24513,94.1,5,IK-01-00174,electricity,gmina opolskie-północny-06-06,GPZ 110/SN opolskie-północny-06-01-00174,2026-09-16T04:06+0200
IK-01-00413,stacja redukcyjna gazu opolskie-południowy-07-07-00413,IK01,energy,stacja redukcyjna gazu,16,1607,1607007,K3,19386,94.2,5,IK-01-00043,electricity,gmina opolskie-południowy-07-07,GPZ 110/SN opolskie-wschodni-08-01-00043,2026-09-16T04:12+0200
IK-06-01061,ujęcie wody opolskie-południowy-07-07-01061,IK06,water,ujęcie wody,16,1607,1607007,K2,165491,94.5,5,IK-01-00043,electricity,gmina opolskie-południowy-07-07,GPZ 110/SN opolskie-wschodni-08-01-00043,2026-09-16T04:30+0200
IK-07-01397,szpital wielospecjalistyczny zachodniopomorskie-wschodni-02-05-01397,IK07,health,szpital wielospecjalistyczny,32,3202,3202005,K1,169988,94.8,1,IK-01-00063,electricity,gmina zachodniopomorskie-wschodni-02-05,GPZ 110/SN zachodniopomorskie-wschodni-14-04-00063,2026-09-16T04:48+0200
IK-02-00517,węzeł agregacyjny/RAN hub opolskie-północny-12-05-00517,IK02,telecom,węzeł agregacyjny/RAN hub,16,1612,1612005,K3,65432,95.9,5,IK-01-00043,electricity,gmina opolskie-północny-12-05,GPZ 110/SN opolskie-wschodni-08-01-00043,2026-09-16T05:54+0200
IK-11-02070,zakład dużego ryzyka (ZDR) opolskie-wschodni-08-07-02070,IK11,chemical,zakład dużego ryzyka (ZDR),16,1608,1608007,K1,19351,96.14,6,IK-06-01105,water,gmina opolskie-wschodni-08-07,ujęcie wody opolskie-północny-06-06-01105,2026-09-16T06:08+0200
IK-11-02086,zakład zwiększonego ryzyka (ZZR) opolskie-północny-06-04-02086,IK11,chemical,zakład zwiększonego ryzyka (ZZR),16,1606,1606004,K2,22227,96.46,6,IK-06-01105,water,gmina opolskie-północny-06-04,ujęcie wody opolskie-północny-06-06-01105,2026-09-16T06:27+0200
IK-07-01562,centrum dializ opolskie-miejski-05-03-01562,IK07,health,centrum dializ,16,1605,1605003,K2,766,97.0,5,IK-01-00183,electricity,gmina opolskie-miejski-05-03,GPZ 110/SN opolskie-południowy-01-04-00183,2026-09-16T07:00+0200
IK-06-01160,stacja uzdatniania wody opolskie-północny-06-01-01160,IK06,water,stacja uzdatniania wody,16,1606,1606001,K1,66735,97.0,5,IK-01-00134,electricity,gmina opolskie-północny-06-01,GPZ 110/SN opolskie-północny-06-07-00134,2026-09-16T07:00+0200
IK-07-01527,centrum dializ opolskie-wschodni-08-06-01527,IK07,health,centrum dializ,16,1608,1608006,K2,818,97.31,6,IK-06-01105,water,gmina opolskie-wschodni-08-06,ujęcie wody opolskie-północny-06-06-01105,2026-09-16T07:18+0200
IK-07-01422,szpital wielospecjalistyczny opolskie-wschodni-08-06-01422,IK07,health,szpital wielospecjalistyczny,16,1608,1608006,K2,209315,97.38,6,IK-06-01105,water,gmina opolskie-wschodni-08-06,ujęcie wody opolskie-północny-06-06-01105,2026-09-16T07:22+0200
IK-06-01216,stacja uzdatniania wody opolskie-północny-12-05-01216,IK06,water,stacja uzdatniania wody,16,1612,1612005,K2,76555,97.5,5,IK-01-00043,electricity,gmina opolskie-północny-12-05,GPZ 110/SN opolskie-wschodni-08-01-00043,2026-09-16T07:30+0200
IK-02-00629,węzeł agregacyjny/RAN hub opolskie-wschodni-08-06-00629,IK02,telecom,węzeł agregacyjny/RAN hub,16,1608,1608006,K2,37468,97.8,5,IK-01-00174,electricity,gmina opolskie-wschodni-08-06,GPZ 110/SN opolskie-północny-06-01-00174,2026-09-16T07:48+0200
IK-08-01808,centrum sterowania ruchem opolskie-wschodni-08-06-01808,IK08,transport,centrum sterowania ruchem,16,1608,1608006,K3,228896,98.1,5,IK-01-00174,electricity,gmina opolskie-wschodni-08-06,GPZ 110/SN opolskie-północny-06-01-00174,2026-09-16T08:06+0200
IK-05-00957,chłodnia składowa opolskie-wschodni-02-01-00957,IK05,food,chłodnia składowa,16,1602,1602001,K2,111521,98.6,5,IK-01-00183,electricity,gmina opolskie-wschodni-02-01,GPZ 110/SN opolskie-południowy-01-04-00183,2026-09-16T08:36+0200
IK-02-00460,węzeł szkieletowy telekom opolskie-zachodni-09-06-00460,IK02,telecom,węzeł szkieletowy telekom,16,1609,1609006,K1,361124,98.7,5,IK-01-00109,electricity,gmina opolskie-zachodni-09-06,GPZ 110/SN opolskie-zachodni-09-04-00109,2026-09-16T08:42+0200
IK-03-00685,centrum przetwarzania danych łódzkie-północny-24-01-00685,IK03,ict,centrum przetwarzania danych,10,1024,1024001,K1,780048,99.48,6,IK-02-00460,telecom,gmina łódzkie-północny-24-01,węzeł szkieletowy telekom opolskie-zachodni-09-06-00460,2026-09-16T09:28+0200
IK-02-00473,węzeł szkieletowy telekom opolskie-zachodni-09-02-00473,IK02,telecom,węzeł szkieletowy telekom,16,1609,1609002,K1,366293,99.7,5,IK-01-00109,electricity,gmina opolskie-zachodni-09-02,GPZ 110/SN opolskie-zachodni-09-04-00109,2026-09-16T09:42+0200
IK-10-01994,węzeł teleinformatyczny urzędu łódzkie-północny-24-06-01994,IK10,admin,węzeł teleinformatyczny urzędu,10,1024,1024006,K3,89131,100.14,7,IK-03-00685,ict,gmina łódzkie-północny-24-06,centrum przetwarzania danych łódzkie-północny-24-01-00685,2026-09-16T10:08+0200
IK-03-00725,węzeł sieci rządowej opolskie-zachodni-09-02-00725,IK03,ict,węzeł sieci rządowej,16,1609,1609002,K1,145567,100.22,6,IK-02-00473,telecom,gmina opolskie-zachodni-09-02,węzeł szkieletowy telekom opolskie-zachodni-09-02-00473,2026-09-16T10:13+0200
IK-04-00914,hurtownia wartości/gotówki łódzkie-wschodni-14-05-00914,IK04,finance,hurtownia wartości/gotówki,10,1014,1014005,K3,251788,100.33,7,IK-03-00685,ict,gmina łódzkie-wschodni-14-05,centrum przetwarzania danych łódzkie-północny-24-01-00685,2026-09-16T10:19+0200
IK-04-00919,hurtownia wartości/gotówki łódzkie-wschodni-20-05-00919,IK04,finance,hurtownia wartości/gotówki,10,1020,1020005,K3,116265,100.35,7,IK-03-00685,ict,gmina łódzkie-wschodni-20-05,centrum przetwarzania danych łódzkie-północny-24-01-00685,2026-09-16T10:21+0200
IK-04-00868,centrum przetwarzania banku opolskie-wschodni-08-07-00868,IK04,finance,centrum przetwarzania banku,16,1608,1608007,K2,203522,106.4,5,IK-01-00174,electricity,gmina opolskie-wschodni-08-07,GPZ 110/SN opolskie-północny-06-01-00174,2026-09-16T16:24+0200
IK-09-01910,baza lotniczego pogotowia dolnośląskie-północny-06-04-01910,IK09,rescue,baza lotniczego pogotowia,02,0206,0206004,K1,582754,107.85,5,IK-01-00342,fuel,gmina dolnośląskie-północny-06-04,magazyn/terminal paliw dolnośląskie-miejski-23-06-00342,2026-09-16T17:51+0200
IK-03-00811,system rejestrów państwowych opolskie-miejski-05-06-00811,IK03,ict,system rejestrów państwowych,16,1605,1605006,K1,825598,108.2,5,IK-01-00239,electricity,gmina opolskie-miejski-05-06,GPZ 110/SN opolskie-miejski-05-06-00239,2026-09-16T18:12+0200
IK-04-00873,centrum przetwarzania banku opolskie-centralny-10-04-00873,IK04,finance,centrum przetwarzania banku,16,1610,1610004,K2,266135,108.94,6,IK-03-00811,ict,gmina opolskie-centralny-10-04,system rejestrów państwowych opolskie-miejski-05-06-00811,2026-09-16T18:56+0200
IK-10-02006,węzeł teleinformatyczny urzędu opolskie-centralny-10-01-02006,IK10,admin,węzeł teleinformatyczny urzędu,16,1610,1610001,K3,219073,109.16,6,IK-03-00811,ict,gmina opolskie-centralny-10-01,system rejestrów państwowych opolskie-miejski-05-06-00811,2026-09-16T19:09+0200
IK-03-00698,centrum przetwarzania danych opolskie-południowy-01-03-00698,IK03,ict,centrum przetwarzania danych,16,1601,1601003,K1,309356,109.7,5,IK-01-00199,electricity,gmina opolskie-południowy-01-03,GPZ 110/SN opolskie-południowy-01-03-00199,2026-09-16T19:42+0200
IK-03-00784,system rejestrów państwowych opolskie-północny-06-06-00784,IK03,ict,system rejestrów państwowych,16,1606,1606006,K1,459543,110.2,5,IK-01-00174,electricity,gmina opolskie-północny-06-06,GPZ 110/SN opolskie-północny-06-01-00174,2026-09-16T20:12+0200
IK-03-00737,węzeł sieci rządowej opolskie-południowy-01-02-00737,IK03,ict,węzeł sieci rządowej,16,1601,1601002,K1,212249,111.0,5,IK-01-00070,electricity,gmina opolskie-południowy-01-02,GPZ 110/SN opolskie-południowy-01-02-00070,2026-09-16T21:00+0200
IK-01-00271,elektrociepłownia opolskie-wschodni-08-01-00271,IK01,energy,elektrociepłownia,16,1608,1608001,K1,156803,137.0,6,IK-01-00413,fuel,gmina opolskie-wschodni-08-01,stacja redukcyjna gazu opolskie-południowy-07-07-00413,2026-09-17T23:00+0200
IK-01-00286,elektrociepłownia dolnośląskie-miejski-29-06-00286,IK01,energy,elektrociepłownia,02,0229,0229006,K1,206025,138.2,5,IK-01-00329,fuel,gmina dolnośląskie-miejski-29-06,tłocznia gazu dolnośląskie-miejski-29-04-00329,2026-09-18T00:12+0200
