node_id,node_name,system_code,system_group,node_type,gmina_code,powiat_code,voivodeship_code,lat,lon,elevation_m,operator_name,ownership,criticality_class,criticality_score,population_served,backup_type,autonomy_hours,fuel_reserve_hours,in_flood_zone,restore_hours,on_ci_register,spo10_agreement,last_exercise_date,in_degree,out_degree,power_suppliers,single_source_power,no_backup,fragility_score
IK-01-00001,stacja NN 400/220 kV mazowieckie-miejski-05-03-00001,IK01,energy,stacja NN 400/220 kV,1405003,1405,14,52.59564,21.21927,105.8,Paliwa Krajowe S.A. (fikc.),publiczna,K1,99.0,661909,dual_feed,0.0,0.0,0,26.5,1,1,2024-10-24,2,14,2,0,0,54.6
IK-01-00002,stacja NN 400/220 kV śląskie-miejski-23-05-00002,IK01,energy,stacja NN 400/220 kV,2423005,2423,24,50.63858,19.75243,155.3,OSD Południe (fikc.),prywatna,K1,99.0,741603,dual_feed,0.0,0.0,0,24.6,1,1,2023-09-18,2,10,2,0,0,54.6
IK-01-00003,stacja NN 400/220 kV małopolskie-północny-12-06-00003,IK01,energy,stacja NN 400/220 kV,1212006,1212,12,50.91627,19.0961,208.6,OSD Południe (fikc.),prywatna,K1,99.0,491556,dual_feed,0.0,0.0,0,17.9,1,1,2024-10-16,2,0,2,0,0,54.6
IK-01-00004,stacja NN 400/220 kV opolskie-północny-06-03-00004,IK01,energy,stacja NN 400/220 kV,1606003,1606,16,50.57654,18.18428,207.4,Paliwa Krajowe S.A. (fikc.),prywatna,K1,87.6,953433,dual_feed,0.0,0.0,0,22.2,0,1,2023-11-13,2,8,2,0,0,50.03999999999999
IK-01-00005,stacja NN 400/220 kV podkarpackie-zachodni-21-06-00005,IK01,energy,stacja NN 400/220 kV,1821006,1821,18,49.68941,20.80201,253.0,Operator Przesyłowy S.A. (fikc.),prywatna,K1,82.0,519561,dual_feed,0.0,0.0,0,15.8,1,1,2025-09-11,2,5,2,0,0,47.8
IK-01-00006,stacja NN 400/220 kV dolnośląskie-miejski-05-07-00006,IK01,energy,stacja NN 400/220 kV,0205007,0205,02,51.11229,16.31553,138.1,Gazoprzesył S.A. (fikc.),publiczna,K1,99.0,805257,dual_feed,0.0,0.0,0,28.3,1,1,2023-03-23,2,12,2,0,0,54.6
IK-01-00007,stacja NN 400/220 kV kujawsko-pomorskie-miejski-11-01-00007,IK01,energy,stacja NN 400/220 kV,0411001,0411,04,53.34748,18.40506,126.0,OSD Zachód (fikc.),prywatna,K1,97.9,1877945,dual_feed,0.0,0.0,0,50.8,1,1,2026-06-05,2,4,2,0,0,54.16
IK-01-00008,stacja NN 400/220 kV łódzkie-centralny-10-01-00008,IK01,energy,stacja NN 400/220 kV,1010001,1010,10,52.00198,20.10284,178.2,OSD Zachód (fikc.),publiczna,K1,91.5,1331382,dual_feed,0.0,0.0,0,32.5,1,1,2025-08-27,2,7,2,0,0,51.6
IK-01-00009,stacja NN 400/220 kV opolskie-północny-06-07-00009,IK01,energy,stacja NN 400/220 kV,1606007,1606,16,50.79867,18.30393,202.5,OSD Zachód (fikc.),prywatna,K1,99.0,809821,dual_feed,0.0,0.0,1,23.6,1,1,2023-07-20,2,10,2,0,0,54.6
IK-01-00010,stacja NN 400/220 kV świętokrzyskie-miejski-11-03-00010,IK01,energy,stacja NN 400/220 kV,2611003,2611,26,50.75739,19.94137,186.3,OSD Zachód (fikc.),prywatna,K1,99.0,1070008,dual_feed,0.0,0.0,0,26.1,0,1,2024-07-15,2,9,2,0,0,54.6
IK-01-00011,stacja NN 400/220 kV podkarpackie-miejski-17-05-00011,IK01,energy,stacja NN 400/220 kV,1817005,1817,18,49.83398,22.32086,183.6,Gazoprzesył S.A. (fikc.),publiczna,K1,86.1,644485,dual_feed,0.0,0.0,0,32.3,1,1,2026-07-04,2,12,2,0,0,49.44
IK-01-00012,stacja NN 400/220 kV wielkopolskie-centralny-04-02-00012,IK01,energy,stacja NN 400/220 kV,3004002,3004,30,52.53526,17.08421,95.8,Operator Przesyłowy S.A. (fikc.),prywatna,K1,99.0,797956,dual_feed,0.0,0.0,0,46.1,0,1,2023-10-05,2,6,2,0,0,54.6
IK-01-00013,stacja NN 400/220 kV dolnośląskie-zachodni-15-06-00013,IK01,energy,stacja NN 400/220 kV,0215006,0215,02,51.18223,16.89,187.8,Paliwa Krajowe S.A. (fikc.),publiczna,K1,93.9,382971,dual_feed,0.0,0.0,1,34.5,1,1,2025-09-28,2,22,2,0,0,52.559999999999995
IK-01-00014,stacja NN 400/220 kV podkarpackie-zachodni-15-05-00014,IK01,energy,stacja NN 400/220 kV,1815005,1815,18,49.41053,20.56986,61.3,Gazoprzesył S.A. (fikc.),prywatna,K1,97.6,749049,dual_feed,0.0,0.0,0,42.2,1,1,2023-11-02,2,1,2,0,0,54.04
IK-01-00015,stacja NN 400/220 kV zachodniopomorskie-południowy-07-06-00015,IK01,energy,stacja NN 400/220 kV,3207006,3207,32,53.61449,14.71063,166.6,Paliwa Krajowe S.A. (fikc.),publiczna,K1,91.7,1455144,dual_feed,0.0,0.0,0,28.6,0,1,2024-04-03,2,9,2,0,0,51.68000000000001
IK-01-00016,stacja NN 400/220 kV opolskie-południowy-01-01-00016,IK01,energy,stacja NN 400/220 kV,1601001,1601,16,50.31155,17.76175,191.9,Operator Przesyłowy S.A. (fikc.),prywatna,K1,93.1,1492618,dual_feed,0.0,0.0,1,39.1,1,1,2026-07-23,2,9,2,0,0,52.239999999999995
IK-01-00017,stacja NN 400/220 kV wielkopolskie-centralny-28-01-00017,IK01,energy,stacja NN 400/220 kV,3028001,3028,30,52.02115,17.05868,242.9,OSD Południe (fikc.),prywatna,K1,97.0,2129342,dual_feed,0.0,0.0,0,15.6,1,1,2023-12-19,2,2,2,0,0,53.800000000000004
IK-01-00018,stacja NN 400/220 kV opolskie-wschodni-02-02-00018,IK01,energy,stacja NN 400/220 kV,1602002,1602,16,50.74073,18.12567,200.3,Paliwa Krajowe S.A. (fikc.),publiczna,K1,99.0,691808,dual_feed,0.0,0.0,0,27.0,1,1,2026-06-17,2,3,2,0,0,54.6
IK-01-00019,stacja NN 400/220 kV świętokrzyskie-miejski-05-04-00019,IK01,energy,stacja NN 400/220 kV,2605004,2605,26,50.45554,20.0601,86.0,Gazoprzesył S.A. (fikc.),prywatna,K1,99.0,1315576,dual_feed,0.0,0.0,0,24.4,1,1,2023-08-23,2,6,2,0,0,54.6
IK-01-00020,stacja NN 400/220 kV mazowieckie-południowy-37-02-00020,IK01,energy,stacja NN 400/220 kV,1437002,1437,14,51.91686,21.13981,187.2,OSD Południe (fikc.),prywatna,K1,97.6,1734481,dual_feed,0.0,0.0,0,36.8,1,1,2025-07-30,2,11,2,0,0,54.04
IK-01-00021,stacja NN 400/220 kV pomorskie-północny-18-05-00021,IK01,energy,stacja NN 400/220 kV,2218005,2218,22,54.79492,18.83765,202.4,OSD Południe (fikc.),prywatna,K1,93.1,1066954,dual_feed,0.0,0.0,0,17.1,1,1,2026-08-04,2,6,2,0,0,52.239999999999995
IK-01-00022,stacja NN 400/220 kV pomorskie-północny-12-05-00022,IK01,energy,stacja NN 400/220 kV,2212005,2212,22,54.04659,18.99424,57.1,Paliwa Krajowe S.A. (fikc.),prywatna,K1,99.0,1939274,dual_feed,0.0,0.0,0,16.7,1,1,2024-05-17,2,11,2,0,0,54.6
IK-01-00023,stacja NN 400/220 kV opolskie-zachodni-03-03-00023,IK01,energy,stacja NN 400/220 kV,1603003,1603,16,51.10968,17.38741,200.2,Paliwa Krajowe S.A. (fikc.),prywatna,K1,88.8,487132,dual_feed,0.0,0.0,1,31.5,0,1,2025-05-06,2,8,2,0,0,50.519999999999996
IK-01-00024,stacja NN 400/220 kV zachodniopomorskie-miejski-17-05-00024,IK01,energy,stacja NN 400/220 kV,3217005,3217,32,53.50709,14.24843,255.2,OSD Południe (fikc.),publiczna,K1,99.0,679058,dual_feed,0.0,0.0,0,44.4,1,1,2026-03-11,2,6,2,0,0,54.6
IK-01-00025,stacja NN 400/220 kV kujawsko-pomorskie-wschodni-02-05-00025,IK01,energy,stacja NN 400/220 kV,0402005,0402,04,53.13651,18.64219,155.9,Operator Przesyłowy S.A. (fikc.),prywatna,K1,96.1,1001479,dual_feed,0.0,0.0,0,20.0,1,1,2024-12-31,2,6,2,0,0,53.44
IK-01-00026,stacja NN 400/220 kV dolnośląskie-miejski-23-07-00026,IK01,energy,stacja NN 400/220 kV,0223007,0223,02,51.04638,17.34227,294.2,Gazoprzesył S.A. (fikc.),prywatna,K1,90.5,786829,dual_feed,0.0,0.0,1,19.2,1,1,2025-05-19,2,18,2,0,0,51.2
IK-01-00027,stacja NN 400/220 kV opolskie-południowy-01-03-00027,IK01,energy,stacja NN 400/220 kV,1601003,1601,16,50.32839,17.81772,164.1,Operator Przesyłowy S.A. (fikc.),publiczna,K2,78.8,881713,dual_feed,0.0,0.0,1,8.9,1,0,2024-04-08,2,9,2,0,0,46.52
IK-01-00028,stacja NN 400/220 kV małopolskie-miejski-17-01-00028,IK01,energy,stacja NN 400/220 kV,1217001,1217,12,50.16893,19.77951,119.1,Gazoprzesył S.A. (fikc.),prywatna,K1,89.1,543232,dual_feed,0.0,0.0,0,48.3,1,1,2024-11-10,2,2,2,0,0,50.63999999999999
IK-01-00029,stacja NN 400/220 kV dolnośląskie-centralny-16-05-00029,IK01,energy,stacja NN 400/220 kV,0216005,0216,02,52.01177,16.74562,149.7,OSD Zachód (fikc.),prywatna,K1,99.0,1055334,dual_feed,0.0,0.0,1,28.7,1,1,2026-08-16,2,0,2,0,0,54.6
IK-01-00030,stacja NN 400/220 kV łódzkie-północny-24-06-00030,IK01,energy,stacja NN 400/220 kV,1024006,1024,10,51.61797,19.58218,302.7,OSD Południe (fikc.),prywatna,K1,99.0,588995,dual_feed,0.0,0.0,0,28.2,1,1,2023-11-28,2,8,2,0,0,54.6
IK-01-00031,stacja NN 400/220 kV małopolskie-miejski-11-01-00031,IK01,energy,stacja NN 400/220 kV,1211001,1211,12,49.93729,20.05331,140.9,Operator Przesyłowy S.A. (fikc.),publiczna,K1,83.6,741404,dual_feed,0.0,0.0,0,22.0,1,1,2025-09-11,2,4,2,0,0,48.44
IK-01-00032,stacja NN 400/220 kV śląskie-miejski-11-05-00032,IK01,energy,stacja NN 400/220 kV,2411005,2411,24,51.00092,18.94588,75.4,Operator Przesyłowy S.A. (fikc.),prywatna,K1,95.3,528801,dual_feed,0.0,0.0,0,9.2,1,0,2023-03-30,2,7,2,0,0,53.12
IK-01-00033,stacja NN 400/220 kV opolskie-południowy-07-06-00033,IK01,energy,stacja NN 400/220 kV,1607006,1607,16,50.65318,18.81235,106.5,OSD Zachód (fikc.),prywatna,K1,99.0,333334,dual_feed,0.0,0.0,1,19.6,1,1,2024-12-20,2,9,2,0,0,54.6
IK-01-00034,stacja NN 400/220 kV kujawsko-pomorskie-zachodni-15-04-00034,IK01,energy,stacja NN 400/220 kV,0415004,0415,04,53.0212,18.85594,137.8,OSD Południe (fikc.),publiczna,K1,95.9,804997,dual_feed,0.0,0.0,0,23.4,1,1,2024-12-17,2,10,2,0,0,53.36
IK-01-00035,stacja NN 400/220 kV opolskie-wschodni-08-06-00035,IK01,energy,stacja NN 400/220 kV,1608006,1608,16,50.93075,18.18793,96.3,Operator Przesyłowy S.A. (fikc.),publiczna,K1,94.3,1705209,dual_feed,0.0,0.0,0,21.5,1,0,2026-06-08,2,7,2,0,0,52.72
IK-01-00036,stacja NN 400/220 kV lubuskie-południowy-01-01-00036,IK01,energy,stacja NN 400/220 kV,0801001,0801,08,52.22664,16.53443,151.2,OSD Zachód (fikc.),prywatna,K1,93.5,129195,dual_feed,0.0,0.0,0,33.3,1,1,2025-04-16,2,7,2,0,0,52.400000000000006
IK-01-00037,stacja NN 400/220 kV dolnośląskie-północny-18-04-00037,IK01,energy,stacja NN 400/220 kV,0218004,0218,02,51.36318,17.43546,137.6,Operator Przesyłowy S.A. (fikc.),prywatna,K1,93.0,1944294,dual_feed,0.0,0.0,0,28.0,1,1,2026-07-28,2,13,2,0,0,52.2
IK-01-00038,stacja NN 400/220 kV łódzkie-centralny-22-05-00038,IK01,energy,stacja NN 400/220 kV,1022005,1022,10,51.8935,19.60955,185.0,OSD Zachód (fikc.),prywatna,K1,99.0,652820,dual_feed,0.0,0.0,0,21.9,1,0,2024-07-17,2,6,2,0,0,54.6
IK-01-00039,stacja NN 400/220 kV wielkopolskie-południowy-01-03-00039,IK01,energy,stacja NN 400/220 kV,3001003,3001,30,52.34853,16.38781,159.7,Operator Przesyłowy S.A. (fikc.),prywatna,K1,95.3,456128,dual_feed,0.0,0.0,0,32.2,1,1,2024-12-27,2,4,2,0,0,53.12
IK-01-00040,stacja NN 400/220 kV pomorskie-północny-18-03-00040,IK01,energy,stacja NN 400/220 kV,2218003,2218,22,55.04964,19.34441,186.3,Operator Przesyłowy S.A. (fikc.),prywatna,K1,99.0,214693,dual_feed,0.0,0.0,0,26.7,1,0,2025-03-22,2,3,2,0,0,54.6
IK-01-00041,GPZ 110/SN warmińsko-mazurskie-zachodni-15-05-00041,IK01,energy,GPZ 110/SN,2815005,2815,28,53.71994,20.53437,55.3,OSD Zachód (fikc.),publiczna,K2,69.8,12928,dual_feed,0.0,0.0,0,38.6,0,1,2025-12-09,2,22,2,0,0,42.92
IK-01-00042,GPZ 110/SN dolnośląskie-północny-18-04-00042,IK01,energy,GPZ 110/SN,0218004,0218,02,51.30335,17.52327,178.7,Operator Przesyłowy S.A. (fikc.),publiczna,K2,67.9,85867,dual_feed,0.0,0.0,1,36.5,1,0,2025-04-04,1,11,1,0,0,42.16
IK-01-00043,GPZ 110/SN opolskie-wschodni-08-01-00043,IK01,energy,GPZ 110/SN,1608001,1608,16,51.10989,18.70208,147.9,Operator Przesyłowy S.A. (fikc.),prywatna,K3,56.7,31802,dual_feed,0.0,0.0,0,21.7,0,0,2024-12-21,2,15,2,0,0,37.68
IK-01-00044,GPZ 110/SN lubuskie-wschodni-02-07-00044,IK01,energy,GPZ 110/SN,0802007,0802,08,52.22413,16.24181,109.0,OSD Południe (fikc.),prywatna,K2,73.0,41273,dual_feed,0.0,0.0,0,12.5,1,1,2025-03-13,1,19,1,0,0,44.2
IK-01-00045,GPZ 110/SN opolskie-południowy-07-06-00045,IK01,energy,GPZ 110/SN,1607006,1607,16,50.68437,18.73727,107.0,OSD Południe (fikc.),prywatna,K2,79.7,127504,dual_feed,0.0,0.0,1,24.7,0,0,2023-04-30,1,8,1,0,0,46.88
IK-01-00046,GPZ 110/SN łódzkie-wschodni-14-07-00046,IK01,energy,GPZ 110/SN,1014007,1014,10,51.30952,19.24351,150.6,OSD Zachód (fikc.),prywatna,K2,65.9,84064,dual_feed,0.0,0.0,0,6.7,1,0,2026-06-13,1,8,1,0,0,41.36
IK-01-00047,GPZ 110/SN dolnośląskie-północny-24-04-00047,IK01,energy,GPZ 110/SN,0224004,0224,02,51.4512,16.88847,250.5,OSD Zachód (fikc.),prywatna,K3,51.9,61920,dual_feed,0.0,0.0,0,22.9,0,0,2023-08-20,1,28,1,0,0,35.76
IK-01-00048,GPZ 110/SN lubelskie-wschodni-20-03-00048,IK01,energy,GPZ 110/SN,0620003,0620,06,50.63841,22.57592,180.4,Paliwa Krajowe S.A. (fikc.),prywatna,K2,64.5,134397,dual_feed,0.0,0.0,0,22.0,1,0,2025-04-08,2,3,2,0,0,40.8
IK-01-00049,GPZ 110/SN dolnośląskie-miejski-23-03-00049,IK01,energy,GPZ 110/SN,0223003,0223,02,51.2234,16.91199,211.0,OSD Zachód (fikc.),prywatna,K3,53.5,23985,dual_feed,0.0,0.0,0,27.4,1,0,2023-10-02,2,23,2,0,0,36.4
IK-01-00050,GPZ 110/SN wielkopolskie-zachodni-15-06-00050,IK01,energy,GPZ 110/SN,3015006,3015,30,53.22244,17.3369,40.4,OSD Zachód (fikc.),prywatna,K1,90.6,29294,dual_feed,0.0,0.0,0,27.5,1,1,2023-05-14,1,5,1,0,0,51.239999999999995
IK-01-00051,GPZ 110/SN łódzkie-centralny-16-01-00051,IK01,energy,GPZ 110/SN,1016001,1016,10,52.01019,19.25482,207.1,Paliwa Krajowe S.A. (fikc.),publiczna,K2,77.0,51165,dual_feed,0.0,0.0,0,41.0,1,1,2024-06-14,2,6,2,0,0,45.800000000000004
IK-01-00052,GPZ 110/SN wielkopolskie-centralny-10-02-00052,IK01,energy,GPZ 110/SN,3010002,3010,30,51.9371,17.39865,187.2,Operator Przesyłowy S.A. (fikc.),publiczna,K2,66.3,174700,dual_feed,0.0,0.0,0,14.7,1,1,2024-02-22,2,5,2,0,0,41.52
IK-01-00053,GPZ 110/SN lubuskie-zachodni-03-04-00053,IK01,energy,GPZ 110/SN,0803004,0803,08,52.20171,14.57131,203.3,Operator Przesyłowy S.A. (fikc.),prywatna,K2,76.6,53236,dual_feed,0.0,0.0,0,10.0,1,1,2025-11-18,1,5,1,0,0,45.64
IK-01-00054,GPZ 110/SN świętokrzyskie-wschodni-08-03-00054,IK01,energy,GPZ 110/SN,2608003,2608,26,51.68205,19.39485,159.3,Gazoprzesył S.A. (fikc.),prywatna,K1,87.7,32809,dual_feed,0.0,0.0,0,8.1,1,0,2026-02-23,1,3,1,0,0,50.080000000000005
IK-01-00055,GPZ 110/SN pomorskie-miejski-17-06-00055,IK01,energy,GPZ 110/SN,2217006,2217,22,53.65435,18.05768,4.0,OSD Zachód (fikc.),publiczna,K1,86.3,113711,dual_feed,0.0,0.0,0,30.2,1,1,2025-07-12,2,9,2,0,0,49.519999999999996
IK-01-00056,GPZ 110/SN opolskie-północny-06-01-00056,IK01,energy,GPZ 110/SN,1606001,1606,16,50.84583,18.23894,297.0,Operator Przesyłowy S.A. (fikc.),prywatna,K2,59.4,104119,dual_feed,0.0,0.0,1,44.4,1,0,2025-12-14,2,20,2,0,0,38.76
IK-01-00057,GPZ 110/SN opolskie-miejski-11-01-00057,IK01,energy,GPZ 110/SN,1611001,1611,16,51.31132,17.58556,58.6,Paliwa Krajowe S.A. (fikc.),prywatna,K2,66.3,46759,dual_feed,0.0,0.0,1,28.4,0,1,2024-01-17,2,19,2,0,0,41.52
IK-01-00058,GPZ 110/SN podlaskie-miejski-17-04-00058,IK01,energy,GPZ 110/SN,2017004,2017,20,52.45988,23.04543,184.5,Operator Przesyłowy S.A. (fikc.),prywatna,K2,71.2,35465,dual_feed,0.0,0.0,0,41.8,1,1,2025-02-23,2,12,2,0,0,43.480000000000004
IK-01-00059,GPZ 110/SN podlaskie-miejski-05-03-00059,IK01,energy,GPZ 110/SN,2005003,2005,20,52.81259,23.50691,238.9,Paliwa Krajowe S.A. (fikc.),prywatna,K2,58.4,91683,dual_feed,0.0,0.0,0,18.2,1,1,2023-11-11,2,11,2,0,0,38.36
IK-01-00060,GPZ 110/SN mazowieckie-miejski-29-05-00060,IK01,energy,GPZ 110/SN,1429005,1429,14,52.74405,21.35995,10.3,OSD Południe (fikc.),publiczna,K1,89.9,68812,dual_feed,0.0,0.0,0,12.1,1,1,2024-12-21,1,57,1,0,0,50.96000000000001
IK-01-00061,GPZ 110/SN kujawsko-pomorskie-zachodni-09-06-00061,IK01,energy,GPZ 110/SN,0409006,0409,04,52.60488,18.38124,134.9,Gazoprzesył S.A. (fikc.),prywatna,K2,70.3,84836,dual_feed,0.0,0.0,0,34.0,1,0,2026-04-02,1,12,1,0,0,43.120000000000005
IK-01-00062,GPZ 110/SN świętokrzyskie-zachodni-03-03-00062,IK01,energy,GPZ 110/SN,2603003,2603,26,50.70104,19.92344,212.2,OSD Zachód (fikc.),prywatna,K2,66.7,52724,dual_feed,0.0,0.0,0,40.5,1,1,2024-11-24,1,23,1,0,0,41.68
IK-01-00063,GPZ 110/SN zachodniopomorskie-wschodni-14-04-00063,IK01,energy,GPZ 110/SN,3214004,3214,32,53.64678,15.49654,144.9,Paliwa Krajowe S.A. (fikc.),publiczna,K1,86.8,32506,dual_feed,0.0,0.0,0,41.8,1,1,2025-11-26,1,10,1,0,0,49.72
IK-01-00064,GPZ 110/SN lubelskie-wschodni-20-03-00064,IK01,energy,GPZ 110/SN,0620003,0620,06,50.6535,22.50598,210.4,Operator Przesyłowy S.A. (fikc.),prywatna,K1,86.3,104789,dual_feed,0.0,0.0,0,20.6,1,1,2025-03-17,2,8,2,0,0,49.519999999999996
IK-01-00065,GPZ 110/SN śląskie-wschodni-14-04-00065,IK01,energy,GPZ 110/SN,2414004,2414,24,50.37229,19.18712,41.4,OSD Zachód (fikc.),publiczna,K2,69.7,75743,dual_feed,0.0,0.0,0,23.3,1,1,2024-06-27,1,11,1,0,0,42.88
IK-01-00066,GPZ 110/SN świętokrzyskie-południowy-13-01-00066,IK01,energy,GPZ 110/SN,2613001,2613,26,51.45402,20.66078,265.2,Gazoprzesył S.A. (fikc.),prywatna,K2,71.2,32603,dual_feed,0.0,0.0,0,20.6,1,1,2025-03-25,2,6,2,0,0,43.480000000000004
IK-01-00067,GPZ 110/SN śląskie-północny-24-02-00067,IK01,energy,GPZ 110/SN,2424002,2424,24,50.25757,20.11265,104.1,OSD Zachód (fikc.),publiczna,K2,74.3,75848,dual_feed,0.0,0.0,0,32.6,1,1,2023-12-01,1,8,1,0,0,44.72
IK-01-00068,GPZ 110/SN zachodniopomorskie-zachodni-21-03-00068,IK01,energy,GPZ 110/SN,3221003,3221,32,53.6773,14.54302,250.6,Operator Przesyłowy S.A. (fikc.),prywatna,K1,81.9,25132,dual_feed,0.0,0.0,0,26.9,1,0,2023-09-06,2,6,2,0,0,47.760000000000005
IK-01-00069,GPZ 110/SN dolnośląskie-centralny-22-04-00069,IK01,energy,GPZ 110/SN,0222004,0222,02,50.74236,16.97011,298.8,Operator Przesyłowy S.A. (fikc.),publiczna,K2,77.3,43724,dual_feed,0.0,0.0,1,39.3,0,0,2025-09-15,2,20,2,0,0,45.92
IK-01-00070,GPZ 110/SN opolskie-południowy-01-02-00070,IK01,energy,GPZ 110/SN,1601002,1601,16,50.33882,18.04783,270.6,OSD Południe (fikc.),publiczna,K2,76.5,68651,dual_feed,0.0,0.0,1,29.6,1,1,2025-04-08,2,10,2,0,0,45.6
IK-01-00071,GPZ 110/SN dolnośląskie-wschodni-08-07-00071,IK01,energy,GPZ 110/SN,0208007,0208,02,51.3104,16.44654,89.4,Operator Przesyłowy S.A. (fikc.),publiczna,K1,87.7,118465,dual_feed,0.0,0.0,0,31.1,1,1,2025-05-19,2,22,2,0,0,50.080000000000005
IK-01-00072,GPZ 110/SN kujawsko-pomorskie-zachodni-15-04-00072,IK01,energy,GPZ 110/SN,0415004,0415,04,52.99089,18.74574,179.4,Paliwa Krajowe S.A. (fikc.),prywatna,K2,69.9,99171,dual_feed,0.0,0.0,0,17.5,1,0,2024-09-29,1,8,1,0,0,42.96
IK-01-00073,GPZ 110/SN podlaskie-wschodni-14-03-00073,IK01,energy,GPZ 110/SN,2014003,2014,20,53.34943,23.16121,194.7,Paliwa Krajowe S.A. (fikc.),prywatna,K1,93.8,41373,dual_feed,0.0,0.0,0,35.5,1,1,2023-03-11,2,29,2,0,0,52.52
IK-01-00074,GPZ 110/SN warmińsko-mazurskie-centralny-10-01-00074,IK01,energy,GPZ 110/SN,2810001,2810,28,54.31037,20.47674,4.0,Gazoprzesył S.A. (fikc.),prywatna,K3,53.6,37644,dual_feed,0.0,0.0,0,22.1,1,0,2023-05-23,1,13,1,0,0,36.44
IK-01-00075,GPZ 110/SN lubelskie-północny-24-03-00075,IK01,energy,GPZ 110/SN,0624003,0624,06,50.70103,22.78994,130.2,Paliwa Krajowe S.A. (fikc.),prywatna,K2,64.5,41322,dual_feed,0.0,0.0,0,20.8,0,1,2026-04-06,2,4,2,0,0,40.8
IK-01-00076,GPZ 110/SN łódzkie-miejski-11-02-00076,IK01,energy,GPZ 110/SN,1011002,1011,10,51.81919,19.9355,111.6,Operator Przesyłowy S.A. (fikc.),prywatna,K2,74.0,112059,dual_feed,0.0,0.0,0,22.0,1,1,2025-10-11,1,10,1,0,0,44.6
IK-01-00077,GPZ 110/SN opolskie-północny-06-05-00077,IK01,energy,GPZ 110/SN,1606005,1606,16,50.64818,18.26771,94.3,Operator Przesyłowy S.A. (fikc.),prywatna,K2,73.7,39329,dual_feed,0.0,0.0,1,33.5,1,1,2023-04-12,1,7,1,0,0,44.48
IK-01-00078,GPZ 110/SN dolnośląskie-południowy-19-05-00078,IK01,energy,GPZ 110/SN,0219005,0219,02,51.15596,16.51793,52.0,OSD Zachód (fikc.),prywatna,K3,36.9,59653,dual_feed,0.0,0.0,0,29.7,1,1,2026-06-05,2,20,2,0,0,29.759999999999998
IK-01-00079,GPZ 110/SN łódzkie-wschodni-20-05-00079,IK01,energy,GPZ 110/SN,1020005,1020,10,51.6725,19.48263,117.9,OSD Południe (fikc.),prywatna,K1,82.5,65235,dual_feed,0.0,0.0,0,22.5,1,1,2024-03-31,2,15,2,0,0,48.0
IK-01-00080,GPZ 110/SN świętokrzyskie-południowy-13-04-00080,IK01,energy,GPZ 110/SN,2613004,2613,26,51.61053,20.44926,225.8,Operator Przesyłowy S.A. (fikc.),prywatna,K1,82.6,23137,dual_feed,0.0,0.0,0,26.7,1,1,2024-02-02,1,1,1,0,0,48.04
IK-01-00081,GPZ 110/SN opolskie-północny-06-05-00081,IK01,energy,GPZ 110/SN,1606005,1606,16,50.61619,18.35165,307.5,Gazoprzesył S.A. (fikc.),prywatna,K2,76.6,80326,dual_feed,0.0,0.0,0,36.0,0,1,2026-02-15,2,2,2,0,0,45.64
IK-01-00082,GPZ 110/SN dolnośląskie-zachodni-27-05-00082,IK01,energy,GPZ 110/SN,0227005,0227,02,50.70917,16.54922,180.3,OSD Zachód (fikc.),prywatna,K2,67.9,115602,dual_feed,0.0,0.0,1,28.1,1,0,2025-06-17,2,15,2,0,0,42.16
IK-01-00083,GPZ 110/SN kujawsko-pomorskie-zachodni-09-07-00083,IK01,energy,GPZ 110/SN,0409007,0409,04,53.03419,18.1201,223.4,Operator Przesyłowy S.A. (fikc.),prywatna,K1,83.1,24776,dual_feed,0.0,0.0,0,31.1,1,1,2024-05-08,2,14,2,0,0,48.24
IK-01-00084,GPZ 110/SN warmińsko-mazurskie-zachodni-03-03-00084,IK01,energy,GPZ 110/SN,2803003,2803,28,52.9969,20.78763,19.6,Gazoprzesył S.A. (fikc.),prywatna,K3,50.4,30311,dual_feed,0.0,0.0,0,45.5,0,0,2025-01-04,1,3,1,0,0,35.160000000000004
IK-01-00085,GPZ 110/SN kujawsko-pomorskie-północny-12-03-00085,IK01,energy,GPZ 110/SN,0412003,0412,04,52.89213,18.47767,276.2,OSD Zachód (fikc.),prywatna,K2,74.8,36558,dual_feed,0.0,0.0,0,36.3,1,0,2024-09-19,2,7,2,0,0,44.92
IK-01-00086,GPZ 110/SN lubuskie-południowy-01-02-00086,IK01,energy,GPZ 110/SN,0801002,0801,08,52.22537,16.25844,296.5,OSD Zachód (fikc.),publiczna,K1,81.5,120090,dual_feed,0.0,0.0,0,21.5,1,1,2026-02-25,2,8,2,0,0,47.599999999999994
IK-01-00087,GPZ 110/SN dolnośląskie-północny-06-07-00087,IK01,energy,GPZ 110/SN,0206007,0206,02,51.24604,17.35747,132.8,Gazoprzesył S.A. (fikc.),prywatna,K2,61.9,54514,dual_feed,0.0,0.0,0,27.1,1,1,2025-12-03,2,20,2,0,0,39.76
IK-01-00088,GPZ 110/SN opolskie-południowy-07-03-00088,IK01,energy,GPZ 110/SN,1607003,1607,16,50.68467,18.59241,233.0,Paliwa Krajowe S.A. (fikc.),publiczna,K2,79.9,56621,dual_feed,0.0,0.0,1,21.6,1,1,2023-05-03,1,9,1,0,0,46.96
IK-01-00089,GPZ 110/SN podkarpackie-południowy-07-01-00089,IK01,energy,GPZ 110/SN,1807001,1807,18,50.33373,21.93584,194.1,OSD Południe (fikc.),prywatna,K1,99.0,121275,dual_feed,0.0,0.0,0,25.4,1,1,2025-08-16,1,6,1,0,0,54.6
IK-01-00090,GPZ 110/SN łódzkie-centralny-10-06-00090,IK01,energy,GPZ 110/SN,1010006,1010,10,51.69487,20.0503,314.7,Operator Przesyłowy S.A. (fikc.),prywatna,K2,72.5,135109,dual_feed,0.0,0.0,0,15.8,1,0,2023-03-21,1,9,1,0,0,44.0
IK-01-00091,GPZ 110/SN dolnośląskie-południowy-13-02-00091,IK01,energy,GPZ 110/SN,0213002,0213,02,50.90543,16.55304,177.4,Gazoprzesył S.A. (fikc.),prywatna,K2,62.7,78656,dual_feed,0.0,0.0,0,14.6,1,0,2025-03-09,1,16,1,0,0,40.08
IK-01-00092,GPZ 110/SN podkarpackie-centralny-22-03-00092,IK01,energy,GPZ 110/SN,1822003,1822,18,49.93016,21.72606,203.5,Operator Przesyłowy S.A. (fikc.),prywatna,K2,73.8,60522,dual_feed,0.0,0.0,0,10.9,1,0,2025-11-22,2,18,2,0,0,44.519999999999996
IK-01-00093,GPZ 110/SN podkarpackie-północny-24-04-00093,IK01,energy,GPZ 110/SN,1824004,1824,18,49.41341,22.26159,190.2,Operator Przesyłowy S.A. (fikc.),prywatna,K2,72.0,110395,dual_feed,0.0,0.0,0,25.4,0,0,2023-08-21,1,11,1,0,0,43.8
IK-01-00094,GPZ 110/SN zachodniopomorskie-centralny-10-05-00094,IK01,energy,GPZ 110/SN,3210005,3210,32,53.64304,14.95955,93.8,Paliwa Krajowe S.A. (fikc.),prywatna,K2,67.5,30247,dual_feed,0.0,0.0,0,27.7,0,1,2026-07-11,1,8,1,0,0,42.0
IK-01-00095,GPZ 110/SN śląskie-zachodni-03-03-00095,IK01,energy,GPZ 110/SN,2403003,2403,24,49.82263,19.57623,50.9,Gazoprzesył S.A. (fikc.),publiczna,K3,45.6,96128,dual_feed,0.0,0.0,0,32.4,0,0,2026-07-02,2,3,2,0,0,33.239999999999995
IK-01-00096,GPZ 110/SN małopolskie-wschodni-14-04-00096,IK01,energy,GPZ 110/SN,1214004,1214,12,50.15816,19.84433,210.9,OSD Zachód (fikc.),prywatna,K2,63.0,67510,dual_feed,0.0,0.0,0,22.3,1,1,2025-09-02,2,43,2,0,0,40.2
IK-01-00097,GPZ 110/SN podkarpackie-centralny-04-06-00097,IK01,energy,GPZ 110/SN,1804006,1804,18,50.0325,21.18518,139.2,Paliwa Krajowe S.A. (fikc.),prywatna,K2,69.7,43112,dual_feed,0.0,0.0,0,20.5,1,0,2025-07-06,2,14,2,0,0,42.88
IK-01-00098,GPZ 110/SN lubuskie-miejski-05-02-00098,IK01,energy,GPZ 110/SN,0805002,0805,08,52.92368,14.9342,62.7,Paliwa Krajowe S.A. (fikc.),prywatna,K2,60.7,48759,dual_feed,0.0,0.0,0,20.9,1,1,2026-05-16,1,10,1,0,0,39.28
IK-01-00099,GPZ 110/SN dolnośląskie-wschodni-02-05-00099,IK01,energy,GPZ 110/SN,0202005,0202,02,51.18256,17.38263,279.5,Operator Przesyłowy S.A. (fikc.),publiczna,K3,54.4,94136,dual_feed,0.0,0.0,0,27.6,0,1,2026-04-09,2,12,2,0,0,36.76
IK-01-00100,GPZ 110/SN opolskie-południowy-01-06-00100,IK01,energy,GPZ 110/SN,1601006,1601,16,50.4239,17.69893,209.1,Gazoprzesył S.A. (fikc.),prywatna,K1,93.8,71186,dual_feed,0.0,0.0,0,28.4,1,0,2023-06-09,2,3,2,0,0,52.52
IK-01-00101,GPZ 110/SN śląskie-miejski-17-03-00101,IK01,energy,GPZ 110/SN,2417003,2417,24,49.54943,18.4173,217.1,OSD Zachód (fikc.),prywatna,K2,68.6,270551,dual_feed,0.0,0.0,0,17.3,1,1,2024-03-17,1,12,1,0,0,42.44
IK-01-00102,GPZ 110/SN małopolskie-wschodni-02-03-00102,IK01,energy,GPZ 110/SN,1202003,1202,12,50.29124,20.63098,57.0,Paliwa Krajowe S.A. (fikc.),publiczna,K1,81.7,46207,dual_feed,0.0,0.0,0,39.7,1,0,2026-05-22,2,20,2,0,0,47.68
IK-01-00103,GPZ 110/SN warmińsko-mazurskie-miejski-05-05-00103,IK01,energy,GPZ 110/SN,2805005,2805,28,53.34899,19.71085,79.9,OSD Południe (fikc.),prywatna,K2,65.5,26897,dual_feed,0.0,0.0,0,35.5,1,1,2023-09-25,1,19,1,0,0,41.199999999999996
IK-01-00104,GPZ 110/SN opolskie-miejski-05-04-00104,IK01,energy,GPZ 110/SN,1605004,1605,16,50.28446,17.26521,189.4,Gazoprzesył S.A. (fikc.),publiczna,K1,80.2,32607,dual_feed,0.0,0.0,1,17.3,1,1,2024-02-06,2,6,2,0,0,47.08
IK-01-00105,GPZ 110/SN pomorskie-północny-06-05-00105,IK01,energy,GPZ 110/SN,2206005,2206,22,54.58145,18.0399,87.4,Operator Przesyłowy S.A. (fikc.),publiczna,K2,61.2,90893,dual_feed,0.0,0.0,0,25.1,0,1,2023-08-20,2,17,2,0,0,39.48
IK-01-00106,GPZ 110/SN śląskie-północny-06-01-00106,IK01,energy,GPZ 110/SN,2406001,2406,24,50.54764,18.95557,92.2,Paliwa Krajowe S.A. (fikc.),prywatna,K2,77.8,38599,dual_feed,0.0,0.0,0,44.7,1,0,2024-01-15,2,9,2,0,0,46.12
IK-01-00107,GPZ 110/SN kujawsko-pomorskie-południowy-07-04-00107,IK01,energy,GPZ 110/SN,0407004,0407,04,52.82259,18.75681,264.1,OSD Zachód (fikc.),prywatna,K2,67.4,86135,dual_feed,0.0,0.0,0,41.7,0,1,2026-08-10,2,5,2,0,0,41.959999999999994
IK-01-00108,GPZ 110/SN kujawsko-pomorskie-zachodni-15-05-00108,IK01,energy,GPZ 110/SN,0415005,0415,04,53.49813,18.48347,77.3,Operator Przesyłowy S.A. (fikc.),prywatna,K2,63.7,25007,dual_feed,0.0,0.0,0,23.6,1,1,2026-02-07,1,4,1,0,0,40.48
IK-01-00109,GPZ 110/SN opolskie-zachodni-09-04-00109,IK01,energy,GPZ 110/SN,1609004,1609,16,50.91955,19.32803,160.7,OSD Południe (fikc.),publiczna,K2,69.1,44287,dual_feed,0.0,0.0,0,29.3,0,0,2024-04-05,2,15,2,0,0,42.64
IK-01-00110,GPZ 110/SN podlaskie-południowy-07-06-00110,IK01,energy,GPZ 110/SN,2007006,2007,20,53.00167,22.50744,132.6,Operator Przesyłowy S.A. (fikc.),prywatna,K2,73.2,24539,dual_feed,0.0,0.0,0,7.8,1,0,2026-08-18,1,22,1,0,0,44.28
IK-01-00111,GPZ 110/SN dolnośląskie-zachodni-21-02-00111,IK01,energy,GPZ 110/SN,0221002,0221,02,51.39352,16.87378,267.5,Gazoprzesył S.A. (fikc.),prywatna,K1,82.3,53004,dual_feed,0.0,0.0,1,23.4,1,1,2025-09-02,1,2,1,0,0,47.92
IK-01-00112,GPZ 110/SN dolnośląskie-wschodni-14-04-00112,IK01,energy,GPZ 110/SN,0214004,0214,02,51.34109,16.94229,222.4,OSD Zachód (fikc.),publiczna,K2,73.1,49678,dual_feed,0.0,0.0,0,25.3,0,0,2024-04-28,2,9,2,0,0,44.24
IK-01-00113,GPZ 110/SN podlaskie-południowy-13-01-00113,IK01,energy,GPZ 110/SN,2013001,2013,20,53.26069,23.07364,8.7,OSD Południe (fikc.),publiczna,K2,74.6,26547,dual_feed,0.0,0.0,0,31.8,1,1,2023-05-11,1,29,1,0,0,44.84
IK-01-00114,GPZ 110/SN opolskie-zachodni-09-04-00114,IK01,energy,GPZ 110/SN,1609004,1609,16,50.83247,19.33615,261.8,OSD Południe (fikc.),prywatna,K2,72.0,43774,dual_feed,0.0,0.0,1,31.4,1,1,2025-01-18,1,4,1,0,0,43.8
IK-01-00115,GPZ 110/SN zachodniopomorskie-miejski-17-03-00115,IK01,energy,GPZ 110/SN,3217003,3217,32,53.07238,14.12143,140.1,OSD Zachód (fikc.),prywatna,K2,67.4,85699,dual_feed,0.0,0.0,0,24.4,1,1,2025-04-10,1,11,1,0,0,41.959999999999994
IK-01-00116,GPZ 110/SN opolskie-zachodni-03-06-00116,IK01,energy,GPZ 110/SN,1603006,1603,16,50.68427,17.21261,254.6,Operator Przesyłowy S.A. (fikc.),prywatna,K3,49.0,31852,dual_feed,0.0,0.0,1,34.6,1,1,2025-11-17,1,18,1,0,0,34.599999999999994
IK-01-00117,GPZ 110/SN warmińsko-mazurskie-południowy-01-04-00117,IK01,energy,GPZ 110/SN,2801004,2801,28,54.12576,20.55354,74.3,OSD Zachód (fikc.),prywatna,K2,68.0,129208,dual_feed,0.0,0.0,0,26.9,1,1,2024-04-08,2,16,2,0,0,42.199999999999996
IK-01-00118,GPZ 110/SN opolskie-centralny-10-07-00118,IK01,energy,GPZ 110/SN,1610007,1610,16,50.54832,16.8332,184.2,OSD Południe (fikc.),prywatna,K2,64.2,80484,dual_feed,0.0,0.0,1,10.6,1,1,2024-06-06,1,17,1,0,0,40.68
IK-01-00119,GPZ 110/SN dolnośląskie-południowy-13-02-00119,IK01,energy,GPZ 110/SN,0213002,0213,02,51.00682,16.64412,258.9,Operator Przesyłowy S.A. (fikc.),prywatna,K2,73.2,104882,dual_feed,0.0,0.0,0,32.0,0,0,2025-01-02,1,32,1,0,0,44.28
IK-01-00120,GPZ 110/SN dolnośląskie-centralny-28-06-00120,IK01,energy,GPZ 110/SN,0228006,0228,02,50.86125,16.35573,151.3,Gazoprzesył S.A. (fikc.),prywatna,K2,74.5,28944,dual_feed,0.0,0.0,0,25.1,1,1,2024-07-20,2,9,2,0,0,44.800000000000004
IK-01-00121,GPZ 110/SN dolnośląskie-zachodni-27-07-00121,IK01,energy,GPZ 110/SN,0227007,0227,02,50.69323,16.77965,190.2,OSD Południe (fikc.),prywatna,K1,92.6,92731,dual_feed,0.0,0.0,1,21.4,1,1,2024-08-13,2,12,2,0,0,52.04
IK-01-00122,GPZ 110/SN lubuskie-centralny-04-06-00122,IK01,energy,GPZ 110/SN,0804006,0804,08,51.91122,15.04353,70.9,Paliwa Krajowe S.A. (fikc.),publiczna,K2,65.8,81852,dual_feed,0.0,0.0,0,30.9,1,1,2026-08-20,2,23,2,0,0,41.32
IK-01-00123,GPZ 110/SN opolskie-miejski-05-03-00123,IK01,energy,GPZ 110/SN,1605003,1605,16,50.46407,17.80581,157.5,Gazoprzesył S.A. (fikc.),prywatna,K1,80.1,91558,dual_feed,0.0,0.0,0,25.6,1,0,2025-06-07,1,4,1,0,0,47.04
IK-01-00124,GPZ 110/SN zachodniopomorskie-zachodni-21-04-00124,IK01,energy,GPZ 110/SN,3221004,3221,32,53.75798,14.75189,195.7,Operator Przesyłowy S.A. (fikc.),publiczna,K2,75.0,40492,dual_feed,0.0,0.0,0,26.0,1,0,2024-09-23,1,9,1,0,0,45.0
IK-01-00125,GPZ 110/SN łódzkie-miejski-11-02-00125,IK01,energy,GPZ 110/SN,1011002,1011,10,51.86717,19.94592,245.9,Operator Przesyłowy S.A. (fikc.),prywatna,K2,76.7,92509,dual_feed,0.0,0.0,0,36.3,1,1,2025-08-11,1,13,1,0,0,45.68
IK-01-00126,GPZ 110/SN opolskie-południowy-01-06-00126,IK01,energy,GPZ 110/SN,1601006,1601,16,50.39602,17.66898,358.7,OSD Zachód (fikc.),prywatna,K1,85.1,85254,dual_feed,0.0,0.0,1,34.6,1,1,2025-03-10,1,4,1,0,0,49.04
IK-01-00127,GPZ 110/SN warmińsko-mazurskie-zachodni-15-06-00127,IK01,energy,GPZ 110/SN,2815006,2815,28,53.69881,20.58837,188.0,OSD Południe (fikc.),publiczna,K1,87.5,85915,dual_feed,0.0,0.0,0,19.7,1,1,2024-07-28,2,10,2,0,0,50.0
IK-01-00128,GPZ 110/SN wielkopolskie-wschodni-32-06-00128,IK01,energy,GPZ 110/SN,3032006,3032,30,52.42022,17.21059,25.8,Operator Przesyłowy S.A. (fikc.),prywatna,K2,69.6,88549,dual_feed,0.0,0.0,0,38.1,0,1,2023-11-18,1,15,1,0,0,42.84
IK-01-00129,GPZ 110/SN lubuskie-centralny-10-02-00129,IK01,energy,GPZ 110/SN,0810002,0810,08,52.27207,15.08767,236.1,OSD Zachód (fikc.),prywatna,K2,66.1,23569,dual_feed,0.0,0.0,0,26.8,0,1,2024-08-27,2,30,2,0,0,41.44
IK-01-00130,GPZ 110/SN świętokrzyskie-wschodni-02-04-00130,IK01,energy,GPZ 110/SN,2602004,2602,26,49.99872,20.0624,217.8,Paliwa Krajowe S.A. (fikc.),prywatna,K1,99.0,47214,dual_feed,0.0,0.0,0,27.9,1,1,2026-08-08,2,9,2,0,0,54.6
IK-01-00131,GPZ 110/SN kujawsko-pomorskie-centralny-16-07-00131,IK01,energy,GPZ 110/SN,0416007,0416,04,53.46017,18.50776,131.7,OSD Zachód (fikc.),prywatna,K2,63.2,61890,dual_feed,0.0,0.0,0,14.9,0,0,2024-05-21,1,5,1,0,0,40.28
IK-01-00132,GPZ 110/SN opolskie-północny-06-03-00132,IK01,energy,GPZ 110/SN,1606003,1606,16,50.61039,18.12091,267.2,OSD Południe (fikc.),prywatna,K2,77.6,109370,dual_feed,0.0,0.0,1,3.2,1,0,2025-06-12,2,7,2,0,0,46.04
IK-01-00133,GPZ 110/SN pomorskie-wschodni-20-05-00133,IK01,energy,GPZ 110/SN,2220005,2220,22,53.28984,18.16994,134.8,Gazoprzesył S.A. (fikc.),prywatna,K1,85.0,47762,dual_feed,0.0,0.0,0,11.2,1,1,2026-07-24,1,4,1,0,0,49.0
IK-01-00134,GPZ 110/SN opolskie-północny-06-07-00134,IK01,energy,GPZ 110/SN,1606007,1606,16,50.79745,18.38289,260.2,OSD Południe (fikc.),prywatna,K1,92.7,67725,dual_feed,0.0,0.0,1,9.6,1,1,2026-06-25,2,6,2,0,0,52.080000000000005
IK-01-00135,GPZ 110/SN wielkopolskie-północny-12-04-00135,IK01,energy,GPZ 110/SN,3012004,3012,30,52.68375,16.82777,62.8,OSD Zachód (fikc.),prywatna,K2,78.4,62686,dual_feed,0.0,0.0,0,9.1,0,0,2024-03-02,1,26,1,0,0,46.36
IK-01-00136,GPZ 110/SN lubelskie-wschodni-08-03-00136,IK01,energy,GPZ 110/SN,0608003,0608,06,50.40503,22.74469,44.9,OSD Zachód (fikc.),prywatna,K2,74.5,25078,dual_feed,0.0,0.0,0,30.0,1,1,2024-10-20,1,5,1,0,0,44.800000000000004
IK-01-00137,GPZ 110/SN opolskie-miejski-11-05-00137,IK01,energy,GPZ 110/SN,1611005,1611,16,51.41859,17.55263,181.8,Operator Przesyłowy S.A. (fikc.),publiczna,K2,67.2,29975,dual_feed,0.0,0.0,1,13.2,0,1,2025-08-24,2,4,2,0,0,41.88
IK-01-00138,GPZ 110/SN łódzkie-centralny-04-07-00138,IK01,energy,GPZ 110/SN,1004007,1004,10,51.27962,20.61745,104.4,OSD Zachód (fikc.),prywatna,K2,69.9,48933,dual_feed,0.0,0.0,0,23.9,1,0,2024-08-18,2,3,2,0,0,42.96
IK-01-00139,GPZ 110/SN wielkopolskie-wschodni-20-06-00139,IK01,energy,GPZ 110/SN,3020006,3020,30,52.60811,17.64662,136.8,OSD Południe (fikc.),publiczna,K2,64.3,93508,dual_feed,0.0,0.0,0,23.2,0,0,2023-07-03,1,4,1,0,0,40.72
IK-01-00140,GPZ 110/SN dolnośląskie-zachodni-15-07-00140,IK01,energy,GPZ 110/SN,0215007,0215,02,51.05302,16.99437,57.8,Operator Przesyłowy S.A. (fikc.),publiczna,K2,77.0,40654,dual_feed,0.0,0.0,0,27.1,1,0,2023-09-24,1,10,1,0,0,45.800000000000004
IK-01-00141,GPZ 110/SN śląskie-zachodni-33-06-00141,IK01,energy,GPZ 110/SN,2433006,2433,24,49.84303,19.09787,197.6,OSD Zachód (fikc.),publiczna,K2,58.8,40199,dual_feed,0.0,0.0,0,16.6,1,1,2023-10-13,2,11,2,0,0,38.519999999999996
IK-01-00142,GPZ 110/SN wielkopolskie-wschodni-14-01-00142,IK01,energy,GPZ 110/SN,3014001,3014,30,52.61689,16.81768,183.1,Gazoprzesył S.A. (fikc.),prywatna,K2,74.6,43641,dual_feed,0.0,0.0,0,16.6,1,1,2025-06-29,1,26,1,0,0,44.84
IK-01-00143,GPZ 110/SN dolnośląskie-centralny-10-05-00143,IK01,energy,GPZ 110/SN,0210005,0210,02,51.36461,16.81874,187.1,Operator Przesyłowy S.A. (fikc.),publiczna,K2,72.8,86617,dual_feed,0.0,0.0,1,28.3,1,0,2025-02-06,1,10,1,0,0,44.12
IK-01-00144,GPZ 110/SN lubelskie-północny-06-06-00144,IK01,energy,GPZ 110/SN,0606006,0606,06,51.29005,22.66325,63.6,OSD Południe (fikc.),publiczna,K3,56.1,60041,dual_feed,0.0,0.0,0,28.2,1,0,2024-03-31,2,20,2,0,0,37.44
IK-01-00145,GPZ 110/SN kujawsko-pomorskie-wschodni-08-07-00145,IK01,energy,GPZ 110/SN,0408007,0408,04,53.03478,19.1458,278.7,OSD Południe (fikc.),prywatna,K3,53.9,71625,dual_feed,0.0,0.0,0,31.1,1,0,2026-02-26,1,8,1,0,0,36.559999999999995
IK-01-00146,GPZ 110/SN łódzkie-centralny-04-03-00146,IK01,energy,GPZ 110/SN,1004003,1004,10,51.35386,20.27791,195.1,OSD Zachód (fikc.),publiczna,K2,72.0,66525,dual_feed,0.0,0.0,0,27.6,1,1,2026-02-14,1,5,1,0,0,43.8
IK-01-00147,GPZ 110/SN śląskie-miejski-17-06-00147,IK01,energy,GPZ 110/SN,2417006,2417,24,49.26851,18.46554,57.3,Paliwa Krajowe S.A. (fikc.),prywatna,K3,56.0,84780,dual_feed,0.0,0.0,0,6.8,0,1,2025-08-25,2,2,2,0,0,37.4
IK-01-00148,GPZ 110/SN dolnośląskie-wschodni-02-06-00148,IK01,energy,GPZ 110/SN,0202006,0202,02,51.62133,17.56528,234.5,OSD Południe (fikc.),prywatna,K1,80.8,108754,dual_feed,0.0,0.0,1,26.1,1,1,2026-06-19,1,11,1,0,0,47.32
IK-01-00149,GPZ 110/SN podkarpackie-południowy-07-03-00149,IK01,energy,GPZ 110/SN,1807003,1807,18,50.52695,22.37397,132.1,Operator Przesyłowy S.A. (fikc.),publiczna,K2,71.0,54311,dual_feed,0.0,0.0,0,35.8,1,1,2023-03-01,1,9,1,0,0,43.4
IK-01-00150,GPZ 110/SN świętokrzyskie-centralny-10-04-00150,IK01,energy,GPZ 110/SN,2610004,2610,26,50.34968,21.33122,77.3,Paliwa Krajowe S.A. (fikc.),prywatna,K2,70.6,42864,dual_feed,0.0,0.0,0,26.0,1,0,2025-09-24,1,15,1,0,0,43.24
IK-01-00151,GPZ 110/SN opolskie-wschodni-02-06-00151,IK01,energy,GPZ 110/SN,1602006,1602,16,50.66766,18.2405,61.4,Gazoprzesył S.A. (fikc.),prywatna,K2,75.3,92326,dual_feed,0.0,0.0,0,40.6,1,0,2025-02-25,1,18,1,0,0,45.12
IK-01-00152,GPZ 110/SN opolskie-wschodni-02-07-00152,IK01,energy,GPZ 110/SN,1602007,1602,16,50.53732,18.1387,194.6,OSD Zachód (fikc.),prywatna,K1,81.9,27588,dual_feed,0.0,0.0,1,32.9,1,1,2025-06-18,1,5,1,0,0,47.760000000000005
IK-01-00153,GPZ 110/SN opolskie-zachodni-03-02-00153,IK01,energy,GPZ 110/SN,1603002,1603,16,51.08736,16.71928,108.4,Operator Przesyłowy S.A. (fikc.),prywatna,K2,63.0,42029,dual_feed,0.0,0.0,1,25.9,0,0,2026-04-01,1,7,1,0,0,40.2
IK-01-00154,GPZ 110/SN dolnośląskie-zachodni-03-02-00154,IK01,energy,GPZ 110/SN,0203002,0203,02,50.42493,15.90253,228.6,OSD Zachód (fikc.),publiczna,K2,64.2,82349,dual_feed,0.0,0.0,1,16.5,1,1,2023-04-01,2,2,2,0,0,40.68
IK-01-00155,GPZ 110/SN opolskie-zachodni-03-03-00155,IK01,energy,GPZ 110/SN,1603003,1603,16,51.20554,17.29222,75.7,OSD Zachód (fikc.),prywatna,K1,88.9,81818,dual_feed,0.0,0.0,0,30.7,1,0,2025-08-21,1,12,1,0,0,50.56
IK-01-00156,GPZ 110/SN dolnośląskie-zachodni-15-05-00156,IK01,energy,GPZ 110/SN,0215005,0215,02,51.32973,17.36349,217.5,OSD Południe (fikc.),publiczna,K2,72.2,39271,dual_feed,0.0,0.0,1,29.8,1,1,2024-11-20,2,28,2,0,0,43.88
IK-01-00157,GPZ 110/SN lubelskie-centralny-22-03-00157,IK01,energy,GPZ 110/SN,0622003,0622,06,51.77403,22.92456,202.4,Paliwa Krajowe S.A. (fikc.),prywatna,K2,61.1,67449,dual_feed,0.0,0.0,0,15.9,0,0,2026-05-11,2,12,2,0,0,39.44
IK-01-00158,GPZ 110/SN podkarpackie-zachodni-03-06-00158,IK01,energy,GPZ 110/SN,1803006,1803,18,49.92664,22.00444,275.5,Operator Przesyłowy S.A. (fikc.),prywatna,K2,73.5,26410,dual_feed,0.0,0.0,0,38.4,1,1,2023-08-30,2,25,2,0,0,44.4
IK-01-00159,GPZ 110/SN dolnośląskie-zachodni-03-03-00159,IK01,energy,GPZ 110/SN,0203003,0203,02,50.42934,16.12397,195.5,OSD Zachód (fikc.),prywatna,K2,70.6,69489,dual_feed,0.0,0.0,0,20.9,1,0,2025-01-24,1,6,1,0,0,43.24
IK-01-00160,GPZ 110/SN wielkopolskie-miejski-35-04-00160,IK01,energy,GPZ 110/SN,3035004,3035,30,51.9024,17.07392,55.4,OSD Zachód (fikc.),prywatna,K2,75.2,21741,dual_feed,0.0,0.0,0,16.3,1,1,2023-12-06,1,28,1,0,0,45.08
IK-01-00161,GPZ 110/SN lubelskie-południowy-13-01-00161,IK01,energy,GPZ 110/SN,0613001,0613,06,51.35536,21.6827,307.5,Operator Przesyłowy S.A. (fikc.),publiczna,K2,64.1,97550,dual_feed,0.0,0.0,0,35.3,1,1,2023-11-26,2,21,2,0,0,40.64
IK-01-00162,GPZ 110/SN dolnośląskie-wschodni-02-04-00162,IK01,energy,GPZ 110/SN,0202004,0202,02,51.21931,17.56212,227.1,Gazoprzesył S.A. (fikc.),prywatna,K2,65.5,90265,dual_feed,0.0,0.0,0,9.4,0,1,2024-04-03,2,10,2,0,0,41.199999999999996
IK-01-00163,GPZ 110/SN dolnośląskie-wschodni-02-06-00163,IK01,energy,GPZ 110/SN,0202006,0202,02,51.52718,17.57645,159.1,OSD Zachód (fikc.),prywatna,K2,74.7,103847,dual_feed,0.0,0.0,1,49.6,1,1,2024-10-16,1,10,1,0,0,44.879999999999995
IK-01-00164,GPZ 110/SN warmińsko-mazurskie-północny-18-04-00164,IK01,energy,GPZ 110/SN,2818004,2818,28,53.30457,20.58885,222.4,Gazoprzesył S.A. (fikc.),publiczna,K1,80.4,94554,dual_feed,0.0,0.0,0,34.1,1,1,2024-03-29,1,12,1,0,0,47.160000000000004
IK-01-00165,GPZ 110/SN zachodniopomorskie-południowy-01-04-00165,IK01,energy,GPZ 110/SN,3201004,3201,32,53.46448,13.83831,117.0,Gazoprzesył S.A. (fikc.),prywatna,K3,52.8,97740,dual_feed,0.0,0.0,0,25.4,0,0,2024-07-05,2,5,2,0,0,36.120000000000005
IK-01-00166,GPZ 110/SN warmińsko-mazurskie-centralny-04-05-00166,IK01,energy,GPZ 110/SN,2804005,2804,28,53.17466,20.68961,179.3,OSD Południe (fikc.),prywatna,K3,48.9,55367,dual_feed,0.0,0.0,0,35.6,0,1,2023-04-02,2,10,2,0,0,34.56
IK-01-00167,GPZ 110/SN mazowieckie-wschodni-14-05-00167,IK01,energy,GPZ 110/SN,1414005,1414,14,52.92752,20.32051,149.4,OSD Południe (fikc.),prywatna,K1,81.7,32031,dual_feed,0.0,0.0,0,30.0,1,0,2023-04-25,2,31,2,0,0,47.68
IK-01-00168,GPZ 110/SN dolnośląskie-miejski-11-02-00168,IK01,energy,GPZ 110/SN,0211002,0211,02,50.9704,16.27946,21.0,Gazoprzesył S.A. (fikc.),prywatna,K2,62.2,33039,dual_feed,0.0,0.0,1,40.8,0,0,2025-02-28,1,22,1,0,0,39.879999999999995
IK-01-00169,GPZ 110/SN dolnośląskie-północny-06-04-00169,IK01,energy,GPZ 110/SN,0206004,0206,02,51.10606,17.35306,191.4,Operator Przesyłowy S.A. (fikc.),prywatna,K2,70.2,75692,dual_feed,0.0,0.0,1,43.8,1,0,2026-04-20,1,4,1,0,0,43.08
IK-01-00170,GPZ 110/SN dolnośląskie-miejski-23-04-00170,IK01,energy,GPZ 110/SN,0223004,0223,02,50.99357,17.08552,286.8,Paliwa Krajowe S.A. (fikc.),prywatna,K2,72.3,31005,dual_feed,0.0,0.0,0,28.4,1,0,2025-04-16,1,15,1,0,0,43.919999999999995
IK-01-00171,GPZ 110/SN opolskie-północny-12-06-00171,IK01,energy,GPZ 110/SN,1612006,1612,16,50.61034,18.89168,181.7,OSD Południe (fikc.),publiczna,K2,77.8,93566,dual_feed,0.0,0.0,1,26.3,1,1,2025-08-20,1,11,1,0,0,46.12
IK-01-00172,GPZ 110/SN zachodniopomorskie-zachodni-09-05-00172,IK01,energy,GPZ 110/SN,3209005,3209,32,53.53076,14.76465,190.2,Paliwa Krajowe S.A. (fikc.),prywatna,K2,68.1,171393,dual_feed,0.0,0.0,0,33.2,1,0,2023-04-22,2,7,2,0,0,42.24
IK-01-00173,GPZ 110/SN zachodniopomorskie-wschodni-02-02-00173,IK01,energy,GPZ 110/SN,3202002,3202,32,53.23034,14.99763,131.2,Operator Przesyłowy S.A. (fikc.),publiczna,K2,71.4,28253,dual_feed,0.0,0.0,0,31.7,1,0,2025-01-01,1,21,1,0,0,43.56
IK-01-00174,GPZ 110/SN opolskie-północny-06-01-00174,IK01,energy,GPZ 110/SN,1606001,1606,16,50.86917,18.24133,173.3,Gazoprzesył S.A. (fikc.),prywatna,K1,87.1,165347,dual_feed,0.0,0.0,0,20.7,1,1,2026-01-13,2,21,2,0,0,49.84
IK-01-00175,GPZ 110/SN łódzkie-centralny-16-03-00175,IK01,energy,GPZ 110/SN,1016003,1016,10,52.14483,19.19071,122.7,OSD Zachód (fikc.),prywatna,K1,86.1,81365,dual_feed,0.0,0.0,0,23.6,1,0,2024-10-22,2,9,2,0,0,49.44
IK-01-00176,GPZ 110/SN opolskie-północny-12-04-00176,IK01,energy,GPZ 110/SN,1612004,1612,16,50.74039,19.1417,95.1,Paliwa Krajowe S.A. (fikc.),prywatna,K2,63.1,54302,dual_feed,0.0,0.0,0,21.2,1,0,2023-05-24,1,1,1,0,0,40.239999999999995
IK-01-00177,GPZ 110/SN opolskie-południowy-01-03-00177,IK01,energy,GPZ 110/SN,1601003,1601,16,50.39132,17.85927,131.1,Gazoprzesył S.A. (fikc.),publiczna,K2,64.8,53753,dual_feed,0.0,0.0,0,29.6,1,1,2023-09-11,1,5,1,0,0,40.92
IK-01-00178,GPZ 110/SN śląskie-zachodni-21-03-00178,IK01,energy,GPZ 110/SN,2421003,2421,24,50.41688,19.02451,124.9,Paliwa Krajowe S.A. (fikc.),publiczna,K1,83.9,32301,dual_feed,0.0,0.0,0,30.9,1,1,2026-01-09,2,8,2,0,0,48.559999999999995
IK-01-00179,GPZ 110/SN dolnośląskie-miejski-29-05-00179,IK01,energy,GPZ 110/SN,0229005,0229,02,51.14846,17.36409,93.7,Gazoprzesył S.A. (fikc.),prywatna,K2,64.2,77692,dual_feed,0.0,0.0,0,13.4,1,1,2024-07-05,2,7,2,0,0,40.68
IK-01-00180,GPZ 110/SN śląskie-południowy-25-01-00180,IK01,energy,GPZ 110/SN,2425001,2425,24,50.36128,18.80466,22.0,Paliwa Krajowe S.A. (fikc.),prywatna,K1,91.5,67086,dual_feed,0.0,0.0,0,24.0,1,1,2026-06-01,2,6,2,0,0,51.6
IK-01-00181,GPZ 110/SN pomorskie-zachodni-09-02-00181,IK01,energy,GPZ 110/SN,2209002,2209,22,54.58956,18.99337,17.4,OSD Południe (fikc.),publiczna,K2,67.4,109113,dual_feed,0.0,0.0,0,15.0,1,0,2026-03-27,1,20,1,0,0,41.959999999999994
IK-01-00182,GPZ 110/SN małopolskie-południowy-01-07-00182,IK01,energy,GPZ 110/SN,1201007,1201,12,49.50443,19.90746,54.1,OSD Południe (fikc.),prywatna,K2,71.8,77269,dual_feed,0.0,0.0,0,28.5,1,1,2026-02-20,1,14,1,0,0,43.72
IK-01-00183,GPZ 110/SN opolskie-południowy-01-04-00183,IK01,energy,GPZ 110/SN,1601004,1601,16,50.53105,17.89307,158.4,OSD Południe (fikc.),prywatna,K3,54.8,45592,dual_feed,0.0,0.0,0,27.5,1,0,2026-05-06,2,4,2,0,0,36.919999999999995
IK-01-00184,GPZ 110/SN kujawsko-pomorskie-północny-18-02-00184,IK01,energy,GPZ 110/SN,0418002,0418,04,52.29349,17.58351,182.2,Paliwa Krajowe S.A. (fikc.),prywatna,K2,64.3,83304,dual_feed,0.0,0.0,0,11.9,0,1,2023-07-05,2,7,2,0,0,40.72
IK-01-00185,GPZ 110/SN opolskie-południowy-07-04-00185,IK01,energy,GPZ 110/SN,1607004,1607,16,50.67201,18.47411,211.1,Paliwa Krajowe S.A. (fikc.),prywatna,K2,67.9,127416,dual_feed,0.0,0.0,1,36.7,1,0,2024-09-12,2,12,2,0,0,42.16
IK-01-00186,GPZ 110/SN opolskie-zachodni-03-07-00186,IK01,energy,GPZ 110/SN,1603007,1603,16,51.07515,17.40321,112.3,Operator Przesyłowy S.A. (fikc.),publiczna,K3,46.3,166407,dual_feed,0.0,0.0,1,19.1,0,0,2023-02-27,2,12,2,0,0,33.52
IK-01-00187,GPZ 110/SN opolskie-miejski-05-03-00187,IK01,energy,GPZ 110/SN,1605003,1605,16,50.40328,17.77767,62.5,OSD Południe (fikc.),publiczna,K1,83.5,62026,dual_feed,0.0,0.0,1,17.4,1,1,2024-03-16,2,2,2,0,0,48.4
IK-01-00188,GPZ 110/SN kujawsko-pomorskie-zachodni-09-01-00188,IK01,energy,GPZ 110/SN,0409001,0409,04,52.78972,18.55571,135.7,Paliwa Krajowe S.A. (fikc.),prywatna,K3,57.8,40118,dual_feed,0.0,0.0,0,25.8,0,0,2023-07-30,2,8,2,0,0,38.12
IK-01-00189,GPZ 110/SN świętokrzyskie-wschodni-08-04-00189,IK01,energy,GPZ 110/SN,2608004,2608,26,51.8702,19.72454,167.5,OSD Zachód (fikc.),prywatna,K2,69.3,46773,dual_feed,0.0,0.0,0,21.4,0,1,2025-01-13,1,3,1,0,0,42.72
IK-01-00190,GPZ 110/SN dolnośląskie-południowy-07-04-00190,IK01,energy,GPZ 110/SN,0207004,0207,02,51.08339,17.37467,226.5,OSD Zachód (fikc.),prywatna,K2,75.2,58711,dual_feed,0.0,0.0,1,23.1,0,0,2024-11-22,1,10,1,0,0,45.08
IK-01-00191,GPZ 110/SN pomorskie-północny-18-02-00191,IK01,energy,GPZ 110/SN,2218002,2218,22,54.85103,19.18237,141.8,OSD Południe (fikc.),publiczna,K1,82.6,72185,dual_feed,0.0,0.0,0,27.0,1,1,2023-08-05,2,13,2,0,0,48.04
IK-01-00192,GPZ 110/SN dolnośląskie-wschodni-26-06-00192,IK01,energy,GPZ 110/SN,0226006,0226,02,50.92591,17.35352,155.1,OSD Południe (fikc.),prywatna,K2,72.5,32807,dual_feed,0.0,0.0,1,9.5,1,1,2025-04-08,2,13,2,0,0,44.0
IK-01-00193,GPZ 110/SN dolnośląskie-zachodni-21-06-00193,IK01,energy,GPZ 110/SN,0221006,0221,02,51.25546,16.98992,278.8,Paliwa Krajowe S.A. (fikc.),publiczna,K2,79.3,92353,dual_feed,0.0,0.0,1,30.5,1,1,2023-06-05,1,21,1,0,0,46.72
IK-01-00194,GPZ 110/SN łódzkie-zachodni-21-05-00194,IK01,energy,GPZ 110/SN,1021005,1021,10,51.91189,18.93431,160.7,OSD Zachód (fikc.),prywatna,K2,75.3,32367,dual_feed,0.0,0.0,0,30.1,1,1,2023-10-02,1,12,1,0,0,45.12
IK-01-00195,GPZ 110/SN zachodniopomorskie-północny-12-04-00195,IK01,energy,GPZ 110/SN,3212004,3212,32,53.65912,15.26756,121.5,OSD Południe (fikc.),prywatna,K2,73.1,35754,dual_feed,0.0,0.0,0,38.9,1,1,2026-05-23,2,16,2,0,0,44.24
IK-01-00196,GPZ 110/SN opolskie-centralny-04-02-00196,IK01,energy,GPZ 110/SN,1604002,1604,16,50.75948,19.04392,120.0,Gazoprzesył S.A. (fikc.),publiczna,K3,57.8,58329,dual_feed,0.0,0.0,1,14.4,1,1,2026-07-13,1,6,1,0,0,38.12
IK-01-00197,GPZ 110/SN kujawsko-pomorskie-centralny-04-03-00197,IK01,energy,GPZ 110/SN,0404003,0404,04,52.95567,18.16316,127.2,Operator Przesyłowy S.A. (fikc.),publiczna,K2,78.0,72146,dual_feed,0.0,0.0,0,27.7,1,1,2026-07-02,2,10,2,0,0,46.2
IK-01-00198,GPZ 110/SN dolnośląskie-zachodni-09-04-00198,IK01,energy,GPZ 110/SN,0209004,0209,02,51.38921,16.60056,108.2,Paliwa Krajowe S.A. (fikc.),prywatna,K3,46.4,45579,dual_feed,0.0,0.0,1,22.6,0,0,2024-03-04,2,16,2,0,0,33.56
IK-01-00199,GPZ 110/SN opolskie-południowy-01-03-00199,IK01,energy,GPZ 110/SN,1601003,1601,16,50.37213,17.82134,230.7,Paliwa Krajowe S.A. (fikc.),prywatna,K1,86.0,82648,dual_feed,0.0,0.0,1,37.8,1,1,2023-04-29,2,9,2,0,0,49.4
IK-01-00200,GPZ 110/SN zachodniopomorskie-południowy-01-01-00200,IK01,energy,GPZ 110/SN,3201001,3201,32,53.20789,13.47466,240.1,OSD Południe (fikc.),prywatna,K2,72.7,23440,dual_feed,0.0,0.0,0,28.7,1,1,2024-02-05,2,12,2,0,0,44.080000000000005
IK-01-00201,GPZ 110/SN mazowieckie-centralny-10-04-00201,IK01,energy,GPZ 110/SN,1410004,1410,14,52.83038,19.61397,124.6,OSD Południe (fikc.),prywatna,K1,84.0,33263,dual_feed,0.0,0.0,0,38.6,1,1,2023-09-17,2,7,2,0,0,48.6
IK-01-00202,GPZ 110/SN dolnośląskie-zachodni-27-02-00202,IK01,energy,GPZ 110/SN,0227002,0227,02,50.45476,16.89448,125.4,OSD Zachód (fikc.),publiczna,K2,68.5,81890,dual_feed,0.0,0.0,0,24.9,0,1,2025-08-01,1,14,1,0,0,42.4
IK-01-00203,GPZ 110/SN dolnośląskie-północny-30-03-00203,IK01,energy,GPZ 110/SN,0230003,0230,02,50.86233,17.37876,263.8,OSD Południe (fikc.),prywatna,K1,82.6,57012,dual_feed,0.0,0.0,0,54.1,1,1,2024-02-07,2,23,2,0,0,48.04
IK-01-00204,GPZ 110/SN opolskie-wschodni-02-01-00204,IK01,energy,GPZ 110/SN,1602001,1602,16,50.68892,17.84179,201.4,Operator Przesyłowy S.A. (fikc.),prywatna,K1,87.5,71067,dual_feed,0.0,0.0,1,20.4,1,1,2025-08-12,1,11,1,0,0,50.0
IK-01-00205,GPZ 110/SN dolnośląskie-północny-06-03-00205,IK01,energy,GPZ 110/SN,0206003,0206,02,51.60545,17.36992,227.4,Paliwa Krajowe S.A. (fikc.),prywatna,K2,67.9,53696,dual_feed,0.0,0.0,0,28.2,0,1,2024-07-13,1,19,1,0,0,42.16
IK-01-00206,GPZ 110/SN łódzkie-miejski-05-01-00206,IK01,energy,GPZ 110/SN,1005001,1005,10,52.58219,19.4231,278.8,Paliwa Krajowe S.A. (fikc.),prywatna,K2,72.3,40155,dual_feed,0.0,0.0,0,14.5,0,0,2024-06-22,1,5,1,0,0,43.919999999999995
IK-01-00207,GPZ 110/SN śląskie-centralny-04-01-00207,IK01,energy,GPZ 110/SN,2404001,2404,24,50.26969,18.80531,144.9,OSD Południe (fikc.),prywatna,K2,73.1,78930,dual_feed,0.0,0.0,0,32.5,1,0,2023-03-23,2,11,2,0,0,44.24
IK-01-00208,GPZ 110/SN świętokrzyskie-południowy-13-04-00208,IK01,energy,GPZ 110/SN,2613004,2613,26,51.61542,20.5653,107.1,Operator Przesyłowy S.A. (fikc.),prywatna,K2,58.7,44451,dual_feed,0.0,0.0,0,34.9,1,0,2024-12-21,2,2,2,0,0,38.48
IK-01-00209,GPZ 110/SN pomorskie-południowy-07-03-00209,IK01,energy,GPZ 110/SN,2207003,2207,22,54.49144,20.14289,78.7,OSD Południe (fikc.),prywatna,K1,92.2,43668,dual_feed,0.0,0.0,0,6.8,1,1,2024-03-11,1,3,1,0,0,51.88
IK-01-00210,GPZ 110/SN łódzkie-północny-06-06-00210,IK01,energy,GPZ 110/SN,1006006,1006,10,51.5586,20.23715,191.1,Gazoprzesył S.A. (fikc.),prywatna,K2,66.2,108297,dual_feed,0.0,0.0,0,17.6,1,1,2026-03-04,2,13,2,0,0,41.48
IK-01-00211,GPZ 110/SN dolnośląskie-miejski-29-07-00211,IK01,energy,GPZ 110/SN,0229007,0229,02,51.16328,17.89147,203.3,Gazoprzesył S.A. (fikc.),prywatna,K2,61.4,39682,dual_feed,0.0,0.0,0,7.1,0,1,2025-03-27,1,10,1,0,0,39.56
IK-01-00212,GPZ 110/SN pomorskie-centralny-04-05-00212,IK01,energy,GPZ 110/SN,2204005,2204,22,54.15066,18.90574,47.5,Paliwa Krajowe S.A. (fikc.),publiczna,K1,91.8,36201,dual_feed,0.0,0.0,0,24.4,1,1,2023-07-01,1,14,1,0,0,51.72
IK-01-00213,GPZ 110/SN opolskie-północny-12-02-00213,IK01,energy,GPZ 110/SN,1612002,1612,16,50.89819,18.50078,166.3,OSD Południe (fikc.),prywatna,K2,60.0,29596,dual_feed,0.0,0.0,0,40.9,1,1,2024-02-21,2,22,2,0,0,39.0
IK-01-00214,GPZ 110/SN opolskie-miejski-11-06-00214,IK01,energy,GPZ 110/SN,1611006,1611,16,51.3646,17.76221,96.9,OSD Zachód (fikc.),publiczna,K2,72.8,84060,dual_feed,0.0,0.0,0,34.3,1,1,2023-03-21,1,9,1,0,0,44.12
IK-01-00215,GPZ 110/SN świętokrzyskie-południowy-07-04-00215,IK01,energy,GPZ 110/SN,2607004,2607,26,50.5397,20.48264,161.5,OSD Południe (fikc.),publiczna,K2,79.6,141126,dual_feed,0.0,0.0,0,30.4,1,1,2026-01-21,2,29,2,0,0,46.839999999999996
IK-01-00216,GPZ 110/SN łódzkie-południowy-07-04-00216,IK01,energy,GPZ 110/SN,1007004,1007,10,51.20392,19.04108,122.0,Operator Przesyłowy S.A. (fikc.),publiczna,K3,54.1,108789,dual_feed,0.0,0.0,0,32.9,1,1,2024-09-12,2,4,2,0,0,36.64
IK-01-00217,GPZ 110/SN dolnośląskie-wschodni-26-05-00217,IK01,energy,GPZ 110/SN,0226005,0226,02,51.06047,17.03046,268.9,Paliwa Krajowe S.A. (fikc.),prywatna,K2,58.4,50263,dual_feed,0.0,0.0,0,20.9,1,1,2024-09-08,2,14,2,0,0,38.36
IK-01-00218,GPZ 110/SN dolnośląskie-zachodni-15-03-00218,IK01,energy,GPZ 110/SN,0215003,0215,02,51.53069,16.98697,341.1,Paliwa Krajowe S.A. (fikc.),prywatna,K2,73.7,70744,dual_feed,0.0,0.0,1,16.5,1,1,2025-08-26,1,49,1,0,0,44.48
IK-01-00219,GPZ 110/SN kujawsko-pomorskie-południowy-07-05-00219,IK01,energy,GPZ 110/SN,0407005,0407,04,52.70733,18.94251,186.4,Paliwa Krajowe S.A. (fikc.),prywatna,K1,94.0,61644,dual_feed,0.0,0.0,0,38.1,1,1,2024-11-05,1,8,1,0,0,52.6
IK-01-00220,GPZ 110/SN pomorskie-wschodni-20-04-00220,IK01,energy,GPZ 110/SN,2220004,2220,22,53.5227,18.40888,114.4,Paliwa Krajowe S.A. (fikc.),prywatna,K2,67.3,16279,dual_feed,0.0,0.0,0,21.9,1,0,2023-08-07,2,3,2,0,0,41.92
IK-01-00221,GPZ 110/SN opolskie-miejski-05-01-00221,IK01,energy,GPZ 110/SN,1605001,1605,16,50.44406,17.62762,279.8,Paliwa Krajowe S.A. (fikc.),prywatna,K2,59.6,27440,dual_feed,0.0,0.0,0,23.7,1,1,2025-08-18,1,15,1,0,0,38.84
IK-01-00222,GPZ 110/SN lubuskie-centralny-10-01-00222,IK01,energy,GPZ 110/SN,0810001,0810,08,52.08981,14.44109,164.4,OSD Zachód (fikc.),prywatna,K2,74.7,33135,dual_feed,0.0,0.0,0,44.5,0,1,2024-05-08,2,9,2,0,0,44.879999999999995
IK-01-00223,GPZ 110/SN pomorskie-centralny-16-06-00223,IK01,energy,GPZ 110/SN,2216006,2216,22,53.72257,18.50419,58.1,Operator Przesyłowy S.A. (fikc.),publiczna,K2,79.4,22165,dual_feed,0.0,0.0,0,22.8,0,0,2024-10-29,2,9,2,0,0,46.760000000000005
IK-01-00224,GPZ 110/SN opolskie-południowy-07-03-00224,IK01,energy,GPZ 110/SN,1607003,1607,16,50.75043,18.51352,171.3,OSD Południe (fikc.),prywatna,K2,66.8,145910,dual_feed,0.0,0.0,0,19.9,1,0,2023-06-17,2,13,2,0,0,41.72
IK-01-00225,GPZ 110/SN dolnośląskie-południowy-07-01-00225,IK01,energy,GPZ 110/SN,0207001,0207,02,51.06952,16.99821,171.8,Operator Przesyłowy S.A. (fikc.),prywatna,K1,96.4,62303,dual_feed,0.0,0.0,1,34.0,1,1,2023-10-22,2,7,2,0,0,53.559999999999995
IK-01-00226,GPZ 110/SN pomorskie-centralny-10-04-00226,IK01,energy,GPZ 110/SN,2210004,2210,22,54.30334,18.72549,9.4,Operator Przesyłowy S.A. (fikc.),publiczna,K1,84.0,64535,dual_feed,0.0,0.0,0,31.1,0,1,2023-05-16,1,15,1,0,0,48.6
IK-01-00227,GPZ 110/SN podkarpackie-wschodni-08-06-00227,IK01,energy,GPZ 110/SN,1808006,1808,18,50.18137,22.43532,201.3,OSD Zachód (fikc.),prywatna,K1,85.4,38049,dual_feed,0.0,0.0,0,42.0,1,1,2025-11-08,1,13,1,0,0,49.16
IK-01-00228,GPZ 110/SN lubelskie-południowy-13-06-00228,IK01,energy,GPZ 110/SN,0613006,0613,06,50.95003,22.36164,95.2,OSD Południe (fikc.),prywatna,K2,73.8,77251,dual_feed,0.0,0.0,0,23.1,1,1,2023-05-05,2,19,2,0,0,44.519999999999996
IK-01-00229,GPZ 110/SN opolskie-wschodni-02-07-00229,IK01,energy,GPZ 110/SN,1602007,1602,16,50.48029,18.22957,259.8,Operator Przesyłowy S.A. (fikc.),publiczna,K1,97.0,54540,dual_feed,0.0,0.0,1,26.7,1,1,2024-02-01,1,2,1,0,0,53.800000000000004
IK-01-00230,GPZ 110/SN dolnośląskie-wschodni-02-06-00230,IK01,energy,GPZ 110/SN,0202006,0202,02,51.41766,17.60109,194.9,Gazoprzesył S.A. (fikc.),prywatna,K1,89.5,63563,dual_feed,0.0,0.0,1,40.6,1,1,2025-07-17,2,7,2,0,0,50.8
IK-01-00231,GPZ 110/SN opolskie-zachodni-09-01-00231,IK01,energy,GPZ 110/SN,1609001,1609,16,50.94523,19.1671,262.1,Gazoprzesył S.A. (fikc.),prywatna,K2,64.8,180474,dual_feed,0.0,0.0,0,36.8,0,0,2024-05-13,2,16,2,0,0,40.92
IK-01-00232,GPZ 110/SN małopolskie-centralny-16-01-00232,IK01,energy,GPZ 110/SN,1216001,1216,12,49.95883,19.81237,79.9,Gazoprzesył S.A. (fikc.),prywatna,K2,70.5,56130,dual_feed,0.0,0.0,0,28.5,1,0,2026-02-26,1,29,1,0,0,43.2
IK-01-00233,GPZ 110/SN dolnośląskie-wschodni-14-06-00233,IK01,energy,GPZ 110/SN,0214006,0214,02,51.34982,16.90545,332.5,OSD Południe (fikc.),publiczna,K2,77.1,83395,dual_feed,0.0,0.0,1,20.3,1,1,2025-05-18,1,5,1,0,0,45.839999999999996
IK-01-00234,GPZ 110/SN świętokrzyskie-zachodni-03-01-00234,IK01,energy,GPZ 110/SN,2603001,2603,26,50.85489,20.39557,171.9,Gazoprzesył S.A. (fikc.),prywatna,K2,66.9,48249,dual_feed,0.0,0.0,0,20.8,1,1,2026-02-27,2,19,2,0,0,41.760000000000005
IK-01-00235,GPZ 110/SN dolnośląskie-miejski-29-06-00235,IK01,energy,GPZ 110/SN,0229006,0229,02,50.91119,17.90935,191.9,Paliwa Krajowe S.A. (fikc.),prywatna,K1,84.5,118111,dual_feed,0.0,0.0,0,21.9,0,1,2026-03-08,1,13,1,0,0,48.8
IK-01-00236,GPZ 110/SN opolskie-zachodni-03-07-00236,IK01,energy,GPZ 110/SN,1603007,1603,16,51.09133,17.47107,138.0,Gazoprzesył S.A. (fikc.),publiczna,K2,61.9,85379,dual_feed,0.0,0.0,1,24.9,1,0,2025-11-01,1,9,1,0,0,39.76
IK-01-00237,GPZ 110/SN lubelskie-wschodni-02-02-00237,IK01,energy,GPZ 110/SN,0602002,0602,06,51.46064,21.45862,139.6,OSD Południe (fikc.),prywatna,K1,82.5,70678,dual_feed,0.0,0.0,0,28.4,1,1,2025-01-29,2,12,2,0,0,48.0
IK-01-00238,GPZ 110/SN dolnośląskie-południowy-01-06-00238,IK01,energy,GPZ 110/SN,0201006,0201,02,51.03063,16.39969,220.1,OSD Południe (fikc.),publiczna,K1,91.5,66617,dual_feed,0.0,0.0,1,28.7,1,1,2026-01-07,2,13,2,0,0,51.6
IK-01-00239,GPZ 110/SN opolskie-miejski-05-06-00239,IK01,energy,GPZ 110/SN,1605006,1605,16,50.55595,17.25601,168.2,Operator Przesyłowy S.A. (fikc.),prywatna,K1,95.1,111483,dual_feed,0.0,0.0,1,47.8,1,1,2024-12-22,2,6,2,0,0,53.04
IK-01-00240,GPZ 110/SN dolnośląskie-zachodni-03-05-00240,IK01,energy,GPZ 110/SN,0203005,0203,02,50.36998,16.18068,144.7,OSD Południe (fikc.),prywatna,K2,67.3,31523,dual_feed,0.0,0.0,0,22.3,1,1,2024-06-27,2,8,2,0,0,41.92
IK-01-00241,elektrownia systemowa małopolskie-wschodni-14-06-00241,IK01,energy,elektrownia systemowa,1214006,1214,12,50.3896,20.14013,278.8,OSD Zachód (fikc.),publiczna,K1,87.1,794555,onsite_fuel,2.1,1.6,0,20.4,1,0,2024-12-02,1,3,0,0,0,49.4
IK-01-00242,elektrownia systemowa lubelskie-zachodni-21-01-00242,IK01,energy,elektrownia systemowa,0621001,0621,06,51.08549,22.64739,147.8,Operator Przesyłowy S.A. (fikc.),prywatna,K1,91.7,1079069,onsite_fuel,2.8,2.3,0,28.3,1,1,2026-01-13,1,0,0,0,0,51.1
IK-01-00243,elektrownia systemowa opolskie-południowy-07-02-00243,IK01,energy,elektrownia systemowa,1607002,1607,16,50.63969,18.43689,217.5,Paliwa Krajowe S.A. (fikc.),prywatna,K1,83.1,888671,onsite_fuel,1.8,1.4,1,19.1,1,1,2023-10-06,1,5,0,0,0,47.86
IK-01-00244,elektrownia systemowa zachodniopomorskie-centralny-16-01-00244,IK01,energy,elektrownia systemowa,3216001,3216,32,53.2495,14.07425,299.3,Operator Przesyłowy S.A. (fikc.),prywatna,K1,89.2,1748998,onsite_fuel,1.2,0.9,0,29.9,1,1,2025-02-19,1,1,0,0,0,50.43
IK-01-00245,elektrownia systemowa warmińsko-mazurskie-zachodni-21-01-00245,IK01,energy,elektrownia systemowa,2821001,2821,28,54.16296,19.54939,86.4,OSD Zachód (fikc.),publiczna,K2,77.8,740838,onsite_fuel,1.2,0.9,0,11.6,1,0,2025-04-21,1,0,0,0,0,45.87
IK-01-00246,elektrownia systemowa warmińsko-mazurskie-centralny-04-03-00246,IK01,energy,elektrownia systemowa,2804003,2804,28,53.12153,20.75875,231.6,Operator Przesyłowy S.A. (fikc.),prywatna,K1,99.0,652266,onsite_fuel,3.9,2.8,0,28.3,1,1,2023-05-03,1,0,0,0,0,53.790000000000006
IK-01-00247,elektrownia systemowa lubuskie-południowy-07-01-00247,IK01,energy,elektrownia systemowa,0807001,0807,08,52.71445,15.92422,97.6,OSD Zachód (fikc.),prywatna,K1,86.8,837858,onsite_fuel,2.5,2.0,0,24.1,1,1,2025-03-11,1,3,0,0,0,49.2
IK-01-00248,elektrownia systemowa opolskie-centralny-04-04-00248,IK01,energy,elektrownia systemowa,1604004,1604,16,50.65956,18.59011,4.0,Gazoprzesył S.A. (fikc.),prywatna,K1,92.0,948114,onsite_fuel,1.7,1.6,0,22.0,1,1,2025-08-26,1,1,0,0,0,51.449999999999996
IK-01-00249,elektrownia systemowa podkarpackie-północny-12-01-00249,IK01,energy,elektrownia systemowa,1812001,1812,18,50.11658,21.95036,227.1,OSD Południe (fikc.),publiczna,K1,88.6,738403,onsite_fuel,1.7,1.6,0,26.5,1,1,2023-10-22,1,1,0,0,0,50.09
IK-01-00250,elektrownia systemowa dolnośląskie-zachodni-09-05-00250,IK01,energy,elektrownia systemowa,0209005,0209,02,51.42559,16.57199,82.6,Operator Przesyłowy S.A. (fikc.),prywatna,K1,96.3,993739,onsite_fuel,3.3,3.1,0,19.5,1,0,2026-07-02,1,2,0,0,0,52.83
IK-01-00251,elektrownia systemowa kujawsko-pomorskie-zachodni-15-03-00251,IK01,energy,elektrownia systemowa,0415003,0415,04,52.99688,18.39217,135.6,Paliwa Krajowe S.A. (fikc.),prywatna,K2,71.4,2305869,onsite_fuel,2.2,1.6,0,26.9,0,1,2025-01-28,1,3,0,0,0,43.1
IK-01-00252,elektrownia systemowa zachodniopomorskie-centralny-04-02-00252,IK01,energy,elektrownia systemowa,3204002,3204,32,52.96893,15.4028,129.0,Operator Przesyłowy S.A. (fikc.),publiczna,K1,86.9,404778,onsite_fuel,0.9,0.9,0,30.7,1,0,2025-04-03,1,0,0,0,0,49.57
IK-01-00253,elektrownia systemowa śląskie-południowy-01-01-00253,IK01,energy,elektrownia systemowa,2401001,2401,24,51.24786,19.14257,230.7,Gazoprzesył S.A. (fikc.),prywatna,K2,79.4,724787,onsite_fuel,1.5,1.5,0,29.6,0,1,2024-10-26,1,2,0,0,0,46.45
IK-01-00254,elektrownia systemowa lubelskie-miejski-11-06-00254,IK01,energy,elektrownia systemowa,0611006,0611,06,51.98982,21.89266,140.6,Paliwa Krajowe S.A. (fikc.),prywatna,K1,87.4,809772,onsite_fuel,2.1,1.8,0,5.4,1,1,2023-06-27,1,1,0,0,0,49.519999999999996
IK-01-00255,elektrownia systemowa zachodniopomorskie-miejski-05-02-00255,IK01,energy,elektrownia systemowa,3205002,3205,32,53.65593,15.06886,251.1,Operator Przesyłowy S.A. (fikc.),prywatna,K1,99.0,482283,onsite_fuel,1.7,1.4,0,38.0,1,1,2025-04-16,1,1,0,0,0,54.25
IK-01-00256,elektrownia systemowa dolnośląskie-wschodni-08-04-00256,IK01,energy,elektrownia systemowa,0208004,0208,02,51.42254,16.59209,76.0,OSD Zachód (fikc.),publiczna,K1,91.1,378609,onsite_fuel,2.6,2.2,1,20.4,1,1,2026-03-02,1,2,0,0,0,50.9
IK-01-00257,elektrownia systemowa dolnośląskie-północny-24-03-00257,IK01,energy,elektrownia systemowa,0224003,0224,02,51.50711,17.33906,5.1,OSD Południe (fikc.),publiczna,K2,77.9,1305087,onsite_fuel,2.5,2.2,0,21.0,1,1,2026-07-09,1,2,0,0,0,45.64
IK-01-00258,elektrownia systemowa lubelskie-północny-18-03-00258,IK01,energy,elektrownia systemowa,0618003,0618,06,51.28303,21.86493,4.0,Operator Przesyłowy S.A. (fikc.),prywatna,K1,86.0,771270,onsite_fuel,1.2,1.0,0,9.8,1,1,2024-04-22,1,0,0,0,0,49.15
IK-01-00259,elektrownia systemowa opolskie-północny-06-05-00259,IK01,energy,elektrownia systemowa,1606005,1606,16,50.57692,18.32816,240.7,Gazoprzesył S.A. (fikc.),prywatna,K1,99.0,581376,onsite_fuel,1.7,1.4,1,24.1,0,1,2023-11-16,1,5,0,0,0,54.25
IK-01-00260,elektrownia systemowa zachodniopomorskie-miejski-11-03-00260,IK01,energy,elektrownia systemowa,3211003,3211,32,52.84265,13.61815,157.0,OSD Południe (fikc.),publiczna,K1,96.1,431530,onsite_fuel,2.0,1.4,0,22.9,1,1,2026-04-13,1,0,0,0,0,53.02
IK-01-00261,elektrownia systemowa dolnośląskie-centralny-04-03-00261,IK01,energy,elektrownia systemowa,0204003,0204,02,51.15135,16.90451,154.3,Paliwa Krajowe S.A. (fikc.),prywatna,K1,82.5,1268145,onsite_fuel,1.3,1.2,0,30.7,1,1,2025-11-24,1,1,0,0,0,47.73
IK-01-00262,elektrownia systemowa dolnośląskie-zachodni-15-02-00262,IK01,energy,elektrownia systemowa,0215002,0215,02,51.31554,17.19984,98.0,OSD Zachód (fikc.),prywatna,K1,92.1,531384,onsite_fuel,1.3,1.3,0,20.4,1,1,2025-11-01,1,0,0,0,0,51.57000000000001
IK-01-00263,elektrownia systemowa śląskie-miejski-17-02-00263,IK01,energy,elektrownia systemowa,2417002,2417,24,49.42452,18.49534,53.8,OSD Południe (fikc.),prywatna,K1,83.6,923300,onsite_fuel,2.6,2.2,0,34.8,1,1,2025-04-02,1,2,0,0,0,47.9
IK-01-00264,elektrownia systemowa małopolskie-miejski-17-03-00264,IK01,energy,elektrownia systemowa,1217003,1217,12,50.15265,19.73033,115.7,Operator Przesyłowy S.A. (fikc.),prywatna,K1,83.4,792474,onsite_fuel,2.1,1.9,0,35.7,1,1,2023-02-25,1,3,0,0,0,47.92
IK-01-00265,elektrownia systemowa podkarpackie-północny-18-05-00265,IK01,energy,elektrownia systemowa,1818005,1818,18,50.38345,22.74501,224.0,Gazoprzesył S.A. (fikc.),prywatna,K1,98.1,671208,onsite_fuel,1.0,0.8,0,21.0,1,0,2026-03-15,1,0,0,0,0,54.03
IK-01-00266,elektrownia systemowa podkarpackie-zachodni-09-04-00266,IK01,energy,elektrownia systemowa,1809004,1809,18,50.16419,21.50049,90.8,OSD Południe (fikc.),prywatna,K1,83.8,747810,onsite_fuel,2.9,2.6,0,30.4,1,1,2023-09-05,1,2,0,0,0,47.92
IK-01-00267,elektrociepłownia kujawsko-pomorskie-północny-06-04-00267,IK01,energy,elektrociepłownia,0406004,0406,04,52.57831,17.55127,230.5,Operator Przesyłowy S.A. (fikc.),prywatna,K2,77.6,34539,onsite_fuel,2.2,2.1,0,24.9,1,1,2023-11-26,1,6,0,0,0,45.58
IK-01-00268,elektrociepłownia lubelskie-południowy-13-05-00268,IK01,energy,elektrociepłownia,0613005,0613,06,51.06432,21.96234,199.5,Paliwa Krajowe S.A. (fikc.),prywatna,K2,59.2,203391,onsite_fuel,1.2,1.1,0,44.7,1,1,2024-05-08,1,0,0,0,0,38.43
IK-01-00269,elektrociepłownia warmińsko-mazurskie-zachodni-21-05-00269,IK01,energy,elektrociepłownia,2821005,2821,28,54.07752,19.48873,190.6,Paliwa Krajowe S.A. (fikc.),publiczna,K1,83.4,83118,onsite_fuel,1.6,1.3,0,26.2,0,1,2025-11-06,1,0,0,0,0,48.03
IK-01-00270,elektrociepłownia opolskie-miejski-11-01-00270,IK01,energy,elektrociepłownia,1611001,1611,16,51.35705,17.57682,157.6,Operator Przesyłowy S.A. (fikc.),prywatna,K3,57.7,48046,onsite_fuel,0.8,0.7,0,30.6,1,1,2023-09-15,1,1,0,0,0,37.91
IK-01-00271,elektrociepłownia opolskie-wschodni-08-01-00271,IK01,energy,elektrociepłownia,1608001,1608,16,51.07395,18.64857,221.2,Paliwa Krajowe S.A. (fikc.),prywatna,K1,99.0,156803,onsite_fuel,1.4,1.2,0,35.0,1,1,2024-12-31,1,1,0,0,0,54.31
IK-01-00272,elektrociepłownia opolskie-wschodni-08-05-00272,IK01,energy,elektrociepłownia,1608005,1608,16,50.88621,18.69873,188.6,Paliwa Krajowe S.A. (fikc.),prywatna,K2,78.9,166927,onsite_fuel,2.0,1.4,1,18.6,1,1,2026-05-24,1,0,0,0,0,46.14
IK-01-00273,elektrociepłownia zachodniopomorskie-południowy-13-02-00273,IK01,energy,elektrociepłownia,3213002,3213,32,53.0177,13.74854,241.7,OSD Zachód (fikc.),prywatna,K2,78.7,68467,onsite_fuel,2.4,2.1,0,26.5,1,0,2026-02-08,1,0,0,0,0,45.98
IK-01-00274,elektrociepłownia zachodniopomorskie-południowy-07-03-00274,IK01,energy,elektrociepłownia,3207003,3207,32,53.35942,15.03733,225.9,Operator Przesyłowy S.A. (fikc.),prywatna,K2,69.9,75744,onsite_fuel,2.5,2.3,0,21.6,0,1,2025-12-22,1,1,0,0,0,42.44
IK-01-00275,elektrociepłownia świętokrzyskie-południowy-01-05-00275,IK01,energy,elektrociepłownia,2601005,2601,26,50.91239,20.55799,156.8,Paliwa Krajowe S.A. (fikc.),publiczna,K1,84.7,130702,onsite_fuel,1.5,1.3,0,42.4,0,0,2026-08-14,1,2,0,0,0,48.57
IK-01-00276,elektrociepłownia łódzkie-miejski-05-03-00276,IK01,energy,elektrociepłownia,1005003,1005,10,52.44397,19.55781,201.2,Gazoprzesył S.A. (fikc.),prywatna,K2,73.6,127842,onsite_fuel,2.4,2.0,0,30.3,1,1,2024-12-06,1,3,0,0,0,43.94
IK-01-00277,elektrociepłownia dolnośląskie-południowy-07-03-00277,IK01,energy,elektrociepłownia,0207003,0207,02,51.08291,17.43993,173.1,OSD Zachód (fikc.),publiczna,K2,65.5,95968,onsite_fuel,1.6,1.4,1,27.7,1,0,2025-09-11,1,1,0,0,0,40.87
IK-01-00278,elektrociepłownia mazowieckie-zachodni-15-01-00278,IK01,energy,elektrociepłownia,1415001,1415,14,52.59658,21.0035,164.3,OSD Zachód (fikc.),prywatna,K2,75.0,55205,onsite_fuel,3.5,3.3,0,26.0,1,0,2023-08-19,1,2,0,0,0,44.269999999999996
IK-01-00279,elektrociepłownia dolnośląskie-wschodni-02-04-00279,IK01,energy,elektrociepłownia,0202004,0202,02,51.27042,17.57666,480.6,Gazoprzesył S.A. (fikc.),prywatna,K2,78.7,135016,onsite_fuel,1.0,0.9,0,18.4,1,1,2023-05-09,1,1,0,0,0,46.27
IK-01-00280,elektrociepłownia lubelskie-centralny-16-07-00280,IK01,energy,elektrociepłownia,0616007,0616,06,51.34921,23.1398,71.2,OSD Zachód (fikc.),prywatna,K1,80.7,92046,onsite_fuel,2.1,1.7,0,21.5,1,1,2026-07-02,1,0,0,0,0,46.839999999999996
IK-01-00281,elektrociepłownia łódzkie-centralny-22-06-00281,IK01,energy,elektrociepłownia,1022006,1022,10,51.74421,19.76134,179.9,OSD Południe (fikc.),prywatna,K3,55.8,80699,onsite_fuel,3.1,2.3,0,22.1,1,0,2024-03-07,1,3,0,0,0,36.67
IK-01-00282,elektrociepłownia pomorskie-wschodni-20-03-00282,IK01,energy,elektrociepłownia,2220003,2220,22,53.26782,18.19052,128.9,Operator Przesyłowy S.A. (fikc.),prywatna,K3,55.5,188213,onsite_fuel,2.6,2.2,0,20.0,1,0,2025-09-27,1,3,0,0,0,36.66
IK-01-00283,elektrociepłownia lubelskie-zachodni-15-02-00283,IK01,energy,elektrociepłownia,0615002,0615,06,50.50686,22.00996,200.1,Paliwa Krajowe S.A. (fikc.),publiczna,K1,82.8,150963,onsite_fuel,1.9,1.9,0,18.6,1,1,2023-04-17,1,0,0,0,0,47.72
IK-01-00284,elektrociepłownia świętokrzyskie-północny-12-05-00284,IK01,energy,elektrociepłownia,2612005,2612,26,51.0334,20.12453,186.4,OSD Południe (fikc.),prywatna,K3,56.6,43511,onsite_fuel,1.8,1.7,0,28.4,0,0,2024-01-26,1,1,0,0,0,37.269999999999996
IK-01-00285,elektrociepłownia podkarpackie-centralny-22-02-00285,IK01,energy,elektrociepłownia,1822002,1822,18,49.59659,21.69588,294.6,Gazoprzesył S.A. (fikc.),prywatna,K2,69.2,53820,onsite_fuel,1.6,1.3,0,23.3,1,1,2024-11-10,1,2,0,0,0,42.35
IK-01-00286,elektrociepłownia dolnośląskie-miejski-29-06-00286,IK01,energy,elektrociepłownia,0229006,0229,02,50.95197,17.743,193.3,Paliwa Krajowe S.A. (fikc.),prywatna,K1,89.9,206025,onsite_fuel,1.9,1.8,0,27.9,1,1,2025-02-06,1,0,0,0,0,50.56
IK-01-00287,elektrociepłownia dolnośląskie-centralny-22-04-00287,IK01,energy,elektrociepłownia,0222004,0222,02,50.80934,17.05986,291.4,Paliwa Krajowe S.A. (fikc.),prywatna,K2,63.6,69698,onsite_fuel,2.2,1.8,0,19.4,1,1,2023-11-12,1,0,0,0,0,39.98
IK-01-00288,elektrociepłownia warmińsko-mazurskie-zachodni-03-03-00288,IK01,energy,elektrociepłownia,2803003,2803,28,53.02976,20.77642,198.0,Gazoprzesył S.A. (fikc.),prywatna,K2,67.3,68438,onsite_fuel,3.0,2.3,0,20.0,1,0,2025-10-04,1,1,0,0,0,41.3
IK-01-00289,elektrociepłownia opolskie-zachodni-03-06-00289,IK01,energy,elektrociepłownia,1603006,1603,16,50.68628,17.24388,323.9,OSD Zachód (fikc.),prywatna,K1,95.6,98793,onsite_fuel,2.3,1.7,1,22.4,0,1,2025-03-09,1,1,0,0,0,52.76
IK-01-00290,elektrociepłownia opolskie-miejski-11-03-00290,IK01,energy,elektrociepłownia,1611003,1611,16,51.20481,17.89773,148.5,Paliwa Krajowe S.A. (fikc.),publiczna,K2,69.0,44982,onsite_fuel,2.9,2.1,0,32.7,1,1,2025-09-28,1,1,0,0,0,42.0
IK-01-00291,elektrociepłownia dolnośląskie-centralny-22-03-00291,IK01,energy,elektrociepłownia,0222003,0222,02,51.07871,17.09579,81.9,Operator Przesyłowy S.A. (fikc.),prywatna,K2,78.7,102829,onsite_fuel,2.2,1.9,0,25.9,0,1,2025-06-13,1,1,0,0,0,46.02
IK-01-00292,elektrociepłownia lubuskie-miejski-11-03-00292,IK01,energy,elektrociepłownia,0811003,0811,08,51.54413,15.39077,226.8,Operator Przesyłowy S.A. (fikc.),prywatna,K2,69.0,121082,onsite_fuel,1.3,1.1,0,17.1,1,0,2025-07-09,1,1,0,0,0,42.33
IK-01-00293,elektrociepłownia podlaskie-północny-12-03-00293,IK01,energy,elektrociepłownia,2012003,2012,20,53.25293,23.11912,223.9,OSD Południe (fikc.),prywatna,K2,77.0,61688,onsite_fuel,1.9,1.4,0,15.8,0,1,2024-12-06,1,0,0,0,0,45.4
IK-01-00294,elektrociepłownia opolskie-wschodni-08-04-00294,IK01,energy,elektrociepłownia,1608004,1608,16,51.13376,18.54569,69.2,OSD Południe (fikc.),publiczna,K3,51.9,135664,onsite_fuel,2.1,1.7,1,20.7,1,1,2024-11-07,1,1,0,0,0,35.32
IK-01-00295,elektrociepłownia świętokrzyskie-wschodni-14-06-00295,IK01,energy,elektrociepłownia,2614006,2614,26,50.755,21.02393,128.6,Gazoprzesył S.A. (fikc.),prywatna,K3,55.4,145629,onsite_fuel,2.8,2.1,0,20.1,0,0,2026-02-21,1,0,0,0,0,36.58
IK-01-00296,elektrociepłownia dolnośląskie-zachodni-21-07-00296,IK01,energy,elektrociepłownia,0221007,0221,02,51.25262,16.94339,388.0,Paliwa Krajowe S.A. (fikc.),prywatna,K2,77.3,95178,onsite_fuel,3.5,2.8,1,39.8,1,1,2024-06-07,1,1,0,0,0,45.190000000000005
IK-01-00297,elektrociepłownia zachodniopomorskie-południowy-01-05-00297,IK01,energy,elektrociepłownia,3201005,3201,32,53.40426,13.97132,64.9,OSD Zachód (fikc.),prywatna,K2,67.9,43411,onsite_fuel,2.8,2.5,0,33.6,1,0,2025-08-17,1,1,0,0,0,41.58
IK-01-00298,elektrociepłownia podkarpackie-miejski-17-02-00298,IK01,energy,elektrociepłownia,1817002,1817,18,49.7973,22.1371,54.5,OSD Zachód (fikc.),publiczna,K2,66.4,89468,onsite_fuel,1.0,0.7,0,18.6,0,1,2026-01-19,1,1,0,0,0,41.349999999999994
IK-01-00299,elektrociepłownia świętokrzyskie-południowy-01-05-00299,IK01,energy,elektrociepłownia,2601005,2601,26,50.92897,20.55377,234.0,Gazoprzesył S.A. (fikc.),prywatna,K3,57.8,42938,onsite_fuel,2.2,1.7,0,19.8,0,0,2024-03-20,1,1,0,0,0,37.66
IK-01-00300,elektrociepłownia pomorskie-zachodni-15-05-00300,IK01,energy,elektrociepłownia,2215005,2215,22,54.55291,19.19106,212.5,OSD Zachód (fikc.),prywatna,K2,72.3,37437,onsite_fuel,2.2,1.8,0,23.4,1,0,2023-12-15,1,3,0,0,0,43.46
IK-01-00301,tłocznia gazu kujawsko-pomorskie-północny-18-03-00301,IK01,energy,tłocznia gazu,0418003,0418,04,52.56335,17.73121,211.2,OSD Południe (fikc.),publiczna,K2,77.9,445461,none,0.0,0.0,0,23.1,1,1,2023-11-06,2,1,1,0,1,66.16
IK-01-00302,tłocznia gazu dolnośląskie-wschodni-14-05-00302,IK01,energy,tłocznia gazu,0214005,0214,02,51.21418,17.27052,165.4,Operator Przesyłowy S.A. (fikc.),prywatna,K1,96.1,327011,genset,1.5,1.3,0,18.4,1,1,2024-02-12,2,0,1,0,0,53.13
IK-01-00303,tłocznia gazu pomorskie-północny-18-03-00303,IK01,energy,tłocznia gazu,2218003,2218,22,55.06218,19.37672,172.3,OSD Południe (fikc.),prywatna,K1,94.1,115670,genset,2.1,1.9,0,9.8,1,1,2024-08-18,2,0,1,0,0,52.2
IK-01-00304,tłocznia gazu podlaskie-północny-06-06-00304,IK01,energy,tłocznia gazu,2006006,2006,20,53.13422,23.6958,156.8,Gazoprzesył S.A. (fikc.),publiczna,K2,59.3,148670,none,0.0,0.0,0,26.1,1,0,2026-05-03,2,0,1,0,1,58.720000000000006
IK-01-00305,tłocznia gazu lubuskie-miejski-05-02-00305,IK01,energy,tłocznia gazu,0805002,0805,08,52.86935,15.00569,120.4,OSD Zachód (fikc.),prywatna,K1,84.9,164274,genset,1.9,1.8,0,20.9,1,1,2025-07-16,2,0,1,0,0,48.559999999999995
IK-01-00306,tłocznia gazu podlaskie-centralny-16-06-00306,IK01,energy,tłocznia gazu,2016006,2016,20,52.30878,22.15013,281.8,Gazoprzesył S.A. (fikc.),publiczna,K1,91.6,200596,genset,2.5,1.8,0,39.9,1,0,2023-03-08,2,0,1,0,0,51.12
IK-01-00307,tłocznia gazu dolnośląskie-miejski-29-03-00307,IK01,energy,tłocznia gazu,0229003,0229,02,51.03754,17.82248,201.4,OSD Południe (fikc.),prywatna,K1,87.9,226007,genset,2.3,2.3,0,20.6,1,1,2025-07-01,2,0,1,0,0,49.68
IK-01-00308,tłocznia gazu podkarpackie-miejski-17-05-00308,IK01,energy,tłocznia gazu,1817005,1817,18,49.93772,22.21386,151.4,Paliwa Krajowe S.A. (fikc.),prywatna,K1,85.7,257315,none,0.0,0.0,0,29.8,1,1,2024-10-20,2,0,1,0,1,69.28
IK-01-00309,tłocznia gazu opolskie-północny-12-06-00309,IK01,energy,tłocznia gazu,1612006,1612,16,50.59641,18.80595,197.0,Operator Przesyłowy S.A. (fikc.),prywatna,K1,90.3,67381,genset,2.6,2.4,1,14.4,1,1,2026-02-03,2,0,1,0,0,50.580000000000005
IK-01-00310,tłocznia gazu mazowieckie-zachodni-33-03-00310,IK01,energy,tłocznia gazu,1433003,1433,14,52.68138,21.14798,208.6,OSD Zachód (fikc.),prywatna,K1,90.7,143064,genset,2.2,2.0,0,26.5,1,1,2026-02-25,2,1,1,0,0,50.82
IK-01-00311,tłocznia gazu warmińsko-mazurskie-centralny-16-05-00311,IK01,energy,tłocznia gazu,2816005,2816,28,53.84854,19.86694,152.0,Gazoprzesył S.A. (fikc.),publiczna,K2,73.7,80969,genset,1.6,1.2,0,29.3,1,1,2024-10-04,2,0,1,0,0,44.15
IK-01-00312,tłocznia gazu śląskie-północny-36-01-00312,IK01,energy,tłocznia gazu,2436001,2436,24,50.67382,19.52116,224.7,Operator Przesyłowy S.A. (fikc.),publiczna,K1,81.4,97097,genset,2.0,1.6,0,51.4,1,1,2026-02-04,2,1,1,0,0,47.14
IK-01-00313,tłocznia gazu małopolskie-zachodni-03-03-00313,IK01,energy,tłocznia gazu,1203003,1203,12,49.90595,19.30573,135.7,OSD Południe (fikc.),prywatna,K1,90.3,235337,genset,0.7,0.6,0,20.9,1,1,2024-11-15,2,0,1,0,0,50.970000000000006
IK-01-00314,tłocznia gazu świętokrzyskie-zachodni-03-06-00314,IK01,energy,tłocznia gazu,2603006,2603,26,50.56255,19.9891,21.3,Paliwa Krajowe S.A. (fikc.),publiczna,K1,81.4,163018,genset,2.6,1.9,0,40.8,1,0,2025-11-07,2,0,1,0,0,47.02
IK-01-00315,tłocznia gazu opolskie-miejski-11-03-00315,IK01,energy,tłocznia gazu,1611003,1611,16,51.16213,17.89056,228.7,Operator Przesyłowy S.A. (fikc.),prywatna,K1,92.3,162825,none,0.0,0.0,1,17.6,1,1,2024-05-08,2,1,1,0,1,71.92
IK-01-00316,tłocznia gazu małopolskie-wschodni-08-01-00316,IK01,energy,tłocznia gazu,1208001,1208,12,51.10142,19.44925,204.9,OSD Zachód (fikc.),publiczna,K1,99.0,123494,genset,1.7,1.5,0,18.0,1,1,2025-02-18,2,0,1,0,0,54.25
IK-01-00317,tłocznia gazu opolskie-wschodni-02-01-00317,IK01,energy,tłocznia gazu,1602001,1602,16,50.62674,17.66261,162.8,OSD Zachód (fikc.),publiczna,K2,68.2,139378,none,0.0,0.0,1,26.7,0,1,2026-07-08,2,1,1,0,1,62.28
IK-01-00318,tłocznia gazu kujawsko-pomorskie-miejski-17-05-00318,IK01,energy,tłocznia gazu,0417005,0417,04,52.80118,18.39242,147.3,Operator Przesyłowy S.A. (fikc.),publiczna,K2,73.4,189020,genset,1.5,1.4,0,31.0,1,1,2023-12-02,2,1,1,0,0,44.05
IK-01-00319,tłocznia gazu dolnośląskie-wschodni-14-02-00319,IK01,energy,tłocznia gazu,0214002,0214,02,51.16123,17.2334,135.9,OSD Zachód (fikc.),prywatna,K1,86.0,363954,genset,2.3,2.1,1,28.6,1,1,2026-04-21,2,1,1,0,0,48.92
IK-01-00320,tłocznia gazu podkarpackie-zachodni-15-05-00320,IK01,energy,tłocznia gazu,1815005,1815,18,49.4321,20.687,157.2,Gazoprzesył S.A. (fikc.),prywatna,K2,79.0,188396,genset,2.1,1.5,0,21.4,1,1,2023-11-25,2,0,1,0,0,46.160000000000004
IK-01-00321,tłocznia gazu opolskie-centralny-10-02-00321,IK01,energy,tłocznia gazu,1610002,1610,16,50.80809,16.62688,92.1,Gazoprzesył S.A. (fikc.),prywatna,K2,79.7,59641,genset,2.1,2.0,1,27.6,1,1,2023-11-19,2,0,1,0,0,46.44
IK-01-00322,tłocznia gazu lubuskie-południowy-13-04-00322,IK01,energy,tłocznia gazu,0813004,0813,08,52.10968,15.69113,71.0,Operator Przesyłowy S.A. (fikc.),prywatna,K2,76.7,64830,genset,1.9,1.7,0,20.7,1,0,2023-09-07,2,1,1,0,0,45.28
IK-01-00323,tłocznia gazu opolskie-południowy-07-06-00323,IK01,energy,tłocznia gazu,1607006,1607,16,50.61969,18.67549,189.6,Gazoprzesył S.A. (fikc.),publiczna,K1,82.1,204870,genset,1.9,1.8,1,21.1,1,1,2023-12-26,2,1,1,0,0,47.44
IK-01-00324,tłocznia gazu wielkopolskie-wschodni-08-04-00324,IK01,energy,tłocznia gazu,3008004,3008,30,52.04567,16.2433,255.0,Gazoprzesył S.A. (fikc.),prywatna,K2,65.8,249474,none,0.0,0.0,0,30.4,1,0,2025-11-21,2,0,1,0,1,61.31999999999999
IK-01-00325,tłocznia gazu śląskie-zachodni-15-05-00325,IK01,energy,tłocznia gazu,2415005,2415,24,49.88082,18.90923,119.8,OSD Zachód (fikc.),prywatna,K2,72.9,280207,genset,1.9,1.4,0,26.4,1,0,2023-11-30,2,1,1,0,0,43.76
IK-01-00326,tłocznia gazu podkarpackie-centralny-04-03-00326,IK01,energy,tłocznia gazu,1804003,1804,18,49.93505,20.9382,106.0,OSD Południe (fikc.),prywatna,K2,79.3,163811,genset,1.4,1.3,0,21.7,1,1,2024-05-19,2,0,1,0,0,46.43
IK-01-00327,tłocznia gazu dolnośląskie-zachodni-15-01-00327,IK01,energy,tłocznia gazu,0215001,0215,02,51.44262,17.1414,46.5,Operator Przesyłowy S.A. (fikc.),prywatna,K2,70.3,188694,genset,2.1,1.9,1,19.2,1,1,2024-11-11,2,0,1,0,0,42.68
IK-01-00328,tłocznia gazu opolskie-zachodni-03-07-00328,IK01,energy,tłocznia gazu,1603007,1603,16,51.01017,17.55186,227.5,Paliwa Krajowe S.A. (fikc.),prywatna,K2,76.6,280958,none,0.0,0.0,0,18.3,1,0,2023-05-07,2,0,1,0,1,65.64
IK-01-00329,tłocznia gazu dolnośląskie-miejski-29-04-00329,IK01,energy,tłocznia gazu,0229004,0229,02,50.90717,17.66968,214.6,OSD Zachód (fikc.),publiczna,K2,75.1,118136,genset,1.5,1.1,0,29.1,1,1,2025-05-09,2,1,1,0,0,44.73
IK-01-00330,tłocznia gazu opolskie-północny-12-06-00330,IK01,energy,tłocznia gazu,1612006,1612,16,50.61635,18.80791,261.0,OSD Zachód (fikc.),prywatna,K1,82.3,164365,genset,2.2,1.6,1,9.5,0,1,2024-10-06,2,0,1,0,0,47.46
IK-01-00331,magazyn/terminal paliw dolnośląskie-południowy-25-06-00331,IK01,energy,magazyn/terminal paliw,0225006,0225,02,51.42863,16.54738,311.1,OSD Zachód (fikc.),prywatna,K2,63.8,535563,genset,1.9,1.9,0,4.8,1,1,2023-03-07,2,5,1,0,0,40.12
IK-01-00332,magazyn/terminal paliw dolnośląskie-centralny-10-06-00332,IK01,energy,magazyn/terminal paliw,0210006,0210,02,51.26172,16.95545,215.7,Gazoprzesył S.A. (fikc.),publiczna,K2,73.9,277808,genset,1.6,1.3,1,40.4,1,0,2026-01-28,2,3,1,0,0,44.230000000000004
IK-01-00333,magazyn/terminal paliw dolnośląskie-miejski-29-04-00333,IK01,energy,magazyn/terminal paliw,0229004,0229,02,50.9153,17.6246,275.4,Operator Przesyłowy S.A. (fikc.),publiczna,K2,76.0,209380,genset,2.7,2.6,0,25.7,0,1,2025-12-07,2,2,1,0,0,44.84
IK-01-00334,magazyn/terminal paliw zachodniopomorskie-wschodni-20-03-00334,IK01,energy,magazyn/terminal paliw,3220003,3220,32,52.97691,15.21957,175.7,OSD Zachód (fikc.),publiczna,K1,89.7,261828,genset,2.3,2.2,0,32.2,1,1,2023-08-31,2,7,1,0,0,50.4
IK-01-00335,magazyn/terminal paliw małopolskie-centralny-22-07-00335,IK01,energy,magazyn/terminal paliw,1222007,1222,12,49.8659,20.91747,240.7,Operator Przesyłowy S.A. (fikc.),publiczna,K1,82.4,123592,genset,1.9,1.5,0,13.2,1,1,2024-03-19,2,1,1,0,0,47.56
IK-01-00336,magazyn/terminal paliw opolskie-miejski-05-05-00336,IK01,energy,magazyn/terminal paliw,1605005,1605,16,50.05923,17.26655,157.6,Paliwa Krajowe S.A. (fikc.),prywatna,K2,69.1,121420,genset,1.8,1.4,1,30.5,1,1,2026-08-08,2,3,1,0,0,42.26
IK-01-00337,magazyn/terminal paliw podlaskie-centralny-16-02-00337,IK01,energy,magazyn/terminal paliw,2016002,2016,20,52.37171,22.02715,127.9,OSD Południe (fikc.),publiczna,K3,47.3,371025,genset,2.3,1.7,0,17.6,0,0,2026-03-21,2,2,1,0,0,33.44
IK-01-00338,magazyn/terminal paliw warmińsko-mazurskie-wschodni-20-01-00338,IK01,energy,magazyn/terminal paliw,2820001,2820,28,53.80502,20.47286,104.6,Gazoprzesył S.A. (fikc.),prywatna,K1,84.4,386766,genset,1.9,1.5,0,31.4,1,1,2025-12-08,2,5,1,0,0,48.36
IK-01-00339,magazyn/terminal paliw dolnośląskie-południowy-13-06-00339,IK01,energy,magazyn/terminal paliw,0213006,0213,02,50.90067,16.81485,66.1,Gazoprzesył S.A. (fikc.),prywatna,K3,53.8,385186,none,0.0,0.0,1,22.4,0,0,2023-05-25,2,7,1,0,1,56.52
IK-01-00340,magazyn/terminal paliw podkarpackie-zachodni-09-02-00340,IK01,energy,magazyn/terminal paliw,1809002,1809,18,49.9565,21.73443,164.3,Gazoprzesył S.A. (fikc.),publiczna,K1,80.7,276482,genset,2.5,2.3,0,19.7,1,1,2024-08-14,2,6,1,0,0,46.760000000000005
IK-01-00341,magazyn/terminal paliw podlaskie-zachodni-15-03-00341,IK01,energy,magazyn/terminal paliw,2015003,2015,20,53.33084,22.60123,4.0,Paliwa Krajowe S.A. (fikc.),prywatna,K3,55.0,215126,genset,2.0,1.8,0,27.6,0,0,2025-07-22,2,1,1,0,0,36.58
IK-01-00342,magazyn/terminal paliw dolnośląskie-miejski-23-06-00342,IK01,energy,magazyn/terminal paliw,0223006,0223,02,51.19758,17.32966,230.5,Gazoprzesył S.A. (fikc.),publiczna,K2,64.5,235806,genset,1.3,1.0,0,20.9,1,0,2025-03-29,2,2,1,0,0,40.53
IK-01-00343,magazyn/terminal paliw lubuskie-południowy-01-01-00343,IK01,energy,magazyn/terminal paliw,0801001,0801,08,52.19414,16.37959,161.1,Paliwa Krajowe S.A. (fikc.),prywatna,K1,93.0,379069,genset,1.2,1.1,0,18.7,1,1,2023-03-12,2,8,1,0,0,51.949999999999996
IK-01-00344,magazyn/terminal paliw śląskie-północny-24-06-00344,IK01,energy,magazyn/terminal paliw,2424006,2424,24,50.15949,20.14387,87.3,Paliwa Krajowe S.A. (fikc.),publiczna,K2,61.5,368791,none,0.0,0.0,0,50.2,1,1,2025-06-07,2,0,1,0,1,59.599999999999994
IK-01-00345,magazyn/terminal paliw podlaskie-południowy-07-03-00345,IK01,energy,magazyn/terminal paliw,2007003,2007,20,53.0001,22.57043,151.5,Operator Przesyłowy S.A. (fikc.),prywatna,K2,59.2,389245,genset,1.7,1.4,0,24.6,1,1,2025-10-21,2,0,1,0,0,38.33
IK-01-00346,magazyn/terminal paliw dolnośląskie-północny-18-05-00346,IK01,energy,magazyn/terminal paliw,0218005,0218,02,51.25508,17.39541,174.3,Operator Przesyłowy S.A. (fikc.),prywatna,K2,62.1,399300,none,0.0,0.0,1,25.4,1,1,2024-03-13,2,3,1,0,1,59.84
IK-01-00347,magazyn/terminal paliw pomorskie-północny-06-06-00347,IK01,energy,magazyn/terminal paliw,2206006,2206,22,54.61735,18.17353,33.7,OSD Południe (fikc.),prywatna,K2,76.9,188000,genset,1.7,1.3,0,35.8,1,0,2025-09-15,2,6,1,0,0,45.410000000000004
IK-01-00348,magazyn/terminal paliw podkarpackie-miejski-11-01-00348,IK01,energy,magazyn/terminal paliw,1811001,1811,18,50.23108,21.50248,89.5,OSD Południe (fikc.),publiczna,K3,57.8,224480,genset,3.0,2.9,0,24.0,1,1,2023-05-15,2,5,1,0,0,37.5
IK-01-00349,magazyn/terminal paliw dolnośląskie-południowy-07-07-00349,IK01,energy,magazyn/terminal paliw,0207007,0207,02,51.40315,17.5046,173.1,OSD Zachód (fikc.),publiczna,K1,91.6,141007,genset,1.8,1.4,1,38.7,1,1,2024-10-30,2,5,1,0,0,51.27
IK-01-00350,magazyn/terminal paliw opolskie-wschodni-02-01-00350,IK01,energy,magazyn/terminal paliw,1602001,1602,16,50.69395,17.81076,187.7,Paliwa Krajowe S.A. (fikc.),prywatna,K2,78.7,192215,none,0.0,0.0,1,2.0,1,1,2026-03-01,2,2,1,0,1,66.47999999999999
IK-01-00351,magazyn/terminal paliw świętokrzyskie-południowy-07-05-00351,IK01,energy,magazyn/terminal paliw,2607005,2607,26,50.77577,20.66414,187.1,OSD Zachód (fikc.),publiczna,K2,61.6,216077,genset,1.6,1.5,0,22.6,1,0,2025-09-15,2,3,1,0,0,39.31
IK-01-00352,magazyn/terminal paliw dolnośląskie-zachodni-27-03-00352,IK01,energy,magazyn/terminal paliw,0227003,0227,02,50.6018,16.84694,89.1,Operator Przesyłowy S.A. (fikc.),prywatna,K2,69.3,415999,genset,2.0,1.5,1,28.2,1,0,2024-06-04,2,2,1,0,0,42.3
IK-01-00353,magazyn/terminal paliw dolnośląskie-północny-24-07-00353,IK01,energy,magazyn/terminal paliw,0224007,0224,02,51.58268,17.02084,270.4,Gazoprzesył S.A. (fikc.),prywatna,K2,78.5,619537,genset,2.3,1.7,0,47.2,0,0,2026-06-25,2,7,1,0,0,45.92
IK-01-00354,magazyn/terminal paliw opolskie-północny-06-03-00354,IK01,energy,magazyn/terminal paliw,1606003,1606,16,50.56628,18.14513,259.1,OSD Południe (fikc.),publiczna,K1,83.3,569932,genset,1.9,1.4,0,52.3,1,1,2025-07-04,2,1,1,0,0,47.92
IK-01-00355,magazyn/terminal paliw warmińsko-mazurskie-zachodni-09-04-00355,IK01,energy,magazyn/terminal paliw,2809004,2809,28,53.88424,19.71766,77.8,Gazoprzesył S.A. (fikc.),prywatna,K1,82.8,215904,genset,2.2,2.0,0,18.9,1,1,2025-11-30,2,8,1,0,0,47.660000000000004
IK-01-00356,magazyn/terminal paliw kujawsko-pomorskie-centralny-22-03-00356,IK01,energy,magazyn/terminal paliw,0422003,0422,04,53.1339,18.63306,95.3,Paliwa Krajowe S.A. (fikc.),prywatna,K1,91.9,177324,genset,1.8,1.8,0,26.8,1,1,2023-05-13,2,9,1,0,0,51.38
IK-01-00357,magazyn/terminal paliw mazowieckie-wschodni-26-01-00357,IK01,energy,magazyn/terminal paliw,1426001,1426,14,52.69961,21.30547,177.0,OSD Zachód (fikc.),publiczna,K2,66.0,361669,genset,1.5,1.5,0,8.4,1,1,2025-11-12,2,5,1,0,0,41.089999999999996
IK-01-00358,magazyn/terminal paliw zachodniopomorskie-wschodni-20-03-00358,IK01,energy,magazyn/terminal paliw,3220003,3220,32,52.90481,15.20143,100.9,OSD Południe (fikc.),prywatna,K2,71.6,183276,genset,2.2,1.7,0,23.4,0,1,2024-07-04,2,7,1,0,0,43.18
IK-01-00359,magazyn/terminal paliw dolnośląskie-południowy-19-04-00359,IK01,energy,magazyn/terminal paliw,0219004,0219,02,51.17817,16.7263,201.4,OSD Południe (fikc.),publiczna,K2,63.2,154275,none,0.0,0.0,0,38.1,1,1,2024-03-09,2,5,1,0,1,60.28
IK-01-00360,magazyn/terminal paliw dolnośląskie-południowy-07-02-00360,IK01,energy,magazyn/terminal paliw,0207002,0207,02,50.99369,17.47554,157.7,Paliwa Krajowe S.A. (fikc.),prywatna,K2,65.1,1087642,none,0.0,0.0,1,15.7,1,0,2025-05-05,2,2,1,0,1,61.040000000000006
IK-01-00361,magazyn/terminal paliw małopolskie-miejski-11-06-00361,IK01,energy,magazyn/terminal paliw,1211006,1211,12,50.10431,19.90322,136.1,Operator Przesyłowy S.A. (fikc.),prywatna,K2,78.6,263995,genset,1.0,0.8,0,25.1,1,0,2024-04-13,2,5,1,0,0,46.23
IK-01-00362,magazyn/terminal paliw zachodniopomorskie-zachodni-03-05-00362,IK01,energy,magazyn/terminal paliw,3203005,3203,32,52.39669,13.72301,199.4,OSD Południe (fikc.),prywatna,K2,65.7,216835,genset,1.8,1.6,0,40.6,0,1,2024-09-23,2,6,1,0,0,40.910000000000004
IK-01-00363,magazyn/terminal paliw dolnośląskie-zachodni-27-04-00363,IK01,energy,magazyn/terminal paliw,0227004,0227,02,50.5655,16.85547,127.1,Paliwa Krajowe S.A. (fikc.),prywatna,K2,60.2,175983,genset,3.4,3.3,1,9.1,1,1,2023-07-08,2,2,1,0,0,38.37
IK-01-00364,magazyn/terminal paliw dolnośląskie-centralny-28-07-00364,IK01,energy,magazyn/terminal paliw,0228007,0228,02,50.95237,16.32031,149.3,OSD Zachód (fikc.),prywatna,K1,95.5,254911,none,0.0,0.0,0,10.5,0,1,2025-05-30,2,3,1,0,1,73.2
IK-01-00365,magazyn/terminal paliw opolskie-południowy-07-01-00365,IK01,energy,magazyn/terminal paliw,1607001,1607,16,50.66047,18.47833,166.8,Operator Przesyłowy S.A. (fikc.),prywatna,K1,93.1,212704,genset,2.8,2.8,1,22.8,1,1,2025-12-07,2,6,1,0,0,51.66
IK-01-00366,magazyn/terminal paliw opolskie-południowy-07-04-00366,IK01,energy,magazyn/terminal paliw,1607004,1607,16,50.70323,18.42215,193.3,OSD Zachód (fikc.),prywatna,K2,70.4,155828,genset,2.8,2.8,1,25.9,1,1,2024-08-26,2,3,1,0,0,42.58
IK-01-00367,magazyn/terminal paliw podlaskie-zachodni-09-06-00367,IK01,energy,magazyn/terminal paliw,2009006,2009,20,53.73687,23.32124,290.8,OSD Południe (fikc.),prywatna,K1,97.9,302985,genset,2.7,2.5,0,20.7,1,1,2025-12-14,2,1,1,0,0,53.6
IK-01-00368,magazyn/terminal paliw śląskie-północny-12-01-00368,IK01,energy,magazyn/terminal paliw,2412001,2412,24,50.43502,19.90331,253.2,Paliwa Krajowe S.A. (fikc.),prywatna,K2,74.8,1018987,genset,1.0,0.9,0,21.9,1,0,2024-01-31,2,0,1,0,0,44.71
IK-01-00369,magazyn/terminal paliw podlaskie-centralny-10-06-00369,IK01,energy,magazyn/terminal paliw,2010006,2010,20,53.23391,23.42308,361.9,Operator Przesyłowy S.A. (fikc.),publiczna,K2,78.8,313366,genset,1.1,0.9,0,26.1,1,1,2023-02-20,2,1,1,0,0,46.29
IK-01-00370,magazyn/terminal paliw dolnośląskie-północny-18-02-00370,IK01,energy,magazyn/terminal paliw,0218002,0218,02,51.34464,17.33925,217.4,Operator Przesyłowy S.A. (fikc.),publiczna,K2,63.3,218663,genset,1.7,1.5,1,15.8,1,0,2026-06-14,2,4,1,0,0,39.97
IK-01-00371,magazyn/terminal paliw lubelskie-północny-18-02-00371,IK01,energy,magazyn/terminal paliw,0618002,0618,06,51.25951,21.74517,265.2,OSD Zachód (fikc.),prywatna,K2,58.8,302117,genset,0.9,0.8,0,19.3,0,0,2023-10-02,2,8,1,0,0,38.33
IK-01-00372,magazyn/terminal paliw opolskie-centralny-10-02-00372,IK01,energy,magazyn/terminal paliw,1610002,1610,16,50.75922,16.64003,259.5,Operator Przesyłowy S.A. (fikc.),prywatna,K2,67.8,229920,genset,2.3,2.0,1,29.0,0,1,2026-08-12,2,3,1,0,0,41.64
IK-01-00373,magazyn/terminal paliw świętokrzyskie-północny-12-02-00373,IK01,energy,magazyn/terminal paliw,2612002,2612,26,51.18828,20.16954,236.9,OSD Południe (fikc.),prywatna,K2,75.4,343738,none,0.0,0.0,0,25.6,1,1,2026-05-10,2,9,1,0,1,65.16
IK-01-00374,magazyn/terminal paliw opolskie-wschodni-08-04-00374,IK01,energy,magazyn/terminal paliw,1608004,1608,16,51.13756,18.53124,322.5,Operator Przesyłowy S.A. (fikc.),prywatna,K2,66.8,740691,genset,2.0,1.5,1,17.4,1,1,2024-12-31,2,6,1,0,0,41.3
IK-01-00375,stacja redukcyjna gazu łódzkie-północny-06-01-00375,IK01,energy,stacja redukcyjna gazu,1006001,1006,10,51.59617,20.42001,81.5,OSD Zachód (fikc.),publiczna,K3,57.2,40630,none,0.0,0.0,0,20.3,1,0,2023-10-22,2,1,1,0,1,57.879999999999995
IK-01-00376,stacja redukcyjna gazu pomorskie-zachodni-09-05-00376,IK01,energy,stacja redukcyjna gazu,2209005,2209,22,54.50875,18.94808,111.5,Paliwa Krajowe S.A. (fikc.),prywatna,K2,76.1,51128,genset,1.6,1.1,0,24.3,0,1,2024-11-18,2,2,1,0,0,45.11
IK-01-00377,stacja redukcyjna gazu wielkopolskie-południowy-07-01-00377,IK01,energy,stacja redukcyjna gazu,3007001,3007,30,51.70361,16.90932,200.8,OSD Południe (fikc.),prywatna,K2,63.4,18125,genset,2.1,2.0,0,23.8,1,0,2025-04-14,2,0,1,0,0,39.92
IK-01-00378,stacja redukcyjna gazu dolnośląskie-zachodni-27-02-00378,IK01,energy,stacja redukcyjna gazu,0227002,0227,02,50.36958,16.84918,264.0,OSD Zachód (fikc.),publiczna,K2,67.8,43692,genset,1.6,1.5,1,11.3,1,0,2024-05-04,2,0,1,0,0,41.79
IK-01-00379,stacja redukcyjna gazu dolnośląskie-miejski-29-04-00379,IK01,energy,stacja redukcyjna gazu,0229004,0229,02,50.97712,17.58076,231.4,Operator Przesyłowy S.A. (fikc.),publiczna,K3,54.7,24861,genset,1.9,1.5,0,23.6,0,1,2024-11-16,2,0,1,0,0,36.480000000000004
IK-01-00380,stacja redukcyjna gazu opolskie-zachodni-09-07-00380,IK01,energy,stacja redukcyjna gazu,1609007,1609,16,50.93345,19.04817,227.6,OSD Południe (fikc.),prywatna,K2,58.6,21217,genset,1.7,1.6,1,24.4,1,1,2025-03-18,2,0,1,0,0,38.09
IK-01-00381,stacja redukcyjna gazu małopolskie-północny-12-04-00381,IK01,energy,stacja redukcyjna gazu,1212004,1212,12,50.79375,19.56154,209.9,Operator Przesyłowy S.A. (fikc.),publiczna,K3,49.9,56789,genset,2.1,1.6,0,25.1,1,1,2025-01-22,2,0,1,0,0,34.52
IK-01-00382,stacja redukcyjna gazu opolskie-południowy-01-01-00382,IK01,energy,stacja redukcyjna gazu,1601001,1601,16,50.22087,17.97215,204.0,Gazoprzesył S.A. (fikc.),prywatna,K2,59.1,39511,genset,1.3,1.3,0,26.5,1,1,2023-02-21,2,0,1,0,0,38.37
IK-01-00383,stacja redukcyjna gazu podkarpackie-wschodni-08-06-00383,IK01,energy,stacja redukcyjna gazu,1808006,1808,18,50.19524,22.5201,230.1,OSD Zachód (fikc.),prywatna,K3,50.9,36748,genset,2.9,2.8,0,24.1,1,0,2024-11-21,2,1,1,0,0,34.760000000000005
IK-01-00384,stacja redukcyjna gazu opolskie-miejski-11-04-00384,IK01,energy,stacja redukcyjna gazu,1611004,1611,16,51.31134,17.61487,127.4,OSD Zachód (fikc.),publiczna,K3,48.8,78113,genset,2.4,2.2,1,30.3,0,0,2024-03-31,2,1,1,0,0,34.02
IK-01-00385,stacja redukcyjna gazu dolnośląskie-północny-18-07-00385,IK01,energy,stacja redukcyjna gazu,0218007,0218,02,51.29524,17.46894,182.3,Operator Przesyłowy S.A. (fikc.),prywatna,K3,55.9,49789,genset,2.3,1.8,1,22.3,1,1,2023-12-23,2,1,1,0,0,36.88
IK-01-00386,stacja redukcyjna gazu łódzkie-miejski-23-04-00386,IK01,energy,stacja redukcyjna gazu,1023004,1023,10,52.88027,20.56456,132.1,Gazoprzesył S.A. (fikc.),publiczna,K2,65.3,55821,genset,1.0,0.9,0,18.9,1,1,2026-01-31,2,1,1,0,0,40.910000000000004
IK-01-00387,stacja redukcyjna gazu warmińsko-mazurskie-zachodni-09-04-00387,IK01,energy,stacja redukcyjna gazu,2809004,2809,28,53.81081,19.71486,204.2,Gazoprzesył S.A. (fikc.),prywatna,K2,71.4,41977,none,0.0,0.0,0,23.4,1,0,2024-08-12,2,0,1,0,1,63.56
IK-01-00388,stacja redukcyjna gazu dolnośląskie-północny-18-04-00388,IK01,energy,stacja redukcyjna gazu,0218004,0218,02,51.3961,17.47079,173.1,Gazoprzesył S.A. (fikc.),prywatna,K2,59.1,29768,genset,1.9,1.4,0,34.3,1,0,2024-05-30,2,1,1,0,0,38.24
IK-01-00389,stacja redukcyjna gazu dolnośląskie-wschodni-02-03-00389,IK01,energy,stacja redukcyjna gazu,0202003,0202,02,51.33531,17.37246,201.8,Paliwa Krajowe S.A. (fikc.),prywatna,K2,69.1,34684,genset,1.4,1.3,0,43.1,1,1,2025-12-27,2,0,1,0,0,42.35
IK-01-00390,stacja redukcyjna gazu mazowieckie-centralny-28-03-00390,IK01,energy,stacja redukcyjna gazu,1428003,1428,14,51.83554,20.84203,291.0,Operator Przesyłowy S.A. (fikc.),prywatna,K3,46.2,75080,genset,2.4,2.1,0,30.9,1,1,2025-01-01,2,0,1,0,0,32.98
IK-01-00391,stacja redukcyjna gazu opolskie-północny-06-07-00391,IK01,energy,stacja redukcyjna gazu,1606007,1606,16,50.73803,18.24729,203.0,Paliwa Krajowe S.A. (fikc.),publiczna,K3,56.9,14832,genset,2.0,1.9,0,18.2,1,0,2024-12-16,2,0,1,0,0,37.34
IK-01-00392,stacja redukcyjna gazu mazowieckie-wschodni-02-03-00392,IK01,energy,stacja redukcyjna gazu,1402003,1402,14,51.72092,20.22811,186.6,Operator Przesyłowy S.A. (fikc.),publiczna,K2,69.2,84071,genset,1.5,1.2,0,33.2,1,0,2023-04-09,2,0,1,0,0,42.370000000000005
IK-01-00393,stacja redukcyjna gazu opolskie-miejski-05-01-00393,IK01,energy,stacja redukcyjna gazu,1605001,1605,16,50.43026,17.48894,233.1,OSD Południe (fikc.),prywatna,K3,51.0,26810,none,0.0,0.0,0,22.6,1,0,2024-12-22,2,0,1,0,1,55.400000000000006
IK-01-00394,stacja redukcyjna gazu podlaskie-zachodni-03-05-00394,IK01,energy,stacja redukcyjna gazu,2003005,2003,20,52.98024,23.01272,129.8,Operator Przesyłowy S.A. (fikc.),prywatna,K3,41.1,128526,none,0.0,0.0,0,46.4,1,1,2026-03-01,2,0,1,0,1,51.44
IK-01-00395,stacja redukcyjna gazu świętokrzyskie-miejski-11-05-00395,IK01,energy,stacja redukcyjna gazu,2611005,2611,26,50.97842,19.81535,206.3,Paliwa Krajowe S.A. (fikc.),prywatna,K2,72.4,32041,none,0.0,0.0,0,26.8,0,1,2024-09-18,2,0,1,0,1,63.959999999999994
IK-01-00396,stacja redukcyjna gazu dolnośląskie-północny-12-02-00396,IK01,energy,stacja redukcyjna gazu,0212002,0212,02,51.62202,16.91492,260.7,OSD Zachód (fikc.),prywatna,K3,55.9,31113,genset,2.1,1.8,0,43.8,0,1,2026-01-24,2,0,1,0,0,36.919999999999995
IK-01-00397,stacja redukcyjna gazu lubelskie-wschodni-02-05-00397,IK01,energy,stacja redukcyjna gazu,0602005,0602,06,51.5381,21.52927,242.9,OSD Południe (fikc.),prywatna,K3,51.6,27660,genset,1.7,1.5,0,32.0,1,0,2025-02-12,2,1,1,0,0,35.29
IK-01-00398,stacja redukcyjna gazu podlaskie-centralny-10-05-00398,IK01,energy,stacja redukcyjna gazu,2010005,2010,20,53.2506,23.02193,96.6,Paliwa Krajowe S.A. (fikc.),prywatna,K3,54.9,46749,genset,1.3,1.0,0,17.8,0,1,2025-05-06,2,1,1,0,0,36.69
IK-01-00399,stacja redukcyjna gazu dolnośląskie-centralny-22-06-00399,IK01,energy,stacja redukcyjna gazu,0222006,0222,02,50.56292,16.89532,250.3,Paliwa Krajowe S.A. (fikc.),prywatna,K2,68.7,144633,genset,1.5,1.4,1,35.5,0,1,2023-07-14,2,0,1,0,0,42.17
IK-01-00400,stacja redukcyjna gazu opolskie-południowy-07-02-00400,IK01,energy,stacja redukcyjna gazu,1607002,1607,16,50.71392,18.37474,61.3,Gazoprzesył S.A. (fikc.),prywatna,K2,63.2,39703,none,0.0,0.0,0,27.9,0,1,2023-06-24,2,0,1,0,1,60.28
IK-01-00401,stacja redukcyjna gazu łódzkie-południowy-13-04-00401,IK01,energy,stacja redukcyjna gazu,1013004,1013,10,51.60304,18.60703,51.8,Gazoprzesył S.A. (fikc.),publiczna,K2,61.0,31071,genset,1.1,1.1,0,26.1,1,0,2025-05-18,2,0,1,0,0,39.17
IK-01-00402,stacja redukcyjna gazu dolnośląskie-wschodni-14-01-00402,IK01,energy,stacja redukcyjna gazu,0214001,0214,02,51.24778,17.03771,223.2,OSD Zachód (fikc.),prywatna,K2,68.4,79129,none,0.0,0.0,0,18.0,0,1,2025-02-26,2,0,1,0,1,62.36000000000001
IK-01-00403,stacja redukcyjna gazu małopolskie-zachodni-15-06-00403,IK01,energy,stacja redukcyjna gazu,1215006,1215,12,50.21169,19.30023,52.4,Operator Przesyłowy S.A. (fikc.),prywatna,K3,49.2,35539,genset,1.9,1.9,0,28.4,0,0,2023-07-01,2,0,1,0,0,34.28
IK-01-00404,stacja redukcyjna gazu opolskie-miejski-05-01-00404,IK01,energy,stacja redukcyjna gazu,1605001,1605,16,50.38065,17.39789,245.1,OSD Zachód (fikc.),prywatna,K1,82.9,91580,genset,1.7,1.5,0,30.0,1,0,2026-03-14,2,0,1,0,0,47.81
IK-01-00405,stacja redukcyjna gazu mazowieckie-wschodni-02-05-00405,IK01,energy,stacja redukcyjna gazu,1402005,1402,14,52.02169,20.60876,124.5,Paliwa Krajowe S.A. (fikc.),prywatna,K2,65.6,58819,genset,0.7,0.6,0,20.5,1,1,2023-04-09,2,0,1,0,0,41.089999999999996
IK-01-00406,stacja redukcyjna gazu małopolskie-miejski-05-04-00406,IK01,energy,stacja redukcyjna gazu,1205004,1205,12,49.58087,19.86457,204.0,OSD Południe (fikc.),publiczna,K3,46.9,152795,genset,1.4,1.4,0,31.4,0,1,2023-11-19,2,0,1,0,0,33.47
IK-01-00407,stacja redukcyjna gazu dolnośląskie-zachodni-27-01-00407,IK01,energy,stacja redukcyjna gazu,0227001,0227,02,50.69409,16.31217,166.7,Operator Przesyłowy S.A. (fikc.),publiczna,K3,34.4,52682,none,0.0,0.0,0,35.3,0,1,2023-02-21,2,0,1,0,1,48.76
IK-01-00408,stacja redukcyjna gazu świętokrzyskie-wschodni-14-04-00408,IK01,energy,stacja redukcyjna gazu,2614004,2614,26,50.77719,20.47742,261.0,OSD Południe (fikc.),prywatna,K3,51.3,26898,genset,2.6,2.0,0,9.7,0,0,2025-01-11,2,2,1,0,0,34.98
IK-01-00409,stacja redukcyjna gazu kujawsko-pomorskie-centralny-22-06-00409,IK01,energy,stacja redukcyjna gazu,0422006,0422,04,52.71822,18.78507,233.9,Operator Przesyłowy S.A. (fikc.),prywatna,K3,52.6,59241,genset,1.2,1.1,0,34.6,0,0,2024-04-04,2,0,1,0,0,35.79
IK-01-00410,stacja redukcyjna gazu lubuskie-północny-12-07-00410,IK01,energy,stacja redukcyjna gazu,0812007,0812,08,52.92248,15.4425,305.5,Operator Przesyłowy S.A. (fikc.),prywatna,K3,44.4,42091,genset,2.1,1.5,0,16.7,1,0,2024-12-01,2,1,1,0,0,32.32
IK-01-00411,stacja redukcyjna gazu opolskie-południowy-01-07-00411,IK01,energy,stacja redukcyjna gazu,1601007,1601,16,50.25989,18.01393,55.8,Operator Przesyłowy S.A. (fikc.),prywatna,K3,31.0,30203,genset,2.5,1.9,1,49.7,0,1,2026-07-30,2,0,1,0,0,26.88
IK-01-00412,stacja redukcyjna gazu dolnośląskie-centralny-16-02-00412,IK01,energy,stacja redukcyjna gazu,0216002,0216,02,52.08585,16.70272,226.2,Gazoprzesył S.A. (fikc.),prywatna,K2,61.0,34547,genset,2.6,2.6,1,16.4,1,1,2023-12-05,2,0,1,0,0,38.86
IK-01-00413,stacja redukcyjna gazu opolskie-południowy-07-07-00413,IK01,energy,stacja redukcyjna gazu,1607007,1607,16,51.04709,18.79608,144.1,Operator Przesyłowy S.A. (fikc.),publiczna,K3,35.5,19386,genset,1.9,1.8,0,34.7,0,0,2025-05-16,2,2,1,0,0,28.799999999999997
IK-01-00414,stacja redukcyjna gazu podkarpackie-wschodni-20-02-00414,IK01,energy,stacja redukcyjna gazu,1820002,1820,18,49.9405,21.69259,149.8,OSD Zachód (fikc.),prywatna,K3,46.5,26873,genset,3.5,3.0,0,33.3,0,0,2023-04-28,2,1,1,0,0,32.87
IK-01-00415,stacja redukcyjna gazu mazowieckie-południowy-01-05-00415,IK01,energy,stacja redukcyjna gazu,1401005,1401,14,53.00004,21.15656,212.9,OSD Południe (fikc.),prywatna,K2,73.8,67979,genset,2.3,1.9,0,27.9,1,0,2025-04-28,2,0,1,0,0,44.04
IK-01-00416,stacja redukcyjna gazu warmińsko-mazurskie-zachodni-15-01-00416,IK01,energy,stacja redukcyjna gazu,2815001,2815,28,53.88668,20.34878,180.3,Operator Przesyłowy S.A. (fikc.),prywatna,K3,55.3,90249,genset,2.5,2.0,0,19.3,0,1,2024-06-16,2,0,1,0,0,36.6
IK-01-00417,stacja redukcyjna gazu podkarpackie-południowy-25-06-00417,IK01,energy,stacja redukcyjna gazu,1825006,1825,18,49.69186,22.21635,253.0,OSD Zachód (fikc.),prywatna,K3,52.9,35533,genset,2.1,2.0,0,25.7,0,0,2024-04-05,2,1,1,0,0,35.72
IK-01-00418,stacja redukcyjna gazu warmińsko-mazurskie-północny-18-05-00418,IK01,energy,stacja redukcyjna gazu,2818005,2818,28,53.23933,21.05903,133.0,Operator Przesyłowy S.A. (fikc.),prywatna,K3,38.9,51485,none,0.0,0.0,0,23.0,1,0,2025-09-19,2,2,1,0,1,50.56
IK-01-00419,stacja redukcyjna gazu lubuskie-północny-06-02-00419,IK01,energy,stacja redukcyjna gazu,0806002,0806,08,52.4965,15.23795,216.1,Operator Przesyłowy S.A. (fikc.),prywatna,K3,52.8,66249,genset,1.4,1.4,0,24.6,0,0,2024-11-28,2,0,1,0,0,35.83
IK-01-00420,stacja redukcyjna gazu opolskie-wschodni-02-07-00420,IK01,energy,stacja redukcyjna gazu,1602007,1602,16,50.48682,18.24308,261.6,Gazoprzesył S.A. (fikc.),prywatna,K3,32.7,64145,genset,2.5,1.8,0,41.2,1,0,2023-09-12,2,1,1,0,0,27.560000000000002
IK-02-00421,węzeł szkieletowy telekom mazowieckie-zachodni-15-05-00421,IK02,telecom,węzeł szkieletowy telekom,1415005,1415,14,52.59934,20.83716,62.4,Telko Beta S.A. (fikc.),prywatna,K1,96.0,348488,genset,6.8,5.8,0,21.7,1,1,2023-04-18,2,10,1,1,0,76.98
IK-02-00422,węzeł szkieletowy telekom mazowieckie-zachodni-27-02-00422,IK02,telecom,węzeł szkieletowy telekom,1427002,1427,14,51.53422,20.84467,187.4,Telko Gamma S.A. (fikc.),prywatna,K1,99.0,373480,genset,7.8,6.3,0,13.2,1,1,2025-11-27,4,14,2,0,0,52.96999999999999
IK-02-00423,węzeł szkieletowy telekom warmińsko-mazurskie-południowy-07-02-00423,IK02,telecom,węzeł szkieletowy telekom,2807002,2807,28,53.51826,21.25521,221.3,Telko Alfa S.A. (fikc.),prywatna,K1,96.4,326647,none,0.0,0.0,0,19.9,1,0,2025-05-29,3,27,2,0,1,73.56
IK-02-00424,węzeł szkieletowy telekom dolnośląskie-wschodni-02-04-00424,IK02,telecom,węzeł szkieletowy telekom,0202004,0202,02,51.22381,17.56829,159.7,Telko Gamma S.A. (fikc.),publiczna,K1,85.3,371843,genset,10.2,7.7,1,11.9,1,1,2024-10-18,3,18,1,1,0,72.0
IK-02-00425,węzeł szkieletowy telekom zachodniopomorskie-wschodni-20-03-00425,IK02,telecom,węzeł szkieletowy telekom,3220003,3220,32,52.97322,15.21483,160.4,Telko Alfa S.A. (fikc.),prywatna,K1,87.2,448442,genset,8.7,8.1,0,2.0,1,1,2024-09-24,3,14,2,0,0,48.07
IK-02-00426,węzeł szkieletowy telekom opolskie-zachodni-09-06-00426,IK02,telecom,węzeł szkieletowy telekom,1609006,1609,16,50.88647,19.28269,56.6,Telko Beta S.A. (fikc.),prywatna,K1,81.7,290271,genset,11.3,10.2,1,7.0,0,1,2024-11-07,2,4,1,1,0,70.33
IK-02-00427,węzeł szkieletowy telekom opolskie-południowy-01-01-00427,IK02,telecom,węzeł szkieletowy telekom,1601001,1601,16,50.30117,17.83361,276.4,Telko Alfa S.A. (fikc.),prywatna,K2,79.4,1431113,genset,8.3,6.8,1,18.9,1,0,2025-02-05,2,17,1,1,0,70.03
IK-02-00428,węzeł szkieletowy telekom lubelskie-miejski-05-01-00428,IK02,telecom,węzeł szkieletowy telekom,0605001,0605,06,51.17441,22.13137,37.2,Telko Gamma S.A. (fikc.),prywatna,K1,98.5,1135618,genset,7.7,6.2,0,2.2,1,0,2025-03-07,3,16,2,0,0,52.800000000000004
IK-02-00429,węzeł szkieletowy telekom zachodniopomorskie-centralny-04-02-00429,IK02,telecom,węzeł szkieletowy telekom,3204002,3204,32,52.95609,15.38515,147.7,Telko Alfa S.A. (fikc.),prywatna,K1,81.3,615609,genset,10.2,10.1,0,16.6,1,1,2024-07-09,3,8,2,0,0,45.4
IK-02-00430,węzeł szkieletowy telekom lubelskie-centralny-04-05-00430,IK02,telecom,węzeł szkieletowy telekom,0604005,0604,06,51.20709,21.82645,101.8,Telko Beta S.A. (fikc.),prywatna,K1,83.0,1386426,genset,10.5,8.1,0,9.6,1,1,2023-07-26,3,10,1,1,0,71.00999999999999
IK-02-00431,węzeł szkieletowy telekom opolskie-północny-12-06-00431,IK02,telecom,węzeł szkieletowy telekom,1612006,1612,16,50.61148,18.75921,121.1,Telko Alfa S.A. (fikc.),publiczna,K2,71.4,580767,genset,7.6,7.2,0,12.6,1,1,2026-07-23,4,6,2,0,0,41.980000000000004
IK-02-00432,węzeł szkieletowy telekom wielkopolskie-południowy-13-04-00432,IK02,telecom,węzeł szkieletowy telekom,3013004,3013,30,52.11809,16.41257,263.9,Telko Beta S.A. (fikc.),prywatna,K1,89.0,840800,genset,7.1,5.5,0,5.2,1,1,2024-09-06,3,6,1,1,0,74.11999999999999
IK-02-00433,węzeł szkieletowy telekom wielkopolskie-zachodni-03-01-00433,IK02,telecom,węzeł szkieletowy telekom,3003001,3003,30,53.05071,16.30801,201.8,Telko Alfa S.A. (fikc.),prywatna,K1,82.4,324471,genset,7.6,6.3,0,14.3,1,1,2025-09-24,2,9,1,1,0,71.38
IK-02-00434,węzeł szkieletowy telekom małopolskie-wschodni-02-04-00434,IK02,telecom,węzeł szkieletowy telekom,1202004,1202,12,50.28133,20.62074,30.2,Telko Beta S.A. (fikc.),prywatna,K1,87.4,375064,genset,7.7,7.1,0,5.3,1,1,2023-10-05,2,17,1,1,0,73.36
IK-02-00435,węzeł szkieletowy telekom śląskie-miejski-35-02-00435,IK02,telecom,węzeł szkieletowy telekom,2435002,2435,24,50.51063,18.32362,224.5,Telko Gamma S.A. (fikc.),prywatna,K2,77.2,364682,genset,6.2,5.4,0,16.7,0,0,2023-11-16,2,3,1,1,0,69.59
IK-02-00436,węzeł szkieletowy telekom dolnośląskie-północny-12-04-00436,IK02,telecom,węzeł szkieletowy telekom,0212004,0212,02,51.42872,16.84805,188.4,Telko Beta S.A. (fikc.),prywatna,K1,95.5,301355,genset,8.5,6.1,1,23.7,1,1,2025-02-16,2,5,1,1,0,76.42999999999999
IK-02-00437,węzeł szkieletowy telekom lubuskie-wschodni-02-06-00437,IK02,telecom,węzeł szkieletowy telekom,0802006,0802,08,52.43629,16.4027,86.8,Telko Alfa S.A. (fikc.),prywatna,K2,64.3,955594,genset,8.5,7.8,0,20.0,1,1,2024-10-12,2,3,1,1,0,63.949999999999996
IK-02-00438,węzeł szkieletowy telekom dolnośląskie-północny-06-01-00438,IK02,telecom,węzeł szkieletowy telekom,0206001,0206,02,51.30966,17.32259,286.6,Telko Gamma S.A. (fikc.),prywatna,K1,99.0,592036,genset,11.3,9.0,1,18.9,0,1,2025-05-23,3,18,1,1,0,77.25
IK-02-00439,węzeł szkieletowy telekom dolnośląskie-północny-24-05-00439,IK02,telecom,węzeł szkieletowy telekom,0224005,0224,02,51.55157,17.0851,228.0,Telko Alfa S.A. (fikc.),prywatna,K1,94.7,553959,genset,7.4,5.4,1,13.0,1,1,2026-02-05,2,18,1,1,0,76.34
IK-02-00440,węzeł szkieletowy telekom pomorskie-wschodni-08-04-00440,IK02,telecom,węzeł szkieletowy telekom,2208004,2208,22,54.74128,19.26849,281.8,Telko Beta S.A. (fikc.),prywatna,K1,81.1,1729654,genset,9.5,6.8,0,7.6,1,1,2024-03-11,3,16,1,1,0,70.46
IK-02-00441,węzeł szkieletowy telekom podkarpackie-centralny-04-03-00441,IK02,telecom,węzeł szkieletowy telekom,1804003,1804,18,50.00383,20.96419,187.2,Telko Beta S.A. (fikc.),prywatna,K1,91.0,595236,genset,4.0,3.9,0,23.0,1,1,2025-01-12,2,16,1,1,0,75.57000000000001
IK-02-00442,węzeł szkieletowy telekom pomorskie-centralny-04-06-00442,IK02,telecom,węzeł szkieletowy telekom,2204006,2204,22,54.21942,18.66955,101.4,Telko Alfa S.A. (fikc.),prywatna,K1,87.9,633407,genset,9.7,8.7,0,9.6,1,1,2024-07-17,3,25,2,0,0,48.14
IK-02-00443,węzeł szkieletowy telekom dolnośląskie-zachodni-15-05-00443,IK02,telecom,węzeł szkieletowy telekom,0215005,0215,02,51.29088,17.50076,324.7,Telko Beta S.A. (fikc.),prywatna,K2,77.9,256925,genset,9.0,8.3,0,32.7,1,1,2024-05-20,3,16,1,1,0,69.28999999999999
IK-02-00444,węzeł szkieletowy telekom wielkopolskie-północny-12-04-00444,IK02,telecom,węzeł szkieletowy telekom,3012004,3012,30,52.66875,16.99774,297.7,Telko Beta S.A. (fikc.),prywatna,K1,87.2,307422,genset,12.4,9.7,0,11.4,1,1,2025-05-08,3,22,1,1,0,72.3
IK-02-00445,węzeł szkieletowy telekom dolnośląskie-wschodni-26-02-00445,IK02,telecom,węzeł szkieletowy telekom,0226002,0226,02,51.27184,17.30691,240.1,Telko Beta S.A. (fikc.),prywatna,K2,73.6,275013,genset,9.9,7.4,1,11.5,0,0,2024-10-19,4,13,2,0,0,42.38
IK-02-00446,węzeł szkieletowy telekom opolskie-wschodni-08-05-00446,IK02,telecom,węzeł szkieletowy telekom,1608005,1608,16,50.91599,18.57163,109.6,Telko Gamma S.A. (fikc.),prywatna,K1,99.0,572669,genset,7.7,5.7,0,10.5,1,1,2025-12-20,4,12,2,0,0,53.0
IK-02-00447,węzeł szkieletowy telekom małopolskie-miejski-05-01-00447,IK02,telecom,węzeł szkieletowy telekom,1205001,1205,12,49.76691,19.48531,194.2,Telko Alfa S.A. (fikc.),publiczna,K1,93.6,495230,genset,11.2,7.9,0,11.3,0,1,2024-01-05,3,22,1,1,0,75.11
IK-02-00448,węzeł szkieletowy telekom kujawsko-pomorskie-północny-06-06-00448,IK02,telecom,węzeł szkieletowy telekom,0406006,0406,04,52.55908,18.12313,194.0,Telko Alfa S.A. (fikc.),prywatna,K3,50.1,774579,genset,7.3,5.6,0,13.5,1,1,2025-06-30,2,19,1,1,0,58.52
IK-02-00449,węzeł szkieletowy telekom opolskie-wschodni-08-05-00449,IK02,telecom,węzeł szkieletowy telekom,1608005,1608,16,50.95939,18.67603,155.1,Telko Gamma S.A. (fikc.),prywatna,K1,99.0,714656,genset,4.8,4.0,1,22.9,1,1,2024-03-17,2,9,1,1,0,78.60000000000001
IK-02-00450,węzeł szkieletowy telekom zachodniopomorskie-północny-18-01-00450,IK02,telecom,węzeł szkieletowy telekom,3218001,3218,32,53.06157,15.98672,246.9,Telko Gamma S.A. (fikc.),prywatna,K2,77.6,1133707,genset,6.7,6.1,0,18.6,0,0,2025-03-09,2,3,1,1,0,69.64
IK-02-00451,węzeł szkieletowy telekom wielkopolskie-wschodni-08-05-00451,IK02,telecom,węzeł szkieletowy telekom,3008005,3008,30,52.30947,16.92303,141.0,Telko Gamma S.A. (fikc.),prywatna,K2,75.0,629889,genset,10.4,7.8,0,27.1,1,1,2023-03-27,2,17,1,1,0,67.83
IK-02-00452,węzeł szkieletowy telekom świętokrzyskie-wschodni-08-04-00452,IK02,telecom,węzeł szkieletowy telekom,2608004,2608,26,51.83474,19.63862,49.5,Telko Gamma S.A. (fikc.),prywatna,K2,75.4,258255,genset,7.7,6.3,0,32.1,1,0,2026-02-01,3,17,2,0,0,43.56
IK-02-00453,węzeł szkieletowy telekom dolnośląskie-wschodni-26-01-00453,IK02,telecom,węzeł szkieletowy telekom,0226001,0226,02,51.11046,17.28326,225.8,Telko Gamma S.A. (fikc.),prywatna,K1,88.1,420614,genset,6.9,5.4,0,11.2,1,0,2025-01-29,3,19,2,0,0,48.8
IK-02-00454,węzeł szkieletowy telekom łódzkie-północny-18-05-00454,IK02,telecom,węzeł szkieletowy telekom,1018005,1018,10,52.00029,20.14316,13.3,Telko Beta S.A. (fikc.),prywatna,K2,76.9,1158639,genset,7.1,6.4,0,2.0,1,0,2026-05-05,2,18,1,1,0,69.28
IK-02-00455,węzeł szkieletowy telekom dolnośląskie-miejski-05-01-00455,IK02,telecom,węzeł szkieletowy telekom,0205001,0205,02,51.12304,17.07298,117.5,Telko Beta S.A. (fikc.),prywatna,K1,99.0,240854,none,0.0,0.0,1,10.5,1,1,2024-07-27,2,6,1,1,1,99.6
IK-02-00456,węzeł szkieletowy telekom wielkopolskie-wschodni-02-06-00456,IK02,telecom,węzeł szkieletowy telekom,3002006,3002,30,53.09669,16.92174,137.3,Telko Alfa S.A. (fikc.),prywatna,K1,91.0,451183,none,0.0,0.0,0,13.9,1,1,2025-02-13,2,7,1,1,1,96.39999999999999
IK-02-00457,węzeł szkieletowy telekom podkarpackie-południowy-13-03-00457,IK02,telecom,węzeł szkieletowy telekom,1813003,1813,18,49.78131,22.83201,174.6,Telko Alfa S.A. (fikc.),prywatna,K1,92.9,380896,genset,8.0,6.7,0,13.0,1,0,2025-12-28,3,17,1,1,0,75.49
IK-02-00458,węzeł szkieletowy telekom opolskie-południowy-07-02-00458,IK02,telecom,węzeł szkieletowy telekom,1607002,1607,16,50.68104,18.49781,111.1,Telko Gamma S.A. (fikc.),prywatna,K1,91.3,456627,genset,6.4,4.7,1,2.0,1,1,2023-06-03,2,14,1,1,0,75.19
IK-02-00459,węzeł szkieletowy telekom lubuskie-wschodni-08-07-00459,IK02,telecom,węzeł szkieletowy telekom,0808007,0808,08,52.26223,15.42053,47.0,Telko Gamma S.A. (fikc.),prywatna,K2,72.1,644867,genset,6.3,5.2,0,17.1,0,0,2023-03-29,4,14,2,0,0,42.53
IK-02-00460,węzeł szkieletowy telekom opolskie-zachodni-09-06-00460,IK02,telecom,węzeł szkieletowy telekom,1609006,1609,16,50.97364,19.31158,304.7,Telko Beta S.A. (fikc.),prywatna,K1,88.9,361124,genset,8.0,6.3,0,14.4,1,1,2025-11-13,2,4,1,1,0,73.89
IK-02-00461,węzeł szkieletowy telekom świętokrzyskie-centralny-04-02-00461,IK02,telecom,węzeł szkieletowy telekom,2604002,2604,26,51.1139,21.70542,4.0,Telko Gamma S.A. (fikc.),prywatna,K1,88.3,923459,genset,7.1,6.2,0,17.1,1,1,2025-10-05,2,7,1,1,0,73.83999999999999
IK-02-00462,węzeł szkieletowy telekom dolnośląskie-miejski-23-03-00462,IK02,telecom,węzeł szkieletowy telekom,0223003,0223,02,51.22326,16.89087,169.1,Telko Alfa S.A. (fikc.),prywatna,K2,70.4,841759,genset,9.3,8.8,0,30.9,1,1,2023-05-03,3,13,1,1,0,66.22
IK-02-00463,węzeł szkieletowy telekom dolnośląskie-północny-24-04-00463,IK02,telecom,węzeł szkieletowy telekom,0224004,0224,02,51.42625,16.90859,85.9,Telko Alfa S.A. (fikc.),prywatna,K1,88.0,619224,genset,3.8,3.5,0,16.2,1,1,2024-09-24,2,4,1,1,0,74.41
IK-02-00464,węzeł szkieletowy telekom dolnośląskie-południowy-19-04-00464,IK02,telecom,węzeł szkieletowy telekom,0219004,0219,02,51.16718,16.62792,218.2,Telko Beta S.A. (fikc.),prywatna,K1,82.3,1074360,genset,10.8,9.7,1,17.6,0,1,2025-11-16,2,16,1,1,0,70.67
IK-02-00465,węzeł szkieletowy telekom dolnośląskie-południowy-19-01-00465,IK02,telecom,węzeł szkieletowy telekom,0219001,0219,02,51.04987,16.73136,148.5,Telko Alfa S.A. (fikc.),prywatna,K1,92.9,392708,genset,9.3,8.9,1,16.8,1,1,2025-03-18,2,26,1,1,0,75.22
IK-02-00466,węzeł szkieletowy telekom lubelskie-północny-18-07-00466,IK02,telecom,węzeł szkieletowy telekom,0618007,0618,06,51.49544,21.86842,158.8,Telko Beta S.A. (fikc.),publiczna,K1,80.8,734157,genset,2.0,1.9,0,2.0,1,0,2026-01-17,3,9,1,1,0,71.89999999999999
IK-02-00467,węzeł szkieletowy telekom opolskie-miejski-05-03-00467,IK02,telecom,węzeł szkieletowy telekom,1605003,1605,16,50.42153,17.88165,191.5,Telko Beta S.A. (fikc.),publiczna,K2,66.8,420037,genset,7.5,7.0,1,16.6,1,1,2026-03-05,3,25,1,1,0,65.16
IK-02-00468,węzeł szkieletowy telekom podkarpackie-wschodni-02-06-00468,IK02,telecom,węzeł szkieletowy telekom,1802006,1802,18,49.33797,21.51171,82.2,Telko Gamma S.A. (fikc.),prywatna,K1,83.0,944801,genset,11.4,9.0,0,9.6,1,1,2024-07-04,3,11,1,1,0,70.83
IK-02-00469,węzeł szkieletowy telekom dolnośląskie-zachodni-09-02-00469,IK02,telecom,węzeł szkieletowy telekom,0209002,0209,02,51.36273,16.67194,146.2,Telko Gamma S.A. (fikc.),prywatna,K2,76.3,557082,genset,6.4,5.7,1,25.3,1,0,2026-02-06,2,7,1,1,0,69.19
IK-02-00470,węzeł szkieletowy telekom świętokrzyskie-zachodni-09-04-00470,IK02,telecom,węzeł szkieletowy telekom,2609004,2609,26,50.33736,20.47862,184.1,Telko Alfa S.A. (fikc.),prywatna,K1,88.6,598978,none,0.0,0.0,0,7.6,1,1,2026-05-30,2,25,1,1,1,95.44
IK-02-00471,węzeł szkieletowy telekom opolskie-wschodni-02-04-00471,IK02,telecom,węzeł szkieletowy telekom,1602004,1602,16,50.76207,17.96258,82.6,Telko Beta S.A. (fikc.),prywatna,K1,85.3,433732,genset,5.4,5.4,0,16.3,0,0,2024-07-29,3,21,1,1,0,73.0
IK-02-00472,węzeł szkieletowy telekom dolnośląskie-miejski-17-02-00472,IK02,telecom,węzeł szkieletowy telekom,0217002,0217,02,51.01877,16.61634,164.8,Telko Gamma S.A. (fikc.),prywatna,K2,65.5,1833172,genset,11.1,8.1,1,6.6,1,0,2025-07-03,2,23,1,1,0,63.89
IK-02-00473,węzeł szkieletowy telekom opolskie-zachodni-09-02-00473,IK02,telecom,węzeł szkieletowy telekom,1609002,1609,16,50.90731,19.25625,221.8,Telko Alfa S.A. (fikc.),prywatna,K1,80.9,366293,genset,7.5,7.3,1,2.0,1,0,2025-05-18,3,7,1,1,0,70.8
IK-02-00474,węzeł szkieletowy telekom zachodniopomorskie-centralny-10-04-00474,IK02,telecom,węzeł szkieletowy telekom,3210004,3210,32,53.71008,15.10609,92.3,Telko Beta S.A. (fikc.),prywatna,K1,90.5,219107,genset,6.9,6.4,0,16.4,1,1,2024-09-04,3,10,2,0,0,49.76
IK-02-00475,węzeł szkieletowy telekom lubuskie-centralny-10-01-00475,IK02,telecom,węzeł szkieletowy telekom,0810001,0810,08,52.07329,14.39625,224.3,Telko Gamma S.A. (fikc.),prywatna,K2,72.0,661608,none,0.0,0.0,0,39.8,1,0,2023-09-17,3,10,2,0,1,63.800000000000004
IK-02-00476,węzeł szkieletowy telekom dolnośląskie-centralny-04-06-00476,IK02,telecom,węzeł szkieletowy telekom,0204006,0204,02,51.08428,17.0691,104.1,Telko Beta S.A. (fikc.),prywatna,K2,79.3,1252150,none,0.0,0.0,0,12.3,1,0,2024-09-13,2,12,1,1,1,91.72
IK-02-00477,węzeł szkieletowy telekom warmińsko-mazurskie-południowy-01-05-00477,IK02,telecom,węzeł szkieletowy telekom,2801005,2801,28,54.04098,20.62131,113.0,Telko Gamma S.A. (fikc.),prywatna,K2,73.9,598829,genset,8.3,8.1,0,5.9,1,1,2023-09-03,3,17,1,1,0,67.83
IK-02-00478,węzeł szkieletowy telekom dolnośląskie-zachodni-21-01-00478,IK02,telecom,węzeł szkieletowy telekom,0221001,0221,02,51.4857,17.03261,214.5,Telko Alfa S.A. (fikc.),prywatna,K1,99.0,783517,genset,8.0,7.2,1,12.9,1,1,2024-06-29,4,19,2,0,0,52.93
IK-02-00479,węzeł szkieletowy telekom dolnośląskie-centralny-04-03-00479,IK02,telecom,węzeł szkieletowy telekom,0204003,0204,02,51.20186,17.01581,140.9,Telko Gamma S.A. (fikc.),prywatna,K1,95.8,772966,genset,10.0,7.3,0,7.8,0,1,2024-11-22,2,15,1,1,0,76.24
IK-02-00480,węzeł szkieletowy telekom podlaskie-miejski-11-06-00480,IK02,telecom,węzeł szkieletowy telekom,2011006,2011,20,53.7884,24.20108,252.1,Telko Gamma S.A. (fikc.),prywatna,K2,65.5,342189,genset,10.7,10.4,0,17.7,1,0,2025-04-03,2,12,1,1,0,63.970000000000006
IK-02-00481,węzeł agregacyjny/RAN hub mazowieckie-centralny-34-03-00481,IK02,telecom,węzeł agregacyjny/RAN hub,1434003,1434,14,51.30057,21.14293,144.7,Telko Beta S.A. (fikc.),prywatna,K3,55.5,62938,battery,3.4,0.0,0,24.4,0,0,2023-03-02,2,0,1,1,0,61.49
IK-02-00482,węzeł agregacyjny/RAN hub śląskie-północny-36-02-00482,IK02,telecom,węzeł agregacyjny/RAN hub,2436002,2436,24,50.70988,19.3731,118.2,Telko Alfa S.A. (fikc.),prywatna,K2,64.3,28202,battery,3.3,0.0,0,13.4,1,0,2026-01-03,2,0,1,1,0,65.03
IK-02-00483,węzeł agregacyjny/RAN hub opolskie-zachodni-09-03-00483,IK02,telecom,węzeł agregacyjny/RAN hub,1609003,1609,16,51.00092,19.13785,4.0,Telko Beta S.A. (fikc.),prywatna,K3,55.6,26693,battery,6.6,0.0,0,3.8,0,0,2026-05-02,4,3,2,0,0,35.870000000000005
IK-02-00484,węzeł agregacyjny/RAN hub zachodniopomorskie-centralny-16-02-00484,IK02,telecom,węzeł agregacyjny/RAN hub,3216002,3216,32,53.31479,14.12432,126.3,Telko Gamma S.A. (fikc.),prywatna,K2,64.6,26413,battery,3.8,0.0,0,19.4,1,0,2024-01-08,2,11,1,1,0,65.05
IK-02-00485,węzeł agregacyjny/RAN hub śląskie-południowy-31-04-00485,IK02,telecom,węzeł agregacyjny/RAN hub,2431004,2431,24,50.16865,18.65476,65.0,Telko Beta S.A. (fikc.),prywatna,K3,41.4,46336,battery,3.9,0.0,0,18.3,0,0,2023-07-16,2,4,1,1,0,55.75
IK-02-00486,węzeł agregacyjny/RAN hub lubuskie-wschodni-02-06-00486,IK02,telecom,węzeł agregacyjny/RAN hub,0802006,0802,08,52.4389,16.30695,79.6,Telko Gamma S.A. (fikc.),prywatna,K2,74.7,81286,battery,4.2,0.0,0,11.8,1,0,2024-10-04,3,1,1,1,0,69.0
IK-02-00487,węzeł agregacyjny/RAN hub opolskie-miejski-05-01-00487,IK02,telecom,węzeł agregacyjny/RAN hub,1605001,1605,16,50.41397,17.53248,127.5,Telko Alfa S.A. (fikc.),prywatna,K3,51.5,28884,battery,2.3,0.0,0,26.7,0,0,2026-03-02,3,1,1,1,0,60.12
IK-02-00488,węzeł agregacyjny/RAN hub pomorskie-wschodni-08-04-00488,IK02,telecom,węzeł agregacyjny/RAN hub,2208004,2208,22,54.77501,19.1916,87.0,Telko Gamma S.A. (fikc.),prywatna,K2,64.0,44518,battery,2.0,0.0,0,18.5,1,1,2023-11-27,3,3,1,1,0,65.18
IK-02-00489,węzeł agregacyjny/RAN hub podlaskie-północny-12-05-00489,IK02,telecom,węzeł agregacyjny/RAN hub,2012005,2012,20,53.10579,23.0823,104.8,Telko Gamma S.A. (fikc.),prywatna,K2,67.5,39329,none,0.0,0.0,0,30.3,1,1,2025-03-12,3,10,1,1,1,87.0
IK-02-00490,węzeł agregacyjny/RAN hub śląskie-północny-30-06-00490,IK02,telecom,węzeł agregacyjny/RAN hub,2430006,2430,24,50.6321,19.3927,75.8,Telko Alfa S.A. (fikc.),prywatna,K3,43.6,48100,battery,4.8,0.0,0,15.5,0,1,2025-01-20,2,2,1,1,0,56.44
IK-02-00491,węzeł agregacyjny/RAN hub kujawsko-pomorskie-południowy-07-01-00491,IK02,telecom,węzeł agregacyjny/RAN hub,0407001,0407,04,52.80805,18.70403,187.2,Telko Beta S.A. (fikc.),prywatna,K3,49.7,50789,battery,5.1,0.0,0,26.1,0,1,2025-04-11,2,1,1,1,0,58.81999999999999
IK-02-00492,węzeł agregacyjny/RAN hub łódzkie-zachodni-15-07-00492,IK02,telecom,węzeł agregacyjny/RAN hub,1015007,1015,10,52.03881,18.5978,111.8,Telko Alfa S.A. (fikc.),prywatna,K3,41.8,65848,none,0.0,0.0,0,16.9,0,0,2026-05-29,4,1,2,0,1,51.72
IK-02-00493,węzeł agregacyjny/RAN hub podkarpackie-wschodni-08-03-00493,IK02,telecom,węzeł agregacyjny/RAN hub,1808003,1808,18,50.26264,21.89229,85.4,Telko Alfa S.A. (fikc.),prywatna,K3,47.3,24706,battery,6.9,0.0,0,5.2,1,1,2024-08-11,2,1,1,1,0,57.48
IK-02-00494,węzeł agregacyjny/RAN hub dolnośląskie-miejski-05-03-00494,IK02,telecom,węzeł agregacyjny/RAN hub,0205003,0205,02,51.06075,16.54752,263.1,Telko Beta S.A. (fikc.),prywatna,K3,51.3,27623,battery,3.3,0.0,0,12.6,0,1,2026-02-07,4,7,2,0,0,34.83
IK-02-00495,węzeł agregacyjny/RAN hub mazowieckie-centralny-34-04-00495,IK02,telecom,węzeł agregacyjny/RAN hub,1434004,1434,14,51.08247,21.43129,230.9,Telko Alfa S.A. (fikc.),prywatna,K3,53.0,39563,none,0.0,0.0,0,22.0,0,0,2023-04-26,3,0,2,0,1,56.2
IK-02-00496,węzeł agregacyjny/RAN hub pomorskie-zachodni-03-02-00496,IK02,telecom,węzeł agregacyjny/RAN hub,2203002,2203,22,54.57498,18.22803,82.3,Telko Beta S.A. (fikc.),prywatna,K3,44.6,66932,battery,6.3,0.0,0,12.1,1,0,2023-02-22,3,13,1,1,0,56.53
IK-02-00497,węzeł agregacyjny/RAN hub kujawsko-pomorskie-centralny-22-04-00497,IK02,telecom,węzeł agregacyjny/RAN hub,0422004,0422,04,52.87006,19.08451,174.0,Telko Alfa S.A. (fikc.),prywatna,K3,54.3,45666,battery,3.5,0.0,0,14.6,1,1,2024-04-03,3,2,1,1,0,60.99
IK-02-00498,węzeł agregacyjny/RAN hub opolskie-zachodni-09-02-00498,IK02,telecom,węzeł agregacyjny/RAN hub,1609002,1609,16,50.97201,19.17703,234.1,Telko Beta S.A. (fikc.),prywatna,K3,38.3,15606,battery,3.9,0.0,1,26.5,0,0,2023-12-01,2,1,1,1,0,54.510000000000005
IK-02-00499,węzeł agregacyjny/RAN hub opolskie-miejski-11-06-00499,IK02,telecom,węzeł agregacyjny/RAN hub,1611006,1611,16,51.32802,17.83026,160.6,Telko Gamma S.A. (fikc.),prywatna,K2,71.6,50163,none,0.0,0.0,1,23.0,1,1,2025-10-01,3,1,2,0,1,63.63999999999999
IK-02-00500,węzeł agregacyjny/RAN hub łódzkie-południowy-19-02-00500,IK02,telecom,węzeł agregacyjny/RAN hub,1019002,1019,10,51.67697,19.04471,158.3,Telko Alfa S.A. (fikc.),prywatna,K3,49.9,112703,battery,5.0,0.0,0,28.7,1,1,2023-11-05,3,6,2,0,0,33.92
IK-02-00501,węzeł agregacyjny/RAN hub kujawsko-pomorskie-zachodni-21-02-00501,IK02,telecom,węzeł agregacyjny/RAN hub,0421002,0421,04,52.85192,19.14151,203.3,Telko Beta S.A. (fikc.),prywatna,K3,51.9,60582,battery,3.9,0.0,0,17.0,1,0,2025-03-22,2,4,1,1,0,59.95
IK-02-00502,węzeł agregacyjny/RAN hub zachodniopomorskie-wschodni-20-05-00502,IK02,telecom,węzeł agregacyjny/RAN hub,3220005,3220,32,52.82903,14.9801,244.6,Telko Gamma S.A. (fikc.),prywatna,K3,41.6,58471,battery,2.3,0.0,0,11.3,0,0,2023-04-08,3,4,1,1,0,56.16
IK-02-00503,węzeł agregacyjny/RAN hub małopolskie-centralny-22-02-00503,IK02,telecom,węzeł agregacyjny/RAN hub,1222002,1222,12,50.17583,20.96044,39.0,Telko Alfa S.A. (fikc.),prywatna,K2,62.8,30042,battery,1.7,0.0,0,17.9,1,0,2026-07-02,2,3,1,1,0,64.77000000000001
IK-02-00504,węzeł agregacyjny/RAN hub łódzkie-centralny-04-06-00504,IK02,telecom,węzeł agregacyjny/RAN hub,1004006,1004,10,51.34421,20.25957,273.5,Telko Beta S.A. (fikc.),prywatna,K3,41.4,65869,battery,5.7,0.0,0,4.8,1,0,2023-07-28,3,3,1,1,0,55.37
IK-02-00505,węzeł agregacyjny/RAN hub pomorskie-miejski-11-05-00505,IK02,telecom,węzeł agregacyjny/RAN hub,2211005,2211,22,53.84139,19.04029,137.8,Telko Beta S.A. (fikc.),prywatna,K2,60.4,48044,battery,3.0,0.0,0,30.6,1,1,2023-05-11,4,4,2,0,0,38.53
IK-02-00506,węzeł agregacyjny/RAN hub warmińsko-mazurskie-zachodni-21-06-00506,IK02,telecom,węzeł agregacyjny/RAN hub,2821006,2821,28,54.00824,19.48397,153.6,Telko Gamma S.A. (fikc.),prywatna,K3,50.6,33022,battery,6.3,0.0,0,15.4,0,1,2023-08-22,3,7,2,0,0,33.93
IK-02-00507,węzeł agregacyjny/RAN hub opolskie-miejski-05-04-00507,IK02,telecom,węzeł agregacyjny/RAN hub,1605004,1605,16,50.29004,17.27927,158.6,Telko Beta S.A. (fikc.),prywatna,K3,51.2,16682,none,0.0,0.0,1,16.2,0,0,2025-02-13,3,2,2,0,1,55.48
IK-02-00508,węzeł agregacyjny/RAN hub świętokrzyskie-wschodni-08-02-00508,IK02,telecom,węzeł agregacyjny/RAN hub,2608002,2608,26,51.57379,19.75349,135.4,Telko Beta S.A. (fikc.),prywatna,K3,49.7,79708,battery,2.5,0.0,0,6.8,0,0,2026-04-23,2,1,1,1,0,59.36
IK-02-00509,węzeł agregacyjny/RAN hub dolnośląskie-miejski-17-04-00509,IK02,telecom,węzeł agregacyjny/RAN hub,0217004,0217,02,50.75643,16.31397,80.0,Telko Alfa S.A. (fikc.),prywatna,K3,38.1,56835,battery,4.0,0.0,0,11.1,0,1,2023-09-06,3,6,2,0,0,29.409999999999997
IK-02-00510,węzeł agregacyjny/RAN hub łódzkie-centralny-16-01-00510,IK02,telecom,węzeł agregacyjny/RAN hub,1016001,1016,10,51.91943,19.33764,73.0,Telko Gamma S.A. (fikc.),prywatna,K3,52.0,16041,battery,4.0,0.0,0,15.9,1,0,2024-06-12,2,3,1,1,0,59.97
IK-02-00511,węzeł agregacyjny/RAN hub opolskie-centralny-10-03-00511,IK02,telecom,węzeł agregacyjny/RAN hub,1610003,1610,16,50.85001,17.1074,216.1,Telko Beta S.A. (fikc.),prywatna,K3,47.4,52941,battery,3.9,0.0,1,29.1,0,1,2025-12-03,3,8,1,1,0,58.15
IK-02-00512,węzeł agregacyjny/RAN hub pomorskie-centralny-16-02-00512,IK02,telecom,węzeł agregacyjny/RAN hub,2216002,2216,22,53.8204,18.3758,68.7,Telko Gamma S.A. (fikc.),prywatna,K3,28.2,50255,battery,4.5,0.0,0,4.8,1,0,2024-06-02,2,7,1,1,0,50.339999999999996
IK-02-00513,węzeł agregacyjny/RAN hub mazowieckie-zachodni-15-05-00513,IK02,telecom,węzeł agregacyjny/RAN hub,1415005,1415,14,52.63868,20.78315,86.0,Telko Alfa S.A. (fikc.),prywatna,K3,45.1,32828,none,0.0,0.0,0,24.5,1,0,2024-08-17,2,4,1,1,1,78.03999999999999
IK-02-00514,węzeł agregacyjny/RAN hub podlaskie-zachodni-15-04-00514,IK02,telecom,węzeł agregacyjny/RAN hub,2015004,2015,20,52.8989,22.56364,112.8,Telko Beta S.A. (fikc.),prywatna,K2,59.8,50725,battery,5.1,0.0,0,9.3,1,1,2024-11-30,2,4,1,1,0,62.86000000000001
IK-02-00515,węzeł agregacyjny/RAN hub opolskie-zachodni-03-03-00515,IK02,telecom,węzeł agregacyjny/RAN hub,1603003,1603,16,51.09744,17.34693,147.1,Telko Gamma S.A. (fikc.),publiczna,K3,47.6,76912,battery,5.2,0.0,1,7.3,0,1,2025-09-07,2,3,1,1,0,57.96
IK-02-00516,węzeł agregacyjny/RAN hub małopolskie-południowy-19-03-00516,IK02,telecom,węzeł agregacyjny/RAN hub,1219003,1219,12,50.25,20.10683,236.9,Telko Gamma S.A. (fikc.),prywatna,K2,69.6,100772,battery,4.6,0.0,0,2.0,1,1,2023-03-14,3,4,1,1,0,66.88
IK-02-00517,węzeł agregacyjny/RAN hub opolskie-północny-12-05-00517,IK02,telecom,węzeł agregacyjny/RAN hub,1612005,1612,16,50.97983,18.86057,106.7,Telko Beta S.A. (fikc.),prywatna,K3,36.0,65432,battery,3.5,0.0,1,18.5,0,1,2025-08-06,2,2,1,1,0,53.669999999999995
IK-02-00518,węzeł agregacyjny/RAN hub lubuskie-wschodni-14-07-00518,IK02,telecom,węzeł agregacyjny/RAN hub,0814007,0814,08,52.55148,15.67293,110.5,Telko Beta S.A. (fikc.),prywatna,K3,46.1,52598,battery,5.4,0.0,0,27.2,1,0,2025-01-10,2,7,1,1,0,57.32000000000001
IK-02-00519,węzeł agregacyjny/RAN hub dolnośląskie-zachodni-21-04-00519,IK02,telecom,węzeł agregacyjny/RAN hub,0221004,0221,02,51.53463,17.48555,363.5,Telko Beta S.A. (fikc.),prywatna,K3,51.9,20772,none,0.0,0.0,1,8.7,1,0,2025-08-11,4,9,2,0,1,55.76
IK-02-00520,węzeł agregacyjny/RAN hub warmińsko-mazurskie-zachodni-15-03-00520,IK02,telecom,węzeł agregacyjny/RAN hub,2815003,2815,28,53.87691,20.42987,310.5,Telko Gamma S.A. (fikc.),prywatna,K3,42.0,41986,battery,2.1,0.0,0,11.6,0,1,2024-05-16,2,3,1,1,0,56.36
IK-02-00521,węzeł agregacyjny/RAN hub podlaskie-centralny-10-01-00521,IK02,telecom,węzeł agregacyjny/RAN hub,2010001,2010,20,52.86847,23.45296,166.2,Telko Alfa S.A. (fikc.),prywatna,K2,60.9,47590,battery,4.0,0.0,0,14.5,0,0,2024-01-22,2,6,1,1,0,63.53
IK-02-00522,węzeł agregacyjny/RAN hub dolnośląskie-wschodni-20-01-00522,IK02,telecom,węzeł agregacyjny/RAN hub,0220001,0220,02,50.55601,17.23855,236.7,Telko Alfa S.A. (fikc.),prywatna,K3,45.9,63966,battery,6.1,0.0,0,5.1,0,0,2023-07-15,2,7,1,1,0,57.089999999999996
IK-02-00523,węzeł agregacyjny/RAN hub dolnośląskie-wschodni-14-07-00523,IK02,telecom,węzeł agregacyjny/RAN hub,0214007,0214,02,51.35045,17.45544,247.4,Telko Alfa S.A. (fikc.),prywatna,K3,46.7,62737,battery,3.9,0.0,1,8.5,1,0,2025-12-04,3,3,1,1,0,57.87
IK-02-00524,węzeł agregacyjny/RAN hub kujawsko-pomorskie-zachodni-03-01-00524,IK02,telecom,węzeł agregacyjny/RAN hub,0403001,0403,04,53.11562,19.00013,47.2,Telko Alfa S.A. (fikc.),prywatna,K3,53.4,32614,none,0.0,0.0,0,4.9,0,1,2023-05-04,4,6,2,0,1,56.36
IK-02-00525,węzeł agregacyjny/RAN hub podkarpackie-północny-06-07-00525,IK02,telecom,węzeł agregacyjny/RAN hub,1806007,1806,18,49.75346,22.32553,272.4,Telko Beta S.A. (fikc.),prywatna,K2,64.2,39935,battery,3.4,0.0,0,15.9,0,1,2024-01-28,2,2,1,1,0,64.97
IK-02-00526,węzeł agregacyjny/RAN hub podkarpackie-północny-06-03-00526,IK02,telecom,węzeł agregacyjny/RAN hub,1806003,1806,18,49.85255,22.32236,242.9,Telko Alfa S.A. (fikc.),prywatna,K3,45.3,32642,battery,2.4,0.0,0,24.7,1,1,2026-01-21,2,1,1,1,0,57.620000000000005
IK-02-00527,węzeł agregacyjny/RAN hub opolskie-północny-06-03-00527,IK02,telecom,węzeł agregacyjny/RAN hub,1606003,1606,16,50.54343,18.18238,178.6,Telko Alfa S.A. (fikc.),prywatna,K3,57.5,32003,battery,6.0,0.0,0,22.6,0,0,2025-03-16,3,2,1,1,0,61.75000000000001
IK-02-00528,węzeł agregacyjny/RAN hub kujawsko-pomorskie-wschodni-14-01-00528,IK02,telecom,węzeł agregacyjny/RAN hub,0414001,0414,04,52.93188,18.34132,84.9,Telko Beta S.A. (fikc.),prywatna,K3,44.8,46554,battery,2.5,0.0,0,20.2,1,0,2024-01-21,3,15,2,0,0,32.4
IK-02-00529,węzeł agregacyjny/RAN hub dolnośląskie-centralny-04-06-00529,IK02,telecom,węzeł agregacyjny/RAN hub,0204006,0204,02,51.10221,17.19201,104.2,Telko Gamma S.A. (fikc.),prywatna,K3,50.3,74854,battery,3.9,0.0,0,12.9,0,1,2026-05-19,2,0,1,1,0,59.309999999999995
IK-02-00530,węzeł agregacyjny/RAN hub opolskie-północny-12-06-00530,IK02,telecom,węzeł agregacyjny/RAN hub,1612006,1612,16,50.59818,18.83917,94.9,Telko Gamma S.A. (fikc.),prywatna,K3,47.5,37090,battery,3.2,0.0,1,17.1,0,1,2023-03-16,2,2,1,1,0,58.330000000000005
IK-02-00531,węzeł agregacyjny/RAN hub świętokrzyskie-północny-06-01-00531,IK02,telecom,węzeł agregacyjny/RAN hub,2606001,2606,26,50.98599,21.44823,246.1,Telko Gamma S.A. (fikc.),prywatna,K3,52.6,77969,battery,3.3,0.0,0,23.4,0,0,2024-03-08,3,3,2,0,0,35.35
IK-02-00532,węzeł agregacyjny/RAN hub dolnośląskie-miejski-29-05-00532,IK02,telecom,węzeł agregacyjny/RAN hub,0229005,0229,02,51.15302,17.4379,255.0,Telko Gamma S.A. (fikc.),prywatna,K3,51.9,21507,battery,3.2,0.0,0,17.7,1,0,2024-08-25,4,8,2,0,0,35.089999999999996
IK-02-00533,węzeł agregacyjny/RAN hub podlaskie-zachodni-15-05-00533,IK02,telecom,węzeł agregacyjny/RAN hub,2015005,2015,20,53.14217,22.65592,265.8,Telko Gamma S.A. (fikc.),prywatna,K3,36.6,27195,battery,5.3,0.0,0,23.1,0,1,2025-07-23,2,2,1,1,0,53.54
IK-02-00534,węzeł agregacyjny/RAN hub kujawsko-pomorskie-wschodni-14-07-00534,IK02,telecom,węzeł agregacyjny/RAN hub,0414007,0414,04,52.72789,18.67511,145.4,Telko Beta S.A. (fikc.),prywatna,K3,50.8,55772,battery,4.8,0.0,0,15.8,1,1,2023-05-23,4,2,2,0,0,34.32
IK-02-00535,węzeł agregacyjny/RAN hub warmińsko-mazurskie-zachodni-21-03-00535,IK02,telecom,węzeł agregacyjny/RAN hub,2821003,2821,28,54.04741,19.46334,349.4,Telko Gamma S.A. (fikc.),prywatna,K3,45.2,81141,battery,4.8,0.0,0,2.0,1,1,2023-03-07,2,3,1,1,0,57.08
IK-02-00536,węzeł agregacyjny/RAN hub dolnośląskie-północny-12-04-00536,IK02,telecom,węzeł agregacyjny/RAN hub,0212004,0212,02,51.47756,16.70986,209.6,Telko Gamma S.A. (fikc.),prywatna,K3,54.1,45841,battery,3.9,0.0,0,23.3,0,1,2024-04-28,3,6,1,1,0,60.83
IK-02-00537,węzeł agregacyjny/RAN hub kujawsko-pomorskie-południowy-01-04-00537,IK02,telecom,węzeł agregacyjny/RAN hub,0401004,0401,04,52.56036,18.31735,204.8,Telko Gamma S.A. (fikc.),prywatna,K3,42.0,44290,battery,5.5,0.0,0,10.2,1,0,2024-01-25,4,3,2,0,0,30.65
IK-02-00538,węzeł agregacyjny/RAN hub podkarpackie-wschodni-08-04-00538,IK02,telecom,węzeł agregacyjny/RAN hub,1808004,1808,18,50.37324,22.31819,256.8,Telko Gamma S.A. (fikc.),prywatna,K3,53.6,96152,battery,4.0,0.0,0,2.0,0,0,2024-12-15,3,0,1,1,0,60.61
IK-02-00539,węzeł agregacyjny/RAN hub wielkopolskie-centralny-10-04-00539,IK02,telecom,węzeł agregacyjny/RAN hub,3010004,3010,30,51.68837,17.19014,156.3,Telko Gamma S.A. (fikc.),prywatna,K3,56.3,58650,battery,3.1,0.0,0,3.2,1,0,2024-07-23,2,4,1,1,0,61.870000000000005
IK-02-00540,węzeł agregacyjny/RAN hub śląskie-zachodni-33-02-00540,IK02,telecom,węzeł agregacyjny/RAN hub,2433002,2433,24,49.74062,18.9005,203.1,Telko Gamma S.A. (fikc.),prywatna,K3,47.1,49365,battery,6.4,0.0,0,13.9,1,0,2023-07-05,3,6,1,1,0,57.50999999999999
IK-02-00541,węzeł agregacyjny/RAN hub dolnośląskie-wschodni-20-07-00541,IK02,telecom,węzeł agregacyjny/RAN hub,0220007,0220,02,50.87427,17.36297,216.7,Telko Gamma S.A. (fikc.),prywatna,K2,65.8,50510,battery,4.9,0.0,0,12.7,1,1,2023-07-25,2,5,1,1,0,65.3
IK-02-00542,węzeł agregacyjny/RAN hub mazowieckie-zachodni-15-02-00542,IK02,telecom,węzeł agregacyjny/RAN hub,1415002,1415,14,52.58147,21.11118,119.0,Telko Beta S.A. (fikc.),prywatna,K3,44.6,25851,battery,4.5,0.0,0,3.9,0,0,2024-07-22,4,6,2,0,0,31.900000000000002
IK-02-00543,węzeł agregacyjny/RAN hub wielkopolskie-wschodni-08-04-00543,IK02,telecom,węzeł agregacyjny/RAN hub,3008004,3008,30,52.02149,16.2762,72.9,Telko Gamma S.A. (fikc.),prywatna,K3,45.2,38508,battery,2.8,0.0,0,9.6,1,0,2024-01-18,3,4,2,0,0,32.5
IK-02-00544,węzeł agregacyjny/RAN hub lubelskie-południowy-07-06-00544,IK02,telecom,węzeł agregacyjny/RAN hub,0607006,0607,06,51.79585,22.51679,192.4,Telko Alfa S.A. (fikc.),prywatna,K3,56.0,45407,battery,4.7,0.0,0,10.1,0,1,2024-04-11,2,3,1,1,0,61.419999999999995
IK-02-00545,węzeł agregacyjny/RAN hub lubuskie-południowy-07-07-00545,IK02,telecom,węzeł agregacyjny/RAN hub,0807007,0807,08,52.48616,15.26518,112.4,Telko Alfa S.A. (fikc.),prywatna,K3,40.5,87043,battery,3.4,0.0,0,31.8,0,0,2023-11-09,2,7,1,1,0,55.489999999999995
IK-02-00546,węzeł agregacyjny/RAN hub warmińsko-mazurskie-północny-06-06-00546,IK02,telecom,węzeł agregacyjny/RAN hub,2806006,2806,28,53.94843,20.81996,4.0,Telko Gamma S.A. (fikc.),publiczna,K2,61.2,39714,battery,3.7,0.0,0,26.7,0,0,2024-03-09,2,4,1,1,0,63.71
IK-02-00547,węzeł agregacyjny/RAN hub podkarpackie-miejski-05-06-00547,IK02,telecom,węzeł agregacyjny/RAN hub,1805006,1805,18,49.14397,21.77394,58.5,Telko Alfa S.A. (fikc.),publiczna,K2,66.6,102549,battery,3.7,0.0,0,16.1,0,1,2025-02-06,3,3,1,1,0,65.86999999999999
IK-02-00548,węzeł agregacyjny/RAN hub podkarpackie-południowy-01-02-00548,IK02,telecom,węzeł agregacyjny/RAN hub,1801002,1801,18,49.40766,21.11502,264.6,Telko Beta S.A. (fikc.),prywatna,K3,44.0,23475,battery,2.0,0.0,0,14.0,1,0,2025-07-22,3,1,2,0,0,32.18
IK-02-00549,węzeł agregacyjny/RAN hub opolskie-zachodni-09-04-00549,IK02,telecom,węzeł agregacyjny/RAN hub,1609004,1609,16,50.87668,19.49186,163.8,Telko Gamma S.A. (fikc.),prywatna,K3,45.1,41208,battery,6.9,0.0,0,17.2,1,1,2023-10-16,3,2,2,0,0,31.6
IK-02-00550,węzeł agregacyjny/RAN hub dolnośląskie-północny-06-05-00550,IK02,telecom,węzeł agregacyjny/RAN hub,0206005,0206,02,51.40664,17.33159,170.0,Telko Alfa S.A. (fikc.),prywatna,K3,54.9,108712,battery,2.3,0.0,0,29.6,0,0,2024-03-29,3,2,1,1,0,61.480000000000004
IK-02-00551,węzeł agregacyjny/RAN hub dolnośląskie-północny-06-05-00551,IK02,telecom,węzeł agregacyjny/RAN hub,0206005,0206,02,51.45642,17.40894,229.4,Telko Beta S.A. (fikc.),prywatna,K3,54.6,36677,battery,3.7,0.0,0,9.1,1,0,2024-08-19,4,5,2,0,0,36.07
IK-02-00552,węzeł agregacyjny/RAN hub opolskie-miejski-11-07-00552,IK02,telecom,węzeł agregacyjny/RAN hub,1611007,1611,16,51.15613,17.28211,177.9,Telko Alfa S.A. (fikc.),prywatna,K3,52.4,47187,battery,5.5,0.0,1,14.2,0,1,2024-10-18,2,5,1,1,0,59.809999999999995
IK-02-00553,węzeł agregacyjny/RAN hub podlaskie-miejski-11-03-00553,IK02,telecom,węzeł agregacyjny/RAN hub,2011003,2011,20,53.82772,24.29148,143.7,Telko Gamma S.A. (fikc.),prywatna,K3,56.6,91266,battery,2.6,0.0,0,24.4,1,0,2023-07-26,3,4,2,0,0,37.1
IK-02-00554,węzeł agregacyjny/RAN hub śląskie-centralny-04-01-00554,IK02,telecom,węzeł agregacyjny/RAN hub,2404001,2404,24,50.27082,18.75758,115.6,Telko Gamma S.A. (fikc.),publiczna,K3,44.9,30350,battery,3.6,0.0,0,2.0,1,0,2024-04-02,2,4,1,1,0,57.21000000000001
IK-02-00555,węzeł agregacyjny/RAN hub opolskie-północny-06-06-00555,IK02,telecom,węzeł agregacyjny/RAN hub,1606006,1606,16,51.02131,18.23727,35.0,Telko Gamma S.A. (fikc.),prywatna,K3,54.3,31482,battery,2.8,0.0,1,18.3,0,1,2024-07-24,3,5,2,0,0,36.14
IK-02-00556,węzeł agregacyjny/RAN hub opolskie-centralny-04-03-00556,IK02,telecom,węzeł agregacyjny/RAN hub,1604003,1604,16,50.58205,18.884,139.8,Telko Gamma S.A. (fikc.),prywatna,K3,39.1,39728,battery,5.7,0.0,1,16.4,1,0,2025-08-26,3,1,1,1,0,54.449999999999996
IK-02-00557,węzeł agregacyjny/RAN hub opolskie-wschodni-02-02-00557,IK02,telecom,węzeł agregacyjny/RAN hub,1602002,1602,16,50.7575,18.04269,270.6,Telko Gamma S.A. (fikc.),prywatna,K2,58.2,34410,battery,3.9,0.0,1,25.0,1,1,2024-05-09,4,1,2,0,0,37.47
IK-02-00558,węzeł agregacyjny/RAN hub małopolskie-centralny-16-02-00558,IK02,telecom,węzeł agregacyjny/RAN hub,1216002,1216,12,50.29914,19.72275,74.0,Telko Gamma S.A. (fikc.),prywatna,K3,43.3,14023,battery,1.1,0.0,0,14.2,0,1,2024-02-20,3,10,1,1,0,57.089999999999996
IK-02-00559,węzeł agregacyjny/RAN hub świętokrzyskie-wschodni-02-06-00559,IK02,telecom,węzeł agregacyjny/RAN hub,2602006,2602,26,50.00959,19.80786,139.8,Telko Beta S.A. (fikc.),prywatna,K3,55.0,22349,battery,4.6,0.0,0,6.9,1,0,2024-11-01,3,6,1,1,0,61.040000000000006
IK-02-00560,węzeł agregacyjny/RAN hub opolskie-centralny-04-07-00560,IK02,telecom,węzeł agregacyjny/RAN hub,1604007,1604,16,50.63152,18.73908,234.3,Telko Gamma S.A. (fikc.),prywatna,K2,62.2,36557,battery,5.4,0.0,1,11.8,0,1,2026-03-19,4,2,2,0,0,38.76
IK-02-00561,węzeł agregacyjny/RAN hub pomorskie-wschodni-08-01-00561,IK02,telecom,węzeł agregacyjny/RAN hub,2208001,2208,22,54.47279,19.29133,191.3,Telko Beta S.A. (fikc.),publiczna,K2,60.2,38347,battery,5.9,0.0,0,15.0,1,1,2023-03-22,3,4,1,1,0,62.849999999999994
IK-02-00562,węzeł agregacyjny/RAN hub opolskie-północny-06-03-00562,IK02,telecom,węzeł agregacyjny/RAN hub,1606003,1606,16,50.61417,18.24905,260.3,Telko Alfa S.A. (fikc.),prywatna,K2,65.9,56272,battery,4.0,0.0,0,31.6,1,1,2025-08-14,3,4,1,1,0,65.53
IK-02-00563,węzeł agregacyjny/RAN hub dolnośląskie-centralny-28-04-00563,IK02,telecom,węzeł agregacyjny/RAN hub,0228004,0228,02,51.03162,17.01654,90.5,Telko Gamma S.A. (fikc.),prywatna,K3,30.1,89464,battery,4.2,0.0,0,15.7,0,1,2023-06-21,2,7,1,1,0,51.160000000000004
IK-02-00564,węzeł agregacyjny/RAN hub zachodniopomorskie-północny-12-06-00564,IK02,telecom,węzeł agregacyjny/RAN hub,3212006,3212,32,53.95815,15.22979,187.7,Telko Gamma S.A. (fikc.),prywatna,K3,43.0,24349,none,0.0,0.0,0,24.6,0,0,2025-04-08,3,5,1,1,1,77.2
IK-02-00565,węzeł agregacyjny/RAN hub dolnośląskie-miejski-05-02-00565,IK02,telecom,węzeł agregacyjny/RAN hub,0205002,0205,02,51.06161,16.58045,98.3,Telko Gamma S.A. (fikc.),prywatna,K3,56.2,30566,battery,4.3,0.0,0,28.3,0,1,2023-11-01,2,1,1,1,0,61.58
IK-02-00566,węzeł agregacyjny/RAN hub śląskie-wschodni-20-01-00566,IK02,telecom,węzeł agregacyjny/RAN hub,2420001,2420,24,50.38315,18.95488,79.1,Telko Alfa S.A. (fikc.),prywatna,K3,57.7,37528,battery,2.3,0.0,0,7.8,0,0,2024-02-01,3,7,2,0,0,37.6
IK-02-00567,węzeł agregacyjny/RAN hub opolskie-południowy-01-06-00567,IK02,telecom,węzeł agregacyjny/RAN hub,1601006,1601,16,50.45468,17.67061,280.4,Telko Gamma S.A. (fikc.),prywatna,K3,37.8,48146,battery,3.9,0.0,0,18.1,1,0,2026-06-13,3,6,2,0,0,29.310000000000002
IK-02-00568,węzeł agregacyjny/RAN hub dolnośląskie-północny-12-06-00568,IK02,telecom,węzeł agregacyjny/RAN hub,0212006,0212,02,51.58653,16.98275,172.8,Telko Beta S.A. (fikc.),prywatna,K3,30.8,21609,battery,3.8,0.0,0,4.8,0,0,2025-06-25,3,14,1,1,0,51.53
IK-02-00569,węzeł agregacyjny/RAN hub lubuskie-wschodni-08-01-00569,IK02,telecom,węzeł agregacyjny/RAN hub,0808001,0808,08,52.3075,15.5105,252.8,Telko Beta S.A. (fikc.),prywatna,K3,52.8,51873,battery,4.2,0.0,0,20.6,1,0,2023-09-30,4,1,2,0,0,35.25
IK-02-00570,węzeł agregacyjny/RAN hub podlaskie-południowy-01-04-00570,IK02,telecom,węzeł agregacyjny/RAN hub,2001004,2001,20,52.95733,22.18767,130.1,Telko Gamma S.A. (fikc.),prywatna,K3,46.1,34551,battery,2.7,0.0,0,11.1,0,0,2026-04-15,2,5,1,1,0,57.879999999999995
IK-02-00571,węzeł agregacyjny/RAN hub śląskie-centralny-22-06-00571,IK02,telecom,węzeł agregacyjny/RAN hub,2422006,2422,24,50.4922,19.60817,235.3,Telko Gamma S.A. (fikc.),prywatna,K3,56.7,70390,battery,7.2,0.0,0,11.0,0,1,2024-11-25,2,2,1,1,0,61.18
IK-02-00572,węzeł agregacyjny/RAN hub dolnośląskie-miejski-17-03-00572,IK02,telecom,węzeł agregacyjny/RAN hub,0217003,0217,02,50.94809,16.21158,190.7,Telko Beta S.A. (fikc.),prywatna,K3,50.5,26423,battery,3.2,0.0,0,23.1,0,0,2025-12-30,4,13,2,0,0,34.53
IK-02-00573,węzeł agregacyjny/RAN hub opolskie-południowy-01-06-00573,IK02,telecom,węzeł agregacyjny/RAN hub,1601006,1601,16,50.4185,17.58874,213.7,Telko Beta S.A. (fikc.),prywatna,K3,57.3,52054,battery,1.7,0.0,1,21.3,0,0,2026-05-13,2,4,1,1,0,62.57
IK-02-00574,węzeł agregacyjny/RAN hub mazowieckie-północny-24-04-00574,IK02,telecom,węzeł agregacyjny/RAN hub,1424004,1424,14,52.56696,20.71183,37.0,Telko Gamma S.A. (fikc.),prywatna,K3,50.7,25397,battery,5.5,0.0,0,9.5,0,0,2023-10-03,3,6,1,1,0,59.13
IK-02-00575,węzeł agregacyjny/RAN hub dolnośląskie-centralny-04-01-00575,IK02,telecom,węzeł agregacyjny/RAN hub,0204001,0204,02,50.91583,16.64464,179.6,Telko Alfa S.A. (fikc.),prywatna,K3,55.0,42220,battery,2.8,0.0,1,6.1,1,0,2024-06-29,4,9,2,0,0,36.42
IK-02-00576,węzeł agregacyjny/RAN hub małopolskie-wschodni-20-05-00576,IK02,telecom,węzeł agregacyjny/RAN hub,1220005,1220,12,50.0817,19.82519,281.1,Telko Gamma S.A. (fikc.),prywatna,K3,50.2,65761,battery,3.5,0.0,0,20.9,0,1,2025-11-05,3,7,1,1,0,59.35
IK-02-00577,węzeł agregacyjny/RAN hub dolnośląskie-południowy-01-02-00577,IK02,telecom,węzeł agregacyjny/RAN hub,0201002,0201,02,51.20234,15.99097,187.9,Telko Gamma S.A. (fikc.),prywatna,K3,47.7,30693,battery,5.3,0.0,1,3.4,1,1,2025-10-17,2,3,1,1,0,57.98
IK-02-00578,węzeł agregacyjny/RAN hub dolnośląskie-zachodni-03-03-00578,IK02,telecom,węzeł agregacyjny/RAN hub,0203003,0203,02,50.35907,16.11266,131.1,Telko Alfa S.A. (fikc.),prywatna,K3,48.3,64896,battery,5.0,0.0,1,9.8,0,0,2024-02-26,3,4,2,0,0,33.28
IK-02-00579,węzeł agregacyjny/RAN hub mazowieckie-wschodni-32-01-00579,IK02,telecom,węzeł agregacyjny/RAN hub,1432001,1432,14,51.97126,21.16795,86.3,Telko Alfa S.A. (fikc.),prywatna,K3,47.2,134342,battery,3.8,0.0,0,23.3,1,0,2024-07-10,3,6,1,1,0,58.089999999999996
IK-02-00580,węzeł agregacyjny/RAN hub dolnośląskie-wschodni-08-04-00580,IK02,telecom,węzeł agregacyjny/RAN hub,0208004,0208,02,51.40655,16.79938,106.7,Telko Gamma S.A. (fikc.),prywatna,K3,54.5,43250,battery,5.0,0.0,0,2.0,0,0,2024-02-13,3,1,1,1,0,60.760000000000005
IK-02-00581,węzeł agregacyjny/RAN hub warmińsko-mazurskie-wschodni-14-05-00581,IK02,telecom,węzeł agregacyjny/RAN hub,2814005,2814,28,53.71022,19.93401,211.2,Telko Alfa S.A. (fikc.),prywatna,K3,52.2,29910,battery,2.4,0.0,0,21.5,0,1,2026-05-16,3,10,1,1,0,60.38
IK-02-00582,węzeł agregacyjny/RAN hub łódzkie-południowy-01-07-00582,IK02,telecom,węzeł agregacyjny/RAN hub,1001007,1001,10,51.43074,19.93047,129.5,Telko Beta S.A. (fikc.),prywatna,K2,62.0,33986,battery,4.2,0.0,0,22.1,1,0,2023-04-08,2,8,1,1,0,63.92
IK-02-00583,węzeł agregacyjny/RAN hub pomorskie-południowy-01-05-00583,IK02,telecom,węzeł agregacyjny/RAN hub,2201005,2201,22,54.24129,19.40808,176.0,Telko Alfa S.A. (fikc.),prywatna,K3,55.0,64688,battery,6.3,0.0,0,3.1,1,0,2026-07-09,2,3,1,1,0,60.69
IK-02-00584,węzeł agregacyjny/RAN hub opolskie-wschodni-02-03-00584,IK02,telecom,węzeł agregacyjny/RAN hub,1602003,1602,16,50.88115,18.08935,103.8,Telko Alfa S.A. (fikc.),prywatna,K3,46.3,27187,none,0.0,0.0,1,11.8,1,1,2023-04-25,3,2,2,0,1,53.52
IK-02-00585,węzeł agregacyjny/RAN hub dolnośląskie-południowy-07-04-00585,IK02,telecom,węzeł agregacyjny/RAN hub,0207004,0207,02,51.0408,17.3668,168.9,Telko Beta S.A. (fikc.),prywatna,K3,54.9,28958,battery,4.1,0.0,1,14.0,0,1,2023-06-16,3,10,2,0,0,36.11
IK-02-00586,węzeł agregacyjny/RAN hub lubelskie-centralny-22-01-00586,IK02,telecom,węzeł agregacyjny/RAN hub,0622001,0622,06,51.62568,22.70556,28.3,Telko Alfa S.A. (fikc.),prywatna,K2,59.4,42739,battery,5.4,0.0,0,34.6,1,1,2026-07-10,2,5,1,1,0,62.63999999999999
IK-02-00587,węzeł agregacyjny/RAN hub podkarpackie-miejski-17-03-00587,IK02,telecom,węzeł agregacyjny/RAN hub,1817003,1817,18,49.94735,22.33693,186.6,Telko Beta S.A. (fikc.),prywatna,K2,66.0,49892,battery,4.6,0.0,0,3.3,0,0,2025-12-31,2,0,1,1,0,65.44
IK-02-00588,węzeł agregacyjny/RAN hub opolskie-zachodni-09-02-00588,IK02,telecom,węzeł agregacyjny/RAN hub,1609002,1609,16,50.9412,19.18666,159.6,Telko Gamma S.A. (fikc.),prywatna,K3,54.1,36465,battery,5.1,0.0,0,8.9,1,1,2023-10-29,2,5,1,1,0,60.58
IK-02-00589,węzeł agregacyjny/RAN hub świętokrzyskie-centralny-10-02-00589,IK02,telecom,węzeł agregacyjny/RAN hub,2610002,2610,26,50.67665,21.38453,188.0,Telko Beta S.A. (fikc.),prywatna,K2,69.0,81787,battery,4.7,0.0,0,2.0,1,1,2023-03-10,3,9,1,1,0,66.62
IK-02-00590,węzeł agregacyjny/RAN hub dolnośląskie-południowy-01-05-00590,IK02,telecom,węzeł agregacyjny/RAN hub,0201005,0201,02,51.35535,16.33448,242.2,Telko Beta S.A. (fikc.),prywatna,K2,65.9,56188,battery,4.0,0.0,1,11.7,0,1,2026-04-26,2,7,1,1,0,65.53
IK-02-00591,węzeł agregacyjny/RAN hub opolskie-zachodni-03-02-00591,IK02,telecom,węzeł agregacyjny/RAN hub,1603002,1603,16,51.08833,16.69588,130.4,Telko Gamma S.A. (fikc.),prywatna,K3,48.2,27713,none,0.0,0.0,0,26.5,1,1,2025-11-20,2,3,1,1,1,79.28
IK-02-00592,węzeł agregacyjny/RAN hub dolnośląskie-północny-24-04-00592,IK02,telecom,węzeł agregacyjny/RAN hub,0224004,0224,02,51.42688,16.84515,86.3,Telko Gamma S.A. (fikc.),prywatna,K3,56.8,72602,battery,3.1,0.0,0,16.0,0,0,2023-06-06,4,0,2,0,0,37.07
IK-02-00593,węzeł agregacyjny/RAN hub lubelskie-centralny-22-03-00593,IK02,telecom,węzeł agregacyjny/RAN hub,0622003,0622,06,51.78021,22.99551,20.0,Telko Alfa S.A. (fikc.),prywatna,K3,57.8,27069,none,0.0,0.0,0,23.2,1,1,2024-07-16,3,3,2,0,1,58.120000000000005
IK-02-00594,węzeł agregacyjny/RAN hub dolnośląskie-wschodni-26-05-00594,IK02,telecom,węzeł agregacyjny/RAN hub,0226005,0226,02,51.06322,17.06388,101.2,Telko Alfa S.A. (fikc.),prywatna,K3,56.6,116114,battery,3.4,0.0,0,14.2,1,1,2025-08-05,3,4,1,1,0,61.92999999999999
IK-02-00595,węzeł agregacyjny/RAN hub śląskie-centralny-22-03-00595,IK02,telecom,węzeł agregacyjny/RAN hub,2422003,2422,24,50.51613,19.64089,189.4,Telko Alfa S.A. (fikc.),prywatna,K3,57.1,46307,battery,4.1,0.0,0,2.2,0,0,2026-01-26,3,2,2,0,0,36.99
IK-02-00596,węzeł agregacyjny/RAN hub podlaskie-miejski-17-05-00596,IK02,telecom,węzeł agregacyjny/RAN hub,2017005,2017,20,52.72343,23.12612,250.7,Telko Gamma S.A. (fikc.),prywatna,K2,68.3,55538,battery,2.5,0.0,0,2.4,1,1,2023-03-09,3,1,1,1,0,66.8
IK-02-00597,węzeł agregacyjny/RAN hub podlaskie-południowy-13-06-00597,IK02,telecom,węzeł agregacyjny/RAN hub,2013006,2013,20,53.4781,22.84127,162.9,Telko Alfa S.A. (fikc.),prywatna,K2,59.2,44320,battery,3.9,0.0,0,12.9,0,1,2023-12-22,2,11,1,1,0,62.870000000000005
IK-02-00598,węzeł agregacyjny/RAN hub podlaskie-miejski-17-02-00598,IK02,telecom,węzeł agregacyjny/RAN hub,2017002,2017,20,52.80436,22.9109,35.7,Telko Beta S.A. (fikc.),prywatna,K2,65.5,54254,battery,6.0,0.0,0,15.1,0,1,2024-03-06,2,0,1,1,0,64.95
IK-02-00599,węzeł agregacyjny/RAN hub świętokrzyskie-zachodni-09-03-00599,IK02,telecom,węzeł agregacyjny/RAN hub,2609003,2609,26,50.1954,20.53487,272.5,Telko Gamma S.A. (fikc.),prywatna,K3,49.7,29840,battery,4.8,0.0,0,19.2,1,1,2026-01-07,4,5,2,0,0,33.879999999999995
IK-02-00600,węzeł agregacyjny/RAN hub dolnośląskie-północny-18-03-00600,IK02,telecom,węzeł agregacyjny/RAN hub,0218003,0218,02,51.38901,17.41233,122.8,Telko Alfa S.A. (fikc.),prywatna,K3,43.1,80574,battery,4.5,0.0,1,12.3,1,0,2026-02-11,3,3,1,1,0,56.3
IK-02-00601,węzeł agregacyjny/RAN hub opolskie-zachodni-03-04-00601,IK02,telecom,węzeł agregacyjny/RAN hub,1603004,1603,16,51.27359,17.46577,182.2,Telko Gamma S.A. (fikc.),prywatna,K2,58.1,47785,battery,3.2,0.0,1,23.8,1,1,2026-05-16,2,4,1,1,0,62.57
IK-02-00602,węzeł agregacyjny/RAN hub świętokrzyskie-północny-12-04-00602,IK02,telecom,węzeł agregacyjny/RAN hub,2612004,2612,26,51.07846,20.21827,167.1,Telko Beta S.A. (fikc.),prywatna,K3,51.3,36723,battery,4.9,0.0,0,2.0,1,0,2025-03-09,2,12,1,1,0,59.5
IK-02-00603,węzeł agregacyjny/RAN hub łódzkie-miejski-11-07-00603,IK02,telecom,węzeł agregacyjny/RAN hub,1011007,1011,10,51.70424,19.73962,120.2,Telko Gamma S.A. (fikc.),prywatna,K2,69.6,27461,battery,4.4,0.0,0,4.3,1,0,2025-11-28,2,4,1,1,0,66.92
IK-02-00604,węzeł agregacyjny/RAN hub dolnośląskie-północny-30-01-00604,IK02,telecom,węzeł agregacyjny/RAN hub,0230001,0230,02,50.62653,17.57376,273.7,Telko Gamma S.A. (fikc.),prywatna,K2,72.4,33110,battery,5.2,0.0,0,2.0,1,0,2026-02-16,3,0,2,0,0,42.88
IK-02-00605,węzeł agregacyjny/RAN hub dolnośląskie-północny-24-05-00605,IK02,telecom,węzeł agregacyjny/RAN hub,0224005,0224,02,51.54336,17.05226,233.6,Telko Beta S.A. (fikc.),prywatna,K2,70.7,34003,battery,3.4,0.0,0,13.5,1,1,2025-02-26,3,8,1,1,0,67.57
IK-02-00606,węzeł agregacyjny/RAN hub dolnośląskie-zachodni-21-02-00606,IK02,telecom,węzeł agregacyjny/RAN hub,0221002,0221,02,51.35875,16.95383,113.6,Telko Gamma S.A. (fikc.),prywatna,K3,50.8,36446,battery,2.7,0.0,0,13.9,1,0,2023-12-19,4,2,2,0,0,34.760000000000005
IK-02-00607,węzeł agregacyjny/RAN hub łódzkie-miejski-05-04-00607,IK02,telecom,węzeł agregacyjny/RAN hub,1005004,1005,10,52.37744,19.08334,195.1,Telko Alfa S.A. (fikc.),prywatna,K3,48.6,39805,battery,4.3,0.0,0,4.4,0,0,2023-06-06,4,4,2,0,0,33.54
IK-02-00608,węzeł agregacyjny/RAN hub dolnośląskie-południowy-01-02-00608,IK02,telecom,węzeł agregacyjny/RAN hub,0201002,0201,02,51.2466,15.87254,239.9,Telko Gamma S.A. (fikc.),publiczna,K3,43.0,80657,battery,3.7,0.0,1,26.5,1,0,2023-08-16,4,0,2,0,0,31.430000000000003
IK-02-00609,węzeł agregacyjny/RAN hub świętokrzyskie-północny-12-03-00609,IK02,telecom,węzeł agregacyjny/RAN hub,2612003,2612,26,51.2983,20.48182,170.6,Telko Gamma S.A. (fikc.),prywatna,K3,55.1,20514,battery,3.5,0.0,0,19.8,1,0,2026-02-27,2,1,1,1,0,61.309999999999995
IK-02-00610,węzeł agregacyjny/RAN hub opolskie-wschodni-02-04-00610,IK02,telecom,węzeł agregacyjny/RAN hub,1602004,1602,16,50.74162,17.98646,267.3,Telko Beta S.A. (fikc.),publiczna,K3,46.7,71080,battery,3.3,0.0,1,21.2,0,0,2024-12-18,3,2,2,0,0,32.99
IK-02-00611,węzeł agregacyjny/RAN hub mazowieckie-wschodni-26-02-00611,IK02,telecom,węzeł agregacyjny/RAN hub,1426002,1426,14,52.74473,21.15313,130.5,Telko Alfa S.A. (fikc.),prywatna,K3,52.3,51366,battery,4.0,0.0,0,9.0,1,0,2026-07-18,3,2,2,0,0,35.089999999999996
IK-02-00612,węzeł agregacyjny/RAN hub warmińsko-mazurskie-wschodni-20-02-00612,IK02,telecom,węzeł agregacyjny/RAN hub,2820002,2820,28,53.78481,20.58873,90.5,Telko Gamma S.A. (fikc.),prywatna,K2,60.0,41687,battery,3.5,0.0,0,17.1,1,1,2025-01-08,4,9,2,0,0,38.269999999999996
IK-02-00613,węzeł agregacyjny/RAN hub opolskie-centralny-10-03-00613,IK02,telecom,węzeł agregacyjny/RAN hub,1610003,1610,16,50.84517,16.97151,250.0,Telko Alfa S.A. (fikc.),prywatna,K3,29.2,21723,battery,3.1,0.0,0,14.7,0,1,2026-03-05,2,16,1,1,0,51.03
IK-02-00614,węzeł agregacyjny/RAN hub opolskie-zachodni-03-07-00614,IK02,telecom,węzeł agregacyjny/RAN hub,1603007,1603,16,50.96173,17.38934,158.6,Telko Alfa S.A. (fikc.),prywatna,K2,64.6,82705,battery,4.3,0.0,1,13.0,0,1,2026-06-06,3,0,2,0,0,39.94
IK-02-00615,węzeł agregacyjny/RAN hub opolskie-północny-12-02-00615,IK02,telecom,węzeł agregacyjny/RAN hub,1612002,1612,16,51.0136,18.3922,155.5,Telko Beta S.A. (fikc.),publiczna,K2,61.0,32306,battery,5.0,0.0,1,13.8,1,1,2023-12-17,3,4,1,1,0,63.36000000000001
IK-02-00616,węzeł agregacyjny/RAN hub mazowieckie-zachodni-09-03-00616,IK02,telecom,węzeł agregacyjny/RAN hub,1409003,1409,14,51.99849,21.04065,163.4,Telko Alfa S.A. (fikc.),prywatna,K3,47.3,62182,battery,5.3,0.0,0,18.5,1,0,2026-06-23,3,8,2,0,0,32.82
IK-02-00617,węzeł agregacyjny/RAN hub kujawsko-pomorskie-zachodni-21-01-00617,IK02,telecom,węzeł agregacyjny/RAN hub,0421001,0421,04,52.6155,19.25695,4.0,Telko Beta S.A. (fikc.),prywatna,K2,61.0,50009,battery,4.9,0.0,0,12.2,1,0,2024-10-04,2,0,1,1,0,63.38
IK-02-00618,węzeł agregacyjny/RAN hub lubelskie-miejski-11-05-00618,IK02,telecom,węzeł agregacyjny/RAN hub,0611005,0611,06,51.91126,21.71192,237.2,Telko Gamma S.A. (fikc.),prywatna,K3,25.5,30589,battery,3.7,0.0,0,10.0,1,1,2024-08-02,4,3,2,0,0,24.43
IK-02-00619,węzeł agregacyjny/RAN hub dolnośląskie-zachodni-03-04-00619,IK02,telecom,węzeł agregacyjny/RAN hub,0203004,0203,02,50.38556,16.06156,232.2,Telko Beta S.A. (fikc.),prywatna,K3,55.1,74588,battery,4.9,0.0,1,2.0,0,0,2025-03-18,2,4,1,1,0,61.019999999999996
IK-02-00620,węzeł agregacyjny/RAN hub lubuskie-centralny-04-05-00620,IK02,telecom,węzeł agregacyjny/RAN hub,0804005,0804,08,51.79125,14.92779,234.9,Telko Gamma S.A. (fikc.),prywatna,K3,36.2,23514,battery,5.1,0.0,0,2.0,1,0,2023-07-04,2,8,1,1,0,53.42
IK-02-00621,węzeł agregacyjny/RAN hub dolnośląskie-centralny-22-02-00621,IK02,telecom,węzeł agregacyjny/RAN hub,0222002,0222,02,50.78243,16.8668,106.0,Telko Beta S.A. (fikc.),prywatna,K3,51.4,22669,none,0.0,0.0,1,12.9,1,0,2024-07-17,4,8,2,0,1,55.559999999999995
IK-02-00622,węzeł agregacyjny/RAN hub pomorskie-wschodni-08-04-00622,IK02,telecom,węzeł agregacyjny/RAN hub,2208004,2208,22,54.66218,19.30892,196.8,Telko Alfa S.A. (fikc.),prywatna,K3,55.9,55640,battery,3.3,0.0,0,27.0,1,0,2024-02-09,2,2,1,1,0,61.67
IK-02-00623,węzeł agregacyjny/RAN hub opolskie-wschodni-02-06-00623,IK02,telecom,węzeł agregacyjny/RAN hub,1602006,1602,16,50.62522,18.16716,198.9,Telko Beta S.A. (fikc.),prywatna,K3,48.1,26368,battery,3.2,0.0,1,14.8,1,0,2023-03-04,3,4,2,0,0,33.57
IK-02-00624,węzeł agregacyjny/RAN hub lubelskie-wschodni-08-01-00624,IK02,telecom,węzeł agregacyjny/RAN hub,0608001,0608,06,50.7085,22.60044,261.5,Telko Beta S.A. (fikc.),publiczna,K2,65.4,24423,battery,3.9,0.0,0,10.0,1,0,2026-01-05,3,9,1,1,0,65.35
IK-02-00625,węzeł agregacyjny/RAN hub zachodniopomorskie-centralny-10-04-00625,IK02,telecom,węzeł agregacyjny/RAN hub,3210004,3210,32,53.71164,15.02625,242.4,Telko Beta S.A. (fikc.),prywatna,K3,46.3,99876,battery,2.9,0.0,0,9.9,0,0,2026-05-15,2,8,1,1,0,57.92
IK-02-00626,węzeł agregacyjny/RAN hub podlaskie-zachodni-15-05-00626,IK02,telecom,węzeł agregacyjny/RAN hub,2015005,2015,20,53.2116,22.55059,342.2,Telko Gamma S.A. (fikc.),prywatna,K3,52.7,94767,battery,3.2,0.0,0,11.5,1,0,2024-03-22,4,2,2,0,0,35.410000000000004
IK-02-00627,węzeł agregacyjny/RAN hub łódzkie-zachodni-21-05-00627,IK02,telecom,węzeł agregacyjny/RAN hub,1021005,1021,10,51.81346,19.06197,227.6,Telko Gamma S.A. (fikc.),prywatna,K2,63.8,74580,battery,4.5,0.0,0,10.8,1,0,2023-05-19,2,4,1,1,0,64.58
IK-02-00628,węzeł agregacyjny/RAN hub śląskie-miejski-35-03-00628,IK02,telecom,węzeł agregacyjny/RAN hub,2435003,2435,24,50.46024,18.39441,305.3,Telko Beta S.A. (fikc.),prywatna,K3,45.8,50840,battery,5.2,0.0,0,19.7,0,0,2025-08-15,2,1,1,1,0,57.24
IK-02-00629,węzeł agregacyjny/RAN hub opolskie-wschodni-08-06-00629,IK02,telecom,węzeł agregacyjny/RAN hub,1608006,1608,16,51.02527,18.2629,158.8,Telko Alfa S.A. (fikc.),publiczna,K2,65.8,37468,battery,5.4,0.0,0,15.1,1,1,2023-04-13,3,2,1,1,0,65.2
IK-02-00630,węzeł agregacyjny/RAN hub dolnośląskie-północny-12-04-00630,IK02,telecom,węzeł agregacyjny/RAN hub,0212004,0212,02,51.41157,16.69482,118.5,Telko Alfa S.A. (fikc.),publiczna,K3,33.9,43935,battery,4.0,0.0,1,16.1,0,0,2024-10-28,2,3,1,1,0,52.73
IK-02-00631,węzeł agregacyjny/RAN hub opolskie-miejski-05-01-00631,IK02,telecom,węzeł agregacyjny/RAN hub,1605001,1605,16,50.38587,17.53278,126.5,Telko Gamma S.A. (fikc.),prywatna,K3,57.6,32304,battery,3.2,0.0,1,22.9,1,0,2023-06-02,2,2,1,1,0,62.370000000000005
IK-02-00632,węzeł agregacyjny/RAN hub warmińsko-mazurskie-północny-06-06-00632,IK02,telecom,węzeł agregacyjny/RAN hub,2806006,2806,28,53.95338,20.69997,119.9,Telko Beta S.A. (fikc.),prywatna,K3,40.5,84975,battery,5.2,0.0,0,30.3,1,0,2025-05-03,2,1,1,1,0,55.120000000000005
IK-02-00633,węzeł agregacyjny/RAN hub opolskie-zachodni-03-04-00633,IK02,telecom,węzeł agregacyjny/RAN hub,1603004,1603,16,51.27688,17.32633,224.6,Telko Gamma S.A. (fikc.),prywatna,K2,74.3,82777,battery,4.1,0.0,1,14.2,0,1,2024-06-28,3,0,2,0,0,43.87
IK-02-00634,węzeł agregacyjny/RAN hub pomorskie-południowy-19-05-00634,IK02,telecom,węzeł agregacyjny/RAN hub,2219005,2219,22,54.0682,17.7171,258.6,Telko Beta S.A. (fikc.),prywatna,K1,87.2,47065,battery,3.7,0.0,0,11.6,1,1,2024-10-09,2,2,1,1,0,74.11
IK-02-00635,węzeł agregacyjny/RAN hub dolnośląskie-miejski-17-07-00635,IK02,telecom,węzeł agregacyjny/RAN hub,0217007,0217,02,50.96028,16.61767,171.1,Telko Beta S.A. (fikc.),prywatna,K3,36.7,57838,battery,3.2,0.0,1,3.3,0,0,2023-06-24,2,10,1,1,0,54.010000000000005
IK-02-00636,węzeł agregacyjny/RAN hub śląskie-centralny-34-01-00636,IK02,telecom,węzeł agregacyjny/RAN hub,2434001,2434,24,50.65429,18.77901,109.6,Telko Beta S.A. (fikc.),prywatna,K3,51.4,67510,none,0.0,0.0,0,19.0,1,0,2023-08-27,3,2,2,0,1,55.559999999999995
IK-02-00637,węzeł agregacyjny/RAN hub zachodniopomorskie-północny-12-05-00637,IK02,telecom,węzeł agregacyjny/RAN hub,3212005,3212,32,53.689,15.39148,125.5,Telko Alfa S.A. (fikc.),prywatna,K2,60.6,45978,battery,3.7,0.0,0,26.1,0,1,2026-08-05,3,1,1,1,0,63.470000000000006
IK-02-00638,węzeł agregacyjny/RAN hub małopolskie-zachodni-03-07-00638,IK02,telecom,węzeł agregacyjny/RAN hub,1203007,1203,12,49.8715,19.69283,195.7,Telko Beta S.A. (fikc.),prywatna,K2,59.3,17477,none,0.0,0.0,0,19.2,1,0,2026-01-28,3,6,2,0,1,58.720000000000006
IK-02-00639,węzeł agregacyjny/RAN hub łódzkie-wschodni-20-05-00639,IK02,telecom,węzeł agregacyjny/RAN hub,1020005,1020,10,51.67917,19.45375,99.2,Telko Alfa S.A. (fikc.),prywatna,K3,32.2,76584,battery,5.4,0.0,0,15.1,0,0,2024-07-31,2,5,1,1,0,51.76
IK-02-00640,węzeł agregacyjny/RAN hub podkarpackie-zachodni-03-06-00640,IK02,telecom,węzeł agregacyjny/RAN hub,1803006,1803,18,49.96588,22.02398,203.0,Telko Gamma S.A. (fikc.),prywatna,K3,42.5,25361,battery,6.7,0.0,0,20.3,0,0,2026-06-19,2,2,1,1,0,55.60000000000001
IK-02-00641,węzeł agregacyjny/RAN hub opolskie-wschodni-02-03-00641,IK02,telecom,węzeł agregacyjny/RAN hub,1602003,1602,16,50.81499,18.12608,210.0,Telko Alfa S.A. (fikc.),prywatna,K3,43.0,32836,none,0.0,0.0,0,14.9,0,1,2025-03-27,3,11,1,1,1,77.2
IK-02-00642,węzeł agregacyjny/RAN hub dolnośląskie-północny-30-06-00642,IK02,telecom,węzeł agregacyjny/RAN hub,0230006,0230,02,50.77819,17.64616,270.0,Telko Gamma S.A. (fikc.),prywatna,K2,75.9,40357,battery,3.1,0.0,0,11.6,0,1,2023-10-01,4,4,2,0,0,44.71
IK-02-00643,węzeł agregacyjny/RAN hub dolnośląskie-centralny-22-02-00643,IK02,telecom,węzeł agregacyjny/RAN hub,0222002,0222,02,50.7748,16.88224,189.9,Telko Beta S.A. (fikc.),prywatna,K3,43.5,32595,battery,4.8,0.0,1,12.1,1,0,2025-11-03,2,10,1,1,0,56.39999999999999
IK-02-00644,węzeł agregacyjny/RAN hub mazowieckie-zachodni-03-05-00644,IK02,telecom,węzeł agregacyjny/RAN hub,1403005,1403,14,52.35394,20.84818,137.2,Telko Gamma S.A. (fikc.),prywatna,K3,39.5,28409,battery,2.1,0.0,0,5.1,0,0,2023-10-26,2,7,1,1,0,55.36
IK-02-00645,węzeł agregacyjny/RAN hub podkarpackie-miejski-23-02-00645,IK02,telecom,węzeł agregacyjny/RAN hub,1823002,1823,18,50.23966,23.03079,211.0,Telko Gamma S.A. (fikc.),prywatna,K2,63.3,19664,battery,4.6,0.0,0,37.7,1,1,2023-07-08,3,2,2,0,0,39.36
IK-02-00646,węzeł agregacyjny/RAN hub zachodniopomorskie-wschodni-14-06-00646,IK02,telecom,węzeł agregacyjny/RAN hub,3214006,3214,32,53.55278,15.11657,216.5,Telko Alfa S.A. (fikc.),prywatna,K3,52.7,16246,battery,3.9,0.0,0,15.3,0,0,2025-09-20,3,10,1,1,0,60.27
IK-02-00647,węzeł agregacyjny/RAN hub śląskie-miejski-17-05-00647,IK02,telecom,węzeł agregacyjny/RAN hub,2417005,2417,24,49.51585,18.41446,165.9,Telko Alfa S.A. (fikc.),prywatna,K2,63.5,46110,none,0.0,0.0,0,23.8,0,1,2024-05-01,3,5,1,1,1,85.39999999999999
IK-02-00648,węzeł agregacyjny/RAN hub podlaskie-zachodni-03-06-00648,IK02,telecom,węzeł agregacyjny/RAN hub,2003006,2003,20,52.79152,22.68788,93.5,Telko Beta S.A. (fikc.),prywatna,K2,72.5,57717,battery,3.9,0.0,0,3.6,1,0,2024-02-07,3,6,1,1,0,68.19
IK-02-00649,węzeł agregacyjny/RAN hub lubelskie-zachodni-15-04-00649,IK02,telecom,węzeł agregacyjny/RAN hub,0615004,0615,06,50.70428,22.18034,131.4,Telko Beta S.A. (fikc.),prywatna,K2,65.9,138520,battery,4.8,0.0,0,25.9,1,1,2026-07-08,2,4,1,1,0,65.36
IK-02-00650,węzeł agregacyjny/RAN hub dolnośląskie-południowy-25-02-00650,IK02,telecom,węzeł agregacyjny/RAN hub,0225002,0225,02,51.38102,16.96197,123.8,Telko Alfa S.A. (fikc.),prywatna,K3,49.4,58216,battery,2.4,0.0,0,25.1,0,0,2024-06-26,2,2,1,1,0,59.260000000000005
IK-02-00651,węzeł agregacyjny/RAN hub dolnośląskie-północny-30-04-00651,IK02,telecom,węzeł agregacyjny/RAN hub,0230004,0230,02,50.97855,17.68893,191.2,Telko Gamma S.A. (fikc.),prywatna,K2,72.6,25776,battery,4.4,0.0,0,18.7,1,0,2024-01-05,3,2,2,0,0,43.120000000000005
IK-02-00652,węzeł agregacyjny/RAN hub opolskie-centralny-04-01-00652,IK02,telecom,węzeł agregacyjny/RAN hub,1604001,1604,16,50.82361,18.64359,175.7,Telko Gamma S.A. (fikc.),prywatna,K1,83.7,10594,battery,4.3,0.0,1,9.6,0,1,2024-03-28,4,4,2,0,0,47.58
IK-02-00653,węzeł agregacyjny/RAN hub opolskie-zachodni-03-04-00653,IK02,telecom,węzeł agregacyjny/RAN hub,1603004,1603,16,51.26331,17.47814,118.1,Telko Beta S.A. (fikc.),prywatna,K3,48.0,29069,battery,4.9,0.0,1,19.8,0,0,2025-04-26,2,9,1,1,0,58.18
IK-02-00654,węzeł agregacyjny/RAN hub opolskie-zachodni-03-07-00654,IK02,telecom,węzeł agregacyjny/RAN hub,1603007,1603,16,50.98829,17.50864,188.0,Telko Alfa S.A. (fikc.),prywatna,K3,45.9,52469,none,0.0,0.0,0,13.8,1,0,2025-03-08,2,0,1,1,1,78.36
IK-02-00655,węzeł agregacyjny/RAN hub łódzkie-północny-18-05-00655,IK02,telecom,węzeł agregacyjny/RAN hub,1018005,1018,10,51.96094,20.0515,108.1,Telko Beta S.A. (fikc.),publiczna,K3,41.6,57755,battery,3.7,0.0,0,24.0,0,1,2023-12-06,4,8,2,0,0,30.869999999999997
IK-02-00656,węzeł agregacyjny/RAN hub kujawsko-pomorskie-zachodni-09-01-00656,IK02,telecom,węzeł agregacyjny/RAN hub,0409001,0409,04,52.80064,18.60484,168.5,Telko Beta S.A. (fikc.),prywatna,K3,56.0,11989,battery,3.8,0.0,0,11.8,0,0,2023-12-15,3,8,1,1,0,61.61
IK-02-00657,węzeł agregacyjny/RAN hub opolskie-wschodni-02-02-00657,IK02,telecom,węzeł agregacyjny/RAN hub,1602002,1602,16,50.70229,18.13054,116.5,Telko Beta S.A. (fikc.),prywatna,K2,62.2,27420,battery,2.3,0.0,0,2.6,0,1,2024-07-27,2,6,1,1,0,64.4
IK-02-00658,węzeł agregacyjny/RAN hub śląskie-centralny-10-06-00658,IK02,telecom,węzeł agregacyjny/RAN hub,2410006,2410,24,50.69476,18.57787,128.3,Telko Alfa S.A. (fikc.),prywatna,K3,44.2,18925,battery,3.7,0.0,0,8.3,0,1,2026-06-30,3,1,2,0,0,31.91
IK-02-00659,węzeł agregacyjny/RAN hub mazowieckie-wschodni-38-07-00659,IK02,telecom,węzeł agregacyjny/RAN hub,1438007,1438,14,51.69052,22.1017,167.5,Telko Beta S.A. (fikc.),prywatna,K3,41.5,48930,battery,6.1,0.0,0,11.0,1,0,2024-04-10,3,1,1,1,0,55.33
IK-02-00660,węzeł agregacyjny/RAN hub opolskie-wschodni-08-01-00660,IK02,telecom,węzeł agregacyjny/RAN hub,1608001,1608,16,51.14445,18.64455,120.9,Telko Beta S.A. (fikc.),prywatna,K2,70.1,55715,battery,3.6,0.0,1,8.2,1,1,2026-07-30,4,1,2,0,0,42.29
IK-02-00661,węzeł agregacyjny/RAN hub wielkopolskie-wschodni-02-06-00661,IK02,telecom,węzeł agregacyjny/RAN hub,3002006,3002,30,53.0737,16.84034,173.4,Telko Alfa S.A. (fikc.),prywatna,K3,49.7,42039,battery,4.4,0.0,0,16.5,1,0,2026-04-04,3,5,1,1,0,58.96
IK-02-00662,węzeł agregacyjny/RAN hub dolnośląskie-północny-24-06-00662,IK02,telecom,węzeł agregacyjny/RAN hub,0224006,0224,02,51.31076,17.21699,345.8,Telko Beta S.A. (fikc.),prywatna,K3,36.5,81725,battery,4.6,0.0,0,13.6,0,0,2024-01-12,3,4,1,1,0,53.64
IK-02-00663,węzeł agregacyjny/RAN hub lubuskie-południowy-13-07-00663,IK02,telecom,węzeł agregacyjny/RAN hub,0813007,0813,08,52.20751,16.15514,184.7,Telko Gamma S.A. (fikc.),publiczna,K2,64.5,23912,battery,3.7,0.0,0,20.0,1,1,2025-11-08,3,3,1,1,0,65.03
IK-02-00664,węzeł agregacyjny/RAN hub podkarpackie-miejski-11-02-00664,IK02,telecom,węzeł agregacyjny/RAN hub,1811002,1811,18,49.97295,21.65453,157.0,Telko Gamma S.A. (fikc.),prywatna,K3,57.4,60940,battery,4.9,0.0,0,2.0,1,1,2024-07-28,2,4,1,1,0,61.94
IK-02-00665,węzeł agregacyjny/RAN hub małopolskie-wschodni-14-06-00665,IK02,telecom,węzeł agregacyjny/RAN hub,1214006,1214,12,50.34492,20.03204,4.0,Telko Gamma S.A. (fikc.),prywatna,K3,55.0,79464,battery,2.9,0.0,0,22.6,0,0,2025-08-05,4,6,2,0,0,36.4
IK-02-00666,węzeł agregacyjny/RAN hub opolskie-południowy-07-07-00666,IK02,telecom,węzeł agregacyjny/RAN hub,1607007,1607,16,51.01002,18.85705,276.0,Telko Beta S.A. (fikc.),prywatna,K2,68.1,41066,battery,7.0,0.0,1,10.3,1,1,2025-10-21,2,2,1,1,0,65.78
IK-02-00667,węzeł agregacyjny/RAN hub opolskie-miejski-11-06-00667,IK02,telecom,węzeł agregacyjny/RAN hub,1611006,1611,16,51.41561,17.83562,101.0,Telko Gamma S.A. (fikc.),prywatna,K2,59.3,82461,battery,4.8,0.0,1,2.0,1,0,2024-12-17,2,1,1,1,0,62.72
IK-02-00668,węzeł agregacyjny/RAN hub lubelskie-południowy-19-07-00668,IK02,telecom,węzeł agregacyjny/RAN hub,0619007,0619,06,50.45229,22.51225,244.8,Telko Beta S.A. (fikc.),prywatna,K3,55.9,14399,battery,2.1,0.0,0,17.2,1,1,2024-01-11,3,3,2,0,0,36.919999999999995
IK-02-00669,węzeł agregacyjny/RAN hub świętokrzyskie-miejski-05-05-00669,IK02,telecom,węzeł agregacyjny/RAN hub,2605005,2605,26,50.51491,20.1487,195.4,Telko Gamma S.A. (fikc.),prywatna,K3,48.9,48535,battery,3.4,0.0,0,17.3,0,1,2025-11-11,3,9,1,1,0,58.85
IK-02-00670,węzeł agregacyjny/RAN hub dolnośląskie-zachodni-15-06-00670,IK02,telecom,węzeł agregacyjny/RAN hub,0215006,0215,02,51.24791,16.87232,84.4,Telko Beta S.A. (fikc.),prywatna,K3,37.1,36556,none,0.0,0.0,0,22.0,1,0,2024-05-05,3,6,1,1,1,74.83999999999999
IK-02-00671,węzeł agregacyjny/RAN hub opolskie-południowy-07-03-00671,IK02,telecom,węzeł agregacyjny/RAN hub,1607003,1607,16,50.6657,18.53987,177.0,Telko Beta S.A. (fikc.),prywatna,K2,64.7,102332,battery,3.6,0.0,1,20.7,0,0,2025-04-08,2,4,1,1,0,65.13
IK-02-00672,węzeł agregacyjny/RAN hub zachodniopomorskie-południowy-19-06-00672,IK02,telecom,węzeł agregacyjny/RAN hub,3219006,3219,32,54.21615,15.32186,52.3,Telko Gamma S.A. (fikc.),prywatna,K3,35.2,82960,battery,5.3,0.0,0,3.4,0,1,2025-12-26,2,4,1,1,0,52.980000000000004
IK-02-00673,węzeł agregacyjny/RAN hub dolnośląskie-południowy-19-03-00673,IK02,telecom,węzeł agregacyjny/RAN hub,0219003,0219,02,51.20371,16.53278,224.3,Telko Alfa S.A. (fikc.),prywatna,K2,64.8,69995,none,0.0,0.0,1,2.0,1,0,2023-10-21,3,7,2,0,1,60.919999999999995
IK-02-00674,węzeł agregacyjny/RAN hub wielkopolskie-wschodni-08-01-00674,IK02,telecom,węzeł agregacyjny/RAN hub,3008001,3008,30,52.0056,16.93129,33.8,Telko Alfa S.A. (fikc.),prywatna,K2,66.7,100567,battery,2.9,0.0,0,20.0,1,1,2024-12-31,3,10,1,1,0,66.08000000000001
IK-02-00675,węzeł agregacyjny/RAN hub lubelskie-południowy-19-06-00675,IK02,telecom,węzeł agregacyjny/RAN hub,0619006,0619,06,50.4142,22.27509,108.0,Telko Gamma S.A. (fikc.),prywatna,K3,49.8,92000,battery,4.2,0.0,0,20.7,0,0,2023-08-04,3,1,1,1,0,59.040000000000006
IK-02-00676,węzeł agregacyjny/RAN hub podkarpackie-zachodni-09-01-00676,IK02,telecom,węzeł agregacyjny/RAN hub,1809001,1809,18,50.15301,21.45308,170.0,Telko Alfa S.A. (fikc.),publiczna,K2,62.6,23116,battery,1.6,0.0,0,5.0,1,0,2026-08-13,3,4,1,1,0,64.71000000000001
IK-02-00677,węzeł agregacyjny/RAN hub małopolskie-północny-06-06-00677,IK02,telecom,węzeł agregacyjny/RAN hub,1206006,1206,12,49.83421,19.82618,128.9,Telko Beta S.A. (fikc.),prywatna,K3,57.0,49313,none,0.0,0.0,0,14.8,0,0,2025-02-27,2,5,1,1,1,82.8
IK-02-00678,węzeł agregacyjny/RAN hub lubuskie-południowy-13-01-00678,IK02,telecom,węzeł agregacyjny/RAN hub,0813001,0813,08,52.16291,15.45303,181.8,Telko Alfa S.A. (fikc.),prywatna,K3,40.5,103862,battery,5.2,0.0,0,24.2,1,0,2023-04-10,2,8,1,1,0,55.120000000000005
IK-02-00679,węzeł agregacyjny/RAN hub opolskie-wschodni-08-05-00679,IK02,telecom,węzeł agregacyjny/RAN hub,1608005,1608,16,50.91691,18.67237,188.0,Telko Beta S.A. (fikc.),prywatna,K3,33.1,16599,battery,3.7,0.0,0,8.8,1,0,2024-08-31,3,1,1,1,0,52.470000000000006
IK-02-00680,węzeł agregacyjny/RAN hub lubuskie-zachodni-09-06-00680,IK02,telecom,węzeł agregacyjny/RAN hub,0809006,0809,08,51.95727,16.11587,247.5,Telko Gamma S.A. (fikc.),prywatna,K2,60.6,41521,battery,3.7,0.0,0,14.2,1,0,2026-07-17,2,4,1,1,0,63.470000000000006
IK-03-00681,centrum przetwarzania danych zachodniopomorskie-miejski-11-02-00681,IK03,ict,centrum przetwarzania danych,3211002,3211,32,52.67559,13.47028,156.6,Centrum Informatyki Państwowej (fikc.),publiczna,K1,91.6,1205382,genset,26.5,22.8,0,14.4,0,1,2025-03-22,4,2,2,0,0,46.12
IK-03-00682,centrum przetwarzania danych opolskie-miejski-11-06-00682,IK03,ict,centrum przetwarzania danych,1611006,1611,16,51.4041,17.81942,171.0,Centrum Informatyki Państwowej (fikc.),publiczna,K1,87.1,1538681,none,0.0,0.0,0,23.9,1,1,2025-12-01,3,2,1,1,1,94.84
IK-03-00683,centrum przetwarzania danych warmińsko-mazurskie-południowy-01-03-00683,IK03,ict,centrum przetwarzania danych,2801003,2801,28,54.06658,20.52503,105.0,Centrum Informatyki Państwowej (fikc.),prywatna,K1,96.8,3200000,genset,28.4,24.0,0,2.0,1,1,2024-01-10,3,9,1,1,0,72.8
IK-03-00684,centrum przetwarzania danych kujawsko-pomorskie-miejski-05-05-00684,IK03,ict,centrum przetwarzania danych,0405005,0405,04,53.1571,18.45535,94.1,Centrum Informatyki Państwowej (fikc.),publiczna,K1,99.0,1733517,none,0.0,0.0,0,5.6,1,1,2023-03-20,3,17,2,0,1,74.6
IK-03-00685,centrum przetwarzania danych łódzkie-północny-24-01-00685,IK03,ict,centrum przetwarzania danych,1024001,1024,10,51.31721,19.8115,34.7,Centrum Informatyki Państwowej (fikc.),publiczna,K1,99.0,780048,genset,14.8,11.5,0,22.6,1,1,2024-10-05,3,10,2,0,0,51.519999999999996
IK-03-00686,centrum przetwarzania danych łódzkie-zachodni-03-01-00686,IK03,ict,centrum przetwarzania danych,1003001,1003,10,51.88086,18.84601,182.9,Centrum Informatyki Państwowej (fikc.),prywatna,K1,99.0,1047787,none,0.0,0.0,0,12.2,1,0,2024-04-30,3,9,1,1,1,99.6
IK-03-00687,centrum przetwarzania danych podkarpackie-południowy-07-05-00687,IK03,ict,centrum przetwarzania danych,1807005,1807,18,50.19691,22.21425,220.6,Chmura Krajowa Sp. z o.o. (fikc.),publiczna,K1,86.8,2914274,genset,21.8,16.4,0,2.0,1,1,2025-07-03,2,3,1,1,0,70.17999999999999
IK-03-00688,centrum przetwarzania danych dolnośląskie-centralny-22-07-00688,IK03,ict,centrum przetwarzania danych,0222007,0222,02,50.88894,17.31343,267.6,Centrum Informatyki Państwowej (fikc.),prywatna,K1,99.0,2037131,genset,18.6,15.0,1,8.9,1,1,2023-07-26,3,1,2,0,0,50.72
IK-03-00689,centrum przetwarzania danych podlaskie-wschodni-02-05-00689,IK03,ict,centrum przetwarzania danych,2002005,2002,20,53.5519,23.02187,149.8,Centrum Informatyki Państwowej (fikc.),publiczna,K1,99.0,586265,genset,10.1,9.5,0,9.1,1,1,2025-12-01,3,11,2,0,0,52.5
IK-03-00690,centrum przetwarzania danych opolskie-zachodni-09-02-00690,IK03,ict,centrum przetwarzania danych,1609002,1609,16,50.91707,19.37346,4.0,Chmura Krajowa Sp. z o.o. (fikc.),publiczna,K1,81.4,1184943,genset,21.9,19.6,0,28.8,1,1,2023-11-24,3,3,2,0,0,43.0
IK-03-00691,centrum przetwarzania danych zachodniopomorskie-centralny-04-04-00691,IK03,ict,centrum przetwarzania danych,3204004,3204,32,53.15428,15.21915,5.4,Centrum Informatyki Państwowej (fikc.),prywatna,K1,94.4,1367534,genset,20.2,18.7,0,15.8,1,0,2025-08-12,4,5,2,0,0,48.55
IK-03-00692,centrum przetwarzania danych dolnośląskie-centralny-16-01-00692,IK03,ict,centrum przetwarzania danych,0216001,0216,02,52.09079,17.18799,253.3,Centrum Informatyki Państwowej (fikc.),prywatna,K1,99.0,778618,none,0.0,0.0,0,21.8,1,1,2023-11-22,3,1,2,0,1,74.6
IK-03-00693,centrum przetwarzania danych dolnośląskie-północny-30-01-00693,IK03,ict,centrum przetwarzania danych,0230001,0230,02,50.61911,17.64323,162.9,Centrum Informatyki Państwowej (fikc.),publiczna,K1,82.9,3192501,genset,21.2,14.9,0,15.7,0,0,2025-09-15,4,1,2,0,0,43.74
IK-03-00694,centrum przetwarzania danych podkarpackie-południowy-07-01-00694,IK03,ict,centrum przetwarzania danych,1807001,1807,18,50.36879,21.96075,140.9,Chmura Krajowa Sp. z o.o. (fikc.),publiczna,K1,99.0,1141089,genset,35.1,26.1,0,11.9,0,1,2025-02-28,3,1,2,0,0,47.29
IK-03-00695,centrum przetwarzania danych dolnośląskie-miejski-17-05-00695,IK03,ict,centrum przetwarzania danych,0217005,0217,02,51.00836,16.77133,354.8,Centrum Informatyki Państwowej (fikc.),prywatna,K1,82.3,868865,genset,25.8,21.1,1,13.4,1,1,2025-12-04,3,5,1,1,0,67.54
IK-03-00696,centrum przetwarzania danych opolskie-miejski-05-02-00696,IK03,ict,centrum przetwarzania danych,1605002,1605,16,50.61268,17.29598,201.9,Chmura Krajowa Sp. z o.o. (fikc.),prywatna,K1,90.2,405665,genset,39.6,30.7,1,22.4,1,1,2024-05-22,3,7,2,0,0,42.83
IK-03-00697,centrum przetwarzania danych świętokrzyskie-zachodni-03-05-00697,IK03,ict,centrum przetwarzania danych,2603005,2603,26,50.88795,20.06642,193.9,Centrum Informatyki Państwowej (fikc.),prywatna,K1,99.0,1087840,genset,20.3,15.4,0,2.0,1,1,2024-09-14,4,3,2,0,0,50.370000000000005
IK-03-00698,centrum przetwarzania danych opolskie-południowy-01-03-00698,IK03,ict,centrum przetwarzania danych,1601003,1601,16,50.33034,17.79996,232.2,Centrum Informatyki Państwowej (fikc.),publiczna,K1,98.8,309356,genset,21.5,17.3,1,2.0,1,1,2024-08-26,3,6,1,1,0,75.03999999999999
IK-03-00699,centrum przetwarzania danych dolnośląskie-wschodni-20-01-00699,IK03,ict,centrum przetwarzania danych,0220001,0220,02,50.57152,17.23089,185.6,Chmura Krajowa Sp. z o.o. (fikc.),publiczna,K1,95.9,1179198,genset,17.2,12.2,1,17.4,1,0,2026-06-07,4,3,2,0,0,49.78
IK-03-00700,centrum przetwarzania danych dolnośląskie-północny-06-04-00700,IK03,ict,centrum przetwarzania danych,0206004,0206,02,51.16052,17.30096,122.9,Centrum Informatyki Państwowej (fikc.),publiczna,K1,99.0,1587876,genset,36.3,29.9,0,5.7,1,0,2025-12-02,4,5,2,0,0,47.04
IK-03-00701,centrum przetwarzania danych małopolskie-północny-18-03-00701,IK03,ict,centrum przetwarzania danych,1218003,1218,12,50.16534,20.52969,142.8,Centrum Informatyki Państwowej (fikc.),publiczna,K1,99.0,1005002,genset,26.5,22.6,0,7.4,1,1,2026-06-06,3,3,1,1,0,74.08
IK-03-00702,centrum przetwarzania danych lubuskie-wschodni-02-05-00702,IK03,ict,centrum przetwarzania danych,0802005,0802,08,52.46194,15.78527,135.4,Chmura Krajowa Sp. z o.o. (fikc.),publiczna,K2,77.5,2387752,genset,9.7,8.5,0,23.0,1,0,2026-06-13,4,8,2,0,0,43.980000000000004
IK-03-00703,centrum przetwarzania danych dolnośląskie-południowy-25-01-00703,IK03,ict,centrum przetwarzania danych,0225001,0225,02,51.33381,16.93777,205.3,Centrum Informatyki Państwowej (fikc.),prywatna,K1,99.0,766643,genset,20.0,17.5,1,18.9,1,1,2026-02-17,3,7,2,0,0,50.43
IK-03-00704,centrum przetwarzania danych dolnośląskie-miejski-29-03-00704,IK03,ict,centrum przetwarzania danych,0229003,0229,02,51.07346,17.64657,209.7,Chmura Krajowa Sp. z o.o. (fikc.),prywatna,K1,87.1,980688,genset,16.2,13.5,0,24.6,1,1,2024-11-07,4,2,2,0,0,46.46
IK-03-00705,centrum przetwarzania danych warmińsko-mazurskie-wschodni-08-06-00705,IK03,ict,centrum przetwarzania danych,2808006,2808,28,53.765,20.76291,233.7,Centrum Informatyki Państwowej (fikc.),publiczna,K1,99.0,1472922,genset,21.0,19.6,0,12.2,1,1,2025-08-03,3,6,2,0,0,50.22
IK-03-00706,centrum przetwarzania danych warmińsko-mazurskie-miejski-05-06-00706,IK03,ict,centrum przetwarzania danych,2805006,2805,28,53.70745,19.7204,82.3,Chmura Krajowa Sp. z o.o. (fikc.),prywatna,K2,78.5,782117,genset,22.8,20.2,0,29.2,1,1,2023-09-08,4,6,2,0,0,41.65
IK-03-00707,centrum przetwarzania danych świętokrzyskie-wschodni-08-03-00707,IK03,ict,centrum przetwarzania danych,2608003,2608,26,51.77282,19.46942,277.1,Centrum Informatyki Państwowej (fikc.),prywatna,K1,94.5,1293709,genset,6.1,6.0,0,16.5,1,0,2024-12-30,4,2,2,0,0,51.53
IK-03-00708,centrum przetwarzania danych opolskie-wschodni-08-06-00708,IK03,ict,centrum przetwarzania danych,1608006,1608,16,50.94005,18.26905,222.1,Centrum Informatyki Państwowej (fikc.),publiczna,K1,99.0,1076264,genset,31.1,23.3,0,17.1,1,1,2023-03-02,4,8,2,0,0,48.120000000000005
IK-03-00709,centrum przetwarzania danych podkarpackie-wschodni-20-03-00709,IK03,ict,centrum przetwarzania danych,1820003,1820,18,49.88627,21.60312,139.6,Centrum Informatyki Państwowej (fikc.),publiczna,K1,81.2,1217658,genset,21.1,17.1,0,14.4,0,1,2024-07-31,4,4,2,0,0,43.08
IK-03-00710,centrum przetwarzania danych lubelskie-miejski-11-03-00710,IK03,ict,centrum przetwarzania danych,0611003,0611,06,51.76606,22.15627,207.7,Chmura Krajowa Sp. z o.o. (fikc.),publiczna,K1,85.1,851968,genset,29.0,28.2,0,15.0,1,1,2026-02-28,3,7,2,0,0,43.0
IK-03-00711,centrum przetwarzania danych dolnośląskie-centralny-10-03-00711,IK03,ict,centrum przetwarzania danych,0210003,0210,02,51.35371,17.25839,175.4,Centrum Informatyki Państwowej (fikc.),prywatna,K1,98.2,1254127,genset,17.9,15.2,1,21.9,1,1,2024-07-30,4,4,2,0,0,50.55
IK-03-00712,centrum przetwarzania danych dolnośląskie-wschodni-26-07-00712,IK03,ict,centrum przetwarzania danych,0226007,0226,02,51.19917,16.65312,210.1,Centrum Informatyki Państwowej (fikc.),prywatna,K1,86.8,779976,genset,29.6,27.5,0,19.1,1,1,2026-02-22,2,3,1,1,0,68.55
IK-03-00713,centrum przetwarzania danych lubuskie-centralny-10-04-00713,IK03,ict,centrum przetwarzania danych,0810004,0810,08,52.03293,14.6713,277.6,Centrum Informatyki Państwowej (fikc.),publiczna,K1,90.2,2909020,genset,10.7,9.4,0,17.9,1,1,2025-01-04,4,2,2,0,0,48.85
IK-03-00714,centrum przetwarzania danych świętokrzyskie-wschodni-14-06-00714,IK03,ict,centrum przetwarzania danych,2614006,2614,26,50.71761,21.04489,59.0,Centrum Informatyki Państwowej (fikc.),prywatna,K1,94.1,305151,genset,24.0,19.7,0,14.5,1,1,2023-08-30,4,3,2,0,0,47.64
IK-03-00715,centrum przetwarzania danych pomorskie-zachodni-09-05-00715,IK03,ict,centrum przetwarzania danych,2209005,2209,22,54.50106,18.93569,125.1,Chmura Krajowa Sp. z o.o. (fikc.),publiczna,K2,79.1,3200000,none,0.0,0.0,0,6.9,0,1,2024-12-11,4,5,2,0,1,66.64
IK-03-00716,centrum przetwarzania danych lubuskie-zachodni-03-06-00716,IK03,ict,centrum przetwarzania danych,0803006,0803,08,51.94123,14.68101,165.5,Chmura Krajowa Sp. z o.o. (fikc.),prywatna,K2,66.7,1088506,genset,13.8,12.8,0,2.0,0,0,2026-04-26,4,1,2,0,0,38.800000000000004
IK-03-00717,centrum przetwarzania danych dolnośląskie-północny-24-06-00717,IK03,ict,centrum przetwarzania danych,0224006,0224,02,51.35655,17.25372,176.4,Chmura Krajowa Sp. z o.o. (fikc.),publiczna,K1,84.6,3200000,genset,32.7,29.6,0,29.5,1,1,2024-06-15,3,1,1,1,0,67.03
IK-03-00718,centrum przetwarzania danych dolnośląskie-centralny-10-04-00718,IK03,ict,centrum przetwarzania danych,0210004,0210,02,51.51124,17.24137,160.3,Chmura Krajowa Sp. z o.o. (fikc.),publiczna,K1,85.2,1014833,genset,24.3,19.8,1,14.5,1,0,2023-05-22,3,1,1,1,0,69.02000000000001
IK-03-00719,centrum przetwarzania danych dolnośląskie-zachodni-21-05-00719,IK03,ict,centrum przetwarzania danych,0221005,0221,02,51.52975,17.51045,164.4,Chmura Krajowa Sp. z o.o. (fikc.),publiczna,K1,82.3,1972990,none,0.0,0.0,0,13.4,1,1,2025-04-17,4,2,2,0,1,67.92
IK-03-00720,centrum przetwarzania danych podkarpackie-centralny-16-06-00720,IK03,ict,centrum przetwarzania danych,1816006,1816,18,49.74864,22.47555,177.4,Centrum Informatyki Państwowej (fikc.),publiczna,K1,89.7,3132177,genset,11.7,9.8,0,2.0,1,0,2023-12-30,2,4,1,1,0,73.44000000000001
IK-03-00721,centrum przetwarzania danych warmińsko-mazurskie-północny-12-05-00721,IK03,ict,centrum przetwarzania danych,2812005,2812,28,53.58839,19.22493,149.0,Chmura Krajowa Sp. z o.o. (fikc.),prywatna,K2,72.4,674724,genset,23.3,22.7,0,26.6,1,1,2025-05-11,4,1,2,0,0,39.11
IK-03-00722,centrum przetwarzania danych małopolskie-wschodni-14-04-00722,IK03,ict,centrum przetwarzania danych,1214004,1214,12,50.21459,19.93823,318.9,Chmura Krajowa Sp. z o.o. (fikc.),prywatna,K1,93.7,1085804,genset,23.6,16.6,0,18.5,1,0,2026-03-27,3,5,2,0,0,47.56
IK-03-00723,centrum przetwarzania danych podkarpackie-południowy-13-01-00723,IK03,ict,centrum przetwarzania danych,1813001,1813,18,49.69825,22.55803,123.2,Chmura Krajowa Sp. z o.o. (fikc.),publiczna,K1,90.2,668773,genset,31.1,23.9,0,14.6,1,1,2025-03-23,4,3,2,0,0,44.6
IK-03-00724,centrum przetwarzania danych świętokrzyskie-zachodni-03-06-00724,IK03,ict,centrum przetwarzania danych,2603006,2603,26,50.57704,19.98009,90.3,Centrum Informatyki Państwowej (fikc.),publiczna,K1,88.8,1498192,genset,26.5,19.0,0,9.3,1,1,2023-06-24,3,3,2,0,0,45.0
IK-03-00725,węzeł sieci rządowej opolskie-zachodni-09-02-00725,IK03,ict,węzeł sieci rządowej,1609002,1609,16,50.93648,19.25962,151.3,Centrum Informatyki Państwowej (fikc.),publiczna,K1,93.5,145567,genset,11.0,10.2,0,35.1,1,1,2024-05-16,3,5,2,0,0,50.11
IK-03-00726,węzeł sieci rządowej dolnośląskie-centralny-04-05-00726,IK03,ict,węzeł sieci rządowej,0204005,0204,02,51.18425,17.10821,118.7,Centrum Informatyki Państwowej (fikc.),publiczna,K1,87.4,268950,genset,6.6,5.2,1,15.6,1,1,2024-04-11,3,1,2,0,0,48.59
IK-03-00727,węzeł sieci rządowej dolnośląskie-południowy-19-05-00727,IK03,ict,węzeł sieci rządowej,0219005,0219,02,51.16546,16.47534,134.5,Chmura Krajowa Sp. z o.o. (fikc.),publiczna,K1,80.9,1049626,genset,10.7,7.7,0,12.3,1,1,2023-04-30,4,3,2,0,0,45.129999999999995
IK-03-00728,węzeł sieci rządowej pomorskie-północny-18-01-00728,IK03,ict,węzeł sieci rządowej,2218001,2218,22,55.04631,18.96513,166.5,Centrum Informatyki Państwowej (fikc.),publiczna,K1,81.3,602294,genset,16.7,15.0,0,21.2,1,1,2024-04-05,4,2,2,0,0,44.04
IK-03-00729,węzeł sieci rządowej małopolskie-zachodni-15-02-00729,IK03,ict,węzeł sieci rządowej,1215002,1215,12,50.15755,18.9061,96.4,Centrum Informatyki Państwowej (fikc.),publiczna,K3,54.3,268722,none,0.0,0.0,0,22.2,1,0,2025-11-20,4,2,2,0,1,56.720000000000006
IK-03-00730,węzeł sieci rządowej lubelskie-północny-06-03-00730,IK03,ict,węzeł sieci rządowej,0606003,0606,06,51.28659,22.70621,196.0,Chmura Krajowa Sp. z o.o. (fikc.),publiczna,K1,89.2,335454,genset,10.6,7.8,0,22.7,1,1,2024-06-12,3,3,2,0,0,48.47
IK-03-00731,węzeł sieci rządowej warmińsko-mazurskie-wschodni-02-06-00731,IK03,ict,węzeł sieci rządowej,2802006,2802,28,53.15349,21.19965,80.4,Centrum Informatyki Państwowej (fikc.),publiczna,K2,74.1,729763,genset,14.4,12.3,0,2.0,1,1,2026-02-08,4,3,2,0,0,41.64
IK-03-00732,węzeł sieci rządowej podkarpackie-zachodni-09-03-00732,IK03,ict,węzeł sieci rządowej,1809003,1809,18,50.2238,21.54447,194.4,Chmura Krajowa Sp. z o.o. (fikc.),prywatna,K2,64.5,470428,genset,12.8,11.3,0,25.4,0,1,2023-10-20,4,1,2,0,0,38.129999999999995
IK-03-00733,węzeł sieci rządowej lubelskie-miejski-23-02-00733,IK03,ict,węzeł sieci rządowej,0623002,0623,06,51.19295,22.2951,149.7,Centrum Informatyki Państwowej (fikc.),publiczna,K2,78.7,290858,genset,11.2,9.2,0,15.7,1,0,2024-10-05,3,9,2,0,0,44.15
IK-03-00734,węzeł sieci rządowej świętokrzyskie-zachodni-09-04-00734,IK03,ict,węzeł sieci rządowej,2609004,2609,26,50.42838,20.6014,229.3,Chmura Krajowa Sp. z o.o. (fikc.),publiczna,K1,88.6,349685,none,0.0,0.0,0,3.6,1,1,2026-01-31,4,4,2,0,1,70.44
IK-03-00735,węzeł sieci rządowej dolnośląskie-zachodni-27-01-00735,IK03,ict,węzeł sieci rządowej,0227001,0227,02,50.79711,16.1937,200.1,Centrum Informatyki Państwowej (fikc.),publiczna,K1,85.2,312668,genset,7.0,6.4,1,19.0,1,0,2026-05-08,4,1,2,0,0,47.620000000000005
IK-03-00736,węzeł sieci rządowej małopolskie-południowy-19-01-00736,IK03,ict,węzeł sieci rządowej,1219001,1219,12,50.30956,20.00976,174.9,Chmura Krajowa Sp. z o.o. (fikc.),prywatna,K2,77.0,451170,genset,16.7,12.6,0,12.9,1,0,2024-10-02,3,3,2,0,0,42.32
IK-03-00737,węzeł sieci rządowej opolskie-południowy-01-02-00737,IK03,ict,węzeł sieci rządowej,1601002,1601,16,50.39241,18.05635,205.0,Centrum Informatyki Państwowej (fikc.),publiczna,K1,82.8,212249,genset,19.4,18.6,0,7.0,1,1,2025-01-03,3,4,1,1,0,69.08
IK-03-00738,węzeł sieci rządowej podlaskie-miejski-05-01-00738,IK03,ict,węzeł sieci rządowej,2005001,2005,20,53.15798,23.28144,157.5,Centrum Informatyki Państwowej (fikc.),publiczna,K2,71.5,557253,genset,12.7,10.0,0,8.3,1,0,2023-03-25,2,17,1,1,0,65.95
IK-03-00739,węzeł sieci rządowej opolskie-północny-12-02-00739,IK03,ict,węzeł sieci rządowej,1612002,1612,16,51.01589,18.45499,72.3,Centrum Informatyki Państwowej (fikc.),publiczna,K1,83.1,310208,none,0.0,0.0,1,17.1,1,1,2026-06-25,3,4,2,0,1,68.24
IK-03-00740,węzeł sieci rządowej dolnośląskie-południowy-25-05-00740,IK03,ict,węzeł sieci rządowej,0225005,0225,02,51.55714,16.98681,197.9,Centrum Informatyki Państwowej (fikc.),prywatna,K1,85.8,354230,genset,9.5,6.9,1,7.1,1,1,2024-05-28,3,3,2,0,0,47.339999999999996
IK-03-00741,węzeł sieci rządowej śląskie-miejski-11-02-00741,IK03,ict,węzeł sieci rządowej,2411002,2411,24,50.71974,19.04847,138.9,Centrum Informatyki Państwowej (fikc.),publiczna,K1,85.1,243299,none,0.0,0.0,0,19.4,1,1,2024-08-30,2,7,1,1,1,94.04
IK-03-00742,węzeł sieci rządowej dolnośląskie-północny-06-06-00742,IK03,ict,węzeł sieci rządowej,0206006,0206,02,51.56711,17.00261,199.3,Centrum Informatyki Państwowej (fikc.),publiczna,K2,78.7,399867,genset,18.4,16.6,0,16.2,1,1,2023-12-14,3,3,2,0,0,42.65
IK-03-00743,węzeł sieci rządowej podkarpackie-miejski-17-01-00743,IK03,ict,węzeł sieci rządowej,1817001,1817,18,50.01338,21.96685,4.0,Chmura Krajowa Sp. z o.o. (fikc.),prywatna,K2,73.0,143714,genset,18.3,16.3,0,17.2,1,1,2025-11-16,3,3,2,0,0,40.39
IK-03-00744,węzeł sieci rządowej świętokrzyskie-zachodni-09-04-00744,IK03,ict,węzeł sieci rządowej,2609004,2609,26,50.37649,20.56827,182.4,Centrum Informatyki Państwowej (fikc.),publiczna,K2,70.7,275408,genset,9.5,9.3,0,4.1,0,1,2024-12-28,4,6,2,0,0,41.3
IK-03-00745,węzeł sieci rządowej dolnośląskie-zachodni-27-07-00745,IK03,ict,węzeł sieci rządowej,0227007,0227,02,50.63346,16.8473,115.8,Centrum Informatyki Państwowej (fikc.),publiczna,K2,72.0,550843,genset,13.9,12.9,0,8.0,1,0,2025-11-16,4,6,2,0,0,40.9
IK-03-00746,węzeł sieci rządowej lubelskie-zachodni-21-01-00746,IK03,ict,węzeł sieci rządowej,0621001,0621,06,51.15827,22.70753,250.8,Chmura Krajowa Sp. z o.o. (fikc.),prywatna,K1,81.5,335956,genset,11.0,8.8,0,6.7,0,1,2026-05-14,3,6,2,0,0,45.31
IK-03-00747,węzeł sieci rządowej śląskie-zachodni-15-05-00747,IK03,ict,węzeł sieci rządowej,2415005,2415,24,49.80799,18.98384,4.0,Chmura Krajowa Sp. z o.o. (fikc.),prywatna,K1,95.6,126405,genset,12.9,12.4,0,31.0,0,1,2024-08-19,3,2,2,0,0,50.55
IK-03-00748,węzeł sieci rządowej opolskie-północny-12-01-00748,IK03,ict,węzeł sieci rządowej,1612001,1612,16,50.82876,18.69222,190.6,Centrum Informatyki Państwowej (fikc.),publiczna,K1,94.8,598600,none,0.0,0.0,1,10.8,1,1,2025-06-11,3,4,1,1,1,97.92
IK-03-00749,węzeł sieci rządowej dolnośląskie-miejski-17-05-00749,IK03,ict,węzeł sieci rządowej,0217005,0217,02,50.97431,16.67113,226.4,Chmura Krajowa Sp. z o.o. (fikc.),prywatna,K1,98.5,144167,none,0.0,0.0,0,14.8,1,1,2024-07-03,4,12,2,0,1,74.4
IK-03-00750,węzeł sieci rządowej dolnośląskie-centralny-10-04-00750,IK03,ict,węzeł sieci rządowej,0210004,0210,02,51.54865,17.06171,160.3,Centrum Informatyki Państwowej (fikc.),prywatna,K2,75.5,390697,genset,13.2,10.6,1,25.1,1,0,2025-02-10,3,7,2,0,0,42.449999999999996
IK-03-00751,węzeł sieci rządowej warmińsko-mazurskie-miejski-11-05-00751,IK03,ict,węzeł sieci rządowej,2811005,2811,28,53.66174,21.36472,115.5,Centrum Informatyki Państwowej (fikc.),publiczna,K2,66.5,638441,genset,7.9,7.0,0,17.9,0,1,2024-04-22,3,2,1,1,0,64.95
IK-03-00752,węzeł sieci rządowej dolnośląskie-zachodni-21-04-00752,IK03,ict,węzeł sieci rządowej,0221004,0221,02,51.53564,17.4341,312.2,Centrum Informatyki Państwowej (fikc.),publiczna,K1,82.4,112665,none,0.0,0.0,1,11.8,1,0,2025-01-22,3,3,1,1,1,92.96
IK-03-00753,węzeł sieci rządowej podlaskie-wschodni-08-02-00753,IK03,ict,węzeł sieci rządowej,2008002,2008,20,53.73099,23.13398,212.3,Centrum Informatyki Państwowej (fikc.),publiczna,K1,82.2,612143,genset,15.8,15.6,0,6.7,1,0,2024-05-22,3,2,2,0,0,44.59
IK-03-00754,węzeł sieci rządowej dolnośląskie-północny-30-03-00754,IK03,ict,węzeł sieci rządowej,0230003,0230,02,50.78194,17.58761,308.7,Chmura Krajowa Sp. z o.o. (fikc.),prywatna,K2,66.3,164746,genset,9.2,7.3,0,20.3,0,1,2026-02-24,3,2,2,0,0,39.6
IK-03-00755,węzeł sieci rządowej podkarpackie-północny-18-06-00755,IK03,ict,węzeł sieci rządowej,1818006,1818,18,50.45825,22.72183,103.7,Chmura Krajowa Sp. z o.o. (fikc.),prywatna,K1,96.3,165414,genset,8.9,8.2,0,32.8,1,1,2023-08-07,4,2,2,0,0,51.67
IK-03-00756,węzeł sieci rządowej zachodniopomorskie-miejski-17-03-00756,IK03,ict,węzeł sieci rządowej,3217003,3217,32,53.09497,14.32386,150.0,Centrum Informatyki Państwowej (fikc.),publiczna,K1,81.6,340141,none,0.0,0.0,0,2.0,1,1,2026-04-12,3,2,1,1,1,92.64
IK-03-00757,węzeł sieci rządowej pomorskie-miejski-17-04-00757,IK03,ict,węzeł sieci rządowej,2217004,2217,22,53.75228,18.0635,138.3,Chmura Krajowa Sp. z o.o. (fikc.),publiczna,K2,76.4,244472,none,0.0,0.0,0,15.4,1,1,2024-09-06,3,4,1,1,1,90.56
IK-03-00758,węzeł sieci rządowej wielkopolskie-wschodni-26-01-00758,IK03,ict,węzeł sieci rządowej,3026001,3026,30,52.11893,16.74008,95.8,Centrum Informatyki Państwowej (fikc.),publiczna,K2,63.1,130105,genset,17.0,12.7,0,22.4,1,1,2024-07-27,3,11,1,1,0,61.7
IK-03-00759,węzeł sieci rządowej dolnośląskie-północny-18-05-00759,IK03,ict,węzeł sieci rządowej,0218005,0218,02,51.281,17.43082,234.5,Centrum Informatyki Państwowej (fikc.),publiczna,K2,65.0,286483,genset,12.6,12.0,0,12.1,1,1,2025-01-14,2,8,1,1,0,63.38
IK-03-00760,węzeł sieci rządowej podkarpackie-zachodni-03-04-00760,IK03,ict,węzeł sieci rządowej,1803004,1803,18,50.03991,22.44152,130.4,Chmura Krajowa Sp. z o.o. (fikc.),publiczna,K1,82.4,199450,genset,18.1,17.3,0,15.5,1,1,2025-07-31,3,2,2,0,0,44.190000000000005
IK-03-00761,węzeł sieci rządowej opolskie-miejski-05-02-00761,IK03,ict,węzeł sieci rządowej,1605002,1605,16,50.55289,17.3196,114.5,Chmura Krajowa Sp. z o.o. (fikc.),publiczna,K1,87.0,444599,none,0.0,0.0,0,31.0,1,1,2023-09-11,3,2,1,1,1,94.8
IK-03-00762,węzeł sieci rządowej dolnośląskie-centralny-16-01-00762,IK03,ict,węzeł sieci rządowej,0216001,0216,02,52.06955,17.17887,175.8,Chmura Krajowa Sp. z o.o. (fikc.),publiczna,K2,76.8,277373,genset,12.6,11.5,1,20.2,1,1,2024-08-30,4,1,2,0,0,43.1
IK-03-00763,węzeł sieci rządowej dolnośląskie-wschodni-26-05-00763,IK03,ict,węzeł sieci rządowej,0226005,0226,02,51.10521,16.96486,195.4,Chmura Krajowa Sp. z o.o. (fikc.),publiczna,K1,80.5,294527,genset,11.4,11.3,0,15.2,1,0,2024-11-05,3,3,2,0,0,44.82
IK-03-00764,węzeł sieci rządowej dolnośląskie-centralny-10-01-00764,IK03,ict,węzeł sieci rządowej,0210001,0210,02,51.21563,17.00607,175.9,Chmura Krajowa Sp. z o.o. (fikc.),publiczna,K1,91.0,456053,none,0.0,0.0,1,17.3,0,0,2024-05-05,3,6,2,0,1,71.39999999999999
IK-03-00765,węzeł sieci rządowej opolskie-wschodni-02-05-00765,IK03,ict,węzeł sieci rządowej,1602005,1602,16,50.74918,18.5603,72.1,Chmura Krajowa Sp. z o.o. (fikc.),publiczna,K1,85.7,232774,genset,13.7,12.3,1,19.3,1,1,2023-11-04,4,14,2,0,0,46.43
IK-03-00766,węzeł sieci rządowej pomorskie-wschodni-02-04-00766,IK03,ict,węzeł sieci rządowej,2202004,2202,22,54.97538,18.28296,208.3,Centrum Informatyki Państwowej (fikc.),prywatna,K1,85.9,423456,genset,14.8,13.4,0,5.7,1,1,2023-10-18,3,1,2,0,0,46.28
IK-03-00767,węzeł sieci rządowej zachodniopomorskie-południowy-07-05-00767,IK03,ict,węzeł sieci rządowej,3207005,3207,32,53.74123,14.44216,159.1,Chmura Krajowa Sp. z o.o. (fikc.),publiczna,K1,96.0,284071,genset,17.9,15.9,0,33.3,1,1,2026-08-05,3,4,2,0,0,49.669999999999995
IK-03-00768,węzeł sieci rządowej mazowieckie-północny-42-07-00768,IK03,ict,węzeł sieci rządowej,1442007,1442,14,52.22644,21.1999,129.7,Chmura Krajowa Sp. z o.o. (fikc.),publiczna,K1,80.4,786602,genset,14.6,11.2,0,22.0,1,1,2024-08-15,2,18,1,1,0,69.12
IK-03-00769,węzeł sieci rządowej dolnośląskie-południowy-07-05-00769,IK03,ict,węzeł sieci rządowej,0207005,0207,02,50.88249,17.62689,214.3,Centrum Informatyki Państwowej (fikc.),publiczna,K2,70.9,185132,genset,3.7,2.7,1,20.5,1,1,2023-10-29,4,4,2,0,0,42.59
IK-03-00770,węzeł sieci rządowej zachodniopomorskie-centralny-16-05-00770,IK03,ict,węzeł sieci rządowej,3216005,3216,32,53.26135,13.98669,107.9,Centrum Informatyki Państwowej (fikc.),publiczna,K2,69.7,339811,genset,8.5,8.3,0,22.2,1,1,2024-04-22,4,1,2,0,0,41.11
IK-03-00771,węzeł sieci rządowej opolskie-miejski-05-03-00771,IK03,ict,węzeł sieci rządowej,1605003,1605,16,50.4894,17.8068,172.8,Chmura Krajowa Sp. z o.o. (fikc.),prywatna,K1,81.5,340362,genset,7.9,5.6,0,7.9,1,1,2025-02-16,3,5,2,0,0,45.95
IK-03-00772,węzeł sieci rządowej mazowieckie-miejski-17-06-00772,IK03,ict,węzeł sieci rządowej,1417006,1417,14,51.92693,21.74569,208.9,Centrum Informatyki Państwowej (fikc.),prywatna,K1,81.4,304277,genset,12.8,12.1,0,20.2,1,1,2024-01-20,2,13,1,1,0,69.89
IK-03-00773,węzeł sieci rządowej opolskie-północny-12-03-00773,IK03,ict,węzeł sieci rządowej,1612003,1612,16,50.88086,18.38631,225.1,Chmura Krajowa Sp. z o.o. (fikc.),prywatna,K2,58.8,248652,none,0.0,0.0,1,13.7,1,0,2025-10-28,4,11,2,0,1,58.52
IK-03-00774,węzeł sieci rządowej łódzkie-centralny-04-07-00774,IK03,ict,węzeł sieci rządowej,1004007,1004,10,51.27571,20.55117,112.3,Centrum Informatyki Państwowej (fikc.),publiczna,K2,74.3,216592,none,0.0,0.0,0,16.4,0,0,2026-05-25,3,2,2,0,1,64.72
IK-03-00775,węzeł sieci rządowej lubelskie-południowy-19-01-00775,IK03,ict,węzeł sieci rządowej,0619001,0619,06,50.47794,22.26731,158.1,Centrum Informatyki Państwowej (fikc.),publiczna,K1,87.4,250462,genset,11.2,11.1,0,16.1,0,1,2023-03-08,3,6,1,1,0,72.63
IK-03-00776,węzeł sieci rządowej kujawsko-pomorskie-północny-18-05-00776,IK03,ict,węzeł sieci rządowej,0418005,0418,04,52.20722,17.50228,54.4,Chmura Krajowa Sp. z o.o. (fikc.),prywatna,K1,81.9,117291,none,0.0,0.0,0,3.3,1,1,2026-07-29,3,3,2,0,1,67.75999999999999
IK-03-00777,węzeł sieci rządowej pomorskie-miejski-11-04-00777,IK03,ict,węzeł sieci rządowej,2211004,2211,22,53.87209,18.95978,96.7,Chmura Krajowa Sp. z o.o. (fikc.),prywatna,K1,83.3,325840,genset,4.7,3.9,0,25.4,1,1,2024-02-13,3,2,1,1,0,72.34
IK-03-00778,węzeł sieci rządowej zachodniopomorskie-centralny-04-06-00778,IK03,ict,węzeł sieci rządowej,3204006,3204,32,53.2553,15.18585,242.9,Chmura Krajowa Sp. z o.o. (fikc.),prywatna,K2,75.3,828294,genset,11.3,9.7,0,21.9,1,0,2025-11-02,4,5,2,0,0,42.77
IK-03-00779,węzeł sieci rządowej świętokrzyskie-miejski-05-05-00779,IK03,ict,węzeł sieci rządowej,2605005,2605,26,50.56251,20.19249,63.6,Centrum Informatyki Państwowej (fikc.),publiczna,K1,84.1,200613,none,0.0,0.0,0,9.5,1,1,2026-01-10,3,4,1,1,1,93.64
IK-03-00780,węzeł sieci rządowej kujawsko-pomorskie-wschodni-20-02-00780,IK03,ict,węzeł sieci rządowej,0420002,0420,04,53.11591,17.65915,210.3,Chmura Krajowa Sp. z o.o. (fikc.),publiczna,K2,67.5,295185,genset,7.3,5.8,0,6.9,1,0,2023-07-05,4,7,2,0,0,40.48
IK-03-00781,system rejestrów państwowych zachodniopomorskie-zachodni-21-01-00781,IK03,ict,system rejestrów państwowych,3221001,3221,32,53.69307,14.51134,107.0,Centrum Informatyki Państwowej (fikc.),publiczna,K1,98.7,313882,genset,7.1,6.8,0,21.8,1,1,2025-11-06,3,8,2,0,0,53.0
IK-03-00782,system rejestrów państwowych śląskie-miejski-17-05-00782,IK03,ict,system rejestrów państwowych,2417005,2417,24,49.56919,18.48909,200.8,Centrum Informatyki Państwowej (fikc.),publiczna,K1,85.6,463639,genset,15.2,13.0,0,4.2,1,1,2025-11-06,3,1,1,1,0,71.07
IK-03-00783,system rejestrów państwowych wielkopolskie-północny-06-01-00783,IK03,ict,system rejestrów państwowych,3006001,3006,30,52.72065,16.66011,125.1,Chmura Krajowa Sp. z o.o. (fikc.),publiczna,K2,77.7,579464,none,0.0,0.0,0,5.2,1,1,2023-09-06,4,6,2,0,1,66.08000000000001
IK-03-00784,system rejestrów państwowych opolskie-północny-06-06-00784,IK03,ict,system rejestrów państwowych,1606006,1606,16,50.97903,18.143,266.3,Centrum Informatyki Państwowej (fikc.),prywatna,K1,83.5,459543,genset,18.2,17.8,0,5.2,0,1,2025-08-06,2,8,1,1,0,69.61
IK-03-00785,system rejestrów państwowych dolnośląskie-południowy-01-04-00785,IK03,ict,system rejestrów państwowych,0201004,0201,02,51.40659,16.57996,136.8,Centrum Informatyki Państwowej (fikc.),publiczna,K1,87.7,1099968,genset,13.1,12.4,1,17.9,1,1,2024-09-10,3,6,2,0,0,47.349999999999994
IK-03-00786,system rejestrów państwowych świętokrzyskie-południowy-13-03-00786,IK03,ict,system rejestrów państwowych,2613003,2613,26,51.30349,20.35137,280.1,Centrum Informatyki Państwowej (fikc.),publiczna,K2,75.5,381893,genset,12.9,11.5,0,23.8,1,0,2023-06-14,4,2,2,0,0,42.51
IK-03-00787,system rejestrów państwowych pomorskie-wschodni-08-05-00787,IK03,ict,system rejestrów państwowych,2208005,2208,22,54.31071,19.04476,42.7,Chmura Krajowa Sp. z o.o. (fikc.),prywatna,K1,83.9,566300,genset,13.5,10.2,0,11.9,1,1,2023-04-23,4,4,2,0,0,45.75
IK-03-00788,system rejestrów państwowych dolnośląskie-południowy-07-06-00788,IK03,ict,system rejestrów państwowych,0207006,0207,02,51.0955,17.88294,294.1,Chmura Krajowa Sp. z o.o. (fikc.),publiczna,K1,91.2,1304623,genset,16.3,11.9,1,2.0,1,0,2025-03-05,4,1,2,0,0,48.08
IK-03-00789,system rejestrów państwowych opolskie-miejski-05-03-00789,IK03,ict,system rejestrów państwowych,1605003,1605,16,50.45163,17.87853,172.8,Chmura Krajowa Sp. z o.o. (fikc.),prywatna,K1,99.0,694291,genset,17.3,16.2,1,17.8,1,1,2023-12-26,2,4,1,1,0,76.0
IK-03-00790,system rejestrów państwowych dolnośląskie-północny-18-02-00790,IK03,ict,system rejestrów państwowych,0218002,0218,02,51.30356,17.26324,246.1,Chmura Krajowa Sp. z o.o. (fikc.),prywatna,K1,92.3,427252,genset,19.6,16.0,0,5.8,1,1,2024-09-28,3,4,2,0,0,47.839999999999996
IK-03-00791,system rejestrów państwowych śląskie-wschodni-08-06-00791,IK03,ict,system rejestrów państwowych,2408006,2408,24,49.89222,18.62696,177.7,Chmura Krajowa Sp. z o.o. (fikc.),publiczna,K1,86.0,192586,genset,11.0,10.1,0,13.8,1,1,2026-07-28,4,5,2,0,0,47.11
IK-03-00792,system rejestrów państwowych warmińsko-mazurskie-miejski-05-03-00792,IK03,ict,system rejestrów państwowych,2805003,2805,28,53.37486,19.77424,86.0,Chmura Krajowa Sp. z o.o. (fikc.),publiczna,K2,74.9,1360203,genset,11.2,8.1,0,11.8,1,0,2025-03-29,3,1,1,1,0,67.63
IK-03-00793,system rejestrów państwowych dolnośląskie-wschodni-26-05-00793,IK03,ict,system rejestrów państwowych,0226005,0226,02,50.9899,17.06289,225.9,Chmura Krajowa Sp. z o.o. (fikc.),publiczna,K1,88.6,391671,genset,15.3,11.6,1,25.5,1,1,2023-12-12,4,7,2,0,0,47.25
IK-03-00794,system rejestrów państwowych śląskie-północny-18-01-00794,IK03,ict,system rejestrów państwowych,2418001,2418,24,49.81203,18.65938,161.1,Chmura Krajowa Sp. z o.o. (fikc.),publiczna,K1,93.9,318308,genset,12.1,12.1,0,15.5,1,1,2024-01-01,3,3,2,0,0,50.03999999999999
IK-03-00795,system rejestrów państwowych dolnośląskie-miejski-17-04-00795,IK03,ict,system rejestrów państwowych,0217004,0217,02,50.69158,16.31174,146.5,Centrum Informatyki Państwowej (fikc.),publiczna,K2,77.3,864689,genset,14.8,10.5,0,21.2,1,1,2026-06-12,3,5,1,1,0,67.84
IK-03-00796,system rejestrów państwowych dolnośląskie-zachodni-21-07-00796,IK03,ict,system rejestrów państwowych,0221007,0221,02,51.31063,16.83159,163.6,Centrum Informatyki Państwowej (fikc.),publiczna,K2,77.4,778164,genset,12.5,9.4,1,4.4,1,0,2023-12-10,4,8,2,0,0,43.36
IK-03-00797,system rejestrów państwowych opolskie-miejski-11-04-00797,IK03,ict,system rejestrów państwowych,1611004,1611,16,51.40073,17.63901,241.8,Centrum Informatyki Państwowej (fikc.),prywatna,K1,86.8,390146,none,0.0,0.0,1,13.2,1,1,2025-02-06,2,2,1,1,1,94.72
IK-03-00798,system rejestrów państwowych lubuskie-wschodni-14-02-00798,IK03,ict,system rejestrów państwowych,0814002,0814,08,52.72535,15.51956,169.1,Chmura Krajowa Sp. z o.o. (fikc.),publiczna,K1,90.1,615600,genset,17.3,14.5,0,26.2,1,1,2024-10-13,3,2,2,0,0,47.44
IK-03-00799,system rejestrów państwowych opolskie-miejski-11-02-00799,IK03,ict,system rejestrów państwowych,1611002,1611,16,51.03903,17.67203,237.0,Chmura Krajowa Sp. z o.o. (fikc.),publiczna,K2,79.8,415720,none,0.0,0.0,0,6.8,1,0,2024-01-11,4,7,2,0,1,66.92
IK-03-00800,system rejestrów państwowych dolnośląskie-wschodni-14-07-00800,IK03,ict,system rejestrów państwowych,0214007,0214,02,51.2616,17.58314,239.8,Centrum Informatyki Państwowej (fikc.),publiczna,K1,98.9,380470,genset,11.5,10.9,1,17.6,1,1,2025-08-01,4,4,2,0,0,52.16
IK-03-00801,system rejestrów państwowych łódzkie-północny-06-04-00801,IK03,ict,system rejestrów państwowych,1006004,1006,10,51.63248,20.26321,166.0,Chmura Krajowa Sp. z o.o. (fikc.),publiczna,K2,71.1,914289,genset,16.1,14.1,0,17.9,1,0,2025-02-13,4,11,2,0,0,40.089999999999996
IK-03-00802,system rejestrów państwowych dolnośląskie-północny-30-04-00802,IK03,ict,system rejestrów państwowych,0230004,0230,02,50.9688,17.74874,189.9,Centrum Informatyki Państwowej (fikc.),prywatna,K2,72.8,1309774,genset,15.4,14.0,0,24.4,1,1,2024-08-13,3,1,2,0,0,40.910000000000004
IK-03-00803,system rejestrów państwowych małopolskie-centralny-16-03-00803,IK03,ict,system rejestrów państwowych,1216003,1216,12,50.15749,19.71541,160.4,Chmura Krajowa Sp. z o.o. (fikc.),publiczna,K1,99.0,1516502,genset,14.6,12.6,0,7.8,0,0,2023-12-05,3,6,2,0,0,51.559999999999995
IK-03-00804,system rejestrów państwowych dolnośląskie-miejski-05-07-00804,IK03,ict,system rejestrów państwowych,0205007,0205,02,51.16678,16.32816,286.7,Chmura Krajowa Sp. z o.o. (fikc.),publiczna,K1,97.9,1657347,genset,9.3,7.1,0,17.3,1,1,2026-02-01,3,8,1,1,0,77.22
IK-03-00805,system rejestrów państwowych zachodniopomorskie-południowy-07-03-00805,IK03,ict,system rejestrów państwowych,3207003,3207,32,53.24793,14.9959,253.3,Chmura Krajowa Sp. z o.o. (fikc.),prywatna,K1,94.0,579177,genset,13.9,11.8,0,12.1,1,1,2026-05-09,4,5,2,0,0,49.7
IK-03-00806,system rejestrów państwowych dolnośląskie-zachodni-21-04-00806,IK03,ict,system rejestrów państwowych,0221004,0221,02,51.46979,17.3471,180.1,Centrum Informatyki Państwowej (fikc.),prywatna,K2,75.4,1026218,genset,13.7,10.1,1,8.1,1,0,2024-05-05,4,4,2,0,0,42.309999999999995
IK-03-00807,system rejestrów państwowych dolnośląskie-zachodni-15-04-00807,IK03,ict,system rejestrów państwowych,0215004,0215,02,51.17591,17.1393,111.2,Centrum Informatyki Państwowej (fikc.),prywatna,K1,93.0,1548800,none,0.0,0.0,1,17.6,1,1,2023-09-10,2,3,1,1,1,97.2
IK-03-00808,system rejestrów państwowych małopolskie-zachodni-03-02-00808,IK03,ict,system rejestrów państwowych,1203002,1203,12,49.80599,19.25651,99.4,Centrum Informatyki Państwowej (fikc.),prywatna,K1,99.0,1008120,genset,16.2,11.6,0,8.7,1,0,2024-01-07,3,3,2,0,0,51.22
IK-03-00809,system rejestrów państwowych podkarpackie-wschodni-20-02-00809,IK03,ict,system rejestrów państwowych,1820002,1820,18,50.03208,21.61289,233.8,Centrum Informatyki Państwowej (fikc.),publiczna,K2,73.3,1386199,none,0.0,0.0,0,30.0,0,0,2024-09-22,3,3,2,0,1,64.32
IK-03-00810,system rejestrów państwowych dolnośląskie-miejski-17-04-00810,IK03,ict,system rejestrów państwowych,0217004,0217,02,50.73587,16.26692,231.6,Chmura Krajowa Sp. z o.o. (fikc.),publiczna,K1,88.5,1176423,genset,16.1,15.3,1,14.7,1,0,2023-11-10,4,2,2,0,0,47.05
IK-03-00811,system rejestrów państwowych opolskie-miejski-05-06-00811,IK03,ict,system rejestrów państwowych,1605006,1605,16,50.49589,17.22999,30.8,Chmura Krajowa Sp. z o.o. (fikc.),publiczna,K1,86.1,825598,genset,18.2,15.8,1,9.9,1,1,2026-07-17,4,6,2,0,0,45.65
IK-03-00812,system rejestrów państwowych śląskie-północny-24-06-00812,IK03,ict,system rejestrów państwowych,2424006,2424,24,50.10435,20.31269,254.7,Chmura Krajowa Sp. z o.o. (fikc.),publiczna,K1,86.1,1670333,genset,15.9,11.8,0,18.1,1,1,2023-05-09,3,0,2,0,0,46.129999999999995
IK-03-00813,system rejestrów państwowych śląskie-południowy-01-06-00813,IK03,ict,system rejestrów państwowych,2401006,2401,24,51.38217,19.85285,157.0,Chmura Krajowa Sp. z o.o. (fikc.),publiczna,K2,77.3,778722,genset,13.5,13.3,0,17.9,0,0,2023-12-15,4,0,2,0,0,43.11
IK-03-00814,system rejestrów państwowych lubuskie-południowy-07-03-00814,IK03,ict,system rejestrów państwowych,0807003,0807,08,52.42694,16.09575,232.8,Centrum Informatyki Państwowej (fikc.),publiczna,K2,75.8,354313,none,0.0,0.0,0,8.1,1,0,2024-03-11,3,7,2,0,1,65.32
IK-03-00815,system rejestrów państwowych opolskie-miejski-11-04-00815,IK03,ict,system rejestrów państwowych,1611004,1611,16,51.31843,17.70185,131.7,Centrum Informatyki Państwowej (fikc.),publiczna,K1,82.7,459829,genset,7.3,5.2,0,4.6,1,1,2025-11-07,2,5,1,1,0,71.56
IK-03-00816,system rejestrów państwowych dolnośląskie-miejski-29-04-00816,IK03,ict,system rejestrów państwowych,0229004,0229,02,50.94446,17.73446,150.3,Chmura Krajowa Sp. z o.o. (fikc.),publiczna,K2,78.6,277660,none,0.0,0.0,0,22.5,1,1,2024-07-15,4,1,2,0,1,66.44
IK-03-00817,system rejestrów państwowych śląskie-wschodni-14-06-00817,IK03,ict,system rejestrów państwowych,2414006,2414,24,50.45105,18.89249,183.5,Chmura Krajowa Sp. z o.o. (fikc.),publiczna,K1,91.7,1411659,genset,8.7,7.8,0,20.8,1,1,2025-01-22,3,4,1,1,0,74.87
IK-03-00818,system rejestrów państwowych opolskie-zachodni-09-02-00818,IK03,ict,system rejestrów państwowych,1609002,1609,16,50.98292,19.20978,171.6,Centrum Informatyki Państwowej (fikc.),publiczna,K2,77.3,1288600,none,0.0,0.0,1,30.3,0,1,2026-06-21,3,4,2,0,1,65.92
IK-03-00819,system rejestrów państwowych opolskie-południowy-07-07-00819,IK03,ict,system rejestrów państwowych,1607007,1607,16,51.0406,18.7833,36.5,Chmura Krajowa Sp. z o.o. (fikc.),prywatna,K2,77.9,2486478,genset,12.5,8.9,0,15.3,1,1,2025-08-10,3,8,2,0,0,43.56
IK-03-00820,system rejestrów państwowych wielkopolskie-zachodni-27-06-00820,IK03,ict,system rejestrów państwowych,3027006,3027,30,52.76591,16.94299,209.1,Centrum Informatyki Państwowej (fikc.),publiczna,K1,88.2,1186118,genset,18.7,14.8,0,28.1,1,1,2023-07-18,3,7,1,1,0,71.38
IK-03-00821,system rejestrów państwowych małopolskie-południowy-13-03-00821,IK03,ict,system rejestrów państwowych,1213003,1213,12,49.80284,20.34789,74.9,Chmura Krajowa Sp. z o.o. (fikc.),publiczna,K1,90.3,1268222,genset,10.0,8.8,0,25.2,0,1,2026-07-18,4,1,2,0,0,49.04
IK-03-00822,system rejestrów państwowych dolnośląskie-północny-24-01-00822,IK03,ict,system rejestrów państwowych,0224001,0224,02,51.57937,17.01543,196.8,Chmura Krajowa Sp. z o.o. (fikc.),publiczna,K1,99.0,1703974,genset,8.9,7.3,0,33.2,1,1,2023-06-09,3,1,1,1,0,77.75
IK-03-00823,system rejestrów państwowych lubelskie-zachodni-03-07-00823,IK03,ict,system rejestrów państwowych,0603007,0603,06,51.2291,23.14377,203.6,Centrum Informatyki Państwowej (fikc.),prywatna,K2,66.8,764174,genset,14.6,10.5,0,23.9,1,0,2026-08-02,4,0,2,0,0,38.68
IK-03-00824,system rejestrów państwowych dolnośląskie-południowy-13-04-00824,IK03,ict,system rejestrów państwowych,0213004,0213,02,51.10763,16.88397,106.1,Centrum Informatyki Państwowej (fikc.),publiczna,K2,75.3,1116256,genset,16.3,14.4,1,14.3,1,0,2026-08-09,4,0,2,0,0,41.72
IK-03-00825,system rejestrów państwowych pomorskie-południowy-07-05-00825,IK03,ict,system rejestrów państwowych,2207005,2207,22,54.4534,20.02872,169.5,Chmura Krajowa Sp. z o.o. (fikc.),prywatna,K1,82.8,539632,genset,21.2,17.3,0,25.2,1,1,2026-01-18,3,0,2,0,0,43.7
IK-03-00826,system rejestrów państwowych podkarpackie-południowy-25-05-00826,IK03,ict,system rejestrów państwowych,1825005,1825,18,49.43715,22.2624,156.0,Chmura Krajowa Sp. z o.o. (fikc.),publiczna,K1,81.6,1058623,genset,13.9,11.0,0,5.1,1,1,2026-06-30,3,2,2,0,0,44.74
IK-03-00827,system rejestrów państwowych podkarpackie-północny-18-06-00827,IK03,ict,system rejestrów państwowych,1818006,1818,18,50.42776,22.63566,106.5,Chmura Krajowa Sp. z o.o. (fikc.),prywatna,K1,89.6,954791,genset,10.9,9.4,0,14.2,1,1,2025-05-31,3,1,1,1,0,73.57000000000001
IK-03-00828,system rejestrów państwowych wielkopolskie-północny-18-04-00828,IK03,ict,system rejestrów państwowych,3018004,3018,30,52.61618,16.69737,20.8,Centrum Informatyki Państwowej (fikc.),publiczna,K1,85.0,827127,genset,8.2,6.5,0,17.6,0,1,2026-03-14,3,6,2,0,0,47.29
IK-03-00829,system rejestrów państwowych opolskie-centralny-04-03-00829,IK03,ict,system rejestrów państwowych,1604003,1604,16,50.60615,18.89085,212.3,Centrum Informatyki Państwowej (fikc.),publiczna,K1,84.7,762942,genset,19.5,19.0,0,2.0,1,1,2023-06-14,3,5,2,0,0,44.82
IK-03-00830,system rejestrów państwowych dolnośląskie-miejski-05-05-00830,IK03,ict,system rejestrów państwowych,0205005,0205,02,51.11665,16.10633,96.2,Centrum Informatyki Państwowej (fikc.),publiczna,K1,86.6,780738,genset,12.5,9.7,0,5.9,1,0,2026-07-14,3,12,1,1,0,72.04
IK-04-00831,centrum rozliczeniowe podkarpackie-zachodni-03-07-00831,IK04,finance,centrum rozliczeniowe,1803007,1803,18,50.06579,22.22829,41.3,Izba Rozliczeniowa (fikc.),publiczna,K1,83.7,851934,genset,33.5,31.6,0,33.3,0,1,2026-04-23,5,0,2,0,0,41.5
IK-04-00832,centrum rozliczeniowe małopolskie-zachodni-15-04-00832,IK04,finance,centrum rozliczeniowe,1215004,1215,12,50.12053,19.13545,208.4,Izba Rozliczeniowa (fikc.),prywatna,K1,89.5,1009935,none,0.0,0.0,0,54.0,1,1,2025-08-01,6,0,2,0,1,70.8
IK-04-00833,centrum rozliczeniowe opolskie-wschodni-02-06-00833,IK04,finance,centrum rozliczeniowe,1602006,1602,16,50.7208,18.14599,172.0,Izba Rozliczeniowa (fikc.),prywatna,K2,70.1,897581,genset,27.5,24.7,1,28.7,0,1,2025-07-14,4,0,2,0,0,37.31
IK-04-00834,centrum rozliczeniowe zachodniopomorskie-północny-12-05-00834,IK04,finance,centrum rozliczeniowe,3212005,3212,32,53.60921,15.39125,302.1,Izba Rozliczeniowa (fikc.),prywatna,K1,95.4,1545639,genset,15.5,13.6,0,50.2,1,1,2026-06-05,4,0,2,0,0,49.93
IK-04-00835,centrum rozliczeniowe dolnośląskie-miejski-29-02-00835,IK04,finance,centrum rozliczeniowe,0229002,0229,02,50.84271,17.76285,199.3,Bank Krajowy S.A. (fikc.),prywatna,K2,75.2,2261246,genset,14.4,11.2,0,18.2,0,1,2025-02-01,5,0,2,0,0,42.08
IK-04-00836,centrum rozliczeniowe lubelskie-centralny-04-06-00836,IK04,finance,centrum rozliczeniowe,0604006,0604,06,50.69985,21.62815,142.5,Bank Krajowy S.A. (fikc.),prywatna,K1,81.0,1042761,genset,9.5,8.6,0,33.9,1,1,2024-12-09,5,0,2,0,0,45.42
IK-04-00837,centrum rozliczeniowe dolnośląskie-miejski-23-05-00837,IK04,finance,centrum rozliczeniowe,0223005,0223,02,51.00098,17.00751,189.6,Izba Rozliczeniowa (fikc.),prywatna,K2,77.1,1245366,genset,32.5,28.2,1,36.5,0,1,2025-11-13,6,0,2,0,0,39.07
IK-04-00838,centrum rozliczeniowe dolnośląskie-centralny-04-01-00838,IK04,finance,centrum rozliczeniowe,0204001,0204,02,50.90249,16.64226,152.2,Bank Regionalny S.A. (fikc.),prywatna,K2,73.7,1382703,genset,18.5,13.1,1,34.3,0,1,2024-08-10,4,0,2,0,0,40.63
IK-04-00839,centrum rozliczeniowe świętokrzyskie-południowy-07-04-00839,IK04,finance,centrum rozliczeniowe,2607004,2607,26,50.39915,20.55335,104.8,Izba Rozliczeniowa (fikc.),prywatna,K1,99.0,3200000,genset,40.8,35.8,0,29.9,1,1,2025-07-03,4,0,2,0,0,46.1
IK-04-00840,centrum rozliczeniowe dolnośląskie-centralny-10-01-00840,IK04,finance,centrum rozliczeniowe,0210001,0210,02,51.1804,16.94064,254.3,Bank Regionalny S.A. (fikc.),publiczna,K1,82.0,650380,none,0.0,0.0,1,23.2,1,1,2025-03-20,5,0,2,0,1,67.80000000000001
IK-04-00841,centrum rozliczeniowe podlaskie-centralny-10-03-00841,IK04,finance,centrum rozliczeniowe,2010003,2010,20,52.95405,23.55102,60.9,Bank Regionalny S.A. (fikc.),prywatna,K1,99.0,2591228,genset,0.5,0.4,0,15.2,0,0,2024-08-24,5,0,1,1,0,79.5
IK-04-00842,centrum rozliczeniowe dolnośląskie-miejski-05-05-00842,IK04,finance,centrum rozliczeniowe,0205005,0205,02,51.20657,16.12381,231.7,Izba Rozliczeniowa (fikc.),prywatna,K1,80.9,3200000,genset,34.4,26.9,0,9.3,1,1,2025-11-18,4,0,2,0,0,40.19
IK-04-00843,centrum rozliczeniowe dolnośląskie-wschodni-20-02-00843,IK04,finance,centrum rozliczeniowe,0220002,0220,02,50.56496,17.08487,250.4,Izba Rozliczeniowa (fikc.),prywatna,K2,70.4,1841060,genset,21.7,19.9,0,38.9,0,1,2023-11-22,5,0,2,0,0,38.64
IK-04-00844,centrum rozliczeniowe dolnośląskie-wschodni-02-01-00844,IK04,finance,centrum rozliczeniowe,0202001,0202,02,51.60011,17.66951,214.0,Izba Rozliczeniowa (fikc.),publiczna,K3,45.3,1006395,genset,20.2,16.7,1,25.5,0,0,2024-03-20,4,0,1,1,0,53.910000000000004
IK-04-00845,centrum rozliczeniowe dolnośląskie-południowy-25-02-00845,IK04,finance,centrum rozliczeniowe,0225002,0225,02,51.47332,17.02613,241.5,Bank Krajowy S.A. (fikc.),prywatna,K2,76.9,2081729,genset,38.4,32.1,1,30.8,1,1,2024-12-21,6,0,2,0,0,37.76
IK-04-00846,centrum rozliczeniowe opolskie-północny-06-07-00846,IK04,finance,centrum rozliczeniowe,1606007,1606,16,50.73021,18.30204,196.9,Bank Krajowy S.A. (fikc.),prywatna,K1,82.1,3037608,genset,30.8,24.2,1,38.6,1,1,2023-06-24,6,0,2,0,0,41.42
IK-04-00847,centrum rozliczeniowe dolnośląskie-północny-18-01-00847,IK04,finance,centrum rozliczeniowe,0218001,0218,02,51.38417,17.39683,118.1,Bank Regionalny S.A. (fikc.),prywatna,K1,84.3,1116994,genset,23.9,22.3,1,15.7,1,1,2024-09-16,3,0,1,1,0,68.74
IK-04-00848,centrum rozliczeniowe podkarpackie-miejski-23-03-00848,IK04,finance,centrum rozliczeniowe,1823003,1823,18,50.40126,23.14805,4.0,Bank Krajowy S.A. (fikc.),prywatna,K1,93.5,709871,genset,8.2,5.8,0,12.4,1,0,2026-05-31,3,0,1,1,0,75.69
IK-04-00849,centrum przetwarzania banku dolnośląskie-miejski-05-07-00849,IK04,finance,centrum przetwarzania banku,0205007,0205,02,51.08608,16.20647,250.7,Bank Regionalny S.A. (fikc.),prywatna,K2,58.7,260105,genset,6.8,5.9,0,15.9,1,0,2024-05-26,5,0,2,0,0,37.059999999999995
IK-04-00850,centrum przetwarzania banku małopolskie-centralny-22-05-00850,IK04,finance,centrum przetwarzania banku,1222005,1222,12,50.22932,21.11123,110.2,Bank Regionalny S.A. (fikc.),prywatna,K2,62.4,249068,genset,18.7,15.2,0,25.3,1,1,2024-06-05,4,0,1,1,0,61.06
IK-04-00851,centrum przetwarzania banku opolskie-zachodni-09-03-00851,IK04,finance,centrum przetwarzania banku,1609003,1609,16,50.89352,19.31438,6.7,Bank Regionalny S.A. (fikc.),prywatna,K2,69.5,547545,genset,17.2,14.2,0,28.7,1,1,2026-07-18,4,0,2,0,0,39.22
IK-04-00852,centrum przetwarzania banku warmińsko-mazurskie-północny-12-02-00852,IK04,finance,centrum przetwarzania banku,2812002,2812,28,53.23783,19.0941,101.8,Bank Regionalny S.A. (fikc.),prywatna,K2,60.5,117662,genset,18.5,13.0,0,25.5,1,1,2023-08-18,5,0,2,0,0,35.35
IK-04-00853,centrum przetwarzania banku dolnośląskie-północny-24-03-00853,IK04,finance,centrum przetwarzania banku,0224003,0224,02,51.5693,17.33482,285.5,Bank Regionalny S.A. (fikc.),prywatna,K3,56.5,683438,genset,20.2,15.7,1,39.5,1,0,2026-08-14,3,0,1,1,0,58.39
IK-04-00854,centrum przetwarzania banku opolskie-północny-06-05-00854,IK04,finance,centrum przetwarzania banku,1606005,1606,16,50.68189,18.21804,43.6,Bank Krajowy S.A. (fikc.),prywatna,K2,66.4,896654,genset,10.9,8.4,1,36.3,1,0,2023-05-10,5,0,2,0,0,39.290000000000006
IK-04-00855,centrum przetwarzania banku dolnośląskie-północny-18-05-00855,IK04,finance,centrum przetwarzania banku,0218005,0218,02,51.21936,17.49071,169.9,Bank Regionalny S.A. (fikc.),publiczna,K2,66.6,2057587,genset,18.8,17.1,1,31.9,1,1,2025-01-07,4,0,1,1,0,62.72
IK-04-00856,centrum przetwarzania banku dolnośląskie-zachodni-09-03-00856,IK04,finance,centrum przetwarzania banku,0209003,0209,02,51.29195,16.09385,195.8,Izba Rozliczeniowa (fikc.),prywatna,K1,81.0,678820,genset,25.9,23.2,0,32.9,1,1,2023-09-25,4,0,2,0,0,42.0
IK-04-00857,centrum przetwarzania banku wielkopolskie-wschodni-14-01-00857,IK04,finance,centrum przetwarzania banku,3014001,3014,30,52.69698,16.84629,290.7,Bank Krajowy S.A. (fikc.),prywatna,K2,61.6,273246,genset,13.6,13.4,0,14.3,1,0,2026-01-13,5,0,2,0,0,36.809999999999995
IK-04-00858,centrum przetwarzania banku warmińsko-mazurskie-północny-06-04-00858,IK04,finance,centrum przetwarzania banku,2806004,2806,28,54.13051,20.43398,141.9,Izba Rozliczeniowa (fikc.),prywatna,K2,72.6,861361,genset,16.0,15.5,0,41.2,0,1,2025-04-06,6,0,2,0,0,40.71
IK-04-00859,centrum przetwarzania banku podlaskie-południowy-01-02-00859,IK04,finance,centrum przetwarzania banku,2001002,2001,20,53.10918,22.30982,132.8,Izba Rozliczeniowa (fikc.),prywatna,K3,50.6,345438,genset,15.5,13.6,0,22.8,0,1,2024-09-25,5,0,2,0,0,32.01
IK-04-00860,centrum przetwarzania banku dolnośląskie-wschodni-20-01-00860,IK04,finance,centrum przetwarzania banku,0220001,0220,02,50.63966,17.22315,146.3,Izba Rozliczeniowa (fikc.),prywatna,K2,67.7,916446,genset,10.1,8.0,0,30.3,1,0,2024-05-19,6,0,2,0,0,39.98
IK-04-00861,centrum przetwarzania banku śląskie-południowy-13-02-00861,IK04,finance,centrum przetwarzania banku,2413002,2413,24,50.02058,18.62443,100.4,Bank Krajowy S.A. (fikc.),publiczna,K2,70.4,513872,none,0.0,0.0,0,16.1,1,0,2024-11-24,5,0,1,1,1,88.16000000000001
IK-04-00862,centrum przetwarzania banku opolskie-centralny-10-06-00862,IK04,finance,centrum przetwarzania banku,1610006,1610,16,50.64576,16.97939,132.1,Izba Rozliczeniowa (fikc.),prywatna,K1,82.9,346092,genset,3.1,2.9,1,37.6,1,0,2024-06-19,6,0,2,0,0,47.510000000000005
IK-04-00863,centrum przetwarzania banku zachodniopomorskie-zachodni-21-02-00863,IK04,finance,centrum przetwarzania banku,3221002,3221,32,53.64656,14.66303,145.2,Bank Krajowy S.A. (fikc.),prywatna,K2,72.1,364160,genset,9.4,8.2,0,32.6,1,0,2023-03-08,5,0,2,0,0,41.88
IK-04-00864,centrum przetwarzania banku podlaskie-południowy-01-02-00864,IK04,finance,centrum przetwarzania banku,2001002,2001,20,53.13687,22.3586,205.1,Bank Krajowy S.A. (fikc.),prywatna,K2,73.1,243298,genset,19.1,17.3,0,18.5,1,1,2023-03-13,4,0,1,1,0,65.25999999999999
IK-04-00865,centrum przetwarzania banku podlaskie-południowy-13-05-00865,IK04,finance,centrum przetwarzania banku,2013005,2013,20,53.5229,22.83593,213.2,Izba Rozliczeniowa (fikc.),prywatna,K3,48.0,672402,genset,9.3,8.5,0,33.3,0,1,2026-07-08,3,0,1,1,0,57.26
IK-04-00866,centrum przetwarzania banku dolnośląskie-zachodni-21-01-00866,IK04,finance,centrum przetwarzania banku,0221001,0221,02,51.43644,17.0608,136.1,Bank Krajowy S.A. (fikc.),prywatna,K2,77.1,499209,genset,15.7,14.2,1,20.1,1,0,2023-03-23,4,0,2,0,0,42.57
IK-04-00867,centrum przetwarzania banku mazowieckie-południowy-31-01-00867,IK04,finance,centrum przetwarzania banku,1431001,1431,14,52.36875,20.32953,136.2,Bank Regionalny S.A. (fikc.),prywatna,K2,72.6,700016,genset,17.1,15.5,0,28.5,1,1,2026-01-04,5,0,2,0,0,40.48
IK-04-00868,centrum przetwarzania banku opolskie-wschodni-08-07-00868,IK04,finance,centrum przetwarzania banku,1608007,1608,16,50.86039,18.09552,205.5,Bank Krajowy S.A. (fikc.),prywatna,K2,74.1,203522,genset,14.7,14.0,0,44.4,1,0,2024-10-04,5,0,2,0,0,41.58
IK-04-00869,centrum przetwarzania banku opolskie-zachodni-03-07-00869,IK04,finance,centrum przetwarzania banku,1603007,1603,16,50.90992,17.39539,181.7,Bank Regionalny S.A. (fikc.),prywatna,K2,70.6,719272,genset,22.3,18.0,1,36.8,1,0,2025-05-05,5,0,1,1,0,63.59
IK-04-00870,centrum przetwarzania banku dolnośląskie-zachodni-27-07-00870,IK04,finance,centrum przetwarzania banku,0227007,0227,02,50.67069,16.77934,245.9,Bank Regionalny S.A. (fikc.),prywatna,K1,88.0,229835,genset,14.0,12.7,1,5.2,1,1,2023-08-22,5,0,2,0,0,47.28
IK-04-00871,centrum przetwarzania banku świętokrzyskie-zachodni-09-01-00871,IK04,finance,centrum przetwarzania banku,2609001,2609,26,50.43222,20.58321,269.7,Izba Rozliczeniowa (fikc.),prywatna,K2,61.5,909163,genset,9.7,9.6,0,28.8,1,0,2025-12-17,4,0,1,1,0,62.580000000000005
IK-04-00872,centrum przetwarzania banku podkarpackie-zachodni-03-07-00872,IK04,finance,centrum przetwarzania banku,1803007,1803,18,50.04127,22.27467,174.7,Bank Krajowy S.A. (fikc.),prywatna,K3,57.0,223735,genset,20.2,19.6,0,33.5,1,1,2025-08-11,5,0,2,0,0,33.589999999999996
IK-04-00873,centrum przetwarzania banku opolskie-centralny-10-04-00873,IK04,finance,centrum przetwarzania banku,1610004,1610,16,50.6225,16.84924,333.9,Bank Regionalny S.A. (fikc.),publiczna,K2,71.2,266135,genset,20.0,15.4,0,10.1,1,1,2024-02-22,6,0,2,0,0,39.31
IK-04-00874,centrum przetwarzania banku podkarpackie-północny-12-01-00874,IK04,finance,centrum przetwarzania banku,1812001,1812,18,50.14433,22.0438,202.7,Bank Regionalny S.A. (fikc.),prywatna,K2,64.9,342165,genset,14.2,12.3,0,26.7,0,1,2026-05-27,5,0,1,1,0,63.0
IK-04-00875,centrum przetwarzania banku dolnośląskie-centralny-28-02-00875,IK04,finance,centrum przetwarzania banku,0228002,0228,02,50.81797,16.76392,277.3,Bank Regionalny S.A. (fikc.),publiczna,K2,72.7,240396,genset,7.1,5.7,0,32.3,1,1,2024-05-21,5,0,2,0,0,42.6
IK-04-00876,centrum przetwarzania banku podkarpackie-miejski-17-04-00876,IK04,finance,centrum przetwarzania banku,1817004,1817,18,49.7967,22.00178,213.4,Izba Rozliczeniowa (fikc.),prywatna,K2,64.8,349190,genset,10.1,8.3,0,30.0,0,1,2024-03-24,3,0,1,1,0,63.82
IK-04-00877,centrum przetwarzania banku lubelskie-południowy-07-05-00877,IK04,finance,centrum przetwarzania banku,0607005,0607,06,51.83243,22.55772,172.5,Izba Rozliczeniowa (fikc.),prywatna,K2,75.8,432993,genset,22.2,19.3,0,38.1,1,0,2026-07-24,6,0,2,0,0,40.699999999999996
IK-04-00878,centrum przetwarzania banku dolnośląskie-miejski-11-05-00878,IK04,finance,centrum przetwarzania banku,0211005,0211,02,51.19666,16.58869,141.7,Izba Rozliczeniowa (fikc.),prywatna,K2,76.6,1286880,genset,15.5,13.5,0,21.9,0,1,2025-11-06,4,0,2,0,0,42.41
IK-04-00879,centrum przetwarzania banku wielkopolskie-zachodni-27-03-00879,IK04,finance,centrum przetwarzania banku,3027003,3027,30,52.86429,16.91638,141.2,Bank Krajowy S.A. (fikc.),prywatna,K1,91.1,1283491,genset,22.3,16.4,0,31.2,1,1,2025-02-23,3,0,1,1,0,71.78999999999999
IK-04-00880,centrum przetwarzania banku podkarpackie-wschodni-20-06-00880,IK04,finance,centrum przetwarzania banku,1820006,1820,18,49.94658,21.49748,116.9,Izba Rozliczeniowa (fikc.),prywatna,K2,67.5,777041,genset,15.1,13.7,0,29.9,1,0,2024-11-17,4,0,2,0,0,38.85
IK-04-00881,centrum przetwarzania banku opolskie-północny-06-07-00881,IK04,finance,centrum przetwarzania banku,1606007,1606,16,50.8298,18.33175,102.1,Izba Rozliczeniowa (fikc.),prywatna,K2,65.4,375729,none,0.0,0.0,0,14.0,1,0,2026-08-02,4,0,2,0,1,61.160000000000004
IK-04-00882,centrum przetwarzania banku łódzkie-wschodni-02-06-00882,IK04,finance,centrum przetwarzania banku,1002006,1002,10,51.96607,20.37115,112.9,Bank Regionalny S.A. (fikc.),prywatna,K3,42.8,357751,none,0.0,0.0,0,22.4,0,0,2024-08-04,6,0,2,0,1,52.12
IK-04-00883,centrum przetwarzania banku dolnośląskie-południowy-07-06-00883,IK04,finance,centrum przetwarzania banku,0207006,0207,02,51.08676,17.81917,179.3,Izba Rozliczeniowa (fikc.),prywatna,K2,73.5,213296,genset,15.0,14.6,0,17.1,1,0,2024-04-29,5,0,1,1,0,66.28
IK-04-00884,centrum przetwarzania banku opolskie-północny-06-02-00884,IK04,finance,centrum przetwarzania banku,1606002,1606,16,50.66613,18.26787,143.1,Bank Krajowy S.A. (fikc.),prywatna,K2,62.3,922390,genset,14.3,13.4,0,22.9,1,1,2023-05-01,5,0,2,0,0,36.94
IK-04-00885,centrum przetwarzania banku łódzkie-miejski-17-01-00885,IK04,finance,centrum przetwarzania banku,1017001,1017,10,51.62451,20.1882,106.2,Bank Regionalny S.A. (fikc.),prywatna,K2,78.2,1436892,genset,18.1,17.1,0,18.3,1,1,2023-07-21,4,0,2,0,0,42.51
IK-04-00886,centrum przetwarzania banku dolnośląskie-zachodni-09-04-00886,IK04,finance,centrum przetwarzania banku,0209004,0209,02,51.39998,16.65464,191.1,Izba Rozliczeniowa (fikc.),publiczna,K2,71.4,891472,genset,17.7,12.4,1,17.0,1,1,2026-06-01,6,0,2,0,0,39.87
IK-04-00887,centrum przetwarzania banku łódzkie-południowy-01-04-00887,IK04,finance,centrum przetwarzania banku,1001004,1001,10,51.56971,20.36846,127.1,Bank Krajowy S.A. (fikc.),prywatna,K2,68.9,1413960,none,0.0,0.0,0,12.4,1,1,2025-07-02,3,0,1,1,1,87.56
IK-04-00888,centrum przetwarzania banku dolnośląskie-wschodni-08-07-00888,IK04,finance,centrum przetwarzania banku,0208007,0208,02,51.26362,16.57769,231.1,Bank Krajowy S.A. (fikc.),prywatna,K2,58.6,278937,genset,11.2,9.6,0,32.1,0,1,2023-11-28,4,0,2,0,0,36.11
IK-04-00889,hurtownia wartości/gotówki warmińsko-mazurskie-południowy-07-04-00889,IK04,finance,hurtownia wartości/gotówki,2807004,2807,28,53.7014,21.37938,208.7,Bank Krajowy S.A. (fikc.),publiczna,K3,48.6,206640,none,0.0,0.0,0,20.4,0,0,2023-05-16,4,0,1,1,1,79.44
IK-04-00890,hurtownia wartości/gotówki śląskie-wschodni-20-05-00890,IK04,finance,hurtownia wartości/gotówki,2420005,2420,24,50.12175,18.88015,127.1,Bank Regionalny S.A. (fikc.),prywatna,K3,53.4,265651,genset,7.2,5.5,0,16.3,0,0,2023-04-17,5,0,1,1,0,59.86
IK-04-00891,hurtownia wartości/gotówki kujawsko-pomorskie-południowy-13-01-00891,IK04,finance,hurtownia wartości/gotówki,0413001,0413,04,52.65395,18.46673,202.7,Izba Rozliczeniowa (fikc.),prywatna,K3,45.2,266086,genset,4.1,3.8,0,31.8,0,0,2023-06-23,5,0,1,1,0,57.230000000000004
IK-04-00892,hurtownia wartości/gotówki dolnośląskie-centralny-28-04-00892,IK04,finance,hurtownia wartości/gotówki,0228004,0228,02,50.98098,17.05779,148.2,Izba Rozliczeniowa (fikc.),prywatna,K3,47.9,451481,genset,7.9,5.9,0,23.9,1,0,2026-04-26,5,0,2,0,0,32.51
IK-04-00893,hurtownia wartości/gotówki kujawsko-pomorskie-centralny-10-06-00893,IK04,finance,hurtownia wartości/gotówki,0410006,0410,04,53.22642,18.47885,290.0,Bank Krajowy S.A. (fikc.),prywatna,K2,65.1,133408,genset,6.9,6.6,0,20.9,1,0,2026-03-25,6,0,2,0,0,39.6
IK-04-00894,hurtownia wartości/gotówki lubelskie-wschodni-20-07-00894,IK04,finance,hurtownia wartości/gotówki,0620007,0620,06,51.00592,22.57424,51.5,Bank Krajowy S.A. (fikc.),publiczna,K3,49.9,437710,genset,7.1,5.6,0,29.7,0,1,2025-08-25,5,0,2,0,0,33.48
IK-04-00895,hurtownia wartości/gotówki dolnośląskie-południowy-07-05-00895,IK04,finance,hurtownia wartości/gotówki,0207005,0207,02,50.96511,17.60348,286.5,Izba Rozliczeniowa (fikc.),prywatna,K3,40.3,264430,genset,9.4,8.1,1,51.4,0,0,2024-02-24,3,0,1,1,0,54.16
IK-04-00896,hurtownia wartości/gotówki podkarpackie-centralny-16-02-00896,IK04,finance,hurtownia wartości/gotówki,1816002,1816,18,49.73453,22.39062,225.0,Izba Rozliczeniowa (fikc.),prywatna,K3,50.0,158616,genset,8.8,7.8,0,29.3,1,0,2026-07-12,4,0,1,1,0,58.17
IK-04-00897,hurtownia wartości/gotówki dolnośląskie-miejski-05-04-00897,IK04,finance,hurtownia wartości/gotówki,0205004,0205,02,51.1936,16.382,198.4,Bank Regionalny S.A. (fikc.),publiczna,K3,54.1,334823,genset,11.4,10.3,1,33.0,0,0,2025-04-04,5,0,2,0,0,34.260000000000005
IK-04-00898,hurtownia wartości/gotówki opolskie-wschodni-08-01-00898,IK04,finance,hurtownia wartości/gotówki,1608001,1608,16,51.22973,18.85356,139.4,Bank Krajowy S.A. (fikc.),prywatna,K2,66.6,197546,genset,11.2,10.6,0,30.7,0,0,2025-08-10,4,0,1,1,0,64.31
IK-04-00899,hurtownia wartości/gotówki opolskie-południowy-01-05-00899,IK04,finance,hurtownia wartości/gotówki,1601005,1601,16,50.59077,17.58656,184.6,Izba Rozliczeniowa (fikc.),prywatna,K3,49.3,205362,genset,8.6,7.0,1,38.6,0,1,2026-04-08,6,0,2,0,0,32.93
IK-04-00900,hurtownia wartości/gotówki wielkopolskie-wschodni-32-03-00900,IK04,finance,hurtownia wartości/gotówki,3032003,3032,30,52.24052,17.08397,175.6,Izba Rozliczeniowa (fikc.),prywatna,K2,71.1,244207,genset,5.9,4.8,0,20.3,0,0,2025-11-24,6,0,2,0,0,42.21
IK-04-00901,hurtownia wartości/gotówki mazowieckie-miejski-35-05-00901,IK04,finance,hurtownia wartości/gotówki,1435005,1435,14,51.98231,21.49769,289.1,Bank Krajowy S.A. (fikc.),publiczna,K3,32.9,170333,none,0.0,0.0,0,29.3,0,0,2023-11-17,4,0,1,1,1,73.16
IK-04-00902,hurtownia wartości/gotówki podlaskie-południowy-07-06-00902,IK04,finance,hurtownia wartości/gotówki,2007006,2007,20,52.96016,22.49087,189.2,Izba Rozliczeniowa (fikc.),prywatna,K3,57.8,122582,genset,9.4,8.0,0,25.6,0,0,2025-07-21,5,0,1,1,0,61.160000000000004
IK-04-00903,hurtownia wartości/gotówki kujawsko-pomorskie-zachodni-21-01-00903,IK04,finance,hurtownia wartości/gotówki,0421001,0421,04,52.63535,19.26312,33.9,Bank Regionalny S.A. (fikc.),prywatna,K2,67.4,134349,genset,9.3,8.1,0,23.7,1,1,2024-10-19,3,0,1,1,0,65.02
IK-04-00904,hurtownia wartości/gotówki lubuskie-miejski-05-05-00904,IK04,finance,hurtownia wartości/gotówki,0805005,0805,08,52.92052,14.99151,182.2,Bank Krajowy S.A. (fikc.),prywatna,K3,36.2,317752,genset,7.7,7.1,0,33.2,1,0,2025-09-21,5,0,2,0,0,27.88
IK-04-00905,hurtownia wartości/gotówki opolskie-północny-12-05-00905,IK04,finance,hurtownia wartości/gotówki,1612005,1612,16,51.00869,18.93043,174.8,Bank Krajowy S.A. (fikc.),prywatna,K3,42.8,260116,genset,10.7,9.7,0,22.7,0,1,2024-11-10,4,0,2,0,0,29.89
IK-04-00906,hurtownia wartości/gotówki mazowieckie-zachodni-27-03-00906,IK04,finance,hurtownia wartości/gotówki,1427003,1427,14,51.73147,21.19312,207.4,Izba Rozliczeniowa (fikc.),prywatna,K3,34.4,132326,genset,11.1,9.3,0,32.1,1,0,2025-04-09,5,0,2,0,0,26.450000000000003
IK-04-00907,hurtownia wartości/gotówki mazowieckie-zachodni-09-02-00907,IK04,finance,hurtownia wartości/gotówki,1409002,1409,14,52.09502,21.03917,242.3,Izba Rozliczeniowa (fikc.),prywatna,K3,45.1,452324,genset,6.9,5.8,0,26.9,0,1,2025-01-27,5,0,2,0,0,31.6
IK-04-00908,hurtownia wartości/gotówki opolskie-północny-12-05-00908,IK04,finance,hurtownia wartości/gotówki,1612005,1612,16,50.95556,18.77522,119.3,Bank Krajowy S.A. (fikc.),prywatna,K3,52.7,390636,genset,4.5,3.9,0,27.7,0,0,2024-05-25,4,0,2,0,0,35.14
IK-04-00909,hurtownia wartości/gotówki dolnośląskie-północny-12-07-00909,IK04,finance,hurtownia wartości/gotówki,0212007,0212,02,51.43231,17.08949,260.4,Izba Rozliczeniowa (fikc.),prywatna,K3,53.2,291714,none,0.0,0.0,1,20.2,1,1,2024-10-22,6,0,2,0,1,56.279999999999994
IK-04-00910,hurtownia wartości/gotówki dolnośląskie-południowy-07-01-00910,IK04,finance,hurtownia wartości/gotówki,0207001,0207,02,51.04622,17.22003,397.8,Bank Krajowy S.A. (fikc.),prywatna,K3,35.9,313765,none,0.0,0.0,1,19.3,0,0,2024-03-10,4,0,1,1,1,74.36
IK-04-00911,hurtownia wartości/gotówki lubuskie-wschodni-08-02-00911,IK04,finance,hurtownia wartości/gotówki,0808002,0808,08,52.23607,15.41328,274.2,Izba Rozliczeniowa (fikc.),prywatna,K3,41.8,187767,genset,8.0,7.8,0,21.5,0,0,2025-03-12,4,0,1,1,0,55.05
IK-04-00912,hurtownia wartości/gotówki dolnośląskie-południowy-01-03-00912,IK04,finance,hurtownia wartości/gotówki,0201003,0201,02,51.21426,16.01404,261.5,Izba Rozliczeniowa (fikc.),prywatna,K3,33.1,81965,genset,9.1,8.8,1,31.6,1,1,2023-07-29,4,0,1,1,0,51.339999999999996
IK-04-00913,hurtownia wartości/gotówki zachodniopomorskie-zachodni-15-05-00913,IK04,finance,hurtownia wartości/gotówki,3215005,3215,32,54.1516,15.29261,95.7,Bank Regionalny S.A. (fikc.),prywatna,K3,55.7,361841,genset,7.0,5.6,0,23.8,0,0,2026-01-10,5,0,2,0,0,35.82
IK-04-00914,hurtownia wartości/gotówki łódzkie-wschodni-14-05-00914,IK04,finance,hurtownia wartości/gotówki,1014005,1014,10,51.48778,19.32463,245.0,Izba Rozliczeniowa (fikc.),prywatna,K3,42.5,251788,none,0.0,0.0,0,33.8,1,0,2023-02-18,5,0,2,0,1,52.0
IK-04-00915,hurtownia wartości/gotówki opolskie-zachodni-03-07-00915,IK04,finance,hurtownia wartości/gotówki,1603007,1603,16,50.98265,17.51476,142.8,Bank Krajowy S.A. (fikc.),prywatna,K3,46.6,832996,genset,10.4,7.6,0,30.9,0,0,2023-06-02,6,0,2,0,0,31.47
IK-04-00916,hurtownia wartości/gotówki dolnośląskie-centralny-04-03-00916,IK04,finance,hurtownia wartości/gotówki,0204003,0204,02,51.20855,16.92623,201.2,Bank Regionalny S.A. (fikc.),prywatna,K2,63.1,183145,genset,7.8,6.7,0,14.9,0,1,2023-04-04,4,0,1,1,0,63.62
IK-04-00917,hurtownia wartości/gotówki pomorskie-wschodni-20-06-00917,IK04,finance,hurtownia wartości/gotówki,2220006,2220,22,53.2372,18.61868,143.1,Bank Regionalny S.A. (fikc.),prywatna,K3,39.3,366357,genset,9.3,8.2,0,34.9,0,0,2023-11-26,4,0,2,0,0,28.78
IK-04-00918,hurtownia wartości/gotówki kujawsko-pomorskie-zachodni-03-02-00918,IK04,finance,hurtownia wartości/gotówki,0403002,0403,04,53.23067,18.2971,9.4,Bank Krajowy S.A. (fikc.),prywatna,K3,57.6,345733,genset,8.9,7.7,0,12.2,0,0,2025-04-02,5,0,1,1,0,61.19
IK-04-00919,hurtownia wartości/gotówki łódzkie-wschodni-20-05-00919,IK04,finance,hurtownia wartości/gotówki,1020005,1020,10,51.65545,19.69208,79.2,Izba Rozliczeniowa (fikc.),prywatna,K3,42.1,116265,genset,7.5,5.4,0,27.7,0,1,2025-06-09,4,0,1,1,0,55.279999999999994
IK-04-00920,hurtownia wartości/gotówki łódzkie-północny-18-06-00920,IK04,finance,hurtownia wartości/gotówki,1018006,1018,10,52.03977,20.25862,96.5,Izba Rozliczeniowa (fikc.),prywatna,K3,54.8,265290,genset,10.4,8.8,0,27.3,0,0,2026-07-17,5,0,2,0,0,34.75
IK-05-00921,magazyn rezerw strategicznych pomorskie-północny-12-06-00921,IK05,food,magazyn rezerw strategicznych,2212006,2212,22,53.61431,19.33667,161.0,Spółdzielnia Spożywcza (fikc.),prywatna,K2,75.6,610604,genset,18.4,13.9,0,27.0,0,1,2024-06-26,3,0,1,1,0,66.41
IK-05-00922,magazyn rezerw strategicznych opolskie-południowy-07-03-00922,IK05,food,magazyn rezerw strategicznych,1607003,1607,16,50.74681,18.54558,18.6,Sieć Chłodni Polska (fikc.),publiczna,K1,91.0,491193,genset,10.7,8.3,1,45.5,0,1,2023-03-12,4,0,1,1,0,74.17
IK-05-00923,magazyn rezerw strategicznych dolnośląskie-zachodni-27-06-00923,IK05,food,magazyn rezerw strategicznych,0227006,0227,02,50.49936,16.41102,212.2,Agencja Rezerw (fikc.),prywatna,K1,86.8,208480,genset,15.5,15.1,0,33.8,1,1,2026-04-04,3,0,1,1,0,71.49
IK-05-00924,magazyn rezerw strategicznych dolnośląskie-wschodni-26-02-00924,IK05,food,magazyn rezerw strategicznych,0226002,0226,02,51.33839,17.26339,137.5,Sieć Chłodni Polska (fikc.),publiczna,K2,67.0,298469,genset,13.3,13.2,1,19.3,1,0,2023-02-27,5,0,2,0,0,39.03
IK-05-00925,magazyn rezerw strategicznych dolnośląskie-wschodni-14-01-00925,IK05,food,magazyn rezerw strategicznych,0214001,0214,02,51.23162,17.01644,348.5,Spółdzielnia Spożywcza (fikc.),prywatna,K2,77.2,229928,genset,9.5,8.8,1,17.2,1,0,2026-01-23,4,0,2,0,0,43.9
IK-05-00926,magazyn rezerw strategicznych dolnośląskie-miejski-05-07-00926,IK05,food,magazyn rezerw strategicznych,0205007,0205,02,51.1495,16.30832,142.0,Sieć Chłodni Polska (fikc.),publiczna,K2,72.3,613329,genset,12.5,9.2,0,10.9,1,0,2026-01-07,4,0,1,1,0,66.32000000000001
IK-05-00927,magazyn rezerw strategicznych kujawsko-pomorskie-północny-18-06-00927,IK05,food,magazyn rezerw strategicznych,0418006,0418,04,52.20123,17.51005,105.9,Spółdzielnia Spożywcza (fikc.),publiczna,K1,99.0,395907,genset,10.3,9.4,0,29.0,1,1,2026-05-17,4,0,1,1,0,77.45
IK-05-00928,magazyn rezerw strategicznych wielkopolskie-północny-24-06-00928,IK05,food,magazyn rezerw strategicznych,3024006,3024,30,52.0037,16.2054,145.9,Sieć Chłodni Polska (fikc.),prywatna,K1,89.4,409440,genset,13.9,10.9,0,20.3,1,1,2024-05-01,3,0,1,1,0,72.86
IK-05-00929,magazyn rezerw strategicznych dolnośląskie-wschodni-20-06-00929,IK05,food,magazyn rezerw strategicznych,0220006,0220,02,50.6161,17.10212,171.5,Spółdzielnia Spożywcza (fikc.),prywatna,K2,62.6,642905,genset,17.9,13.1,1,16.2,1,1,2025-06-11,3,0,1,1,0,61.309999999999995
IK-05-00930,magazyn rezerw strategicznych dolnośląskie-północny-18-07-00930,IK05,food,magazyn rezerw strategicznych,0218007,0218,02,51.32425,17.53325,256.2,Agencja Rezerw (fikc.),prywatna,K1,81.6,444776,genset,13.6,10.4,1,37.7,1,1,2024-11-24,4,0,1,1,0,69.81
IK-05-00931,magazyn rezerw strategicznych małopolskie-wschodni-20-07-00931,IK05,food,magazyn rezerw strategicznych,1220007,1220,12,50.23705,19.88137,266.2,Sieć Chłodni Polska (fikc.),prywatna,K1,86.3,630578,genset,14.7,14.1,0,25.9,1,1,2024-11-13,4,0,1,1,0,71.46000000000001
IK-05-00932,magazyn rezerw strategicznych opolskie-północny-06-07-00932,IK05,food,magazyn rezerw strategicznych,1606007,1606,16,50.74138,18.2438,185.6,Spółdzielnia Spożywcza (fikc.),publiczna,K1,88.8,416537,genset,8.1,6.3,0,24.4,1,1,2024-11-16,4,0,1,1,0,73.83
IK-05-00933,magazyn rezerw strategicznych dolnośląskie-północny-18-01-00933,IK05,food,magazyn rezerw strategicznych,0218001,0218,02,51.38257,17.31355,192.8,Sieć Chłodni Polska (fikc.),prywatna,K2,76.4,182043,none,0.0,0.0,0,17.7,1,1,2025-03-18,5,0,2,0,1,65.56
IK-05-00934,magazyn rezerw strategicznych małopolskie-zachodni-03-04-00934,IK05,food,magazyn rezerw strategicznych,1203004,1203,12,49.8556,19.66725,325.8,Spółdzielnia Spożywcza (fikc.),publiczna,K1,83.3,421860,genset,10.8,8.1,0,37.2,0,1,2023-11-09,5,0,2,0,0,46.07
IK-05-00935,magazyn rezerw strategicznych łódzkie-miejski-17-04-00935,IK05,food,magazyn rezerw strategicznych,1017004,1017,10,51.79582,20.01284,49.0,Sieć Chłodni Polska (fikc.),prywatna,K1,86.7,309431,genset,10.3,7.4,0,28.9,1,1,2023-11-12,3,0,1,1,0,72.53
IK-05-00936,magazyn rezerw strategicznych podkarpackie-miejski-23-01-00936,IK05,food,magazyn rezerw strategicznych,1823001,1823,18,50.43111,22.87418,275.7,Sieć Chłodni Polska (fikc.),prywatna,K2,79.2,401686,genset,14.3,10.5,0,29.8,1,0,2025-01-20,3,0,1,1,0,68.7
IK-05-00937,magazyn rezerw strategicznych wielkopolskie-południowy-01-01-00937,IK05,food,magazyn rezerw strategicznych,3001001,3001,30,52.53297,16.82261,296.1,Spółdzielnia Spożywcza (fikc.),publiczna,K1,96.8,351602,genset,14.2,10.3,0,15.3,1,1,2025-01-19,4,0,1,1,0,75.76
IK-05-00938,magazyn rezerw strategicznych świętokrzyskie-centralny-04-06-00938,IK05,food,magazyn rezerw strategicznych,2604006,2604,26,51.21394,21.57251,144.4,Agencja Rezerw (fikc.),prywatna,K1,98.8,723864,genset,16.3,12.5,0,28.5,1,1,2025-04-29,3,0,1,1,0,76.12
IK-05-00939,magazyn rezerw strategicznych śląskie-centralny-34-01-00939,IK05,food,magazyn rezerw strategicznych,2434001,2434,24,50.60136,18.79685,245.1,Spółdzielnia Spożywcza (fikc.),publiczna,K2,79.5,116695,genset,10.7,10.0,0,15.6,0,0,2025-06-29,3,0,1,1,0,69.57
IK-05-00940,magazyn rezerw strategicznych opolskie-północny-06-07-00940,IK05,food,magazyn rezerw strategicznych,1606007,1606,16,50.75001,18.22538,114.2,Spółdzielnia Spożywcza (fikc.),prywatna,K1,80.9,370207,genset,7.0,6.7,1,29.2,1,1,2023-05-25,4,0,1,1,0,70.89999999999999
IK-05-00941,magazyn rezerw strategicznych lubelskie-wschodni-20-05-00941,IK05,food,magazyn rezerw strategicznych,0620005,0620,06,50.94812,22.56446,131.0,Sieć Chłodni Polska (fikc.),prywatna,K1,83.3,112712,genset,10.4,7.5,0,25.9,1,1,2024-10-03,5,0,1,1,0,71.15
IK-05-00942,magazyn rezerw strategicznych mazowieckie-zachodni-39-03-00942,IK05,food,magazyn rezerw strategicznych,1439003,1439,14,52.33915,21.2122,167.3,Spółdzielnia Spożywcza (fikc.),prywatna,K1,80.1,507117,genset,10.9,9.1,0,37.4,1,1,2024-09-25,3,0,1,1,0,69.77
IK-05-00943,magazyn rezerw strategicznych dolnośląskie-południowy-19-02-00943,IK05,food,magazyn rezerw strategicznych,0219002,0219,02,50.74655,16.2424,290.7,Spółdzielnia Spożywcza (fikc.),prywatna,K1,99.0,273430,genset,7.9,7.7,1,25.0,1,1,2023-09-28,5,0,1,1,0,77.95
IK-05-00944,magazyn rezerw strategicznych łódzkie-miejski-23-03-00944,IK05,food,magazyn rezerw strategicznych,1023003,1023,10,52.71415,21.09791,24.1,Sieć Chłodni Polska (fikc.),prywatna,K2,64.5,139837,genset,8.1,6.0,0,29.6,1,1,2024-05-29,3,0,1,1,0,64.11
IK-05-00945,magazyn rezerw strategicznych pomorskie-zachodni-09-05-00945,IK05,food,magazyn rezerw strategicznych,2209005,2209,22,54.49584,18.92906,166.2,Spółdzielnia Spożywcza (fikc.),prywatna,K2,76.5,763913,genset,11.9,9.9,0,35.4,1,0,2025-09-06,3,0,1,1,0,68.12
IK-05-00946,magazyn rezerw strategicznych pomorskie-zachodni-03-03-00946,IK05,food,magazyn rezerw strategicznych,2203003,2203,22,54.49011,18.15633,224.1,Agencja Rezerw (fikc.),prywatna,K1,88.5,263066,genset,17.0,12.8,0,23.6,1,1,2025-01-13,3,0,1,1,0,71.86
IK-05-00947,magazyn rezerw strategicznych lubelskie-wschodni-02-05-00947,IK05,food,magazyn rezerw strategicznych,0602005,0602,06,51.52964,21.54347,139.8,Agencja Rezerw (fikc.),prywatna,K1,89.6,152569,genset,9.5,8.8,0,20.9,1,1,2023-03-09,4,0,2,0,0,48.86
IK-05-00948,magazyn rezerw strategicznych małopolskie-wschodni-02-02-00948,IK05,food,magazyn rezerw strategicznych,1202002,1202,12,50.13417,20.74913,154.1,Agencja Rezerw (fikc.),publiczna,K2,75.5,245989,genset,9.3,8.2,0,2.0,0,1,2024-10-31,5,0,1,1,0,68.26
IK-05-00949,magazyn rezerw strategicznych lubuskie-zachodni-09-07-00949,IK05,food,magazyn rezerw strategicznych,0809007,0809,08,52.13678,15.57586,298.0,Agencja Rezerw (fikc.),prywatna,K2,75.0,461898,genset,9.7,7.0,0,31.6,0,1,2024-10-13,3,0,1,1,0,67.97999999999999
IK-05-00950,magazyn rezerw strategicznych dolnośląskie-centralny-04-05-00950,IK05,food,magazyn rezerw strategicznych,0204005,0204,02,51.09472,17.04712,304.2,Agencja Rezerw (fikc.),prywatna,K1,88.5,130763,genset,9.5,7.7,1,30.9,1,1,2024-10-14,3,0,1,1,0,73.42
IK-05-00951,chłodnia składowa świętokrzyskie-miejski-11-03-00951,IK05,food,chłodnia składowa,2611003,2611,26,50.7774,19.88769,136.0,Spółdzielnia Spożywcza (fikc.),publiczna,K3,37.6,145239,genset,5.3,5.2,0,16.8,1,0,2024-04-16,4,0,1,1,0,53.94
IK-05-00952,chłodnia składowa podkarpackie-wschodni-02-06-00952,IK05,food,chłodnia składowa,1802006,1802,18,49.36403,21.48882,110.0,Sieć Chłodni Polska (fikc.),prywatna,K3,32.7,127458,genset,7.9,7.3,0,9.5,0,1,2026-04-13,3,0,1,1,0,51.43
IK-05-00953,chłodnia składowa opolskie-północny-12-01-00953,IK05,food,chłodnia składowa,1612001,1612,16,50.78983,18.65859,181.8,Spółdzielnia Spożywcza (fikc.),prywatna,K3,41.0,124697,none,0.0,0.0,1,16.0,0,0,2024-03-19,3,0,1,1,1,76.4
IK-05-00954,chłodnia składowa lubelskie-południowy-01-04-00954,IK05,food,chłodnia składowa,0601004,0601,06,50.76702,21.91221,148.4,Agencja Rezerw (fikc.),publiczna,K2,60.4,116151,none,0.0,0.0,0,28.5,1,1,2026-05-29,3,0,1,1,1,84.16
IK-05-00955,chłodnia składowa dolnośląskie-północny-24-07-00955,IK05,food,chłodnia składowa,0224007,0224,02,51.55158,17.03718,209.3,Sieć Chłodni Polska (fikc.),prywatna,K2,58.6,178600,none,0.0,0.0,1,36.5,1,1,2024-10-20,4,0,2,0,1,58.440000000000005
IK-05-00956,chłodnia składowa lubelskie-północny-18-01-00956,IK05,food,chłodnia składowa,0618001,0618,06,51.24832,21.8118,66.3,Spółdzielnia Spożywcza (fikc.),prywatna,K3,57.1,29430,genset,7.1,5.1,0,24.9,0,0,2024-12-29,5,0,1,1,0,61.36000000000001
IK-05-00957,chłodnia składowa opolskie-wschodni-02-01-00957,IK05,food,chłodnia składowa,1602001,1602,16,50.58367,17.72069,240.0,Sieć Chłodni Polska (fikc.),prywatna,K2,63.7,111521,genset,7.2,6.2,1,26.4,1,1,2025-09-17,3,0,1,1,0,63.980000000000004
IK-05-00958,chłodnia składowa warmińsko-mazurskie-północny-18-04-00958,IK05,food,chłodnia składowa,2818004,2818,28,53.27378,20.50985,96.1,Sieć Chłodni Polska (fikc.),prywatna,K3,45.8,78704,genset,7.7,6.0,0,25.1,0,1,2025-12-11,4,0,2,0,0,31.72
IK-05-00959,chłodnia składowa dolnośląskie-północny-30-01-00959,IK05,food,chłodnia składowa,0230001,0230,02,50.57525,17.56166,158.8,Spółdzielnia Spożywcza (fikc.),prywatna,K3,40.3,212337,genset,8.1,6.0,0,24.2,0,0,2025-12-22,3,0,1,1,0,54.43
IK-05-00960,chłodnia składowa dolnośląskie-zachodni-03-01-00960,IK05,food,chłodnia składowa,0203001,0203,02,50.41894,16.39326,327.6,Spółdzielnia Spożywcza (fikc.),publiczna,K3,51.5,202533,genset,5.2,4.8,1,11.6,1,0,2024-12-24,5,0,1,1,0,59.519999999999996
IK-05-00961,chłodnia składowa opolskie-miejski-05-07-00961,IK05,food,chłodnia składowa,1605007,1605,16,50.48496,17.50339,275.4,Spółdzielnia Spożywcza (fikc.),prywatna,K3,40.7,171521,genset,4.9,3.5,0,20.2,0,0,2025-08-04,3,0,1,1,0,55.26
IK-05-00962,chłodnia składowa dolnośląskie-wschodni-02-04-00962,IK05,food,chłodnia składowa,0202004,0202,02,51.25127,17.55225,313.5,Spółdzielnia Spożywcza (fikc.),publiczna,K3,56.8,178311,genset,6.2,5.0,0,25.6,0,0,2024-05-16,3,0,1,1,0,61.42999999999999
IK-05-00963,chłodnia składowa lubelskie-północny-12-01-00963,IK05,food,chłodnia składowa,0612001,0612,06,50.92404,22.32797,194.6,Agencja Rezerw (fikc.),publiczna,K3,56.0,81078,genset,5.9,5.1,0,32.6,1,1,2024-01-31,3,0,1,1,0,61.17
IK-05-00964,chłodnia składowa mazowieckie-wschodni-38-07-00964,IK05,food,chłodnia składowa,1438007,1438,14,51.68671,22.11589,142.3,Agencja Rezerw (fikc.),prywatna,K2,58.9,165887,none,0.0,0.0,0,22.4,0,0,2024-07-26,3,0,1,1,1,83.56
IK-05-00965,chłodnia składowa lubuskie-wschodni-14-02-00965,IK05,food,chłodnia składowa,0814002,0814,08,52.71336,15.54591,184.0,Agencja Rezerw (fikc.),publiczna,K3,48.8,68783,genset,4.2,3.5,0,18.4,1,0,2025-09-15,4,0,1,1,0,58.64
IK-05-00966,chłodnia składowa dolnośląskie-wschodni-20-04-00966,IK05,food,chłodnia składowa,0220004,0220,02,50.77519,17.10722,186.7,Sieć Chłodni Polska (fikc.),publiczna,K3,44.9,215861,genset,6.1,4.6,1,31.3,1,0,2023-03-05,4,0,2,0,0,31.69
IK-05-00967,chłodnia składowa dolnośląskie-południowy-07-07-00967,IK05,food,chłodnia składowa,0207007,0207,02,51.32218,17.51217,189.9,Agencja Rezerw (fikc.),prywatna,K3,48.5,189768,none,0.0,0.0,1,23.7,0,1,2025-03-28,4,0,1,1,1,79.4
IK-05-00968,chłodnia składowa opolskie-miejski-11-03-00968,IK05,food,chłodnia składowa,1611003,1611,16,51.19924,17.88787,192.6,Spółdzielnia Spożywcza (fikc.),prywatna,K3,41.4,105434,genset,7.1,6.6,0,31.7,1,0,2026-06-21,3,0,1,1,0,55.08
IK-05-00969,chłodnia składowa małopolskie-zachodni-21-03-00969,IK05,food,chłodnia składowa,1221003,1221,12,49.62104,20.26138,71.5,Spółdzielnia Spożywcza (fikc.),prywatna,K2,61.9,269495,genset,8.2,7.2,0,12.4,0,1,2024-09-24,4,0,1,1,0,63.05
IK-05-00970,chłodnia składowa warmińsko-mazurskie-centralny-16-06-00970,IK05,food,chłodnia składowa,2816006,2816,28,53.43401,20.00287,151.2,Agencja Rezerw (fikc.),prywatna,K3,38.1,47362,none,0.0,0.0,0,22.8,0,0,2025-10-09,4,0,1,1,1,75.24
IK-05-00971,chłodnia składowa śląskie-miejski-29-05-00971,IK05,food,chłodnia składowa,2429005,2429,24,50.06047,18.51511,192.7,Sieć Chłodni Polska (fikc.),publiczna,K3,46.6,58000,genset,6.3,4.7,0,39.9,0,0,2025-12-28,4,0,1,1,0,57.330000000000005
IK-05-00972,chłodnia składowa dolnośląskie-wschodni-26-05-00972,IK05,food,chłodnia składowa,0226005,0226,02,51.00535,17.11701,14.0,Spółdzielnia Spożywcza (fikc.),prywatna,K3,53.7,45937,genset,9.9,7.5,0,22.6,0,1,2024-03-14,3,0,1,1,0,59.419999999999995
IK-05-00973,chłodnia składowa warmińsko-mazurskie-południowy-19-06-00973,IK05,food,chłodnia składowa,2819006,2819,28,54.51482,20.90728,190.7,Agencja Rezerw (fikc.),prywatna,K3,46.9,51959,none,0.0,0.0,0,19.6,0,0,2026-01-29,3,0,1,1,1,78.75999999999999
IK-05-00974,chłodnia składowa opolskie-centralny-04-01-00974,IK05,food,chłodnia składowa,1604001,1604,16,50.88555,18.72856,63.2,Agencja Rezerw (fikc.),prywatna,K3,57.0,155011,genset,5.2,3.9,1,23.8,0,0,2024-08-08,5,0,2,0,0,36.720000000000006
IK-05-00975,chłodnia składowa świętokrzyskie-miejski-11-05-00975,IK05,food,chłodnia składowa,2611005,2611,26,50.91883,19.73088,147.8,Sieć Chłodni Polska (fikc.),publiczna,K3,33.8,46046,genset,6.1,5.7,0,24.2,0,0,2023-03-10,4,0,1,1,0,52.25
IK-05-00976,chłodnia składowa małopolskie-wschodni-20-04-00976,IK05,food,chłodnia składowa,1220004,1220,12,50.18259,20.24843,18.8,Spółdzielnia Spożywcza (fikc.),prywatna,K3,57.8,109257,genset,8.7,7.3,0,34.0,0,0,2023-12-11,4,0,1,1,0,61.309999999999995
IK-05-00977,chłodnia składowa wielkopolskie-centralny-16-01-00977,IK05,food,chłodnia składowa,3016001,3016,30,52.50416,16.95354,207.3,Sieć Chłodni Polska (fikc.),prywatna,K3,32.3,114413,genset,6.5,5.2,0,11.6,1,1,2024-01-20,6,0,2,0,0,26.57
IK-05-00978,chłodnia składowa dolnośląskie-zachodni-21-01-00978,IK05,food,chłodnia składowa,0221001,0221,02,51.50017,17.01433,218.1,Sieć Chłodni Polska (fikc.),prywatna,K2,67.1,177077,genset,6.8,5.0,0,29.0,1,0,2026-05-08,6,0,2,0,0,40.42
IK-05-00979,chłodnia składowa śląskie-północny-18-04-00979,IK05,food,chłodnia składowa,2418004,2418,24,49.68772,18.50916,207.9,Spółdzielnia Spożywcza (fikc.),prywatna,K2,62.9,158963,none,0.0,0.0,0,24.7,1,0,2023-09-03,5,0,2,0,1,60.160000000000004
IK-05-00980,chłodnia składowa warmińsko-mazurskie-północny-18-04-00980,IK05,food,chłodnia składowa,2818004,2818,28,53.25501,20.52291,257.5,Spółdzielnia Spożywcza (fikc.),prywatna,K3,54.5,126792,genset,6.6,5.6,0,16.3,0,0,2024-08-22,3,0,1,1,0,60.419999999999995
IK-05-00981,chłodnia składowa dolnośląskie-północny-12-06-00981,IK05,food,chłodnia składowa,0212006,0212,02,51.50904,16.88556,232.9,Spółdzielnia Spożywcza (fikc.),prywatna,K3,26.8,67760,genset,6.6,5.4,1,30.6,0,0,2026-06-21,3,0,1,1,0,49.34
IK-05-00982,chłodnia składowa opolskie-miejski-11-03-00982,IK05,food,chłodnia składowa,1611003,1611,16,51.24363,17.69885,271.1,Spółdzielnia Spożywcza (fikc.),prywatna,K3,51.7,248551,genset,6.8,6.4,0,31.3,0,1,2023-07-15,4,0,2,0,0,34.260000000000005
IK-05-00983,chłodnia składowa mazowieckie-centralny-28-04-00983,IK05,food,chłodnia składowa,1428004,1428,14,51.72887,20.92103,166.7,Spółdzielnia Spożywcza (fikc.),publiczna,K3,46.3,108839,genset,6.5,5.2,0,31.6,1,0,2023-04-07,3,0,1,1,0,57.17
IK-05-00984,chłodnia składowa podkarpackie-zachodni-15-03-00984,IK05,food,chłodnia składowa,1815003,1815,18,49.37123,20.84677,168.4,Sieć Chłodni Polska (fikc.),prywatna,K3,34.9,69746,none,0.0,0.0,0,34.6,0,0,2023-08-27,3,0,1,1,1,73.96000000000001
IK-05-00985,chłodnia składowa wielkopolskie-miejski-17-06-00985,IK05,food,chłodnia składowa,3017006,3017,30,52.8692,17.26987,255.3,Agencja Rezerw (fikc.),prywatna,K3,47.3,139059,genset,4.8,3.5,0,17.5,0,0,2023-03-12,3,0,1,1,0,57.92
IK-05-00986,chłodnia składowa kujawsko-pomorskie-miejski-11-03-00986,IK05,food,chłodnia składowa,0411003,0411,04,53.19801,18.02258,179.7,Spółdzielnia Spożywcza (fikc.),prywatna,K3,54.2,145963,none,0.0,0.0,0,37.5,0,0,2026-01-13,3,0,1,1,1,81.67999999999999
IK-05-00987,chłodnia składowa dolnośląskie-południowy-01-05-00987,IK05,food,chłodnia składowa,0201005,0201,02,51.3965,16.38623,42.8,Spółdzielnia Spożywcza (fikc.),publiczna,K2,58.4,221657,genset,4.4,3.6,1,32.4,1,1,2025-07-31,4,0,1,1,0,62.44
IK-05-00988,chłodnia składowa opolskie-zachodni-03-04-00988,IK05,food,chłodnia składowa,1603004,1603,16,51.31451,17.42334,168.2,Sieć Chłodni Polska (fikc.),prywatna,K3,37.1,45736,none,0.0,0.0,0,28.0,0,0,2024-11-28,4,0,2,0,1,49.84
IK-05-00989,chłodnia składowa dolnośląskie-miejski-11-07-00989,IK05,food,chłodnia składowa,0211007,0211,02,50.96551,16.71797,225.7,Agencja Rezerw (fikc.),prywatna,K3,30.0,261849,genset,7.9,6.9,1,32.4,1,0,2024-03-01,3,0,1,1,0,50.349999999999994
IK-05-00990,chłodnia składowa opolskie-centralny-04-07-00990,IK05,food,chłodnia składowa,1604007,1604,16,50.67773,18.76149,212.2,Sieć Chłodni Polska (fikc.),prywatna,K3,45.8,72092,genset,3.5,3.3,1,22.9,0,0,2023-08-26,4,0,1,1,0,57.589999999999996
IK-05-00991,chłodnia składowa dolnośląskie-miejski-29-02-00991,IK05,food,chłodnia składowa,0229002,0229,02,50.79834,17.82504,170.8,Spółdzielnia Spożywcza (fikc.),publiczna,K3,31.2,108478,genset,7.0,6.3,0,38.8,0,0,2023-11-18,3,0,1,1,0,51.019999999999996
IK-05-00992,chłodnia składowa dolnośląskie-miejski-11-01-00992,IK05,food,chłodnia składowa,0211001,0211,02,51.02446,16.6065,158.6,Spółdzielnia Spożywcza (fikc.),prywatna,K3,44.7,82769,genset,6.0,5.6,1,28.2,0,0,2026-07-10,3,0,1,1,0,56.63
IK-05-00993,chłodnia składowa łódzkie-centralny-04-04-00993,IK05,food,chłodnia składowa,1004004,1004,10,51.40614,20.56688,188.1,Agencja Rezerw (fikc.),publiczna,K3,55.6,136279,genset,5.6,4.7,0,26.1,1,0,2025-07-03,3,0,1,1,0,61.07
IK-05-00994,chłodnia składowa wielkopolskie-centralny-16-02-00994,IK05,food,chłodnia składowa,3016002,3016,30,52.51018,16.65137,125.3,Agencja Rezerw (fikc.),prywatna,K3,44.4,369938,genset,3.7,3.0,0,25.9,0,0,2025-03-20,4,0,1,1,0,56.989999999999995
IK-05-00995,zakład przetwórstwa spożywczego łódzkie-centralny-10-05-00995,IK05,food,zakład przetwórstwa spożywczego,1010005,1010,10,51.69362,20.33166,137.5,Sieć Chłodni Polska (fikc.),publiczna,K3,41.0,91277,none,0.0,0.0,0,22.9,0,0,2026-01-26,4,0,2,0,1,51.4
IK-05-00996,zakład przetwórstwa spożywczego opolskie-miejski-05-02-00996,IK05,food,zakład przetwórstwa spożywczego,1605002,1605,16,50.61829,17.10063,224.7,Sieć Chłodni Polska (fikc.),prywatna,K3,17.9,61461,none,0.0,0.0,0,29.2,1,0,2023-05-03,3,0,1,1,1,67.16
IK-05-00997,zakład przetwórstwa spożywczego podlaskie-wschodni-02-06-00997,IK05,food,zakład przetwórstwa spożywczego,2002006,2002,20,53.56205,22.86178,4.0,Spółdzielnia Spożywcza (fikc.),prywatna,K3,38.2,45734,none,0.0,0.0,0,24.2,1,0,2023-09-17,3,0,1,1,1,75.28
IK-05-00998,zakład przetwórstwa spożywczego świętokrzyskie-południowy-13-01-00998,IK05,food,zakład przetwórstwa spożywczego,2613001,2613,26,51.49428,20.61698,222.0,Agencja Rezerw (fikc.),prywatna,K3,43.3,73673,none,0.0,0.0,0,3.5,1,0,2026-06-11,4,0,1,1,1,77.32
IK-05-00999,zakład przetwórstwa spożywczego dolnośląskie-zachodni-27-06-00999,IK05,food,zakład przetwórstwa spożywczego,0227006,0227,02,50.61085,16.47152,181.8,Agencja Rezerw (fikc.),prywatna,K3,37.5,109407,none,0.0,0.0,1,22.7,0,1,2023-11-07,3,0,1,1,1,75.0
IK-05-01000,zakład przetwórstwa spożywczego pomorskie-miejski-17-06-01000,IK05,food,zakład przetwórstwa spożywczego,2217006,2217,22,53.72149,18.07325,258.0,Sieć Chłodni Polska (fikc.),publiczna,K3,53.8,134056,none,0.0,0.0,0,33.6,0,0,2025-02-05,4,0,1,1,1,81.52000000000001
IK-05-01001,zakład przetwórstwa spożywczego małopolskie-północny-18-06-01001,IK05,food,zakład przetwórstwa spożywczego,1218006,1218,12,50.16881,20.60371,17.8,Spółdzielnia Spożywcza (fikc.),prywatna,K3,45.7,71697,none,0.0,0.0,0,27.5,0,1,2026-01-27,3,0,1,1,1,78.28
IK-05-01002,zakład przetwórstwa spożywczego lubuskie-miejski-11-07-01002,IK05,food,zakład przetwórstwa spożywczego,0811007,0811,08,51.60681,15.64309,195.5,Spółdzielnia Spożywcza (fikc.),prywatna,K3,42.0,78789,none,0.0,0.0,0,29.8,0,1,2023-09-23,3,0,1,1,1,76.8
IK-05-01003,zakład przetwórstwa spożywczego podlaskie-południowy-01-05-01003,IK05,food,zakład przetwórstwa spożywczego,2001005,2001,20,53.28744,22.42615,267.5,Spółdzielnia Spożywcza (fikc.),prywatna,K3,39.3,47355,none,0.0,0.0,0,31.3,1,0,2024-03-22,4,0,1,1,1,75.72
IK-05-01004,zakład przetwórstwa spożywczego opolskie-miejski-11-04-01004,IK05,food,zakład przetwórstwa spożywczego,1611004,1611,16,51.3407,17.5211,332.2,Sieć Chłodni Polska (fikc.),prywatna,K3,50.9,28419,none,0.0,0.0,1,27.9,0,0,2024-03-25,3,0,1,1,1,80.36
IK-05-01005,zakład przetwórstwa spożywczego lubelskie-zachodni-03-01-01005,IK05,food,zakład przetwórstwa spożywczego,0603001,0603,06,51.26583,22.85773,278.4,Sieć Chłodni Polska (fikc.),publiczna,K3,39.0,130072,none,0.0,0.0,0,40.7,0,0,2023-03-05,3,0,1,1,1,75.6
IK-05-01006,zakład przetwórstwa spożywczego dolnośląskie-południowy-13-06-01006,IK05,food,zakład przetwórstwa spożywczego,0213006,0213,02,50.92108,16.785,314.5,Sieć Chłodni Polska (fikc.),prywatna,K3,40.1,65657,none,0.0,0.0,1,28.7,0,0,2023-10-31,3,0,1,1,1,76.03999999999999
IK-05-01007,zakład przetwórstwa spożywczego warmińsko-mazurskie-wschodni-20-06-01007,IK05,food,zakład przetwórstwa spożywczego,2820006,2820,28,53.64585,20.4457,95.6,Agencja Rezerw (fikc.),prywatna,K3,41.5,66079,none,0.0,0.0,0,16.5,1,0,2023-04-15,3,0,1,1,1,76.6
IK-05-01008,zakład przetwórstwa spożywczego opolskie-północny-12-07-01008,IK05,food,zakład przetwórstwa spożywczego,1612007,1612,16,50.9439,18.71372,129.7,Spółdzielnia Spożywcza (fikc.),prywatna,K3,44.5,61824,none,0.0,0.0,1,23.9,0,1,2023-10-17,3,0,1,1,1,77.8
IK-05-01009,zakład przetwórstwa spożywczego opolskie-południowy-01-02-01009,IK05,food,zakład przetwórstwa spożywczego,1601002,1601,16,50.31965,18.03689,155.8,Spółdzielnia Spożywcza (fikc.),prywatna,K3,47.0,64173,none,0.0,0.0,1,23.4,1,0,2024-02-13,3,0,1,1,1,78.8
IK-05-01010,zakład przetwórstwa spożywczego świętokrzyskie-wschodni-02-01-01010,IK05,food,zakład przetwórstwa spożywczego,2602001,2602,26,50.21699,19.80369,97.4,Sieć Chłodni Polska (fikc.),prywatna,K3,23.0,84302,none,0.0,0.0,0,18.7,0,0,2023-03-14,4,0,1,1,1,69.19999999999999
IK-05-01011,zakład przetwórstwa spożywczego kujawsko-pomorskie-północny-12-05-01011,IK05,food,zakład przetwórstwa spożywczego,0412005,0412,04,52.94259,18.67669,111.6,Spółdzielnia Spożywcza (fikc.),prywatna,K3,43.1,20901,none,0.0,0.0,0,14.8,1,0,2025-01-11,5,0,2,0,1,52.239999999999995
IK-05-01012,zakład przetwórstwa spożywczego łódzkie-północny-12-07-01012,IK05,food,zakład przetwórstwa spożywczego,1012007,1012,10,51.01483,19.19114,138.1,Spółdzielnia Spożywcza (fikc.),publiczna,K3,35.3,87013,none,0.0,0.0,0,17.0,1,1,2025-10-31,4,0,1,1,1,74.11999999999999
IK-05-01013,zakład przetwórstwa spożywczego dolnośląskie-wschodni-26-04-01013,IK05,food,zakład przetwórstwa spożywczego,0226004,0226,02,51.2881,16.98845,164.4,Agencja Rezerw (fikc.),prywatna,K3,51.3,88031,none,0.0,0.0,0,25.3,0,1,2023-12-02,4,0,2,0,1,55.52
IK-05-01014,zakład przetwórstwa spożywczego opolskie-zachodni-03-06-01014,IK05,food,zakład przetwórstwa spożywczego,1603006,1603,16,50.87966,17.21959,299.0,Agencja Rezerw (fikc.),prywatna,K3,42.1,119612,none,0.0,0.0,1,17.1,1,0,2026-06-05,3,0,1,1,1,76.84
IK-05-01015,zakład przetwórstwa spożywczego opolskie-wschodni-08-02-01015,IK05,food,zakład przetwórstwa spożywczego,1608002,1608,16,50.68988,18.23862,312.1,Sieć Chłodni Polska (fikc.),prywatna,K3,51.8,38627,none,0.0,0.0,0,24.7,1,1,2025-04-18,3,0,1,1,1,80.72
IK-05-01016,zakład przetwórstwa spożywczego dolnośląskie-centralny-28-04-01016,IK05,food,zakład przetwórstwa spożywczego,0228004,0228,02,51.05071,17.04008,172.7,Spółdzielnia Spożywcza (fikc.),publiczna,K3,43.7,322260,none,0.0,0.0,0,23.8,1,0,2024-11-06,3,0,1,1,1,77.48
IK-05-01017,zakład przetwórstwa spożywczego opolskie-miejski-11-04-01017,IK05,food,zakład przetwórstwa spożywczego,1611004,1611,16,51.33789,17.58606,252.1,Spółdzielnia Spożywcza (fikc.),prywatna,K3,31.5,77635,none,0.0,0.0,1,39.7,0,0,2024-04-30,3,0,1,1,1,72.6
IK-05-01018,zakład przetwórstwa spożywczego lubelskie-zachodni-09-01-01018,IK05,food,zakład przetwórstwa spożywczego,0609001,0609,06,51.46633,23.23711,142.7,Sieć Chłodni Polska (fikc.),prywatna,K3,28.1,53807,none,0.0,0.0,0,25.9,0,0,2023-05-18,3,0,1,1,1,71.24000000000001
IK-05-01019,zakład przetwórstwa spożywczego podlaskie-miejski-17-05-01019,IK05,food,zakład przetwórstwa spożywczego,2017005,2017,20,52.65997,23.06799,4.0,Sieć Chłodni Polska (fikc.),publiczna,K3,33.3,155564,none,0.0,0.0,0,19.0,0,0,2024-05-15,3,0,1,1,1,73.32
IK-05-01020,zakład przetwórstwa spożywczego dolnośląskie-północny-06-03-01020,IK05,food,zakład przetwórstwa spożywczego,0206003,0206,02,51.5266,17.314,187.5,Agencja Rezerw (fikc.),prywatna,K3,53.9,199624,none,0.0,0.0,1,28.3,1,0,2025-06-12,4,0,1,1,1,81.56
IK-05-01021,zakład przetwórstwa spożywczego pomorskie-wschodni-02-05-01021,IK05,food,zakład przetwórstwa spożywczego,2202005,2202,22,54.92588,17.92267,99.3,Sieć Chłodni Polska (fikc.),publiczna,K3,26.8,44931,none,0.0,0.0,0,15.9,1,0,2023-10-09,3,0,1,1,1,70.72
IK-05-01022,zakład przetwórstwa spożywczego kujawsko-pomorskie-zachodni-21-01-01022,IK05,food,zakład przetwórstwa spożywczego,0421001,0421,04,52.56054,19.22272,25.8,Sieć Chłodni Polska (fikc.),prywatna,K3,27.5,118639,none,0.0,0.0,0,18.9,0,0,2025-07-25,4,0,1,1,1,71.0
IK-05-01023,zakład przetwórstwa spożywczego podkarpackie-centralny-04-01-01023,IK05,food,zakład przetwórstwa spożywczego,1804001,1804,18,50.04537,20.69301,108.7,Sieć Chłodni Polska (fikc.),publiczna,K3,51.0,56384,none,0.0,0.0,0,19.6,0,0,2023-02-23,3,0,1,1,1,80.4
IK-05-01024,zakład przetwórstwa spożywczego warmińsko-mazurskie-miejski-17-04-01024,IK05,food,zakład przetwórstwa spożywczego,2817004,2817,28,54.14222,20.84475,132.5,Spółdzielnia Spożywcza (fikc.),prywatna,K3,43.1,86413,none,0.0,0.0,0,21.5,1,0,2026-01-19,3,0,1,1,1,77.24
IK-05-01025,zakład przetwórstwa spożywczego dolnośląskie-miejski-05-06-01025,IK05,food,zakład przetwórstwa spożywczego,0205006,0205,02,50.9729,16.27558,281.3,Agencja Rezerw (fikc.),prywatna,K3,46.1,28768,none,0.0,0.0,0,32.2,1,1,2025-09-13,4,0,1,1,1,78.44
IK-05-01026,zakład przetwórstwa spożywczego zachodniopomorskie-północny-12-06-01026,IK05,food,zakład przetwórstwa spożywczego,3212006,3212,32,53.88963,15.26343,115.6,Agencja Rezerw (fikc.),prywatna,K3,45.5,56052,none,0.0,0.0,0,37.5,0,1,2025-08-11,5,0,2,0,1,53.2
IK-05-01027,zakład przetwórstwa spożywczego zachodniopomorskie-zachodni-09-03-01027,IK05,food,zakład przetwórstwa spożywczego,3209003,3209,32,53.72688,14.59031,252.3,Spółdzielnia Spożywcza (fikc.),publiczna,K3,31.4,89079,none,0.0,0.0,0,26.3,0,1,2025-05-10,5,0,1,1,1,72.56
IK-05-01028,zakład przetwórstwa spożywczego mazowieckie-północny-42-01-01028,IK05,food,zakład przetwórstwa spożywczego,1442001,1442,14,52.16995,20.89716,89.8,Spółdzielnia Spożywcza (fikc.),prywatna,K3,54.4,102251,none,0.0,0.0,0,25.8,1,1,2024-10-04,4,0,1,1,1,81.76
IK-05-01029,zakład przetwórstwa spożywczego opolskie-miejski-05-04-01029,IK05,food,zakład przetwórstwa spożywczego,1605004,1605,16,50.35098,17.30231,238.1,Agencja Rezerw (fikc.),prywatna,K3,41.9,36822,none,0.0,0.0,1,20.5,0,0,2025-07-30,4,0,1,1,1,76.75999999999999
IK-05-01030,zakład przetwórstwa spożywczego podkarpackie-północny-18-03-01030,IK05,food,zakład przetwórstwa spożywczego,1818003,1818,18,50.504,22.6438,120.7,Sieć Chłodni Polska (fikc.),prywatna,K3,43.1,53380,none,0.0,0.0,0,23.6,0,0,2023-04-27,3,0,1,1,1,77.24
IK-05-01031,zakład przetwórstwa spożywczego lubelskie-miejski-05-01-01031,IK05,food,zakład przetwórstwa spożywczego,0605001,0605,06,51.24344,22.21434,122.2,Spółdzielnia Spożywcza (fikc.),prywatna,K3,23.1,87137,none,0.0,0.0,0,16.8,0,0,2025-06-01,4,0,1,1,1,69.24
IK-05-01032,zakład przetwórstwa spożywczego dolnośląskie-centralny-16-01-01032,IK05,food,zakład przetwórstwa spożywczego,0216001,0216,02,52.05263,17.2998,207.2,Sieć Chłodni Polska (fikc.),publiczna,K3,40.1,85799,none,0.0,0.0,0,33.0,1,0,2025-11-22,4,0,1,1,1,76.03999999999999
IK-05-01033,zakład przetwórstwa spożywczego opolskie-południowy-07-05-01033,IK05,food,zakład przetwórstwa spożywczego,1607005,1607,16,50.59061,18.36031,215.0,Sieć Chłodni Polska (fikc.),prywatna,K3,48.8,53322,none,0.0,0.0,1,25.0,1,0,2023-06-29,4,0,1,1,1,79.52
IK-05-01034,zakład przetwórstwa spożywczego mazowieckie-północny-24-04-01034,IK05,food,zakład przetwórstwa spożywczego,1424004,1424,14,52.63498,20.71651,190.9,Sieć Chłodni Polska (fikc.),prywatna,K3,27.7,49267,none,0.0,0.0,0,31.6,1,1,2023-11-27,3,0,1,1,1,71.08
IK-05-01035,zakład przetwórstwa spożywczego dolnośląskie-miejski-29-02-01035,IK05,food,zakład przetwórstwa spożywczego,0229002,0229,02,50.83822,17.6579,199.7,Sieć Chłodni Polska (fikc.),prywatna,K3,36.6,118013,none,0.0,0.0,0,17.7,1,0,2024-10-08,4,0,2,0,1,49.64
IK-05-01036,zakład przetwórstwa spożywczego małopolskie-południowy-13-06-01036,IK05,food,zakład przetwórstwa spożywczego,1213006,1213,12,49.94411,20.49786,276.7,Spółdzielnia Spożywcza (fikc.),publiczna,K3,32.5,102385,none,0.0,0.0,0,26.8,1,0,2026-02-23,3,0,1,1,1,73.0
IK-05-01037,zakład przetwórstwa spożywczego wielkopolskie-zachodni-27-04-01037,IK05,food,zakład przetwórstwa spożywczego,3027004,3027,30,52.94917,16.5877,262.0,Agencja Rezerw (fikc.),prywatna,K3,51.2,141667,none,0.0,0.0,0,12.6,0,1,2023-10-08,3,0,1,1,1,80.47999999999999
IK-05-01038,zakład przetwórstwa spożywczego dolnośląskie-miejski-17-01-01038,IK05,food,zakład przetwórstwa spożywczego,0217001,0217,02,50.98339,16.56455,155.6,Agencja Rezerw (fikc.),prywatna,K3,25.1,65459,none,0.0,0.0,0,31.9,1,0,2026-06-29,3,0,1,1,1,70.04
IK-05-01039,zakład przetwórstwa spożywczego dolnośląskie-północny-30-07-01039,IK05,food,zakład przetwórstwa spożywczego,0230007,0230,02,50.79858,17.32625,94.0,Agencja Rezerw (fikc.),publiczna,K3,36.7,146908,none,0.0,0.0,0,23.4,0,0,2023-11-18,3,0,1,1,1,74.68
IK-05-01040,zakład przetwórstwa spożywczego mazowieckie-centralny-28-03-01040,IK05,food,zakład przetwórstwa spożywczego,1428003,1428,14,51.82808,20.75849,173.9,Agencja Rezerw (fikc.),prywatna,K3,40.1,127652,none,0.0,0.0,0,28.0,0,0,2025-05-16,4,0,1,1,1,76.03999999999999
IK-05-01041,zakład przetwórstwa spożywczego lubelskie-miejski-05-01-01041,IK05,food,zakład przetwórstwa spożywczego,0605001,0605,06,51.15464,22.16282,180.8,Spółdzielnia Spożywcza (fikc.),prywatna,K3,35.6,50167,none,0.0,0.0,0,23.4,1,1,2026-03-31,4,0,1,1,1,74.24
IK-05-01042,zakład przetwórstwa spożywczego kujawsko-pomorskie-zachodni-09-07-01042,IK05,food,zakład przetwórstwa spożywczego,0409007,0409,04,52.96766,18.10528,192.7,Spółdzielnia Spożywcza (fikc.),prywatna,K3,43.0,86891,none,0.0,0.0,0,34.3,0,0,2023-03-31,3,0,1,1,1,77.2
IK-05-01043,zakład przetwórstwa spożywczego opolskie-zachodni-03-05-01043,IK05,food,zakład przetwórstwa spożywczego,1603005,1603,16,51.11589,17.38591,160.6,Sieć Chłodni Polska (fikc.),prywatna,K3,26.5,99343,none,0.0,0.0,0,19.5,0,0,2024-12-24,3,0,1,1,1,70.6
IK-05-01044,zakład przetwórstwa spożywczego dolnośląskie-południowy-13-04-01044,IK05,food,zakład przetwórstwa spożywczego,0213004,0213,02,50.93236,16.73104,100.5,Spółdzielnia Spożywcza (fikc.),prywatna,K3,49.6,56092,none,0.0,0.0,1,29.0,1,0,2024-09-12,4,0,2,0,1,54.84
IK-05-01045,zakład przetwórstwa spożywczego opolskie-zachodni-03-01-01045,IK05,food,zakład przetwórstwa spożywczego,1603001,1603,16,51.13237,17.3044,125.7,Sieć Chłodni Polska (fikc.),prywatna,K3,49.1,124769,none,0.0,0.0,0,27.5,0,0,2024-01-21,4,0,2,0,1,54.64
IK-05-01046,zakład przetwórstwa spożywczego wielkopolskie-zachodni-21-01-01046,IK05,food,zakład przetwórstwa spożywczego,3021001,3021,30,52.0415,16.88209,155.6,Agencja Rezerw (fikc.),publiczna,K3,52.7,100682,none,0.0,0.0,0,18.8,1,0,2024-04-13,5,0,1,1,1,81.08
IK-05-01047,zakład przetwórstwa spożywczego dolnośląskie-południowy-13-01-01047,IK05,food,zakład przetwórstwa spożywczego,0213001,0213,02,50.74839,16.48622,139.3,Agencja Rezerw (fikc.),prywatna,K3,40.8,40767,none,0.0,0.0,1,32.2,0,0,2024-04-03,3,0,1,1,1,76.32
IK-05-01048,zakład przetwórstwa spożywczego mazowieckie-zachodni-15-07-01048,IK05,food,zakład przetwórstwa spożywczego,1415007,1415,14,52.37251,21.31724,53.8,Spółdzielnia Spożywcza (fikc.),prywatna,K3,39.0,110336,none,0.0,0.0,0,25.2,1,0,2024-06-24,3,0,1,1,1,75.6
IK-05-01049,zakład przetwórstwa spożywczego opolskie-centralny-10-04-01049,IK05,food,zakład przetwórstwa spożywczego,1610004,1610,16,50.61971,16.78796,225.1,Sieć Chłodni Polska (fikc.),prywatna,K3,33.5,79906,none,0.0,0.0,0,24.6,0,0,2024-07-08,4,0,1,1,1,73.4
IK-05-01050,zakład przetwórstwa spożywczego zachodniopomorskie-wschodni-14-02-01050,IK05,food,zakład przetwórstwa spożywczego,3214002,3214,32,53.51072,15.15922,162.4,Spółdzielnia Spożywcza (fikc.),prywatna,K3,41.1,72590,none,0.0,0.0,0,31.2,0,0,2024-04-20,4,0,1,1,1,76.44
IK-05-01051,zakład przetwórstwa spożywczego łódzkie-południowy-01-05-01051,IK05,food,zakład przetwórstwa spożywczego,1001005,1001,10,51.46269,20.1724,66.0,Sieć Chłodni Polska (fikc.),prywatna,K2,58.4,28415,none,0.0,0.0,0,34.0,1,1,2026-06-10,3,0,1,1,1,83.36
IK-05-01052,zakład przetwórstwa spożywczego kujawsko-pomorskie-centralny-10-03-01052,IK05,food,zakład przetwórstwa spożywczego,0410003,0410,04,52.97609,18.43183,141.9,Agencja Rezerw (fikc.),prywatna,K3,18.7,69056,none,0.0,0.0,0,36.8,0,0,2024-10-13,3,0,1,1,1,67.47999999999999
IK-05-01053,zakład przetwórstwa spożywczego kujawsko-pomorskie-miejski-11-03-01053,IK05,food,zakład przetwórstwa spożywczego,0411003,0411,04,53.1585,18.13291,156.4,Agencja Rezerw (fikc.),prywatna,K3,45.0,190580,none,0.0,0.0,0,25.0,0,0,2024-02-17,4,0,1,1,1,78.0
IK-05-01054,zakład przetwórstwa spożywczego dolnośląskie-miejski-29-07-01054,IK05,food,zakład przetwórstwa spożywczego,0229007,0229,02,51.24441,17.86708,120.7,Spółdzielnia Spożywcza (fikc.),prywatna,K3,50.7,40695,none,0.0,0.0,0,42.7,1,0,2025-01-29,3,0,1,1,1,80.28
IK-05-01055,zakład przetwórstwa spożywczego dolnośląskie-miejski-23-05-01055,IK05,food,zakład przetwórstwa spożywczego,0223005,0223,02,51.05058,17.17328,206.3,Sieć Chłodni Polska (fikc.),prywatna,K3,38.6,21820,none,0.0,0.0,0,31.7,0,1,2023-11-02,3,0,1,1,1,75.44
IK-05-01056,zakład przetwórstwa spożywczego kujawsko-pomorskie-północny-18-01-01056,IK05,food,zakład przetwórstwa spożywczego,0418001,0418,04,52.28807,17.91123,181.1,Spółdzielnia Spożywcza (fikc.),prywatna,K3,50.6,57721,none,0.0,0.0,0,27.3,0,0,2026-03-04,5,0,2,0,1,55.24
IK-05-01057,zakład przetwórstwa spożywczego dolnośląskie-zachodni-03-04-01057,IK05,food,zakład przetwórstwa spożywczego,0203004,0203,02,50.31227,16.14086,168.2,Sieć Chłodni Polska (fikc.),prywatna,K3,41.8,67857,none,0.0,0.0,0,30.3,0,0,2026-07-19,4,0,1,1,1,76.72
IK-05-01058,zakład przetwórstwa spożywczego opolskie-miejski-05-07-01058,IK05,food,zakład przetwórstwa spożywczego,1605007,1605,16,50.46361,17.51377,253.5,Spółdzielnia Spożywcza (fikc.),prywatna,K3,22.8,52318,none,0.0,0.0,0,31.3,1,1,2024-03-15,4,0,2,0,1,44.12
IK-05-01059,zakład przetwórstwa spożywczego śląskie-miejski-05-04-01059,IK05,food,zakład przetwórstwa spożywczego,2405004,2405,24,50.49667,19.10592,183.6,Agencja Rezerw (fikc.),publiczna,K3,38.9,68694,none,0.0,0.0,0,30.7,0,0,2024-02-03,3,0,1,1,1,75.56
IK-05-01060,zakład przetwórstwa spożywczego podlaskie-wschodni-14-06-01060,IK05,food,zakład przetwórstwa spożywczego,2014006,2014,20,53.12998,23.14273,28.9,Sieć Chłodni Polska (fikc.),prywatna,K3,54.5,67899,none,0.0,0.0,0,12.2,0,1,2023-11-09,5,0,1,1,1,81.8
IK-06-01061,ujęcie wody opolskie-południowy-07-07-01061,IK06,water,ujęcie wody,1607007,1607,16,51.03057,18.81013,187.7,Wodociągi Miejskie (fikc.),publiczna,K2,62.6,165491,genset,2.7,2.1,0,22.1,1,1,2024-12-18,2,0,1,1,0,64.48
IK-06-01062,ujęcie wody pomorskie-miejski-11-03-01062,IK06,water,ujęcie wody,2211003,2211,22,54.26043,18.88479,239.3,Wodociągi Miejskie (fikc.),publiczna,K2,67.1,43394,genset,1.8,1.4,0,20.3,0,0,2023-12-10,4,2,2,0,0,41.46
IK-06-01063,ujęcie wody małopolskie-wschodni-08-02-01063,IK06,water,ujęcie wody,1208002,1208,12,50.93786,19.21084,125.1,Zakład Wodociągowy Gminny (fikc.),publiczna,K2,70.1,46360,genset,2.0,2.0,0,30.3,1,0,2023-09-09,4,0,2,0,0,42.620000000000005
IK-06-01064,ujęcie wody dolnośląskie-wschodni-02-04-01064,IK06,water,ujęcie wody,0202004,0202,02,51.23124,17.61735,138.2,Wodociągi Miejskie (fikc.),publiczna,K2,78.6,35308,genset,3.2,2.6,1,35.6,1,0,2026-06-14,3,5,1,1,0,70.77
IK-06-01065,ujęcie wody opolskie-centralny-10-05-01065,IK06,water,ujęcie wody,1610005,1610,16,50.51842,16.71411,134.7,Zakład Wodociągowy Gminny (fikc.),publiczna,K2,68.4,113702,none,0.0,0.0,1,34.1,1,1,2025-08-27,3,0,1,1,1,87.36
IK-06-01066,ujęcie wody pomorskie-miejski-11-03-01066,IK06,water,ujęcie wody,2211003,2211,22,54.28058,18.83725,171.2,Zakład Wodociągowy Gminny (fikc.),publiczna,K2,74.0,63527,genset,1.6,1.4,0,25.7,1,1,2024-05-18,3,1,2,0,0,44.269999999999996
IK-06-01067,ujęcie wody małopolskie-południowy-01-05-01067,IK06,water,ujęcie wody,1201005,1201,12,49.50742,19.38988,319.6,Zakład Wodociągowy Gminny (fikc.),publiczna,K2,67.4,18676,genset,1.3,1.1,0,34.8,1,0,2025-03-06,3,2,1,1,0,66.69
IK-06-01068,ujęcie wody dolnośląskie-wschodni-26-01-01068,IK06,water,ujęcie wody,0226001,0226,02,50.98923,17.31134,311.8,Zakład Wodociągowy Gminny (fikc.),publiczna,K2,64.5,59690,none,0.0,0.0,1,37.4,1,1,2024-08-12,3,0,2,0,1,60.8
IK-06-01069,ujęcie wody śląskie-zachodni-27-05-01069,IK06,water,ujęcie wody,2427005,2427,24,50.01202,18.18958,56.4,Zakład Wodociągowy Gminny (fikc.),publiczna,K3,47.0,150939,genset,2.1,2.0,0,25.7,0,0,2026-01-22,4,2,2,0,0,33.36
IK-06-01070,ujęcie wody dolnośląskie-zachodni-09-05-01070,IK06,water,ujęcie wody,0209005,0209,02,51.3203,16.45351,247.7,Zakład Wodociągowy Gminny (fikc.),publiczna,K2,71.2,32313,genset,2.3,2.2,0,18.3,1,0,2025-09-16,2,4,1,1,0,68.0
IK-06-01071,ujęcie wody kujawsko-pomorskie-miejski-23-07-01071,IK06,water,ujęcie wody,0423007,0423,04,52.52802,18.30764,113.4,Zakład Wodociągowy Gminny (fikc.),prywatna,K2,70.9,15455,genset,2.3,1.9,0,30.9,1,1,2023-11-13,2,2,1,1,0,67.88
IK-06-01072,ujęcie wody świętokrzyskie-południowy-01-04-01072,IK06,water,ujęcie wody,2601004,2601,26,50.75505,21.03827,160.6,Zakład Wodociągowy Gminny (fikc.),publiczna,K2,79.1,119959,genset,1.9,1.6,0,37.7,1,0,2025-05-24,3,4,1,1,0,71.24000000000001
IK-06-01073,ujęcie wody opolskie-zachodni-03-06-01073,IK06,water,ujęcie wody,1603006,1603,16,50.79506,17.21291,181.8,Zakład Wodociągowy Gminny (fikc.),publiczna,K2,72.6,39640,none,0.0,0.0,0,23.3,1,0,2024-02-25,3,3,1,1,1,89.03999999999999
IK-06-01074,ujęcie wody świętokrzyskie-zachodni-03-06-01074,IK06,water,ujęcie wody,2603006,2603,26,50.69872,19.95744,162.6,Wodociągi Miejskie (fikc.),prywatna,K2,68.4,45698,none,0.0,0.0,0,27.1,1,1,2024-01-15,3,4,1,1,1,87.36
IK-06-01075,ujęcie wody świętokrzyskie-północny-12-01-01075,IK06,water,ujęcie wody,2612001,2612,26,50.94272,20.28242,188.3,Wodociągi Miejskie (fikc.),publiczna,K3,54.2,66809,genset,1.9,1.7,0,40.2,0,1,2026-04-30,2,2,1,1,0,61.28
IK-06-01076,ujęcie wody opolskie-wschodni-08-05-01076,IK06,water,ujęcie wody,1608005,1608,16,50.86788,18.64792,180.0,Wodociągi Miejskie (fikc.),publiczna,K2,74.5,62284,genset,1.3,1.0,1,21.1,0,0,2024-01-02,3,1,2,0,0,44.529999999999994
IK-06-01077,ujęcie wody łódzkie-centralny-16-05-01077,IK06,water,ujęcie wody,1016005,1016,10,51.74372,19.43301,123.4,Zakład Wodociągowy Gminny (fikc.),publiczna,K2,79.3,29956,genset,2.6,2.5,0,20.9,1,0,2024-04-03,2,4,1,1,0,71.17999999999999
IK-06-01078,ujęcie wody pomorskie-centralny-10-04-01078,IK06,water,ujęcie wody,2210004,2210,22,54.36625,18.65215,110.9,Wodociągi Miejskie (fikc.),publiczna,K2,75.9,43853,genset,2.2,2.1,0,41.7,1,1,2024-10-13,2,0,1,1,0,69.89999999999999
IK-06-01079,ujęcie wody mazowieckie-miejski-11-01-01079,IK06,water,ujęcie wody,1411001,1411,14,52.22509,20.82053,109.2,Wodociągi Miejskie (fikc.),prywatna,K1,83.9,72383,genset,2.2,2.0,0,21.9,1,1,2024-09-15,3,5,1,1,0,73.1
IK-06-01080,ujęcie wody łódzkie-północny-12-03-01080,IK06,water,ujęcie wody,1012003,1012,10,51.08294,19.447,215.1,Wodociągi Miejskie (fikc.),publiczna,K3,55.9,67000,genset,3.0,2.5,0,34.7,1,1,2025-04-20,2,2,1,1,0,61.739999999999995
IK-06-01081,ujęcie wody warmińsko-mazurskie-wschodni-20-03-01081,IK06,water,ujęcie wody,2820003,2820,28,53.8912,20.54346,139.7,Wodociągi Miejskie (fikc.),publiczna,K1,81.4,46377,genset,1.0,1.0,0,21.2,1,1,2024-02-10,2,8,1,1,0,72.35000000000001
IK-06-01082,ujęcie wody małopolskie-północny-12-05-01082,IK06,water,ujęcie wody,1212005,1212,12,50.89094,19.34153,173.2,Wodociągi Miejskie (fikc.),publiczna,K2,58.9,29884,genset,3.0,2.4,0,5.5,1,1,2023-05-30,2,0,1,1,0,62.94
IK-06-01083,ujęcie wody lubuskie-centralny-04-03-01083,IK06,water,ujęcie wody,0804003,0804,08,51.8005,15.27117,179.1,Zakład Wodociągowy Gminny (fikc.),prywatna,K2,70.7,71363,genset,2.1,2.1,0,28.6,1,0,2025-10-26,3,3,2,0,0,42.84
IK-06-01084,ujęcie wody łódzkie-wschodni-02-01-01084,IK06,water,ujęcie wody,1002001,1002,10,51.8513,20.5191,125.2,Zakład Wodociągowy Gminny (fikc.),publiczna,K2,73.5,84323,genset,1.8,1.7,0,13.4,1,1,2024-04-10,3,4,1,1,0,69.02000000000001
IK-06-01085,ujęcie wody opolskie-wschodni-08-04-01085,IK06,water,ujęcie wody,1608004,1608,16,51.04559,18.62696,139.9,Zakład Wodociągowy Gminny (fikc.),publiczna,K2,66.7,37385,genset,2.4,2.3,1,24.0,0,0,2023-10-20,3,1,2,0,0,41.18
IK-06-01086,ujęcie wody podlaskie-centralny-10-03-01086,IK06,water,ujęcie wody,2010003,2010,20,52.86684,23.56573,38.1,Zakład Wodociągowy Gminny (fikc.),publiczna,K2,73.2,25189,genset,1.0,0.7,0,36.4,1,1,2024-09-14,2,3,1,1,0,69.07
IK-06-01087,ujęcie wody łódzkie-południowy-07-07-01087,IK06,water,ujęcie wody,1007007,1007,10,51.19045,19.1611,116.8,Wodociągi Miejskie (fikc.),publiczna,K2,73.9,37364,genset,1.3,1.1,0,17.4,1,1,2025-11-14,2,1,1,1,0,69.28999999999999
IK-06-01088,ujęcie wody łódzkie-południowy-07-06-01088,IK06,water,ujęcie wody,1007006,1007,10,51.36371,19.03761,98.6,Wodociągi Miejskie (fikc.),publiczna,K2,64.8,141802,genset,2.3,1.9,0,26.7,1,1,2026-03-25,3,1,2,0,0,40.44
IK-06-01089,ujęcie wody opolskie-północny-12-02-01089,IK06,water,ujęcie wody,1612002,1612,16,51.00839,18.54469,208.4,Zakład Wodociągowy Gminny (fikc.),publiczna,K3,50.4,98012,genset,1.6,1.2,1,24.3,1,1,2025-03-22,3,0,1,1,0,59.830000000000005
IK-06-01090,ujęcie wody opolskie-miejski-11-07-01090,IK06,water,ujęcie wody,1611007,1611,16,51.20148,17.28998,278.1,Wodociągi Miejskie (fikc.),publiczna,K2,71.0,114299,genset,2.4,2.1,1,18.5,1,1,2024-02-23,2,8,1,1,0,67.9
IK-06-01091,ujęcie wody dolnośląskie-zachodni-09-04-01091,IK06,water,ujęcie wody,0209004,0209,02,51.27639,16.62665,249.9,Wodociągi Miejskie (fikc.),publiczna,K2,74.3,80430,genset,3.1,2.7,0,13.2,1,0,2026-07-06,2,1,1,1,0,69.07
IK-06-01092,ujęcie wody śląskie-centralny-04-03-01092,IK06,water,ujęcie wody,2404003,2404,24,50.25898,19.00524,185.7,Zakład Wodociągowy Gminny (fikc.),publiczna,K2,71.5,49047,none,0.0,0.0,0,25.7,1,1,2025-12-09,3,2,1,1,1,88.6
IK-06-01093,ujęcie wody łódzkie-południowy-19-03-01093,IK06,water,ujęcie wody,1019003,1019,10,51.66068,19.03855,142.5,Zakład Wodociągowy Gminny (fikc.),prywatna,K2,61.3,46062,genset,2.0,2.0,0,31.1,0,0,2025-07-14,2,2,1,1,0,64.1
IK-06-01094,ujęcie wody śląskie-wschodni-08-06-01094,IK06,water,ujęcie wody,2408006,2408,24,49.85116,18.57806,206.2,Zakład Wodociągowy Gminny (fikc.),publiczna,K2,70.2,60383,none,0.0,0.0,0,27.7,0,1,2023-11-27,2,9,1,1,1,88.08
IK-06-01095,ujęcie wody zachodniopomorskie-miejski-11-01-01095,IK06,water,ujęcie wody,3211001,3211,32,52.73164,13.27558,147.7,Wodociągi Miejskie (fikc.),prywatna,K2,63.7,56243,genset,1.2,1.1,0,16.5,0,0,2025-10-06,2,2,1,1,0,65.23
IK-06-01096,ujęcie wody małopolskie-wschodni-08-01-01096,IK06,water,ujęcie wody,1208001,1208,12,50.94644,19.39718,81.1,Wodociągi Miejskie (fikc.),publiczna,K2,67.8,75227,none,0.0,0.0,0,22.9,1,0,2025-05-11,2,0,1,1,1,87.12
IK-06-01097,ujęcie wody opolskie-południowy-01-05-01097,IK06,water,ujęcie wody,1601005,1601,16,50.61281,17.54676,137.7,Zakład Wodociągowy Gminny (fikc.),publiczna,K1,81.5,96464,genset,0.8,0.6,1,33.2,1,1,2026-01-27,3,3,2,0,0,47.43
IK-06-01098,ujęcie wody opolskie-południowy-01-02-01098,IK06,water,ujęcie wody,1601002,1601,16,50.42393,17.99458,123.4,Zakład Wodociągowy Gminny (fikc.),publiczna,K2,64.4,133265,genset,2.9,2.5,1,25.6,0,1,2024-09-23,2,2,1,1,0,65.16
IK-06-01099,ujęcie wody warmińsko-mazurskie-miejski-05-05-01099,IK06,water,ujęcie wody,2805005,2805,28,53.32851,19.72221,99.9,Wodociągi Miejskie (fikc.),publiczna,K1,93.6,60376,genset,2.2,1.9,0,26.9,1,1,2023-06-16,2,5,1,1,0,76.98
IK-06-01100,ujęcie wody dolnośląskie-centralny-28-05-01100,IK06,water,ujęcie wody,0228005,0228,02,50.84292,16.68171,194.2,Wodociągi Miejskie (fikc.),publiczna,K3,51.2,51201,none,0.0,0.0,0,23.5,1,0,2023-12-04,3,2,1,1,1,80.47999999999999
IK-06-01101,ujęcie wody lubelskie-południowy-07-04-01101,IK06,water,ujęcie wody,0607004,0607,06,51.91851,22.21181,46.6,Zakład Wodociągowy Gminny (fikc.),publiczna,K2,71.4,158863,genset,2.6,2.1,0,23.1,1,0,2026-03-03,3,2,2,0,0,43.02
IK-06-01102,ujęcie wody zachodniopomorskie-zachodni-15-05-01102,IK06,water,ujęcie wody,3215005,3215,32,54.17296,15.32672,234.3,Zakład Wodociągowy Gminny (fikc.),publiczna,K2,62.2,32030,genset,2.1,2.0,0,28.7,1,0,2025-10-25,2,2,1,1,0,64.44
IK-06-01103,ujęcie wody wielkopolskie-miejski-11-04-01103,IK06,water,ujęcie wody,3011004,3011,30,52.06296,15.50134,93.9,Zakład Wodociągowy Gminny (fikc.),publiczna,K2,71.7,67275,none,0.0,0.0,0,13.9,1,1,2025-02-05,3,0,1,1,1,88.68
IK-06-01104,ujęcie wody świętokrzyskie-południowy-01-06-01104,IK06,water,ujęcie wody,2601006,2601,26,50.72761,20.58636,4.0,Zakład Wodociągowy Gminny (fikc.),publiczna,K2,66.0,14842,genset,2.8,2.3,0,33.0,1,1,2026-02-22,3,0,2,0,0,40.82
IK-06-01105,ujęcie wody opolskie-północny-06-06-01105,IK06,water,ujęcie wody,1606006,1606,16,50.96202,18.24881,357.4,Zakład Wodociągowy Gminny (fikc.),publiczna,K2,65.6,24513,genset,2.1,1.7,0,41.3,1,1,2024-03-08,3,5,1,1,0,65.8
IK-06-01106,ujęcie wody dolnośląskie-miejski-23-03-01106,IK06,water,ujęcie wody,0223003,0223,02,51.23795,17.00173,187.4,Wodociągi Miejskie (fikc.),prywatna,K2,64.9,53724,genset,2.5,2.5,1,33.6,1,1,2023-09-26,2,5,1,1,0,65.44
IK-06-01107,ujęcie wody dolnośląskie-wschodni-20-01-01107,IK06,water,ujęcie wody,0220001,0220,02,50.70472,17.26972,190.1,Wodociągi Miejskie (fikc.),publiczna,K2,72.2,61503,genset,1.9,1.5,0,27.8,1,0,2026-01-02,2,3,1,1,0,68.47999999999999
IK-06-01108,ujęcie wody dolnośląskie-miejski-17-04-01108,IK06,water,ujęcie wody,0217004,0217,02,50.74715,16.30262,154.2,Zakład Wodociągowy Gminny (fikc.),publiczna,K2,61.4,69962,genset,2.5,2.0,0,23.4,1,1,2023-05-31,3,2,2,0,0,39.04
IK-06-01109,ujęcie wody kujawsko-pomorskie-zachodni-09-07-01109,IK06,water,ujęcie wody,0409007,0409,04,52.9152,18.18796,4.0,Zakład Wodociągowy Gminny (fikc.),prywatna,K2,79.7,91661,genset,2.5,2.4,0,21.4,0,0,2025-03-18,3,5,1,1,0,71.36
IK-06-01110,ujęcie wody kujawsko-pomorskie-zachodni-21-03-01110,IK06,water,ujęcie wody,0421003,0421,04,53.00718,19.26288,200.6,Zakład Wodociągowy Gminny (fikc.),publiczna,K2,71.6,22527,genset,1.0,0.9,0,24.3,0,1,2024-12-11,2,1,1,1,0,68.43
IK-06-01111,ujęcie wody opolskie-centralny-10-04-01111,IK06,water,ujęcie wody,1610004,1610,16,50.68078,16.84931,195.2,Wodociągi Miejskie (fikc.),publiczna,K2,60.9,49880,none,0.0,0.0,1,34.9,1,0,2025-07-22,2,2,1,1,1,84.36
IK-06-01112,ujęcie wody mazowieckie-centralny-22-03-01112,IK06,water,ujęcie wody,1422003,1422,14,52.23235,20.35238,201.3,Zakład Wodociągowy Gminny (fikc.),publiczna,K2,62.4,113996,genset,2.0,1.8,0,27.1,0,0,2025-04-09,2,0,1,1,0,64.53999999999999
IK-06-01113,ujęcie wody świętokrzyskie-południowy-07-03-01113,IK06,water,ujęcie wody,2607003,2607,26,50.38951,20.64555,76.3,Zakład Wodociągowy Gminny (fikc.),publiczna,K3,40.9,34502,genset,2.8,2.0,0,44.9,0,0,2025-03-19,3,2,2,0,0,30.78
IK-06-01114,ujęcie wody wielkopolskie-wschodni-08-01-01114,IK06,water,ujęcie wody,3008001,3008,30,51.99543,16.98427,95.9,Zakład Wodociągowy Gminny (fikc.),prywatna,K2,69.9,95599,genset,1.3,1.1,0,34.8,0,0,2023-10-19,2,3,1,1,0,67.69
IK-06-01115,ujęcie wody podlaskie-wschodni-14-01-01115,IK06,water,ujęcie wody,2014001,2014,20,53.28535,22.9888,101.0,Wodociągi Miejskie (fikc.),publiczna,K3,54.8,101811,genset,0.9,0.7,0,24.1,1,1,2026-06-14,3,0,1,1,0,61.73
IK-06-01116,ujęcie wody dolnośląskie-wschodni-26-02-01116,IK06,water,ujęcie wody,0226002,0226,02,51.31769,17.36316,169.7,Wodociągi Miejskie (fikc.),publiczna,K3,51.8,43463,genset,1.6,1.2,0,40.9,0,1,2026-01-31,3,4,1,1,0,60.39
IK-06-01117,ujęcie wody dolnośląskie-miejski-17-07-01117,IK06,water,ujęcie wody,0217007,0217,02,50.88277,16.71301,263.4,Zakład Wodociągowy Gminny (fikc.),publiczna,K2,69.1,43063,genset,1.6,1.4,1,6.6,1,1,2025-10-15,2,3,1,1,0,67.31
IK-06-01118,ujęcie wody dolnośląskie-centralny-04-03-01118,IK06,water,ujęcie wody,0204003,0204,02,51.18546,17.02325,93.5,Wodociągi Miejskie (fikc.),prywatna,K2,66.2,81653,genset,1.9,1.6,0,21.0,1,1,2026-03-11,2,2,1,1,0,66.08000000000001
IK-06-01119,ujęcie wody dolnośląskie-południowy-07-05-01119,IK06,water,ujęcie wody,0207005,0207,02,50.8753,17.60168,256.1,Wodociągi Miejskie (fikc.),publiczna,K3,41.6,81703,genset,2.3,2.1,1,26.4,0,1,2023-12-12,2,4,1,1,0,56.16
IK-06-01120,ujęcie wody świętokrzyskie-zachodni-09-05-01120,IK06,water,ujęcie wody,2609005,2609,26,50.55077,20.28312,245.2,Zakład Wodociągowy Gminny (fikc.),publiczna,K2,68.1,92867,none,0.0,0.0,0,27.1,1,1,2025-10-20,3,3,1,1,1,87.24
IK-06-01121,ujęcie wody wielkopolskie-wschodni-02-01-01121,IK06,water,ujęcie wody,3002001,3002,30,53.19282,16.85894,188.9,Wodociągi Miejskie (fikc.),prywatna,K2,58.5,74799,genset,2.4,2.4,0,37.1,1,1,2026-06-05,2,3,1,1,0,62.9
IK-06-01122,ujęcie wody wielkopolskie-wschodni-26-02-01122,IK06,water,ujęcie wody,3026002,3026,30,52.11509,16.71646,200.0,Wodociągi Miejskie (fikc.),publiczna,K3,46.5,24862,genset,1.1,1.0,0,28.7,0,0,2024-10-02,3,4,1,1,0,58.37
IK-06-01123,ujęcie wody wielkopolskie-centralny-04-06-01123,IK06,water,ujęcie wody,3004006,3004,30,52.60487,17.11444,146.5,Zakład Wodociągowy Gminny (fikc.),publiczna,K3,52.1,76746,none,0.0,0.0,0,21.5,0,0,2024-06-06,2,2,1,1,1,80.84
IK-06-01124,ujęcie wody pomorskie-zachodni-15-05-01124,IK06,water,ujęcie wody,2215005,2215,22,54.52278,19.35326,243.8,Wodociągi Miejskie (fikc.),publiczna,K2,61.8,68017,genset,2.8,2.3,0,14.9,1,0,2025-04-08,3,1,1,1,0,64.14
IK-06-01125,ujęcie wody lubuskie-wschodni-02-05-01125,IK06,water,ujęcie wody,0802005,0802,08,52.41655,15.82071,135.2,Wodociągi Miejskie (fikc.),prywatna,K2,65.3,86132,none,0.0,0.0,0,27.5,1,1,2024-06-13,2,5,1,1,1,86.11999999999999
IK-06-01126,ujęcie wody dolnośląskie-wschodni-26-06-01126,IK06,water,ujęcie wody,0226006,0226,02,50.96415,17.35182,128.9,Zakład Wodociągowy Gminny (fikc.),publiczna,K2,68.9,37769,none,0.0,0.0,0,26.5,1,1,2023-04-20,3,1,2,0,1,62.56
IK-06-01127,ujęcie wody śląskie-centralny-04-04-01127,IK06,water,ujęcie wody,2404004,2404,24,50.51838,19.05976,157.1,Zakład Wodociągowy Gminny (fikc.),publiczna,K3,53.4,85887,genset,1.1,0.9,0,47.6,0,0,2026-06-06,2,4,1,1,0,61.129999999999995
IK-06-01128,ujęcie wody opolskie-centralny-10-03-01128,IK06,water,ujęcie wody,1610003,1610,16,50.87406,16.99142,106.9,Wodociągi Miejskie (fikc.),publiczna,K3,55.7,43304,genset,1.6,1.2,0,26.2,0,0,2026-02-01,2,2,1,1,0,61.95
IK-06-01129,ujęcie wody świętokrzyskie-północny-12-05-01129,IK06,water,ujęcie wody,2612005,2612,26,51.04559,20.24439,118.2,Zakład Wodociągowy Gminny (fikc.),prywatna,K2,65.4,36288,genset,1.9,1.9,0,34.7,1,0,2026-01-10,3,5,1,1,0,65.75999999999999
IK-06-01130,ujęcie wody kujawsko-pomorskie-południowy-07-02-01130,IK06,water,ujęcie wody,0407002,0407,04,52.5391,18.15696,19.4,Zakład Wodociągowy Gminny (fikc.),publiczna,K3,52.8,68554,genset,2.3,1.8,0,31.6,1,0,2026-04-21,3,2,2,0,0,35.64
IK-06-01131,ujęcie wody dolnośląskie-zachodni-21-05-01131,IK06,water,ujęcie wody,0221005,0221,02,51.47646,17.63579,195.6,Wodociągi Miejskie (fikc.),publiczna,K2,71.6,31547,genset,1.1,0.9,0,20.6,1,1,2026-07-13,2,0,1,1,0,68.41000000000001
IK-06-01132,ujęcie wody małopolskie-północny-06-03-01132,IK06,water,ujęcie wody,1206003,1206,12,49.90642,19.85725,88.0,Wodociągi Miejskie (fikc.),prywatna,K3,56.8,41321,none,0.0,0.0,0,16.3,0,0,2023-09-05,2,14,1,1,1,82.72
IK-06-01133,ujęcie wody kujawsko-pomorskie-centralny-16-03-01133,IK06,water,ujęcie wody,0416003,0416,04,53.43986,18.33994,144.5,Zakład Wodociągowy Gminny (fikc.),publiczna,K1,80.0,50079,genset,1.7,1.6,0,28.6,1,1,2024-07-01,2,0,1,1,0,71.65
IK-06-01134,ujęcie wody podlaskie-centralny-16-04-01134,IK06,water,ujęcie wody,2016004,2016,20,52.37594,22.15129,187.5,Zakład Wodociągowy Gminny (fikc.),publiczna,K2,71.3,57942,genset,1.2,1.2,0,33.7,1,0,2023-07-18,3,1,1,1,0,68.27
IK-06-01135,ujęcie wody podlaskie-wschodni-14-03-01135,IK06,water,ujęcie wody,2014003,2014,20,53.38086,23.11356,56.4,Wodociągi Miejskie (fikc.),publiczna,K1,83.0,95221,genset,2.3,1.9,0,16.1,1,1,2025-11-19,2,3,1,1,0,72.72
IK-06-01136,ujęcie wody lubuskie-zachodni-03-03-01136,IK06,water,ujęcie wody,0803003,0803,08,52.37925,14.79082,148.5,Wodociągi Miejskie (fikc.),publiczna,K3,55.0,76721,none,0.0,0.0,0,50.5,0,0,2023-10-07,2,1,1,1,1,82.0
IK-06-01137,ujęcie wody dolnośląskie-miejski-23-06-01137,IK06,water,ujęcie wody,0223006,0223,02,51.22301,17.3983,199.0,Zakład Wodociągowy Gminny (fikc.),publiczna,K2,61.0,18812,genset,1.2,0.9,1,25.7,1,1,2026-05-05,3,3,1,1,0,64.14999999999999
IK-06-01138,ujęcie wody dolnośląskie-południowy-01-04-01138,IK06,water,ujęcie wody,0201004,0201,02,51.48436,16.57049,240.5,Zakład Wodociągowy Gminny (fikc.),publiczna,K2,79.4,46416,none,0.0,0.0,1,12.9,1,0,2024-07-17,2,0,1,1,1,91.75999999999999
IK-06-01139,ujęcie wody zachodniopomorskie-południowy-19-02-01139,IK06,water,ujęcie wody,3219002,3219,32,54.17959,15.30141,93.4,Zakład Wodociągowy Gminny (fikc.),publiczna,K2,74.6,44023,genset,2.0,1.6,0,40.5,0,0,2025-01-08,3,2,1,1,0,69.42
IK-06-01140,ujęcie wody dolnośląskie-miejski-23-02-01140,IK06,water,ujęcie wody,0223002,0223,02,51.22734,16.94776,150.1,Zakład Wodociągowy Gminny (fikc.),publiczna,K2,68.7,56615,genset,2.8,2.1,1,27.7,1,1,2023-08-13,4,3,2,0,0,41.9
IK-06-01141,ujęcie wody dolnośląskie-zachodni-09-05-01141,IK06,water,ujęcie wody,0209005,0209,02,51.39118,16.56251,244.0,Wodociągi Miejskie (fikc.),prywatna,K3,53.8,138744,genset,2.1,2.0,1,41.8,0,1,2026-02-08,3,0,1,1,0,61.08
IK-06-01142,ujęcie wody zachodniopomorskie-centralny-10-05-01142,IK06,water,ujęcie wody,3210005,3210,32,53.66834,14.92183,215.9,Zakład Wodociągowy Gminny (fikc.),publiczna,K2,66.9,136674,genset,2.0,1.4,0,19.3,1,0,2024-11-19,2,5,1,1,0,66.34
IK-06-01143,ujęcie wody wielkopolskie-centralny-04-03-01143,IK06,water,ujęcie wody,3004003,3004,30,52.45522,17.10019,185.8,Wodociągi Miejskie (fikc.),publiczna,K1,86.7,93798,genset,2.2,1.9,0,37.6,1,1,2026-06-08,2,4,1,1,0,74.22
IK-06-01144,ujęcie wody opolskie-miejski-11-01-01144,IK06,water,ujęcie wody,1611001,1611,16,51.28847,17.61527,191.9,Zakład Wodociągowy Gminny (fikc.),publiczna,K2,71.3,99969,genset,1.6,1.2,0,11.3,1,0,2023-03-27,3,8,2,0,0,43.19
IK-06-01145,ujęcie wody mazowieckie-centralny-04-05-01145,IK06,water,ujęcie wody,1404005,1404,14,52.43777,19.83924,266.2,Wodociągi Miejskie (fikc.),publiczna,K2,71.6,152400,genset,2.0,1.8,0,46.7,1,1,2025-12-07,2,2,1,1,0,68.22
IK-06-01146,ujęcie wody dolnośląskie-północny-06-03-01146,IK06,water,ujęcie wody,0206003,0206,02,51.47997,17.30594,229.4,Wodociągi Miejskie (fikc.),publiczna,K2,60.8,27017,genset,2.4,2.2,0,32.3,1,0,2024-08-14,2,5,1,1,0,63.82
IK-06-01147,ujęcie wody dolnośląskie-północny-24-07-01147,IK06,water,ujęcie wody,0224007,0224,02,51.52114,16.92954,356.0,Zakład Wodociągowy Gminny (fikc.),prywatna,K2,71.7,47229,genset,1.8,1.8,1,16.7,1,0,2026-05-24,3,4,1,1,0,68.31
IK-06-01148,ujęcie wody kujawsko-pomorskie-północny-06-03-01148,IK06,water,ujęcie wody,0406003,0406,04,52.761,17.8233,245.1,Wodociągi Miejskie (fikc.),prywatna,K2,62.7,44216,genset,1.7,1.2,0,28.5,1,1,2025-01-04,3,1,2,0,0,39.73
IK-06-01149,ujęcie wody dolnośląskie-południowy-25-03-01149,IK06,water,ujęcie wody,0225003,0225,02,51.52766,16.82897,41.1,Zakład Wodociągowy Gminny (fikc.),publiczna,K2,77.4,38660,genset,2.3,1.9,0,28.3,1,1,2023-10-10,3,3,1,1,0,70.48
IK-06-01150,ujęcie wody dolnośląskie-południowy-13-01-01150,IK06,water,ujęcie wody,0213001,0213,02,50.63539,16.48385,134.7,Wodociągi Miejskie (fikc.),prywatna,K1,81.3,48854,genset,1.8,1.8,1,24.6,1,1,2024-08-04,2,7,1,1,0,72.14
IK-06-01151,stacja uzdatniania wody dolnośląskie-wschodni-02-06-01151,IK06,water,stacja uzdatniania wody,0202006,0202,02,51.60013,17.63107,165.9,Wodociągi Miejskie (fikc.),prywatna,K1,83.8,78121,genset,5.5,4.8,0,18.3,1,1,2024-08-29,3,2,1,1,0,72.37
IK-06-01152,stacja uzdatniania wody warmińsko-mazurskie-centralny-04-05-01152,IK06,water,stacja uzdatniania wody,2804005,2804,28,53.24372,20.78368,67.2,Wodociągi Miejskie (fikc.),publiczna,K2,70.8,127123,genset,4.6,3.6,0,34.8,1,0,2026-08-19,2,7,1,1,0,67.36
IK-06-01153,stacja uzdatniania wody podlaskie-wschodni-14-01-01153,IK06,water,stacja uzdatniania wody,2014001,2014,20,53.27341,23.04989,199.9,Wodociągi Miejskie (fikc.),publiczna,K1,83.8,29490,none,0.0,0.0,0,21.1,1,1,2023-05-04,3,1,1,1,1,93.52000000000001
IK-06-01154,stacja uzdatniania wody wielkopolskie-wschodni-32-06-01154,IK06,water,stacja uzdatniania wody,3032006,3032,30,52.42765,17.22369,179.2,Zakład Wodociągowy Gminny (fikc.),publiczna,K2,58.6,125975,genset,3.9,3.8,0,29.6,1,1,2024-09-27,2,2,1,1,0,62.629999999999995
IK-06-01155,stacja uzdatniania wody dolnośląskie-wschodni-02-03-01155,IK06,water,stacja uzdatniania wody,0202003,0202,02,51.21947,17.39992,197.6,Wodociągi Miejskie (fikc.),publiczna,K1,84.4,27472,genset,3.7,3.3,1,32.3,1,1,2023-05-20,3,1,1,1,0,72.99
IK-06-01156,stacja uzdatniania wody podlaskie-południowy-07-06-01156,IK06,water,stacja uzdatniania wody,2007006,2007,20,52.94247,22.52314,144.0,Zakład Wodociągowy Gminny (fikc.),publiczna,K1,80.1,65779,genset,4.6,3.8,0,17.7,0,1,2026-07-05,3,1,1,1,0,71.08
IK-06-01157,stacja uzdatniania wody świętokrzyskie-wschodni-02-03-01157,IK06,water,stacja uzdatniania wody,2602003,2602,26,49.76735,20.09868,104.9,Zakład Wodociągowy Gminny (fikc.),publiczna,K2,60.8,65400,genset,2.5,2.3,0,26.5,0,1,2024-07-06,3,2,2,0,0,38.800000000000004
IK-06-01158,stacja uzdatniania wody lubelskie-miejski-11-05-01158,IK06,water,stacja uzdatniania wody,0611005,0611,06,51.84643,21.87635,156.8,Zakład Wodociągowy Gminny (fikc.),publiczna,K1,84.9,82913,genset,4.4,3.2,0,11.7,1,1,2025-02-18,3,1,1,1,0,73.04
IK-06-01159,stacja uzdatniania wody dolnośląskie-miejski-05-07-01159,IK06,water,stacja uzdatniania wody,0205007,0205,02,51.07318,16.25052,197.2,Wodociągi Miejskie (fikc.),prywatna,K1,89.3,22316,genset,5.3,4.5,0,20.3,1,0,2023-05-10,3,3,1,1,0,74.62
IK-06-01160,stacja uzdatniania wody opolskie-północny-06-01-01160,IK06,water,stacja uzdatniania wody,1606001,1606,16,50.78718,18.31333,290.9,Zakład Wodociągowy Gminny (fikc.),publiczna,K1,82.4,66735,genset,4.6,4.6,0,15.6,1,1,2023-05-25,2,8,1,1,0,72.0
IK-06-01161,stacja uzdatniania wody opolskie-centralny-10-05-01161,IK06,water,stacja uzdatniania wody,1610005,1610,16,50.51972,16.85362,61.3,Zakład Wodociągowy Gminny (fikc.),publiczna,K2,74.2,86494,genset,2.0,1.9,0,26.5,1,1,2026-07-11,3,0,1,1,0,69.26
IK-06-01162,stacja uzdatniania wody mazowieckie-centralny-16-03-01162,IK06,water,stacja uzdatniania wody,1416003,1416,14,52.11417,20.63095,135.0,Wodociągi Miejskie (fikc.),prywatna,K2,69.6,41107,genset,4.8,4.6,0,38.4,0,1,2024-12-06,3,8,1,1,0,66.84
IK-06-01163,stacja uzdatniania wody lubuskie-miejski-11-04-01163,IK06,water,stacja uzdatniania wody,0811004,0811,08,51.77342,15.17557,185.0,Wodociągi Miejskie (fikc.),publiczna,K2,68.3,259015,genset,5.4,4.7,0,24.2,1,1,2024-10-18,2,5,1,1,0,66.2
IK-06-01164,stacja uzdatniania wody zachodniopomorskie-centralny-16-03-01164,IK06,water,stacja uzdatniania wody,3216003,3216,32,53.3911,14.76971,281.1,Zakład Wodociągowy Gminny (fikc.),publiczna,K2,60.4,131538,genset,2.9,2.6,0,34.4,0,1,2024-05-17,3,2,1,1,0,63.56
IK-06-01165,stacja uzdatniania wody warmińsko-mazurskie-południowy-13-06-01165,IK06,water,stacja uzdatniania wody,2813006,2813,28,54.26447,22.13711,244.4,Zakład Wodociągowy Gminny (fikc.),publiczna,K2,73.6,77724,genset,4.2,3.7,0,21.2,1,0,2023-12-20,3,0,2,0,0,43.56
IK-06-01166,stacja uzdatniania wody podkarpackie-centralny-22-03-01166,IK06,water,stacja uzdatniania wody,1822003,1822,18,49.94372,21.82143,279.6,Zakład Wodociągowy Gminny (fikc.),publiczna,K2,69.1,28849,genset,4.8,3.6,0,24.2,1,1,2024-01-01,3,8,1,1,0,66.64
IK-06-01167,stacja uzdatniania wody dolnośląskie-miejski-05-06-01167,IK06,water,stacja uzdatniania wody,0205006,0205,02,50.89784,16.10472,112.5,Zakład Wodociągowy Gminny (fikc.),publiczna,K2,80.0,60737,genset,3.7,3.5,0,37.6,0,1,2023-07-19,3,3,1,1,0,71.23
IK-06-01168,stacja uzdatniania wody opolskie-centralny-10-04-01168,IK06,water,stacja uzdatniania wody,1610004,1610,16,50.68398,16.88596,307.7,Zakład Wodociągowy Gminny (fikc.),publiczna,K1,95.5,60763,genset,6.9,5.7,1,32.6,1,1,2025-09-25,2,4,1,1,0,76.75999999999999
IK-06-01169,stacja uzdatniania wody zachodniopomorskie-północny-18-02-01169,IK06,water,stacja uzdatniania wody,3218002,3218,32,52.95302,15.97292,290.0,Wodociągi Miejskie (fikc.),publiczna,K2,69.6,87100,genset,5.0,3.9,0,38.7,1,0,2025-12-15,2,0,1,1,0,66.8
IK-06-01170,stacja uzdatniania wody dolnośląskie-miejski-23-03-01170,IK06,water,stacja uzdatniania wody,0223003,0223,02,51.19125,16.97606,315.3,Wodociągi Miejskie (fikc.),publiczna,K2,73.4,32234,genset,2.5,2.5,1,25.2,1,1,2026-05-24,2,1,1,1,0,68.84
IK-06-01171,stacja uzdatniania wody opolskie-północny-06-03-01171,IK06,water,stacja uzdatniania wody,1606003,1606,16,50.51518,18.18739,220.7,Wodociągi Miejskie (fikc.),prywatna,K2,60.7,125540,genset,3.8,3.5,0,26.8,1,1,2023-09-26,3,1,1,1,0,63.49
IK-06-01172,stacja uzdatniania wody dolnośląskie-miejski-05-03-01172,IK06,water,stacja uzdatniania wody,0205003,0205,02,51.03738,16.54149,132.0,Wodociągi Miejskie (fikc.),prywatna,K3,48.7,55341,genset,3.1,2.5,0,22.9,0,0,2024-12-10,2,3,1,1,0,58.830000000000005
IK-06-01173,stacja uzdatniania wody wielkopolskie-zachodni-27-05-01173,IK06,water,stacja uzdatniania wody,3027005,3027,30,52.73241,16.94556,195.4,Wodociągi Miejskie (fikc.),publiczna,K2,79.5,46806,genset,3.7,3.4,0,21.4,0,1,2025-09-30,3,2,2,0,0,46.03
IK-06-01174,stacja uzdatniania wody mazowieckie-południowy-31-03-01174,IK06,water,stacja uzdatniania wody,1431003,1431,14,52.29109,20.2765,271.7,Zakład Wodociągowy Gminny (fikc.),prywatna,K2,67.8,77583,genset,3.7,3.5,0,32.9,1,0,2025-11-22,3,0,1,1,0,66.35
IK-06-01175,stacja uzdatniania wody dolnośląskie-wschodni-02-05-01175,IK06,water,stacja uzdatniania wody,0202005,0202,02,51.18302,17.39677,325.3,Zakład Wodociągowy Gminny (fikc.),prywatna,K1,81.5,59560,genset,3.8,2.9,1,25.9,1,1,2023-07-22,3,0,1,1,0,71.81
IK-06-01176,stacja uzdatniania wody opolskie-południowy-07-03-01176,IK06,water,stacja uzdatniania wody,1607003,1607,16,50.79118,18.5228,159.3,Wodociągi Miejskie (fikc.),publiczna,K2,73.0,67923,genset,6.1,5.8,1,45.3,1,1,2025-02-22,2,9,1,1,0,67.93
IK-06-01177,stacja uzdatniania wody opolskie-południowy-01-02-01177,IK06,water,stacja uzdatniania wody,1601002,1601,16,50.30664,18.00865,273.7,Wodociągi Miejskie (fikc.),publiczna,K2,63.5,41156,none,0.0,0.0,0,33.4,1,1,2026-07-30,2,4,1,1,1,85.39999999999999
IK-06-01178,stacja uzdatniania wody opolskie-północny-06-02-01178,IK06,water,stacja uzdatniania wody,1606002,1606,16,50.67641,18.14621,332.4,Zakład Wodociągowy Gminny (fikc.),publiczna,K1,85.3,103901,genset,4.3,3.5,0,29.5,0,1,2024-07-17,2,8,1,1,0,73.22
IK-06-01179,stacja uzdatniania wody lubelskie-północny-12-02-01179,IK06,water,stacja uzdatniania wody,0612002,0612,06,50.84309,22.08231,51.3,Zakład Wodociągowy Gminny (fikc.),prywatna,K2,68.2,73137,genset,4.4,3.2,0,23.3,1,1,2026-01-11,2,7,1,1,0,66.36
IK-06-01180,stacja uzdatniania wody pomorskie-miejski-17-03-01180,IK06,water,stacja uzdatniania wody,2217003,2217,22,53.5967,17.73905,210.5,Wodociągi Miejskie (fikc.),prywatna,K2,77.8,71550,genset,4.1,3.1,0,38.2,1,0,2023-06-27,3,4,1,1,0,70.27
IK-06-01181,stacja uzdatniania wody dolnośląskie-miejski-05-02-01181,IK06,water,stacja uzdatniania wody,0205002,0205,02,50.97062,16.61748,185.9,Zakład Wodociągowy Gminny (fikc.),publiczna,K2,61.0,65607,genset,1.0,0.9,1,32.4,1,0,2023-09-12,2,3,1,1,0,64.19
IK-06-01182,stacja uzdatniania wody pomorskie-zachodni-09-03-01182,IK06,water,stacja uzdatniania wody,2209003,2209,22,54.49537,18.84287,159.7,Wodociągi Miejskie (fikc.),publiczna,K1,92.7,37581,genset,2.5,2.3,0,14.8,1,1,2023-09-12,2,2,1,1,0,76.55999999999999
IK-06-01183,stacja uzdatniania wody małopolskie-wschodni-08-01-01183,IK06,water,stacja uzdatniania wody,1208001,1208,12,50.96941,19.34392,247.6,Zakład Wodociągowy Gminny (fikc.),publiczna,K1,82.9,64547,genset,5.1,4.0,0,31.8,1,1,2024-08-11,3,0,1,1,0,72.1
IK-06-01184,stacja uzdatniania wody pomorskie-wschodni-20-05-01184,IK06,water,stacja uzdatniania wody,2220005,2220,22,53.20711,18.25446,10.2,Zakład Wodociągowy Gminny (fikc.),publiczna,K2,73.6,48763,genset,5.2,4.1,0,14.3,1,1,2024-10-03,3,1,1,1,0,68.36
IK-06-01185,stacja uzdatniania wody zachodniopomorskie-północny-18-01-01185,IK06,water,stacja uzdatniania wody,3218001,3218,32,53.00632,15.8918,198.9,Wodociągi Miejskie (fikc.),publiczna,K1,98.8,83354,genset,5.0,4.3,0,26.7,1,0,2025-02-04,3,1,2,0,0,53.480000000000004
IK-06-01186,stacja uzdatniania wody łódzkie-północny-18-05-01186,IK06,water,stacja uzdatniania wody,1018005,1018,10,51.97684,20.12386,211.2,Wodociągi Miejskie (fikc.),publiczna,K1,86.8,127865,genset,4.5,3.4,0,28.2,1,1,2024-03-22,3,4,1,1,0,73.78
IK-06-01187,stacja uzdatniania wody dolnośląskie-miejski-23-07-01187,IK06,water,stacja uzdatniania wody,0223007,0223,02,51.03564,17.30748,129.1,Zakład Wodociągowy Gminny (fikc.),publiczna,K2,64.2,80893,genset,3.9,3.7,1,29.9,1,1,2025-04-28,2,1,1,1,0,64.87
IK-06-01188,stacja uzdatniania wody pomorskie-centralny-10-06-01188,IK06,water,stacja uzdatniania wody,2210006,2210,22,54.7676,18.56331,119.8,Zakład Wodociągowy Gminny (fikc.),prywatna,K2,71.5,41882,genset,6.9,5.9,0,16.1,1,1,2025-10-13,2,1,1,1,0,67.16
IK-06-01189,stacja uzdatniania wody kujawsko-pomorskie-wschodni-20-01-01189,IK06,water,stacja uzdatniania wody,0420001,0420,04,52.9896,18.11701,305.8,Zakład Wodociągowy Gminny (fikc.),prywatna,K2,64.2,53229,genset,3.3,2.5,0,41.1,0,1,2024-07-20,3,6,1,1,0,64.99000000000001
IK-06-01190,stacja uzdatniania wody pomorskie-północny-12-06-01190,IK06,water,stacja uzdatniania wody,2212006,2212,22,53.65207,19.37912,169.4,Wodociągi Miejskie (fikc.),publiczna,K1,81.9,86173,genset,3.9,3.8,0,25.1,1,1,2024-04-24,2,1,1,1,0,71.95
IK-06-01191,stacja uzdatniania wody mazowieckie-południowy-25-02-01191,IK06,water,stacja uzdatniania wody,1425002,1425,14,52.39161,21.36735,169.1,Zakład Wodociągowy Gminny (fikc.),publiczna,K2,77.8,75501,genset,4.6,4.6,0,2.0,1,0,2025-03-28,3,7,2,0,0,45.16
IK-06-01192,stacja uzdatniania wody dolnośląskie-zachodni-03-03-01192,IK06,water,stacja uzdatniania wody,0203003,0203,02,50.38662,16.22615,157.5,Wodociągi Miejskie (fikc.),publiczna,K1,89.2,54826,genset,4.7,4.2,1,25.7,1,1,2023-11-17,2,5,1,1,0,74.7
IK-06-01193,stacja uzdatniania wody podkarpackie-wschodni-02-01-01193,IK06,water,stacja uzdatniania wody,1802001,1802,18,49.33532,21.79083,255.3,Zakład Wodociągowy Gminny (fikc.),prywatna,K2,75.7,91289,genset,2.6,2.3,0,34.0,1,1,2026-01-25,2,3,1,1,0,69.74000000000001
IK-06-01194,stacja uzdatniania wody świętokrzyskie-wschodni-14-03-01194,IK06,water,stacja uzdatniania wody,2614003,2614,26,50.63165,21.25293,229.3,Wodociągi Miejskie (fikc.),prywatna,K1,92.0,88511,genset,4.1,3.8,0,10.5,1,1,2026-07-01,3,1,2,0,0,50.949999999999996
IK-06-01195,stacja uzdatniania wody dolnośląskie-zachodni-21-07-01195,IK06,water,stacja uzdatniania wody,0221007,0221,02,51.24051,17.02924,162.9,Zakład Wodociągowy Gminny (fikc.),publiczna,K3,56.6,66875,genset,4.1,3.8,0,46.3,0,0,2024-06-14,3,1,2,0,0,36.79
IK-06-01196,stacja uzdatniania wody małopolskie-centralny-22-06-01196,IK06,water,stacja uzdatniania wody,1222006,1222,12,50.00067,21.07515,110.4,Wodociągi Miejskie (fikc.),prywatna,K1,89.2,89078,genset,5.6,4.6,0,24.9,1,1,2023-04-27,3,7,2,0,0,49.51
IK-06-01197,stacja uzdatniania wody podlaskie-centralny-16-01-01197,IK06,water,stacja uzdatniania wody,2016001,2016,20,52.56995,22.01675,244.6,Zakład Wodociągowy Gminny (fikc.),publiczna,K2,64.4,39575,genset,3.1,2.5,0,42.8,0,0,2023-05-31,3,0,2,0,0,40.11
IK-06-01198,stacja uzdatniania wody kujawsko-pomorskie-centralny-10-07-01198,IK06,water,stacja uzdatniania wody,0410007,0410,04,53.40196,18.13984,109.9,Zakład Wodociągowy Gminny (fikc.),publiczna,K1,80.3,29440,genset,4.8,4.4,0,37.6,1,1,2023-10-22,2,0,1,1,0,71.12
IK-06-01199,stacja uzdatniania wody lubelskie-południowy-19-02-01199,IK06,water,stacja uzdatniania wody,0619002,0619,06,50.27474,22.82543,187.6,Wodociągi Miejskie (fikc.),publiczna,K2,67.0,27954,genset,3.0,2.9,0,38.5,1,0,2025-09-04,2,0,1,1,0,66.18
IK-06-01200,stacja uzdatniania wody śląskie-wschodni-20-02-01200,IK06,water,stacja uzdatniania wody,2420002,2420,24,50.26504,19.06942,134.0,Zakład Wodociągowy Gminny (fikc.),publiczna,K1,88.1,92094,genset,3.3,2.7,0,16.0,1,0,2024-09-28,2,3,1,1,0,74.55000000000001
IK-06-01201,stacja uzdatniania wody dolnośląskie-wschodni-08-07-01201,IK06,water,stacja uzdatniania wody,0208007,0208,02,51.25081,16.67327,97.2,Zakład Wodociągowy Gminny (fikc.),publiczna,K2,62.1,26302,genset,4.9,4.5,1,29.4,0,0,2024-12-19,3,2,1,1,0,63.82
IK-06-01202,stacja uzdatniania wody małopolskie-miejski-05-01-01202,IK06,water,stacja uzdatniania wody,1205001,1205,12,49.6992,19.39896,87.9,Zakład Wodociągowy Gminny (fikc.),publiczna,K2,71.1,53539,genset,2.8,2.6,0,18.3,0,0,2025-04-24,3,3,1,1,0,67.86
IK-06-01203,stacja uzdatniania wody kujawsko-pomorskie-wschodni-08-03-01203,IK06,water,stacja uzdatniania wody,0408003,0408,04,53.31645,18.83397,141.8,Wodociągi Miejskie (fikc.),publiczna,K1,92.1,38728,genset,5.2,5.1,0,23.0,1,1,2026-05-06,2,2,1,1,0,75.76
IK-06-01204,stacja uzdatniania wody wielkopolskie-centralny-22-04-01204,IK06,water,stacja uzdatniania wody,3022004,3022,30,52.58131,16.63838,83.6,Wodociągi Miejskie (fikc.),publiczna,K2,79.6,36472,genset,4.0,3.4,0,36.0,1,1,2025-04-06,3,7,2,0,0,46.01
IK-06-01205,stacja uzdatniania wody zachodniopomorskie-wschodni-20-02-01205,IK06,water,stacja uzdatniania wody,3220002,3220,32,52.9865,14.98188,201.2,Wodociągi Miejskie (fikc.),publiczna,K2,71.8,79795,genset,3.5,2.5,0,8.6,1,1,2025-10-03,2,0,1,1,0,67.99
IK-06-01206,stacja uzdatniania wody dolnośląskie-południowy-07-07-01206,IK06,water,stacja uzdatniania wody,0207007,0207,02,51.40713,17.46963,159.7,Zakład Wodociągowy Gminny (fikc.),publiczna,K2,63.1,26793,genset,4.9,3.5,0,26.8,0,1,2023-03-19,2,3,1,1,0,64.22
IK-06-01207,stacja uzdatniania wody dolnośląskie-północny-18-05-01207,IK06,water,stacja uzdatniania wody,0218005,0218,02,51.15863,17.47395,120.1,Zakład Wodociągowy Gminny (fikc.),publiczna,K1,92.3,48684,genset,3.3,2.9,1,22.8,1,1,2024-10-14,3,0,2,0,0,51.23
IK-06-01208,stacja uzdatniania wody pomorskie-centralny-04-01-01208,IK06,water,stacja uzdatniania wody,2204001,2204,22,54.44579,19.04055,170.1,Wodociągi Miejskie (fikc.),publiczna,K1,85.5,118966,genset,2.6,2.3,0,30.5,1,1,2025-07-06,3,0,2,0,0,48.66
IK-06-01209,stacja uzdatniania wody łódzkie-wschodni-08-04-01209,IK06,water,stacja uzdatniania wody,1008004,1008,10,51.81995,19.75132,126.4,Wodociągi Miejskie (fikc.),prywatna,K1,85.2,60433,genset,4.1,3.4,0,29.9,0,1,2025-01-28,3,7,1,1,0,73.22999999999999
IK-06-01210,stacja uzdatniania wody wielkopolskie-miejski-17-04-01210,IK06,water,stacja uzdatniania wody,3017004,3017,30,52.77779,17.26921,44.0,Wodociągi Miejskie (fikc.),publiczna,K2,69.5,133449,genset,4.6,3.5,0,28.2,1,1,2024-07-06,3,2,1,1,0,66.84
IK-06-01211,stacja uzdatniania wody dolnośląskie-północny-12-03-01211,IK06,water,stacja uzdatniania wody,0212003,0212,02,51.54663,16.92756,247.6,Wodociągi Miejskie (fikc.),publiczna,K2,65.3,52492,genset,4.6,3.3,1,23.5,1,0,2023-12-12,3,9,1,1,0,65.16
IK-06-01212,stacja uzdatniania wody lubelskie-południowy-13-02-01212,IK06,water,stacja uzdatniania wody,0613002,0613,06,51.14953,21.81617,214.4,Zakład Wodociągowy Gminny (fikc.),publiczna,K2,67.1,25071,genset,2.9,2.9,0,27.2,0,0,2025-06-28,3,3,1,1,0,66.24
IK-06-01213,stacja uzdatniania wody dolnośląskie-wschodni-02-05-01213,IK06,water,stacja uzdatniania wody,0202005,0202,02,51.19541,17.3929,149.6,Wodociągi Miejskie (fikc.),prywatna,K3,57.0,46766,genset,3.4,3.1,1,38.3,0,0,2024-02-09,2,0,1,1,0,62.09
IK-06-01214,stacja uzdatniania wody dolnośląskie-wschodni-20-01-01214,IK06,water,stacja uzdatniania wody,0220001,0220,02,50.67347,17.21059,271.1,Zakład Wodociągowy Gminny (fikc.),publiczna,K2,69.3,43401,genset,2.8,2.5,0,27.7,1,0,2023-04-21,3,2,1,1,0,67.14
IK-06-01215,stacja uzdatniania wody dolnośląskie-centralny-22-01-01215,IK06,water,stacja uzdatniania wody,0222001,0222,02,50.90817,16.93983,173.6,Zakład Wodociągowy Gminny (fikc.),publiczna,K3,54.0,151350,none,0.0,0.0,1,27.9,0,1,2025-03-21,2,1,1,1,1,81.6
IK-06-01216,stacja uzdatniania wody opolskie-północny-12-05-01216,IK06,water,stacja uzdatniania wody,1612005,1612,16,50.98251,18.87618,146.9,Wodociągi Miejskie (fikc.),publiczna,K2,76.5,76555,genset,6.0,5.1,1,30.6,1,0,2025-06-10,2,2,1,1,0,69.35
IK-06-01217,stacja uzdatniania wody pomorskie-miejski-05-02-01217,IK06,water,stacja uzdatniania wody,2205002,2205,22,54.66183,18.62942,352.7,Wodociągi Miejskie (fikc.),publiczna,K2,70.9,48911,genset,4.5,3.5,0,37.3,1,1,2025-02-23,2,1,1,1,0,67.42
IK-06-01218,stacja uzdatniania wody podlaskie-północny-06-06-01218,IK06,water,stacja uzdatniania wody,2006006,2006,20,53.1459,23.71154,145.0,Zakład Wodociągowy Gminny (fikc.),publiczna,K2,60.0,40968,genset,3.6,3.3,0,30.2,0,1,2023-09-03,3,1,1,1,0,63.24999999999999
IK-06-01219,stacja uzdatniania wody opolskie-zachodni-09-01-01219,IK06,water,stacja uzdatniania wody,1609001,1609,16,50.82834,19.11485,115.1,Wodociągi Miejskie (fikc.),prywatna,K2,69.7,28855,genset,4.4,3.4,1,25.3,1,1,2025-05-01,3,5,1,1,0,66.96
IK-06-01220,stacja uzdatniania wody opolskie-miejski-05-07-01220,IK06,water,stacja uzdatniania wody,1605007,1605,16,50.39119,17.53554,169.1,Wodociągi Miejskie (fikc.),prywatna,K2,72.8,19264,genset,4.5,3.7,0,21.2,1,0,2024-03-28,3,7,2,0,0,43.18
IK-06-01221,stacja uzdatniania wody dolnośląskie-północny-06-06-01221,IK06,water,stacja uzdatniania wody,0206006,0206,02,51.44784,17.1218,230.9,Zakład Wodociągowy Gminny (fikc.),publiczna,K2,67.2,51392,genset,4.7,3.6,1,29.5,1,0,2024-11-16,3,2,1,1,0,65.9
IK-06-01222,stacja uzdatniania wody lubuskie-południowy-01-02-01222,IK06,water,stacja uzdatniania wody,0801002,0801,08,52.26262,16.10928,359.0,Wodociągi Miejskie (fikc.),publiczna,K2,58.4,47318,genset,4.0,3.1,0,35.9,1,1,2023-11-17,3,4,1,1,0,62.529999999999994
IK-06-01223,stacja uzdatniania wody opolskie-centralny-04-06-01223,IK06,water,stacja uzdatniania wody,1604006,1604,16,50.81668,19.09633,138.2,Zakład Wodociągowy Gminny (fikc.),prywatna,K2,66.2,16623,genset,2.6,2.5,1,42.8,1,1,2023-05-30,2,0,1,1,0,65.94
IK-06-01224,stacja uzdatniania wody pomorskie-północny-06-05-01224,IK06,water,stacja uzdatniania wody,2206005,2206,22,54.57534,18.05949,104.9,Wodociągi Miejskie (fikc.),publiczna,K2,72.6,67668,none,0.0,0.0,0,21.0,0,1,2023-02-28,4,5,2,0,1,64.03999999999999
IK-06-01225,stacja uzdatniania wody opolskie-północny-06-02-01225,IK06,water,stacja uzdatniania wody,1606002,1606,16,50.64275,18.15431,91.7,Wodociągi Miejskie (fikc.),publiczna,K2,64.5,108374,genset,4.2,4.0,0,38.3,0,1,2026-05-03,3,3,1,1,0,64.92
IK-06-01226,stacja uzdatniania wody opolskie-centralny-04-01-01226,IK06,water,stacja uzdatniania wody,1604001,1604,16,50.90786,18.66353,265.1,Wodociągi Miejskie (fikc.),publiczna,K2,65.0,124876,genset,3.4,2.7,0,47.8,1,1,2023-11-18,2,2,1,1,0,65.29
IK-06-01227,stacja uzdatniania wody podlaskie-wschodni-14-01-01227,IK06,water,stacja uzdatniania wody,2014001,2014,20,53.27207,23.09377,233.6,Zakład Wodociągowy Gminny (fikc.),publiczna,K1,87.0,64605,genset,6.1,4.6,0,18.3,1,0,2024-01-25,3,2,1,1,0,73.53
IK-06-01228,stacja uzdatniania wody dolnośląskie-wschodni-20-06-01228,IK06,water,stacja uzdatniania wody,0220006,0220,02,50.5676,17.08225,194.8,Zakład Wodociągowy Gminny (fikc.),publiczna,K2,78.4,128523,genset,2.9,2.7,0,40.2,1,1,2023-07-07,3,3,1,1,0,70.76
IK-06-01229,stacja uzdatniania wody kujawsko-pomorskie-miejski-05-06-01229,IK06,water,stacja uzdatniania wody,0405006,0405,04,53.26528,18.29712,76.3,Wodociągi Miejskie (fikc.),publiczna,K2,67.5,76770,genset,2.2,1.6,0,11.9,1,0,2026-06-14,3,5,1,1,0,66.53999999999999
IK-06-01230,stacja uzdatniania wody zachodniopomorskie-wschodni-20-02-01230,IK06,water,stacja uzdatniania wody,3220002,3220,32,53.00562,15.03365,208.5,Wodociągi Miejskie (fikc.),publiczna,K2,70.5,70149,genset,4.6,4.0,0,19.3,1,1,2026-02-07,3,1,1,1,0,67.24
IK-06-01231,stacja uzdatniania wody lubuskie-wschodni-08-01-01231,IK06,water,stacja uzdatniania wody,0808001,0808,08,52.19708,15.60142,226.8,Wodociągi Miejskie (fikc.),publiczna,K1,83.8,64042,none,0.0,0.0,0,27.3,1,1,2025-11-22,3,3,2,0,1,68.52000000000001
IK-06-01232,stacja uzdatniania wody lubelskie-centralny-16-05-01232,IK06,water,stacja uzdatniania wody,0616005,0616,06,51.31515,22.94963,224.3,Zakład Wodociągowy Gminny (fikc.),publiczna,K2,69.1,82093,genset,4.9,4.2,0,18.5,1,1,2026-04-03,2,6,1,1,0,66.62
IK-06-01233,stacja uzdatniania wody dolnośląskie-południowy-07-04-01233,IK06,water,stacja uzdatniania wody,0207004,0207,02,51.01549,17.36105,118.1,Zakład Wodociągowy Gminny (fikc.),publiczna,K3,52.7,38028,genset,2.3,1.7,1,16.6,1,0,2023-05-29,2,2,1,1,0,60.6
IK-06-01234,stacja uzdatniania wody dolnośląskie-miejski-23-04-01234,IK06,water,stacja uzdatniania wody,0223004,0223,02,51.03443,17.05983,218.2,Zakład Wodociągowy Gminny (fikc.),publiczna,K2,75.4,98233,genset,5.1,4.7,1,18.9,0,1,2024-06-16,2,7,1,1,0,69.1
IK-06-01235,stacja uzdatniania wody podlaskie-wschodni-08-01-01235,IK06,water,stacja uzdatniania wody,2008001,2008,20,53.40721,23.30227,149.5,Wodociągi Miejskie (fikc.),publiczna,K2,65.1,199226,none,0.0,0.0,0,26.2,1,0,2026-07-20,3,5,2,0,1,61.040000000000006
IK-06-01236,stacja uzdatniania wody lubelskie-północny-18-01-01236,IK06,water,stacja uzdatniania wody,0618001,0618,06,51.16655,21.81856,60.5,Wodociągi Miejskie (fikc.),prywatna,K1,83.0,60073,none,0.0,0.0,0,18.7,1,1,2024-11-10,2,3,1,1,1,93.2
IK-06-01237,stacja uzdatniania wody lubelskie-północny-18-01-01237,IK06,water,stacja uzdatniania wody,0618001,0618,06,51.19831,21.75706,148.3,Wodociągi Miejskie (fikc.),publiczna,K2,68.3,74350,genset,3.3,2.9,0,24.8,1,1,2025-03-19,3,3,2,0,0,41.63
IK-06-01238,stacja uzdatniania wody dolnośląskie-miejski-17-05-01238,IK06,water,stacja uzdatniania wody,0217005,0217,02,50.98717,16.77936,212.0,Zakład Wodociągowy Gminny (fikc.),publiczna,K2,73.9,47740,none,0.0,0.0,1,37.3,1,1,2023-07-30,3,4,1,1,1,89.56
IK-06-01239,stacja uzdatniania wody wielkopolskie-zachodni-21-01-01239,IK06,water,stacja uzdatniania wody,3021001,3021,30,52.06822,16.99871,194.2,Wodociągi Miejskie (fikc.),publiczna,K1,80.1,48754,none,0.0,0.0,0,33.8,1,1,2024-05-16,3,3,1,1,1,92.04
IK-06-01240,stacja uzdatniania wody dolnośląskie-zachodni-09-02-01240,IK06,water,stacja uzdatniania wody,0209002,0209,02,51.42722,16.68515,72.6,Wodociągi Miejskie (fikc.),publiczna,K2,74.6,55234,genset,1.4,1.0,0,30.4,0,1,2023-08-16,3,2,1,1,0,69.55
IK-06-01241,stacja uzdatniania wody dolnośląskie-miejski-23-04-01241,IK06,water,stacja uzdatniania wody,0223004,0223,02,51.02134,17.05132,125.3,Zakład Wodociągowy Gminny (fikc.),publiczna,K2,59.0,84390,genset,4.5,3.3,0,29.5,1,1,2023-12-22,3,1,2,0,0,37.66
IK-06-01242,stacja uzdatniania wody dolnośląskie-wschodni-14-03-01242,IK06,water,stacja uzdatniania wody,0214003,0214,02,51.22649,17.28023,15.2,Zakład Wodociągowy Gminny (fikc.),publiczna,K1,84.5,75027,genset,5.6,4.9,1,25.0,1,1,2023-04-28,2,1,1,1,0,72.63
IK-06-01243,przepompownia wody małopolskie-południowy-13-01-01243,IK06,water,przepompownia wody,1213001,1213,12,50.25874,20.48102,145.2,Zakład Wodociągowy Gminny (fikc.),publiczna,K3,54.9,28898,battery,1.0,0.0,0,21.2,0,0,2024-01-18,2,0,1,1,0,61.75000000000001
IK-06-01244,przepompownia wody wielkopolskie-zachodni-21-05-01244,IK06,water,przepompownia wody,3021005,3021,30,52.12494,16.97881,68.3,Wodociągi Miejskie (fikc.),publiczna,K3,48.8,32525,battery,2.8,0.0,0,28.6,0,0,2024-06-23,3,0,1,1,0,58.940000000000005
IK-06-01245,przepompownia wody lubelskie-północny-18-03-01245,IK06,water,przepompownia wody,0618003,0618,06,51.36802,21.99201,126.6,Wodociągi Miejskie (fikc.),publiczna,K3,55.1,49515,battery,1.2,0.0,0,29.3,1,1,2024-07-01,3,0,2,0,0,36.79
IK-06-01246,przepompownia wody śląskie-zachodni-21-03-01246,IK06,water,przepompownia wody,2421003,2421,24,50.48023,19.0685,249.8,Zakład Wodociągowy Gminny (fikc.),publiczna,K2,58.9,44925,battery,1.2,0.0,0,34.9,0,1,2023-10-20,2,0,1,1,0,63.31
IK-06-01247,przepompownia wody małopolskie-miejski-11-03-01247,IK06,water,przepompownia wody,1211003,1211,12,49.87154,19.8354,126.1,Zakład Wodociągowy Gminny (fikc.),publiczna,K3,40.3,16156,battery,2.1,0.0,0,17.4,0,0,2023-08-16,3,0,2,0,0,30.680000000000003
IK-06-01248,przepompownia wody dolnośląskie-miejski-23-01-01248,IK06,water,przepompownia wody,0223001,0223,02,51.23046,16.93164,103.0,Wodociągi Miejskie (fikc.),publiczna,K3,33.8,34403,battery,2.1,0.0,1,27.2,0,1,2025-08-13,2,0,1,1,0,53.080000000000005
IK-06-01249,przepompownia wody lubuskie-wschodni-08-03-01249,IK06,water,przepompownia wody,0808003,0808,08,52.14324,15.53673,162.6,Wodociągi Miejskie (fikc.),publiczna,K2,59.7,26923,battery,1.6,0.0,0,16.6,1,0,2024-01-01,3,0,1,1,0,63.55
IK-06-01250,przepompownia wody dolnośląskie-północny-12-07-01250,IK06,water,przepompownia wody,0212007,0212,02,51.36547,17.12529,97.2,Wodociągi Miejskie (fikc.),publiczna,K3,54.5,36993,battery,2.4,0.0,1,36.0,1,1,2024-10-18,3,0,2,0,0,36.3
IK-06-01251,przepompownia wody dolnośląskie-miejski-29-07-01251,IK06,water,przepompownia wody,0229007,0229,02,51.18358,17.96439,236.0,Zakład Wodociągowy Gminny (fikc.),prywatna,K2,60.8,32190,battery,2.7,0.0,0,9.5,1,0,2026-04-15,3,0,1,1,0,63.75999999999999
IK-06-01252,przepompownia wody dolnośląskie-wschodni-20-04-01252,IK06,water,przepompownia wody,0220004,0220,02,50.71539,17.14955,158.3,Zakład Wodociągowy Gminny (fikc.),prywatna,K3,45.4,31470,battery,2.8,0.0,0,21.1,0,1,2024-02-01,3,0,1,1,0,57.58
IK-06-01253,przepompownia wody dolnośląskie-zachodni-15-05-01253,IK06,water,przepompownia wody,0215005,0215,02,51.38685,17.54439,299.1,Zakład Wodociągowy Gminny (fikc.),prywatna,K3,44.8,17295,battery,3.6,0.0,0,18.1,0,0,2023-08-04,3,0,2,0,0,32.17
IK-06-01254,przepompownia wody opolskie-miejski-05-03-01254,IK06,water,przepompownia wody,1605003,1605,16,50.45321,17.8541,190.5,Wodociągi Miejskie (fikc.),publiczna,K3,30.2,10911,battery,1.3,0.0,0,34.9,0,0,2024-09-28,3,0,1,1,0,51.81
IK-06-01255,przepompownia wody opolskie-miejski-11-01-01255,IK06,water,przepompownia wody,1611001,1611,16,51.29713,17.60165,203.4,Wodociągi Miejskie (fikc.),publiczna,K3,38.1,29583,battery,1.2,0.0,1,31.3,1,1,2026-05-09,2,0,1,1,0,54.99000000000001
IK-06-01256,przepompownia wody zachodniopomorskie-zachodni-09-02-01256,IK06,water,przepompownia wody,3209002,3209,32,53.32871,15.20346,13.1,Wodociągi Miejskie (fikc.),publiczna,K2,58.7,21415,battery,2.9,0.0,0,28.6,1,1,2024-04-21,3,0,1,1,0,62.88
IK-06-01257,przepompownia wody pomorskie-miejski-05-03-01257,IK06,water,przepompownia wody,2205003,2205,22,54.58946,18.71114,109.6,Zakład Wodociągowy Gminny (fikc.),prywatna,K3,42.7,14087,battery,3.0,0.0,0,35.2,0,0,2026-06-08,2,0,1,1,0,56.46
IK-06-01258,przepompownia wody opolskie-wschodni-08-07-01258,IK06,water,przepompownia wody,1608007,1608,16,50.96045,18.16131,169.9,Zakład Wodociągowy Gminny (fikc.),prywatna,K2,79.7,17905,battery,1.1,0.0,0,38.0,1,1,2023-10-12,3,0,1,1,0,71.65
IK-06-01259,przepompownia wody opolskie-centralny-04-02-01259,IK06,water,przepompownia wody,1604002,1604,16,50.69465,18.93547,86.9,Wodociągi Miejskie (fikc.),publiczna,K3,55.3,26175,battery,1.7,0.0,0,37.2,1,0,2023-10-26,3,0,2,0,0,36.77
IK-06-01260,przepompownia wody dolnośląskie-centralny-28-01-01260,IK06,water,przepompownia wody,0228001,0228,02,50.98898,16.71874,279.7,Zakład Wodociągowy Gminny (fikc.),publiczna,K3,54.8,12885,battery,2.2,0.0,0,25.4,1,0,2025-02-14,4,0,2,0,0,36.46
IK-06-01261,przepompownia wody lubuskie-miejski-11-06-01261,IK06,water,przepompownia wody,0811006,0811,08,51.78696,15.85536,134.4,Zakład Wodociągowy Gminny (fikc.),publiczna,K3,56.7,12584,battery,0.9,0.0,0,43.7,0,1,2023-02-18,3,0,1,1,0,62.49
IK-06-01262,przepompownia wody dolnośląskie-północny-12-07-01262,IK06,water,przepompownia wody,0212007,0212,02,51.45679,17.06053,71.6,Wodociągi Miejskie (fikc.),publiczna,K2,58.9,18626,battery,1.3,0.0,0,18.4,0,1,2026-07-13,2,0,1,1,0,63.29
IK-06-01263,przepompownia wody wielkopolskie-wschodni-08-04-01263,IK06,water,przepompownia wody,3008004,3008,30,51.98821,16.27132,206.7,Zakład Wodociągowy Gminny (fikc.),publiczna,K3,52.5,47311,battery,2.7,0.0,0,19.6,0,0,2025-10-25,3,0,2,0,0,35.44
IK-06-01264,przepompownia wody świętokrzyskie-wschodni-02-03-01264,IK06,water,przepompownia wody,2602003,2602,26,49.73458,20.08744,240.8,Wodociągi Miejskie (fikc.),publiczna,K3,45.8,16343,battery,1.6,0.0,0,37.1,0,0,2023-03-28,2,0,1,1,0,57.989999999999995
IK-06-01265,przepompownia wody dolnośląskie-wschodni-26-01-01265,IK06,water,przepompownia wody,0226001,0226,02,50.95584,17.19585,345.0,Zakład Wodociągowy Gminny (fikc.),prywatna,K3,45.0,6895,battery,1.0,0.0,0,39.9,0,0,2024-12-24,2,0,1,1,0,57.79
IK-06-01266,przepompownia wody pomorskie-miejski-11-04-01266,IK06,water,przepompownia wody,2211004,2211,22,53.81584,18.80248,216.5,Wodociągi Miejskie (fikc.),publiczna,K3,53.6,29185,battery,1.8,0.0,0,33.3,0,0,2025-04-07,2,0,1,1,0,61.06
IK-06-01267,przepompownia wody lubelskie-wschodni-08-07-01267,IK06,water,przepompownia wody,0608007,0608,06,50.79541,22.86658,52.4,Wodociągi Miejskie (fikc.),publiczna,K2,63.7,34350,battery,2.1,0.0,0,31.1,1,1,2023-08-01,2,0,1,1,0,65.03999999999999
IK-06-01268,przepompownia wody dolnośląskie-centralny-28-05-01268,IK06,water,przepompownia wody,0228005,0228,02,50.85415,16.67941,309.2,Wodociągi Miejskie (fikc.),publiczna,K3,55.4,21407,battery,2.1,0.0,0,17.9,1,0,2024-01-17,2,0,1,1,0,61.72
IK-06-01269,przepompownia wody łódzkie-miejski-17-04-01269,IK06,water,przepompownia wody,1017004,1017,10,51.80343,20.17283,28.2,Zakład Wodociągowy Gminny (fikc.),publiczna,K3,25.0,92163,battery,2.5,0.0,0,2.0,0,0,2023-12-27,2,0,1,1,0,49.480000000000004
IK-06-01270,przepompownia wody świętokrzyskie-wschodni-14-01-01270,IK06,water,przepompownia wody,2614001,2614,26,50.50677,20.74798,100.4,Zakład Wodociągowy Gminny (fikc.),prywatna,K3,51.0,35225,none,0.0,0.0,0,32.0,0,1,2023-09-12,2,0,1,1,1,80.4
IK-06-01271,przepompownia wody mazowieckie-centralny-16-01-01271,IK06,water,przepompownia wody,1416001,1416,14,52.12341,20.44439,166.9,Zakład Wodociągowy Gminny (fikc.),publiczna,K3,31.4,21642,battery,2.3,0.0,0,33.0,1,0,2025-11-11,3,0,2,0,0,27.08
IK-06-01272,przepompownia wody podlaskie-południowy-13-01-01272,IK06,water,przepompownia wody,2013001,2013,20,53.25204,22.83989,210.8,Zakład Wodociągowy Gminny (fikc.),publiczna,K3,54.0,22305,battery,1.9,0.0,0,27.8,1,1,2023-06-28,3,0,2,0,0,36.199999999999996
IK-06-01273,przepompownia wody dolnośląskie-centralny-16-07-01273,IK06,water,przepompownia wody,0216007,0216,02,51.74126,16.92693,265.6,Zakład Wodociągowy Gminny (fikc.),publiczna,K3,39.6,8003,none,0.0,0.0,1,24.4,1,1,2026-08-18,2,0,1,1,1,75.84
IK-06-01274,przepompownia wody lubelskie-centralny-22-03-01274,IK06,water,przepompownia wody,0622003,0622,06,51.7687,22.87149,122.6,Wodociągi Miejskie (fikc.),prywatna,K3,40.9,34365,battery,2.5,0.0,0,28.2,0,0,2026-04-18,3,0,1,1,0,55.84
IK-06-01275,przepompownia wody świętokrzyskie-zachodni-03-05-01275,IK06,water,przepompownia wody,2603005,2603,26,50.89694,20.05288,257.8,Zakład Wodociągowy Gminny (fikc.),publiczna,K2,78.4,11630,battery,2.3,0.0,0,28.1,1,1,2026-03-06,4,0,2,0,0,45.879999999999995
IK-06-01276,przepompownia wody kujawsko-pomorskie-wschodni-14-04-01276,IK06,water,przepompownia wody,0414004,0414,04,52.84143,18.49416,125.5,Wodociągi Miejskie (fikc.),publiczna,K3,44.9,30748,none,0.0,0.0,0,14.4,1,1,2023-12-30,2,0,1,1,1,77.96
IK-06-01277,przepompownia wody dolnośląskie-wschodni-26-06-01277,IK06,water,przepompownia wody,0226006,0226,02,50.89381,17.39721,56.5,Zakład Wodociągowy Gminny (fikc.),publiczna,K3,54.8,21958,battery,2.3,0.0,1,34.8,1,0,2025-01-26,3,0,1,1,0,61.44
IK-06-01278,przepompownia wody lubuskie-północny-06-02-01278,IK06,water,przepompownia wody,0806002,0806,08,52.6002,15.09743,246.1,Wodociągi Miejskie (fikc.),publiczna,K3,52.4,31063,none,0.0,0.0,0,33.2,0,0,2025-03-12,2,0,1,1,1,80.96
IK-06-01279,przepompownia wody dolnośląskie-zachodni-09-05-01279,IK06,water,przepompownia wody,0209005,0209,02,51.35839,16.42794,212.3,Zakład Wodociągowy Gminny (fikc.),publiczna,K3,51.8,10749,battery,1.3,0.0,1,36.6,0,1,2025-12-25,2,0,1,1,0,60.45
IK-06-01280,przepompownia wody świętokrzyskie-wschodni-14-03-01280,IK06,water,przepompownia wody,2614003,2614,26,50.66477,21.17963,247.5,Zakład Wodociągowy Gminny (fikc.),publiczna,K3,52.9,15766,battery,1.9,0.0,0,42.1,1,0,2026-02-08,2,0,1,1,0,60.760000000000005
IK-06-01281,przepompownia wody świętokrzyskie-zachodni-09-04-01281,IK06,water,przepompownia wody,2609004,2609,26,50.40658,20.45187,85.9,Zakład Wodociągowy Gminny (fikc.),publiczna,K3,51.7,23756,battery,1.8,0.0,0,24.7,1,0,2024-09-03,2,0,1,1,0,60.3
IK-06-01282,przepompownia wody warmińsko-mazurskie-północny-12-04-01282,IK06,water,przepompownia wody,2812004,2812,28,53.36181,19.10089,137.2,Wodociągi Miejskie (fikc.),publiczna,K3,43.4,12047,none,0.0,0.0,0,18.0,0,0,2023-07-21,2,0,1,1,1,77.36
IK-06-01283,przepompownia wody małopolskie-północny-18-03-01283,IK06,water,przepompownia wody,1218003,1218,12,50.25186,20.55451,235.5,Wodociągi Miejskie (fikc.),publiczna,K3,55.5,28598,battery,1.7,0.0,0,19.8,1,1,2025-03-20,2,0,1,1,0,61.85000000000001
IK-06-01284,przepompownia wody dolnośląskie-południowy-07-07-01284,IK06,water,przepompownia wody,0207007,0207,02,51.37587,17.40126,109.9,Zakład Wodociągowy Gminny (fikc.),publiczna,K3,43.0,29199,battery,1.5,0.0,1,18.8,0,0,2024-03-28,2,0,1,1,0,56.88999999999999
IK-06-01285,przepompownia wody śląskie-północny-36-06-01285,IK06,water,przepompownia wody,2436006,2436,24,50.66399,19.65575,67.3,Zakład Wodociągowy Gminny (fikc.),publiczna,K2,71.4,29632,battery,1.6,0.0,0,13.7,1,1,2026-03-22,2,0,1,1,0,68.23
IK-06-01286,przepompownia wody łódzkie-miejski-11-04-01286,IK06,water,przepompownia wody,1011004,1011,10,51.90061,19.84086,79.8,Wodociągi Miejskie (fikc.),publiczna,K3,50.7,32480,battery,2.0,0.0,0,24.6,0,1,2024-11-13,2,0,1,1,0,59.86
IK-06-01287,przepompownia wody łódzkie-południowy-01-03-01287,IK06,water,przepompownia wody,1001003,1001,10,51.38738,20.10642,70.0,Wodociągi Miejskie (fikc.),publiczna,K3,44.1,36527,battery,1.6,0.0,0,36.7,0,1,2024-11-01,3,0,1,1,0,57.31
IK-06-01288,przepompownia wody dolnośląskie-północny-24-05-01288,IK06,water,przepompownia wody,0224005,0224,02,51.47399,16.98253,182.5,Wodociągi Miejskie (fikc.),publiczna,K3,48.3,18803,battery,1.5,0.0,1,24.4,0,0,2023-04-07,3,0,1,1,0,59.01
IK-06-01289,przepompownia wody łódzkie-północny-18-06-01289,IK06,water,przepompownia wody,1018006,1018,10,52.06395,20.05739,28.6,Zakład Wodociągowy Gminny (fikc.),publiczna,K3,37.9,12737,battery,2.1,0.0,0,26.7,0,0,2024-09-05,3,0,2,0,0,29.720000000000002
IK-06-01290,przepompownia wody łódzkie-centralny-04-01-01290,IK06,water,przepompownia wody,1004001,1004,10,51.19454,20.26848,134.7,Wodociągi Miejskie (fikc.),publiczna,K2,62.1,52461,none,0.0,0.0,0,8.6,1,0,2026-04-26,2,0,1,1,1,84.84
IK-06-01291,przepompownia wody warmińsko-mazurskie-południowy-19-03-01291,IK06,water,przepompownia wody,2819003,2819,28,54.4971,20.54682,145.8,Zakład Wodociągowy Gminny (fikc.),publiczna,K3,38.4,11611,battery,1.9,0.0,0,22.4,0,1,2025-06-04,3,0,2,0,0,29.959999999999997
IK-06-01292,przepompownia wody warmińsko-mazurskie-wschodni-14-02-01292,IK06,water,przepompownia wody,2814002,2814,28,53.96156,19.42503,286.0,Wodociągi Miejskie (fikc.),publiczna,K3,56.3,65709,battery,1.8,0.0,0,20.6,0,0,2025-09-22,3,0,2,0,0,37.14
IK-06-01293,przepompownia wody dolnośląskie-miejski-17-05-01293,IK06,water,przepompownia wody,0217005,0217,02,51.01266,16.70994,225.1,Zakład Wodociągowy Gminny (fikc.),publiczna,K2,65.2,19935,battery,1.1,0.0,0,15.2,1,0,2025-04-12,2,0,1,1,0,65.85
IK-06-01294,przepompownia wody opolskie-miejski-11-01-01294,IK06,water,przepompownia wody,1611001,1611,16,51.32318,17.61838,184.5,Zakład Wodociągowy Gminny (fikc.),publiczna,K2,58.7,31322,battery,1.6,0.0,1,33.1,0,1,2023-09-11,2,0,1,1,0,63.14999999999999
IK-06-01295,przepompownia wody świętokrzyskie-wschodni-08-04-01295,IK06,water,przepompownia wody,2608004,2608,26,51.84919,19.61616,92.7,Wodociągi Miejskie (fikc.),publiczna,K3,42.6,69246,none,0.0,0.0,0,38.9,0,0,2025-03-10,2,0,1,1,1,77.03999999999999
IK-06-01296,przepompownia wody opolskie-centralny-04-03-01296,IK06,water,przepompownia wody,1604003,1604,16,50.62261,18.89353,147.6,Zakład Wodociągowy Gminny (fikc.),publiczna,K2,69.2,24275,battery,2.2,0.0,0,18.6,0,0,2026-08-11,2,0,1,1,0,67.22
IK-06-01297,przepompownia wody dolnośląskie-centralny-22-01-01297,IK06,water,przepompownia wody,0222001,0222,02,50.90773,16.98654,228.0,Zakład Wodociągowy Gminny (fikc.),publiczna,K1,87.2,6207,battery,2.0,0.0,0,31.0,1,1,2024-11-16,2,0,1,1,0,74.46000000000001
IK-06-01298,przepompownia wody opolskie-centralny-10-02-01298,IK06,water,przepompownia wody,1610002,1610,16,50.7376,16.58621,56.2,Zakład Wodociągowy Gminny (fikc.),publiczna,K3,56.0,36503,battery,2.1,0.0,0,16.4,0,1,2026-06-23,2,0,1,1,0,61.96
IK-06-01299,przepompownia wody dolnośląskie-centralny-16-01-01299,IK06,water,przepompownia wody,0216001,0216,02,52.08835,17.18448,149.7,Zakład Wodociągowy Gminny (fikc.),publiczna,K3,40.7,19505,battery,2.2,0.0,0,27.7,0,0,2026-07-09,3,0,1,1,0,55.82
IK-06-01300,przepompownia wody kujawsko-pomorskie-wschodni-02-03-01300,IK06,water,przepompownia wody,0402003,0402,04,53.14399,18.8703,209.6,Zakład Wodociągowy Gminny (fikc.),publiczna,K2,63.7,35412,battery,1.6,0.0,0,30.5,1,1,2025-05-30,3,0,2,0,0,40.150000000000006
IK-06-01301,przepompownia wody śląskie-miejski-05-05-01301,IK06,water,przepompownia wody,2405005,2405,24,50.30544,19.33534,151.8,Zakład Wodociągowy Gminny (fikc.),publiczna,K3,41.9,24463,none,0.0,0.0,0,24.6,0,0,2026-02-08,3,0,2,0,1,51.76
IK-06-01302,przepompownia wody lubelskie-północny-06-02-01302,IK06,water,przepompownia wody,0606002,0606,06,51.24202,22.63668,303.4,Zakład Wodociągowy Gminny (fikc.),publiczna,K3,42.8,19015,battery,1.6,0.0,0,20.1,0,0,2025-02-16,3,0,1,1,0,56.79
IK-06-01303,przepompownia wody wielkopolskie-miejski-23-01-01303,IK06,water,przepompownia wody,3023001,3023,30,52.88696,15.99976,248.6,Wodociągi Miejskie (fikc.),publiczna,K2,71.7,7178,battery,2.1,0.0,0,4.7,1,1,2025-01-10,3,0,2,0,0,43.24
IK-06-01304,przepompownia wody lubelskie-zachodni-09-07-01304,IK06,water,przepompownia wody,0609007,0609,06,51.1373,23.73927,8.4,Zakład Wodociągowy Gminny (fikc.),publiczna,K3,47.0,12431,battery,2.5,0.0,0,13.4,0,0,2026-03-27,2,0,1,1,0,58.28
IK-06-01305,przepompownia wody opolskie-północny-12-04-01305,IK06,water,przepompownia wody,1612004,1612,16,50.74948,19.18328,163.4,Wodociągi Miejskie (fikc.),publiczna,K3,42.3,10679,battery,2.0,0.0,1,28.1,0,1,2026-03-17,3,0,2,0,0,31.5
IK-06-01306,przepompownia wody podlaskie-wschodni-14-01-01306,IK06,water,przepompownia wody,2014001,2014,20,53.23306,22.94183,318.3,Wodociągi Miejskie (fikc.),prywatna,K3,48.0,37354,battery,1.6,0.0,0,30.0,1,1,2026-05-02,2,0,1,1,0,58.87
IK-06-01307,przepompownia wody pomorskie-północny-12-03-01307,IK06,water,przepompownia wody,2212003,2212,22,54.14632,19.04015,183.0,Wodociągi Miejskie (fikc.),publiczna,K2,74.7,23307,battery,1.7,0.0,0,36.0,1,0,2024-03-13,3,0,2,0,0,44.529999999999994
IK-06-01308,przepompownia wody dolnośląskie-północny-18-02-01308,IK06,water,przepompownia wody,0218002,0218,02,51.36725,17.37661,283.2,Zakład Wodociągowy Gminny (fikc.),publiczna,K3,57.2,25872,battery,1.7,0.0,1,32.8,1,0,2024-06-13,2,0,1,1,0,62.529999999999994
IK-06-01309,przepompownia wody zachodniopomorskie-południowy-13-02-01309,IK06,water,przepompownia wody,3213002,3213,32,53.01167,13.72815,199.1,Zakład Wodociągowy Gminny (fikc.),publiczna,K3,42.9,16646,battery,2.5,0.0,0,13.5,0,0,2026-08-13,3,0,1,1,0,56.64
IK-06-01310,przepompownia wody warmińsko-mazurskie-wschodni-08-04-01310,IK06,water,przepompownia wody,2808004,2808,28,53.30774,20.3407,66.7,Zakład Wodociągowy Gminny (fikc.),publiczna,K3,50.2,24415,battery,1.8,0.0,0,19.4,0,0,2025-09-23,3,0,1,1,0,59.699999999999996
IK-06-01311,przepompownia wody podlaskie-centralny-04-04-01311,IK06,water,przepompownia wody,2004004,2004,20,52.98132,23.71771,146.3,Wodociągi Miejskie (fikc.),publiczna,K3,52.9,38263,battery,2.3,0.0,0,28.5,0,0,2025-08-08,2,0,1,1,0,60.68
IK-06-01312,przepompownia wody podlaskie-centralny-16-04-01312,IK06,water,przepompownia wody,2016004,2016,20,52.38672,22.16015,13.5,Zakład Wodociągowy Gminny (fikc.),publiczna,K3,49.3,19102,none,0.0,0.0,0,17.2,0,0,2023-07-23,2,0,1,1,1,79.72
IK-06-01313,przepompownia wody opolskie-wschodni-02-01-01313,IK06,water,przepompownia wody,1602001,1602,16,50.63783,17.8408,54.7,Zakład Wodociągowy Gminny (fikc.),publiczna,K3,35.0,29538,battery,2.1,0.0,1,46.0,1,0,2025-01-27,2,0,1,1,0,53.559999999999995
IK-06-01314,przepompownia wody małopolskie-zachodni-21-07-01314,IK06,water,przepompownia wody,1221007,1221,12,49.57433,20.24848,206.1,Wodociągi Miejskie (fikc.),publiczna,K3,48.8,25576,battery,1.6,0.0,0,23.0,0,0,2025-12-11,3,0,1,1,0,59.19
IK-06-01315,przepompownia wody podlaskie-centralny-16-05-01315,IK06,water,przepompownia wody,2016005,2016,20,52.42538,22.2765,103.8,Wodociągi Miejskie (fikc.),publiczna,K3,52.6,60340,none,0.0,0.0,0,22.4,1,0,2023-03-12,2,0,1,1,1,81.04
IK-06-01316,przepompownia wody podlaskie-miejski-11-03-01316,IK06,water,przepompownia wody,2011003,2011,20,53.71733,24.31289,282.3,Wodociągi Miejskie (fikc.),publiczna,K3,45.1,16554,battery,0.7,0.0,0,33.8,0,1,2023-05-24,3,0,1,1,0,57.89
IK-06-01317,przepompownia wody łódzkie-południowy-19-04-01317,IK06,water,przepompownia wody,1019004,1019,10,51.71125,19.39694,56.0,Wodociągi Miejskie (fikc.),publiczna,K2,58.5,18431,battery,1.2,0.0,0,11.3,1,0,2023-11-15,3,0,1,1,0,63.14999999999999
IK-06-01318,przepompownia wody podkarpackie-centralny-10-05-01318,IK06,water,przepompownia wody,1810005,1810,18,49.82333,22.08413,121.8,Wodociągi Miejskie (fikc.),publiczna,K2,70.7,37315,none,0.0,0.0,0,40.0,1,1,2025-10-10,2,0,1,1,1,88.28
IK-06-01319,przepompownia wody opolskie-północny-12-02-01319,IK06,water,przepompownia wody,1612002,1612,16,50.92863,18.47812,279.8,Zakład Wodociągowy Gminny (fikc.),prywatna,K2,65.5,48505,battery,2.2,0.0,1,16.3,0,1,2025-06-04,2,0,1,1,0,65.74
IK-06-01320,przepompownia wody podkarpackie-centralny-10-06-01320,IK06,water,przepompownia wody,1810006,1810,18,49.88376,22.16162,139.0,Wodociągi Miejskie (fikc.),publiczna,K2,68.8,31245,battery,1.4,0.0,0,25.9,1,1,2023-12-02,2,0,1,1,0,67.23
IK-06-01321,przepompownia wody lubuskie-północny-12-01-01321,IK06,water,przepompownia wody,0812001,0812,08,52.55911,15.33218,148.5,Wodociągi Miejskie (fikc.),publiczna,K2,72.2,24499,battery,2.4,0.0,0,29.5,0,1,2024-01-07,3,0,1,1,0,68.38
IK-06-01322,przepompownia wody łódzkie-miejski-17-03-01322,IK06,water,przepompownia wody,1017003,1017,10,51.83052,19.95224,182.4,Zakład Wodociągowy Gminny (fikc.),publiczna,K3,37.7,34836,battery,1.7,0.0,0,34.7,0,0,2023-07-15,2,0,1,1,0,54.730000000000004
IK-06-01323,przepompownia wody małopolskie-centralny-10-04-01323,IK06,water,przepompownia wody,1210004,1210,12,51.18483,19.09182,190.9,Wodociągi Miejskie (fikc.),prywatna,K3,37.4,25031,battery,2.6,0.0,0,25.9,0,1,2024-07-15,3,0,1,1,0,54.42
IK-06-01324,przepompownia wody dolnośląskie-północny-18-06-01324,IK06,water,przepompownia wody,0218006,0218,02,51.53848,17.49598,184.6,Wodociągi Miejskie (fikc.),publiczna,K3,42.3,53831,battery,1.7,0.0,0,22.4,1,0,2025-03-22,2,0,1,1,0,56.57
IK-06-01325,przepompownia wody kujawsko-pomorskie-południowy-13-04-01325,IK06,water,przepompownia wody,0413004,0413,04,52.6055,18.8001,122.0,Wodociągi Miejskie (fikc.),publiczna,K3,57.3,25302,battery,1.7,0.0,0,2.0,0,0,2025-09-03,2,0,1,1,0,62.57
IK-06-01326,przepompownia wody łódzkie-centralny-22-06-01326,IK06,water,przepompownia wody,1022006,1022,10,51.73538,19.66887,63.4,Wodociągi Miejskie (fikc.),publiczna,K2,70.2,11285,battery,3.2,0.0,0,36.7,1,1,2023-12-17,3,0,2,0,0,42.41
IK-06-01327,przepompownia wody zachodniopomorskie-miejski-17-01-01327,IK06,water,przepompownia wody,3217001,3217,32,53.28742,14.7257,163.8,Zakład Wodociągowy Gminny (fikc.),publiczna,K2,67.7,19763,battery,2.6,0.0,0,28.8,0,1,2024-11-10,3,0,1,1,0,66.53999999999999
IK-06-01328,przepompownia wody świętokrzyskie-północny-06-01-01328,IK06,water,przepompownia wody,2606001,2606,26,50.82528,21.52876,188.3,Zakład Wodociągowy Gminny (fikc.),publiczna,K3,44.1,14794,battery,2.8,0.0,0,30.6,0,0,2023-10-03,3,0,1,1,0,57.06
IK-06-01329,przepompownia wody opolskie-północny-12-05-01329,IK06,water,przepompownia wody,1612005,1612,16,50.92387,18.80493,230.6,Wodociągi Miejskie (fikc.),prywatna,K3,55.4,14742,battery,2.4,0.0,0,34.0,1,0,2024-04-19,2,0,1,1,0,61.660000000000004
IK-06-01330,przepompownia wody mazowieckie-wschodni-26-02-01330,IK06,water,przepompownia wody,1426002,1426,14,52.72903,21.28905,158.1,Wodociągi Miejskie (fikc.),publiczna,K2,63.7,32346,battery,2.4,0.0,0,21.2,1,1,2026-01-26,3,0,1,1,0,64.98
IK-06-01331,oczyszczalnia ścieków podkarpackie-miejski-05-02-01331,IK06,water,oczyszczalnia ścieków,1805002,1805,18,49.10526,21.68862,20.0,Wodociągi Miejskie (fikc.),publiczna,K3,45.6,52228,genset,3.6,3.3,0,37.5,1,0,2024-01-01,2,0,1,1,0,57.489999999999995
IK-06-01332,oczyszczalnia ścieków dolnośląskie-południowy-07-01-01332,IK06,water,oczyszczalnia ścieków,0207001,0207,02,51.0784,16.96587,168.8,Zakład Wodociągowy Gminny (fikc.),publiczna,K2,59.2,49086,genset,2.8,2.8,1,41.3,0,0,2026-03-06,2,0,1,1,0,63.1
IK-06-01333,oczyszczalnia ścieków świętokrzyskie-miejski-11-01-01333,IK06,water,oczyszczalnia ścieków,2611001,2611,26,51.01059,19.72174,133.6,Zakład Wodociągowy Gminny (fikc.),publiczna,K3,54.1,107220,genset,1.4,1.1,0,26.1,0,1,2024-11-24,3,0,1,1,0,61.35
IK-06-01334,oczyszczalnia ścieków opolskie-zachodni-09-05-01334,IK06,water,oczyszczalnia ścieków,1609005,1609,16,51.07253,18.98855,282.7,Wodociągi Miejskie (fikc.),publiczna,K2,71.8,60214,none,0.0,0.0,1,28.4,1,1,2023-08-25,2,0,1,1,1,88.72
IK-06-01335,oczyszczalnia ścieków świętokrzyskie-zachodni-09-02-01335,IK06,water,oczyszczalnia ścieków,2609002,2609,26,50.62813,20.11872,36.9,Zakład Wodociągowy Gminny (fikc.),publiczna,K2,69.4,134292,genset,5.0,3.5,0,21.4,1,1,2023-05-23,4,0,2,0,0,41.72
IK-06-01336,oczyszczalnia ścieków podkarpackie-północny-06-03-01336,IK06,water,oczyszczalnia ścieków,1806003,1806,18,49.78016,22.5007,77.2,Zakład Wodociągowy Gminny (fikc.),publiczna,K3,54.9,264840,none,0.0,0.0,0,34.3,1,1,2024-02-06,2,0,1,1,1,81.96
IK-06-01337,oczyszczalnia ścieków opolskie-południowy-01-02-01337,IK06,water,oczyszczalnia ścieków,1601002,1601,16,50.32891,18.15867,233.6,Zakład Wodociągowy Gminny (fikc.),publiczna,K3,50.1,107294,none,0.0,0.0,0,16.3,0,0,2025-02-11,2,0,1,1,1,80.04
IK-06-01338,oczyszczalnia ścieków wielkopolskie-miejski-17-02-01338,IK06,water,oczyszczalnia ścieków,3017002,3017,30,52.82596,17.02484,175.5,Zakład Wodociągowy Gminny (fikc.),publiczna,K3,47.9,46535,genset,2.9,2.5,0,27.4,0,0,2024-10-31,3,0,1,1,0,58.56
IK-06-01339,oczyszczalnia ścieków kujawsko-pomorskie-centralny-04-04-01339,IK06,water,oczyszczalnia ścieków,0404004,0404,04,52.88199,18.49655,229.0,Zakład Wodociągowy Gminny (fikc.),publiczna,K2,65.1,42888,none,0.0,0.0,0,11.7,1,0,2026-02-20,2,0,1,1,1,86.04
IK-06-01340,oczyszczalnia ścieków warmińsko-mazurskie-wschodni-14-01-01340,IK06,water,oczyszczalnia ścieków,2814001,2814,28,53.62129,19.73092,249.5,Zakład Wodociągowy Gminny (fikc.),publiczna,K2,71.3,131789,genset,2.2,1.8,0,29.5,1,1,2025-07-31,4,0,2,0,0,43.059999999999995
IK-06-01341,oczyszczalnia ścieków opolskie-południowy-07-01-01341,IK06,water,oczyszczalnia ścieków,1607001,1607,16,50.76463,18.57978,110.3,Zakład Wodociągowy Gminny (fikc.),publiczna,K2,62.9,84782,genset,4.4,3.9,0,26.5,0,0,2023-06-09,2,0,1,1,0,64.24
IK-06-01342,oczyszczalnia ścieków podkarpackie-centralny-04-05-01342,IK06,water,oczyszczalnia ścieków,1804005,1804,18,50.16073,21.08898,4.0,Zakład Wodociągowy Gminny (fikc.),publiczna,K3,45.8,76381,genset,4.0,3.4,0,26.3,0,0,2023-04-03,3,0,1,1,0,57.489999999999995
IK-06-01343,oczyszczalnia ścieków świętokrzyskie-centralny-10-06-01343,IK06,water,oczyszczalnia ścieków,2610006,2610,26,50.65526,21.03802,274.8,Wodociągi Miejskie (fikc.),publiczna,K3,56.4,55698,genset,2.6,2.2,0,31.1,0,0,2023-12-20,3,0,2,0,0,37.019999999999996
IK-06-01344,oczyszczalnia ścieków mazowieckie-zachodni-39-01-01344,IK06,water,oczyszczalnia ścieków,1439001,1439,14,52.29464,21.60648,22.5,Zakład Wodociągowy Gminny (fikc.),publiczna,K2,60.8,66443,genset,2.5,1.8,0,16.0,1,1,2025-03-24,4,0,2,0,0,38.800000000000004
IK-06-01345,oczyszczalnia ścieków małopolskie-północny-12-04-01345,IK06,water,oczyszczalnia ścieków,1212004,1212,12,50.80911,19.56085,206.5,Wodociągi Miejskie (fikc.),publiczna,K3,49.6,81005,genset,2.7,2.6,0,29.0,1,1,2024-04-11,4,0,2,0,0,34.28
IK-06-01346,oczyszczalnia ścieków dolnośląskie-zachodni-03-04-01346,IK06,water,oczyszczalnia ścieków,0203004,0203,02,50.36297,16.12662,101.0,Wodociągi Miejskie (fikc.),publiczna,K3,43.7,23748,genset,2.7,2.4,1,23.0,0,1,2024-04-07,3,0,2,0,0,31.919999999999998
IK-06-01347,oczyszczalnia ścieków warmińsko-mazurskie-zachodni-03-01-01347,IK06,water,oczyszczalnia ścieków,2803001,2803,28,53.46784,20.6482,195.0,Wodociągi Miejskie (fikc.),publiczna,K3,52.7,119460,genset,2.7,2.3,0,27.6,0,1,2023-03-07,4,0,2,0,0,35.52
IK-06-01348,oczyszczalnia ścieków opolskie-zachodni-09-02-01348,IK06,water,oczyszczalnia ścieków,1609002,1609,16,50.90753,19.20173,206.0,Zakład Wodociągowy Gminny (fikc.),publiczna,K2,68.8,57525,genset,2.5,2.3,0,21.2,1,1,2024-04-19,4,0,2,0,0,42.0
IK-06-01349,oczyszczalnia ścieków opolskie-północny-06-02-01349,IK06,water,oczyszczalnia ścieków,1606002,1606,16,50.65187,18.19198,67.1,Zakład Wodociągowy Gminny (fikc.),publiczna,K2,67.3,59468,none,0.0,0.0,1,22.0,0,0,2024-03-07,3,0,1,1,1,86.92
IK-06-01350,oczyszczalnia ścieków mazowieckie-zachodni-03-04-01350,IK06,water,oczyszczalnia ścieków,1403004,1403,14,52.80973,21.25698,134.6,Wodociągi Miejskie (fikc.),publiczna,K2,63.9,122930,genset,3.2,2.9,0,15.1,0,1,2024-01-15,3,0,1,1,0,64.89
IK-06-01351,oczyszczalnia ścieków lubelskie-zachodni-03-01-01351,IK06,water,oczyszczalnia ścieków,0603001,0603,06,51.25226,22.84986,49.5,Wodociągi Miejskie (fikc.),publiczna,K3,54.3,76411,genset,0.9,0.7,0,29.8,0,1,2025-05-26,3,0,2,0,0,36.53
IK-06-01352,oczyszczalnia ścieków opolskie-miejski-11-07-01352,IK06,water,oczyszczalnia ścieków,1611007,1611,16,51.17618,17.30066,88.5,Wodociągi Miejskie (fikc.),publiczna,K3,52.0,109127,genset,2.5,2.0,1,14.3,1,0,2025-09-05,4,0,2,0,0,35.28
IK-06-01353,oczyszczalnia ścieków lubuskie-wschodni-02-05-01353,IK06,water,oczyszczalnia ścieków,0802005,0802,08,52.38368,15.76831,227.3,Wodociągi Miejskie (fikc.),publiczna,K2,58.4,99493,genset,3.3,2.6,0,26.3,0,1,2024-01-14,3,0,2,0,0,37.669999999999995
IK-06-01354,oczyszczalnia ścieków świętokrzyskie-wschodni-14-05-01354,IK06,water,oczyszczalnia ścieków,2614005,2614,26,50.52369,21.12538,132.2,Wodociągi Miejskie (fikc.),publiczna,K3,44.9,124168,genset,1.2,1.2,0,22.8,1,0,2026-01-14,3,0,1,1,0,57.709999999999994
IK-06-01355,oczyszczalnia ścieków dolnośląskie-miejski-05-01-01355,IK06,water,oczyszczalnia ścieków,0205001,0205,02,51.10858,17.06606,294.5,Wodociągi Miejskie (fikc.),publiczna,K3,41.4,103081,none,0.0,0.0,1,13.6,0,0,2026-07-22,2,0,1,1,1,76.55999999999999
IK-06-01356,oczyszczalnia ścieków dolnośląskie-centralny-10-02-01356,IK06,water,oczyszczalnia ścieków,0210002,0210,02,51.26903,16.73006,175.4,Zakład Wodociągowy Gminny (fikc.),publiczna,K2,61.4,137740,genset,2.8,2.1,0,15.8,1,0,2024-11-20,2,0,1,1,0,63.980000000000004
IK-06-01357,oczyszczalnia ścieków wielkopolskie-miejski-29-02-01357,IK06,water,oczyszczalnia ścieków,3029002,3029,30,52.67877,16.10262,132.9,Wodociągi Miejskie (fikc.),publiczna,K2,62.1,65195,genset,3.0,2.1,0,32.7,1,0,2026-08-12,2,0,1,1,0,64.22
IK-06-01358,oczyszczalnia ścieków dolnośląskie-północny-24-03-01358,IK06,water,oczyszczalnia ścieków,0224003,0224,02,51.56126,17.34703,36.5,Zakład Wodociągowy Gminny (fikc.),publiczna,K3,49.9,88602,genset,4.1,3.6,1,9.9,1,1,2026-01-14,3,0,2,0,0,34.11
IK-06-01359,oczyszczalnia ścieków opolskie-północny-06-01-01359,IK06,water,oczyszczalnia ścieków,1606001,1606,16,50.77786,18.2852,145.2,Zakład Wodociągowy Gminny (fikc.),publiczna,K2,64.9,40528,genset,1.9,1.5,1,19.1,0,1,2023-04-19,2,0,1,1,0,65.56
IK-06-01360,oczyszczalnia ścieków pomorskie-północny-06-03-01360,IK06,water,oczyszczalnia ścieków,2206003,2206,22,54.93654,18.37032,98.9,Wodociągi Miejskie (fikc.),publiczna,K2,72.1,66637,genset,2.7,2.1,0,32.0,1,0,2025-02-09,2,0,1,1,0,68.28
IK-06-01361,oczyszczalnia ścieków lubelskie-miejski-11-01-01361,IK06,water,oczyszczalnia ścieków,0611001,0611,06,51.84264,22.05742,167.4,Wodociągi Miejskie (fikc.),prywatna,K3,50.6,136499,genset,2.8,2.2,0,23.5,1,0,2026-01-24,2,0,1,1,0,59.660000000000004
IK-06-01362,oczyszczalnia ścieków świętokrzyskie-zachodni-09-02-01362,IK06,water,oczyszczalnia ścieków,2609002,2609,26,50.64813,20.06218,189.8,Zakład Wodociągowy Gminny (fikc.),publiczna,K2,60.6,123466,genset,1.9,1.4,0,25.1,0,1,2024-07-26,2,0,1,1,0,63.839999999999996
IK-06-01363,oczyszczalnia ścieków dolnośląskie-zachodni-03-02-01363,IK06,water,oczyszczalnia ścieków,0203002,0203,02,50.33414,16.08414,184.8,Zakład Wodociągowy Gminny (fikc.),publiczna,K2,61.5,43523,genset,3.7,3.0,1,15.3,1,1,2023-06-06,4,0,2,0,0,38.83
IK-06-01364,oczyszczalnia ścieków dolnośląskie-północny-30-06-01364,IK06,water,oczyszczalnia ścieków,0230006,0230,02,50.81744,17.58778,175.7,Zakład Wodociągowy Gminny (fikc.),publiczna,K2,60.1,164725,genset,4.5,3.8,0,34.8,1,0,2023-10-10,3,0,1,1,0,63.1
IK-07-01365,szpital wielospecjalistyczny małopolskie-miejski-17-01-01365,IK07,health,szpital wielospecjalistyczny,1217001,1217,12,50.12077,19.74756,164.5,Samodzielny Publiczny ZOZ (fikc.),prywatna,K1,99.0,274711,none,0.0,0.0,0,29.0,1,1,2024-07-12,7,0,2,0,1,74.6
IK-07-01366,szpital wielospecjalistyczny zachodniopomorskie-zachodni-21-06-01366,IK07,health,szpital wielospecjalistyczny,3221006,3221,32,53.58431,15.02714,155.6,Samodzielny Publiczny ZOZ (fikc.),publiczna,K1,99.0,341968,genset,59.8,54.4,0,15.8,1,0,2025-05-17,5,0,1,1,0,67.14
IK-07-01367,szpital wielospecjalistyczny dolnośląskie-miejski-23-03-01367,IK07,health,szpital wielospecjalistyczny,0223003,0223,02,51.25982,16.91925,147.2,Szpital Wojewódzki (fikc.),publiczna,K1,84.5,189924,genset,52.0,39.4,1,32.2,1,1,2023-07-31,5,0,1,1,0,62.970000000000006
IK-07-01368,szpital wielospecjalistyczny małopolskie-północny-18-07-01368,IK07,health,szpital wielospecjalistyczny,1218007,1218,12,50.12722,20.47276,173.9,Samodzielny Publiczny ZOZ (fikc.),prywatna,K1,99.0,280788,genset,23.7,21.1,0,17.8,1,1,2026-04-07,5,0,1,1,0,74.66000000000001
IK-07-01369,szpital wielospecjalistyczny opolskie-zachodni-03-05-01369,IK07,health,szpital wielospecjalistyczny,1603005,1603,16,51.24893,17.41064,220.7,Sieć Medyczna Vita (fikc.),prywatna,K1,92.4,253685,genset,40.6,34.0,1,17.9,1,1,2023-07-01,6,0,1,1,0,68.5
IK-07-01370,szpital wielospecjalistyczny warmińsko-mazurskie-miejski-05-04-01370,IK07,health,szpital wielospecjalistyczny,2805004,2805,28,53.33249,19.83064,4.0,Sieć Medyczna Vita (fikc.),publiczna,K1,96.5,132081,genset,35.0,29.4,0,23.7,0,1,2024-02-05,5,0,1,1,0,71.31
IK-07-01371,szpital wielospecjalistyczny dolnośląskie-północny-24-04-01371,IK07,health,szpital wielospecjalistyczny,0224004,0224,02,51.49639,16.83455,200.8,Samodzielny Publiczny ZOZ (fikc.),publiczna,K2,67.8,145053,genset,47.6,44.3,1,30.3,1,1,2024-05-01,5,0,1,1,0,57.199999999999996
IK-07-01372,szpital wielospecjalistyczny opolskie-zachodni-09-01-01372,IK07,health,szpital wielospecjalistyczny,1609001,1609,16,50.83494,19.09069,415.8,Sieć Medyczna Vita (fikc.),publiczna,K1,96.2,241927,none,0.0,0.0,1,28.8,1,1,2026-08-03,4,0,1,1,1,98.48
IK-07-01373,szpital wielospecjalistyczny podkarpackie-centralny-04-06-01373,IK07,health,szpital wielospecjalistyczny,1804006,1804,18,50.07947,21.13588,121.3,Samodzielny Publiczny ZOZ (fikc.),prywatna,K1,87.3,61534,genset,48.4,43.6,0,36.7,1,1,2025-03-15,6,0,1,1,0,64.84
IK-07-01374,szpital wielospecjalistyczny dolnośląskie-zachodni-03-05-01374,IK07,health,szpital wielospecjalistyczny,0203005,0203,02,50.44262,16.06519,167.4,Samodzielny Publiczny ZOZ (fikc.),prywatna,K1,86.9,306936,genset,53.3,40.4,0,38.0,0,1,2025-04-05,4,0,1,1,0,63.660000000000004
IK-07-01375,szpital wielospecjalistyczny dolnośląskie-zachodni-21-07-01375,IK07,health,szpital wielospecjalistyczny,0221007,0221,02,51.24211,16.9807,247.3,Sieć Medyczna Vita (fikc.),publiczna,K1,99.0,124916,genset,57.7,55.2,0,45.4,1,1,2025-05-30,5,0,1,1,0,67.58
IK-07-01376,szpital wielospecjalistyczny podkarpackie-południowy-19-01-01376,IK07,health,szpital wielospecjalistyczny,1819001,1819,18,50.14895,22.8468,222.1,Samodzielny Publiczny ZOZ (fikc.),prywatna,K1,89.2,225599,genset,48.0,44.5,0,28.0,1,1,2026-02-01,4,0,1,1,0,65.68
IK-07-01377,szpital wielospecjalistyczny opolskie-centralny-10-01-01377,IK07,health,szpital wielospecjalistyczny,1610001,1610,16,50.6683,16.90853,192.5,Samodzielny Publiczny ZOZ (fikc.),publiczna,K1,91.9,148846,genset,72.8,58.7,1,28.3,1,1,2025-06-24,7,0,2,0,0,36.76
IK-07-01378,szpital wielospecjalistyczny dolnośląskie-wschodni-02-03-01378,IK07,health,szpital wielospecjalistyczny,0202003,0202,02,51.26534,17.50081,129.4,Sieć Medyczna Vita (fikc.),publiczna,K2,72.6,131294,genset,65.1,59.9,0,16.7,0,1,2023-09-16,7,0,2,0,0,30.48
IK-07-01379,szpital wielospecjalistyczny świętokrzyskie-północny-06-05-01379,IK07,health,szpital wielospecjalistyczny,2606005,2606,26,50.97675,21.40063,243.1,Samodzielny Publiczny ZOZ (fikc.),publiczna,K1,98.5,148444,genset,61.4,61.2,0,33.3,1,1,2023-10-02,7,0,2,0,0,41.61
IK-07-01380,szpital wielospecjalistyczny pomorskie-wschodni-20-02-01380,IK07,health,szpital wielospecjalistyczny,2220002,2220,22,53.536,18.6417,217.3,Szpital Wojewódzki (fikc.),publiczna,K2,63.0,350979,genset,67.5,49.6,0,30.2,1,1,2026-08-19,5,0,2,0,0,26.14
IK-07-01381,szpital wielospecjalistyczny dolnośląskie-centralny-22-01-01381,IK07,health,szpital wielospecjalistyczny,0222001,0222,02,50.86628,17.02014,261.5,Samodzielny Publiczny ZOZ (fikc.),publiczna,K1,96.0,183294,genset,50.6,44.6,1,31.9,1,1,2023-11-19,6,0,1,1,0,67.86
IK-07-01382,szpital wielospecjalistyczny zachodniopomorskie-miejski-11-02-01382,IK07,health,szpital wielospecjalistyczny,3211002,3211,32,52.62819,13.41693,215.7,Szpital Wojewódzki (fikc.),publiczna,K2,73.4,280668,genset,56.3,45.6,0,32.1,1,1,2023-12-01,4,0,1,1,0,57.63
IK-07-01383,szpital wielospecjalistyczny świętokrzyskie-wschodni-02-03-01383,IK07,health,szpital wielospecjalistyczny,2602003,2602,26,49.779,20.16693,230.8,Sieć Medyczna Vita (fikc.),publiczna,K1,94.0,84170,genset,13.0,11.7,0,30.3,1,1,2023-03-01,4,0,1,1,0,74.89
IK-07-01384,szpital wielospecjalistyczny opolskie-południowy-01-01-01384,IK07,health,szpital wielospecjalistyczny,1601001,1601,16,50.2238,18.00884,121.6,Szpital Wojewódzki (fikc.),prywatna,K1,98.0,267567,genset,63.8,54.8,1,29.9,1,1,2025-03-09,5,0,1,1,0,65.91
IK-07-01385,szpital wielospecjalistyczny opolskie-zachodni-09-06-01385,IK07,health,szpital wielospecjalistyczny,1609006,1609,16,50.86551,19.36765,176.7,Samodzielny Publiczny ZOZ (fikc.),publiczna,K1,95.5,327461,genset,52.7,39.5,1,39.3,1,1,2024-07-03,5,0,2,0,0,42.22
IK-07-01386,szpital wielospecjalistyczny śląskie-zachodni-15-02-01386,IK07,health,szpital wielospecjalistyczny,2415002,2415,24,49.64519,19.37906,182.6,Sieć Medyczna Vita (fikc.),publiczna,K1,82.2,75750,genset,66.4,59.8,0,29.1,1,1,2024-04-18,5,0,1,1,0,59.050000000000004
IK-07-01387,szpital wielospecjalistyczny dolnośląskie-północny-12-01-01387,IK07,health,szpital wielospecjalistyczny,0212001,0212,02,51.74345,16.99275,185.2,Szpital Wojewódzki (fikc.),prywatna,K1,99.0,229537,genset,46.9,46.8,1,25.3,0,1,2025-01-20,6,0,2,0,0,44.83
IK-07-01388,szpital wielospecjalistyczny kujawsko-pomorskie-centralny-04-03-01388,IK07,health,szpital wielospecjalistyczny,0404003,0404,04,53.02329,18.06997,91.8,Szpital Wojewódzki (fikc.),publiczna,K1,99.0,186267,genset,63.7,50.6,0,41.1,1,1,2025-05-01,5,0,2,0,0,41.33
IK-07-01389,szpital wielospecjalistyczny opolskie-centralny-10-06-01389,IK07,health,szpital wielospecjalistyczny,1610006,1610,16,50.63049,16.94058,268.3,Szpital Wojewódzki (fikc.),publiczna,K1,85.3,144945,genset,50.4,49.4,0,39.3,1,0,2023-07-29,6,0,1,1,0,63.62
IK-07-01390,szpital wielospecjalistyczny lubelskie-miejski-17-06-01390,IK07,health,szpital wielospecjalistyczny,0617006,0617,06,52.00965,24.28492,209.9,Szpital Wojewódzki (fikc.),publiczna,K1,99.0,403369,genset,45.0,41.6,0,20.2,1,1,2024-02-16,4,0,1,1,0,70.22
IK-07-01391,szpital wielospecjalistyczny mazowieckie-południowy-13-07-01391,IK07,health,szpital wielospecjalistyczny,1413007,1413,14,51.34455,20.84325,99.1,Sieć Medyczna Vita (fikc.),publiczna,K1,93.0,160126,genset,60.7,53.6,0,37.1,1,0,2024-09-11,5,0,2,0,0,39.550000000000004
IK-07-01392,szpital wielospecjalistyczny dolnośląskie-wschodni-02-04-01392,IK07,health,szpital wielospecjalistyczny,0202004,0202,02,51.21861,17.44885,233.9,Szpital Wojewódzki (fikc.),publiczna,K1,99.0,59252,genset,34.0,29.8,1,19.5,1,1,2025-06-13,4,0,1,1,0,72.52
IK-07-01393,szpital wielospecjalistyczny dolnośląskie-południowy-25-02-01393,IK07,health,szpital wielospecjalistyczny,0225002,0225,02,51.44719,16.9881,140.3,Samodzielny Publiczny ZOZ (fikc.),publiczna,K1,99.0,108362,genset,33.2,30.4,0,42.4,1,1,2023-08-22,5,0,2,0,0,47.68
IK-07-01394,szpital wielospecjalistyczny opolskie-północny-06-04-01394,IK07,health,szpital wielospecjalistyczny,1606004,1606,16,50.80207,18.16576,203.5,Sieć Medyczna Vita (fikc.),publiczna,K1,99.0,151591,genset,41.4,30.8,1,33.1,0,1,2023-09-11,6,0,2,0,0,45.98
IK-07-01395,szpital wielospecjalistyczny świętokrzyskie-zachodni-03-02-01395,IK07,health,szpital wielospecjalistyczny,2603002,2603,26,50.90813,19.76256,107.7,Sieć Medyczna Vita (fikc.),publiczna,K1,99.0,615881,genset,24.1,22.7,0,9.3,1,1,2024-09-27,4,0,1,1,0,74.58
IK-07-01396,szpital wielospecjalistyczny dolnośląskie-wschodni-26-02-01396,IK07,health,szpital wielospecjalistyczny,0226002,0226,02,51.25187,17.35395,186.6,Szpital Wojewódzki (fikc.),prywatna,K1,99.0,98504,genset,64.1,51.9,0,26.7,1,1,2025-02-14,6,0,1,1,0,66.25
IK-07-01397,szpital wielospecjalistyczny zachodniopomorskie-wschodni-02-05-01397,IK07,health,szpital wielospecjalistyczny,3202005,3202,32,53.46544,15.42224,167.1,Sieć Medyczna Vita (fikc.),prywatna,K1,99.0,169988,genset,51.0,35.8,0,8.9,1,1,2023-09-22,5,0,2,0,0,43.980000000000004
IK-07-01398,szpital wielospecjalistyczny wielkopolskie-wschodni-32-03-01398,IK07,health,szpital wielospecjalistyczny,3032003,3032,30,52.1583,17.11141,112.4,Samodzielny Publiczny ZOZ (fikc.),publiczna,K1,84.0,107294,genset,65.1,50.5,0,15.9,1,1,2025-09-19,4,0,1,1,0,60.040000000000006
IK-07-01399,szpital wielospecjalistyczny dolnośląskie-północny-06-01-01399,IK07,health,szpital wielospecjalistyczny,0206001,0206,02,51.2264,17.26443,263.3,Samodzielny Publiczny ZOZ (fikc.),publiczna,K1,95.7,132474,none,0.0,0.0,1,20.4,1,0,2023-08-02,4,0,1,1,1,98.28
IK-07-01400,szpital wielospecjalistyczny mazowieckie-wschodni-02-06-01400,IK07,health,szpital wielospecjalistyczny,1402006,1402,14,51.68454,20.78175,41.6,Sieć Medyczna Vita (fikc.),prywatna,K1,83.9,174513,genset,45.8,41.1,0,22.2,1,1,2025-07-05,4,0,1,1,0,64.02
IK-07-01401,szpital wielospecjalistyczny dolnośląskie-centralny-22-05-01401,IK07,health,szpital wielospecjalistyczny,0222005,0222,02,50.46651,16.81773,172.5,Samodzielny Publiczny ZOZ (fikc.),publiczna,K1,88.6,440628,genset,22.1,20.2,1,33.6,1,1,2024-05-28,5,0,1,1,0,70.84
IK-07-01402,szpital wielospecjalistyczny zachodniopomorskie-zachodni-09-02-01402,IK07,health,szpital wielospecjalistyczny,3209002,3209,32,53.32122,15.02314,75.7,Samodzielny Publiczny ZOZ (fikc.),publiczna,K1,99.0,241801,none,0.0,0.0,0,39.3,1,1,2025-08-03,6,0,2,0,1,74.6
IK-07-01403,szpital wielospecjalistyczny podlaskie-miejski-11-04-01403,IK07,health,szpital wielospecjalistyczny,2011004,2011,20,54.0672,24.22528,164.7,Sieć Medyczna Vita (fikc.),publiczna,K1,91.8,361846,genset,48.7,38.9,0,13.9,1,0,2023-03-16,4,0,1,1,0,66.57
IK-07-01404,szpital wielospecjalistyczny wielkopolskie-południowy-01-05-01404,IK07,health,szpital wielospecjalistyczny,3001005,3001,30,52.41369,16.61012,98.7,Samodzielny Publiczny ZOZ (fikc.),publiczna,K1,89.6,73690,genset,24.3,18.6,0,18.8,1,1,2026-05-12,5,0,1,1,0,70.78
IK-07-01405,szpital wielospecjalistyczny dolnośląskie-południowy-13-03-01405,IK07,health,szpital wielospecjalistyczny,0213003,0213,02,51.01715,16.8061,228.1,Samodzielny Publiczny ZOZ (fikc.),publiczna,K1,89.5,193753,genset,34.7,24.8,1,18.9,1,1,2026-06-14,5,0,2,0,0,43.57
IK-07-01406,szpital wielospecjalistyczny pomorskie-miejski-17-05-01406,IK07,health,szpital wielospecjalistyczny,2217005,2217,22,53.78017,18.04722,145.7,Sieć Medyczna Vita (fikc.),prywatna,K2,76.9,137691,genset,63.5,46.0,0,30.7,1,1,2025-01-09,5,0,2,0,0,32.53
IK-07-01407,szpital wielospecjalistyczny kujawsko-pomorskie-zachodni-15-06-01407,IK07,health,szpital wielospecjalistyczny,0415006,0415,04,53.0008,18.73461,82.1,Samodzielny Publiczny ZOZ (fikc.),publiczna,K1,99.0,445974,genset,70.8,68.5,0,39.5,0,0,2023-11-03,5,0,2,0,0,39.85
IK-07-01408,szpital wielospecjalistyczny dolnośląskie-wschodni-08-06-01408,IK07,health,szpital wielospecjalistyczny,0208006,0208,02,51.19494,16.42281,102.5,Sieć Medyczna Vita (fikc.),publiczna,K1,88.4,156994,genset,33.6,28.9,0,24.5,1,1,2024-11-12,6,0,2,0,0,43.36
IK-07-01409,szpital wielospecjalistyczny wielkopolskie-miejski-29-06-01409,IK07,health,szpital wielospecjalistyczny,3029006,3029,30,52.72813,16.34604,101.4,Sieć Medyczna Vita (fikc.),publiczna,K1,84.6,212198,genset,70.8,69.3,0,22.6,1,1,2024-01-12,6,0,2,0,0,34.089999999999996
IK-07-01410,szpital wielospecjalistyczny łódzkie-centralny-22-02-01410,IK07,health,szpital wielospecjalistyczny,1022002,1022,10,51.78361,19.38856,90.3,Samodzielny Publiczny ZOZ (fikc.),publiczna,K1,88.4,165436,genset,46.9,42.8,0,8.8,1,1,2024-01-22,5,0,1,1,0,65.59
IK-07-01411,szpital wielospecjalistyczny lubelskie-wschodni-02-03-01411,IK07,health,szpital wielospecjalistyczny,0602003,0602,06,51.68924,21.89046,87.1,Sieć Medyczna Vita (fikc.),publiczna,K1,95.2,367956,genset,42.2,42.0,0,20.5,1,1,2025-05-11,5,0,1,1,0,69.28999999999999
IK-07-01412,szpital wielospecjalistyczny łódzkie-północny-18-07-01412,IK07,health,szpital wielospecjalistyczny,1018007,1018,10,52.06116,20.42452,98.6,Sieć Medyczna Vita (fikc.),prywatna,K1,99.0,182786,genset,24.9,24.8,0,48.2,1,1,2024-04-22,4,0,1,1,0,74.41
IK-07-01413,szpital wielospecjalistyczny dolnośląskie-północny-18-02-01413,IK07,health,szpital wielospecjalistyczny,0218002,0218,02,51.28001,17.41313,291.8,Sieć Medyczna Vita (fikc.),publiczna,K1,99.0,354495,genset,77.7,56.0,0,33.4,1,0,2023-05-25,7,0,2,0,0,39.6
IK-07-01414,szpital wielospecjalistyczny opolskie-południowy-01-06-01414,IK07,health,szpital wielospecjalistyczny,1601006,1601,16,50.3499,17.56847,134.8,Samodzielny Publiczny ZOZ (fikc.),publiczna,K1,92.6,154124,genset,31.9,26.0,1,33.4,1,1,2025-08-01,5,0,1,1,0,70.39
IK-07-01415,szpital wielospecjalistyczny dolnośląskie-wschodni-26-05-01415,IK07,health,szpital wielospecjalistyczny,0226005,0226,02,51.02651,17.12429,214.3,Sieć Medyczna Vita (fikc.),publiczna,K1,90.7,99465,genset,63.1,52.8,0,23.7,1,1,2025-07-02,4,0,1,1,0,63.129999999999995
IK-07-01416,szpital wielospecjalistyczny opolskie-zachodni-03-03-01416,IK07,health,szpital wielospecjalistyczny,1603003,1603,16,51.13172,17.42863,191.8,Samodzielny Publiczny ZOZ (fikc.),prywatna,K1,81.2,197059,genset,57.4,42.1,0,21.7,1,1,2024-08-15,5,0,1,1,0,60.519999999999996
IK-07-01417,szpital wielospecjalistyczny małopolskie-wschodni-02-06-01417,IK07,health,szpital wielospecjalistyczny,1202006,1202,12,50.35098,20.36543,4.0,Szpital Wojewódzki (fikc.),prywatna,K1,94.8,174076,genset,78.5,57.9,0,34.4,1,1,2025-07-11,7,0,2,0,0,37.92
IK-07-01418,szpital wielospecjalistyczny opolskie-wschodni-02-06-01418,IK07,health,szpital wielospecjalistyczny,1602006,1602,16,50.66028,18.21483,327.1,Szpital Wojewódzki (fikc.),prywatna,K1,89.3,244690,genset,48.1,40.1,1,26.8,1,0,2026-02-03,5,0,1,1,0,65.7
IK-07-01419,szpital wielospecjalistyczny małopolskie-centralny-22-05-01419,IK07,health,szpital wielospecjalistyczny,1222005,1222,12,50.18963,21.23115,159.0,Samodzielny Publiczny ZOZ (fikc.),publiczna,K1,99.0,172551,genset,36.4,28.1,0,37.5,1,1,2023-09-20,6,0,2,0,0,47.02
IK-07-01420,szpital wielospecjalistyczny lubuskie-zachodni-03-01-01420,IK07,health,szpital wielospecjalistyczny,0803001,0803,08,51.78937,14.77542,213.1,Szpital Wojewódzki (fikc.),prywatna,K1,97.0,442031,genset,70.6,68.9,0,22.5,1,0,2025-01-31,4,0,1,1,0,64.09
IK-07-01421,szpital wielospecjalistyczny opolskie-wschodni-02-02-01421,IK07,health,szpital wielospecjalistyczny,1602002,1602,16,50.67602,18.12089,181.6,Samodzielny Publiczny ZOZ (fikc.),publiczna,K1,96.4,212694,genset,39.8,39.0,0,7.5,1,1,2024-11-17,4,0,1,1,0,70.27
IK-07-01422,szpital wielospecjalistyczny opolskie-wschodni-08-06-01422,IK07,health,szpital wielospecjalistyczny,1608006,1608,16,50.94354,18.276,221.5,Szpital Wojewódzki (fikc.),prywatna,K2,79.3,209315,genset,85.5,76.3,1,32.0,1,0,2023-08-13,4,0,1,1,0,56.720000000000006
IK-07-01423,szpital wielospecjalistyczny świętokrzyskie-południowy-07-06-01423,IK07,health,szpital wielospecjalistyczny,2607006,2607,26,50.38285,20.85596,90.7,Samodzielny Publiczny ZOZ (fikc.),publiczna,K1,87.4,68537,genset,33.3,27.7,0,19.4,1,1,2025-04-15,5,0,1,1,0,68.02
IK-07-01424,szpital wielospecjalistyczny opolskie-miejski-11-04-01424,IK07,health,szpital wielospecjalistyczny,1611004,1611,16,51.26929,17.46816,180.8,Sieć Medyczna Vita (fikc.),publiczna,K1,99.0,220852,genset,58.4,52.0,0,27.8,1,1,2025-11-10,6,0,1,1,0,67.43
IK-07-01425,szpital wielospecjalistyczny łódzkie-północny-12-06-01425,IK07,health,szpital wielospecjalistyczny,1012006,1012,10,50.96265,19.69175,246.2,Samodzielny Publiczny ZOZ (fikc.),prywatna,K1,84.5,172103,genset,17.5,16.1,0,13.5,1,1,2023-11-17,4,0,1,1,0,70.15
IK-07-01426,szpital wielospecjalistyczny kujawsko-pomorskie-centralny-22-05-01426,IK07,health,szpital wielospecjalistyczny,0422005,0422,04,52.70228,18.5514,95.5,Samodzielny Publiczny ZOZ (fikc.),publiczna,K1,99.0,553160,genset,88.4,88.1,0,21.5,0,1,2025-01-09,4,0,1,1,0,64.60000000000001
IK-07-01427,szpital powiatowy pomorskie-wschodni-02-03-01427,IK07,health,szpital powiatowy,2202003,2202,22,54.87213,18.02011,155.9,Samodzielny Publiczny ZOZ (fikc.),publiczna,K1,88.6,98905,genset,25.4,19.5,0,35.7,1,1,2023-03-30,6,0,2,0,0,45.15
IK-07-01428,szpital powiatowy opolskie-północny-06-01-01428,IK07,health,szpital powiatowy,1606001,1606,16,50.79419,18.20139,228.7,Samodzielny Publiczny ZOZ (fikc.),prywatna,K2,61.2,82999,genset,24.6,21.2,0,33.4,1,1,2023-09-28,6,0,2,0,0,34.36
IK-07-01429,szpital powiatowy dolnośląskie-centralny-28-05-01429,IK07,health,szpital powiatowy,0228005,0228,02,50.81278,16.67676,23.4,Szpital Wojewódzki (fikc.),publiczna,K1,81.6,20578,genset,20.5,15.6,0,32.7,1,1,2026-03-04,4,0,1,1,0,68.37
IK-07-01430,szpital powiatowy małopolskie-wschodni-14-04-01430,IK07,health,szpital powiatowy,1214004,1214,12,50.246,19.81571,157.2,Sieć Medyczna Vita (fikc.),publiczna,K3,40.6,51817,genset,15.2,12.2,0,37.6,0,1,2023-10-15,6,0,2,0,0,28.07
IK-07-01431,szpital powiatowy małopolskie-miejski-17-01-01431,IK07,health,szpital powiatowy,1217001,1217,12,50.09599,19.75722,200.8,Samodzielny Publiczny ZOZ (fikc.),publiczna,K2,74.6,155946,genset,21.0,16.9,0,42.3,1,0,2024-02-08,4,0,1,1,0,65.46
IK-07-01432,szpital powiatowy kujawsko-pomorskie-miejski-05-07-01432,IK07,health,szpital powiatowy,0405007,0405,04,53.20403,18.32839,118.7,Samodzielny Publiczny ZOZ (fikc.),publiczna,K2,74.6,65685,genset,21.0,16.7,0,40.6,1,0,2024-12-02,5,0,1,1,0,65.46
IK-07-01433,szpital powiatowy świętokrzyskie-centralny-04-03-01433,IK07,health,szpital powiatowy,2604003,2604,26,51.4375,21.71939,159.9,Samodzielny Publiczny ZOZ (fikc.),publiczna,K3,50.3,47270,genset,24.9,24.2,0,29.7,1,0,2023-10-25,5,0,2,0,0,29.93
IK-07-01434,szpital powiatowy zachodniopomorskie-wschodni-02-05-01434,IK07,health,szpital powiatowy,3202005,3202,32,53.47816,15.53574,244.3,Samodzielny Publiczny ZOZ (fikc.),publiczna,K2,74.7,27035,genset,26.5,22.7,0,28.5,1,0,2023-09-14,4,0,1,1,0,64.36
IK-07-01435,szpital powiatowy dolnośląskie-południowy-07-04-01435,IK07,health,szpital powiatowy,0207004,0207,02,51.07836,17.34942,166.6,Samodzielny Publiczny ZOZ (fikc.),prywatna,K2,69.2,43128,genset,6.4,4.5,0,20.8,1,0,2025-07-24,5,0,1,1,0,66.35
IK-07-01436,szpital powiatowy podlaskie-zachodni-09-06-01436,IK07,health,szpital powiatowy,2009006,2009,20,53.69391,23.41618,110.0,Sieć Medyczna Vita (fikc.),publiczna,K2,63.5,34533,genset,13.6,10.8,0,23.3,0,1,2025-03-07,5,0,1,1,0,62.57
IK-07-01437,szpital powiatowy zachodniopomorskie-zachodni-15-05-01437,IK07,health,szpital powiatowy,3215005,3215,32,54.19502,15.28929,147.8,Samodzielny Publiczny ZOZ (fikc.),publiczna,K2,75.6,110314,genset,11.6,9.2,0,30.1,1,1,2025-12-09,5,0,2,0,0,42.82
IK-07-01438,szpital powiatowy dolnośląskie-wschodni-08-04-01438,IK07,health,szpital powiatowy,0208004,0208,02,51.40513,16.74213,160.8,Samodzielny Publiczny ZOZ (fikc.),publiczna,K3,56.4,30364,genset,14.5,11.6,0,6.6,1,1,2024-02-24,7,0,2,0,0,34.54
IK-07-01439,szpital powiatowy podkarpackie-centralny-22-02-01439,IK07,health,szpital powiatowy,1822002,1822,18,49.70933,21.76456,50.4,Szpital Wojewódzki (fikc.),prywatna,K2,70.1,176026,none,0.0,0.0,0,39.4,0,1,2025-02-01,5,0,2,0,1,63.04
IK-07-01440,szpital powiatowy opolskie-wschodni-08-04-01440,IK07,health,szpital powiatowy,1608004,1608,16,51.08548,18.58186,274.6,Samodzielny Publiczny ZOZ (fikc.),prywatna,K2,68.1,33455,genset,26.9,23.0,0,26.5,0,1,2024-01-15,4,0,1,1,0,61.63999999999999
IK-07-01441,szpital powiatowy małopolskie-wschodni-02-03-01441,IK07,health,szpital powiatowy,1202003,1202,12,50.34329,20.71315,228.5,Sieć Medyczna Vita (fikc.),publiczna,K2,74.1,62621,genset,12.8,10.8,0,33.9,1,0,2024-11-24,5,0,2,0,0,41.97
IK-07-01442,szpital powiatowy małopolskie-południowy-19-02-01442,IK07,health,szpital powiatowy,1219002,1219,12,50.20922,20.20151,144.0,Sieć Medyczna Vita (fikc.),publiczna,K3,46.6,122880,none,0.0,0.0,0,27.4,0,0,2025-09-18,4,0,1,1,1,78.64
IK-07-01443,szpital powiatowy lubelskie-miejski-23-07-01443,IK07,health,szpital powiatowy,0623007,0623,06,50.98016,21.53658,65.8,Szpital Wojewódzki (fikc.),publiczna,K2,79.9,91608,genset,19.1,13.8,0,16.7,1,1,2023-07-23,4,0,1,1,0,67.97999999999999
IK-07-01444,szpital powiatowy śląskie-północny-18-06-01444,IK07,health,szpital powiatowy,2418006,2418,24,49.77866,18.24205,241.1,Samodzielny Publiczny ZOZ (fikc.),publiczna,K2,59.5,60808,genset,29.3,25.3,0,40.1,1,0,2023-04-12,5,0,2,0,0,32.7
IK-07-01445,szpital powiatowy opolskie-centralny-04-04-01445,IK07,health,szpital powiatowy,1604004,1604,16,50.68597,18.58924,226.6,Samodzielny Publiczny ZOZ (fikc.),publiczna,K2,75.8,41561,genset,30.2,24.9,1,19.4,1,1,2023-05-05,5,0,1,1,0,64.03
IK-07-01446,szpital powiatowy lubuskie-północny-12-03-01446,IK07,health,szpital powiatowy,0812003,0812,08,52.69214,15.68533,253.4,Szpital Wojewódzki (fikc.),publiczna,K1,81.2,56353,none,0.0,0.0,0,28.2,1,0,2025-04-17,5,0,1,1,1,92.47999999999999
IK-07-01447,szpital powiatowy opolskie-zachodni-09-04-01447,IK07,health,szpital powiatowy,1609004,1609,16,50.88922,19.46317,236.1,Sieć Medyczna Vita (fikc.),prywatna,K2,61.3,83086,genset,21.6,16.1,0,22.3,1,1,2025-01-29,4,0,1,1,0,60.019999999999996
IK-07-01448,szpital powiatowy mazowieckie-zachodni-21-02-01448,IK07,health,szpital powiatowy,1421002,1421,14,52.61217,20.74869,187.4,Samodzielny Publiczny ZOZ (fikc.),publiczna,K2,70.7,196132,genset,16.9,14.9,0,34.3,1,1,2024-11-15,5,0,1,1,0,64.75999999999999
IK-07-01449,szpital powiatowy mazowieckie-zachodni-09-02-01449,IK07,health,szpital powiatowy,1409002,1409,14,52.19525,21.13966,251.2,Samodzielny Publiczny ZOZ (fikc.),publiczna,K2,63.3,56795,genset,19.2,16.4,0,21.2,1,0,2025-01-28,4,0,1,1,0,61.31999999999999
IK-07-01450,szpital powiatowy opolskie-zachodni-09-05-01450,IK07,health,szpital powiatowy,1609005,1609,16,50.99442,19.07239,378.9,Szpital Wojewódzki (fikc.),prywatna,K2,60.3,64296,genset,30.5,22.5,1,17.8,1,0,2026-06-26,5,0,1,1,0,57.769999999999996
IK-07-01451,szpital powiatowy dolnośląskie-południowy-07-04-01451,IK07,health,szpital powiatowy,0207004,0207,02,51.00717,17.34078,28.7,Samodzielny Publiczny ZOZ (fikc.),publiczna,K2,61.3,20803,genset,30.8,24.6,1,10.8,1,1,2024-01-13,5,0,1,1,0,58.099999999999994
IK-07-01452,szpital powiatowy opolskie-południowy-01-06-01452,IK07,health,szpital powiatowy,1601006,1601,16,50.45204,17.6552,127.9,Samodzielny Publiczny ZOZ (fikc.),publiczna,K1,92.7,90405,genset,37.0,28.1,1,19.5,1,1,2025-03-22,5,0,1,1,0,69.37
IK-07-01453,szpital powiatowy dolnośląskie-północny-24-05-01453,IK07,health,szpital powiatowy,0224005,0224,02,51.55399,16.95018,259.0,Szpital Wojewódzki (fikc.),publiczna,K1,89.5,38001,genset,25.6,25.2,1,25.1,1,1,2023-07-06,5,0,1,1,0,70.47
IK-07-01454,szpital powiatowy podlaskie-miejski-05-03-01454,IK07,health,szpital powiatowy,2005003,2005,20,52.8341,23.41661,109.9,Szpital Wojewódzki (fikc.),publiczna,K2,66.1,28910,genset,22.3,20.3,0,23.4,0,0,2024-12-22,6,0,2,0,0,36.79
IK-07-01455,szpital powiatowy podkarpackie-wschodni-14-02-01455,IK07,health,szpital powiatowy,1814002,1814,18,49.24272,21.45401,149.2,Sieć Medyczna Vita (fikc.),publiczna,K2,64.0,45525,genset,23.2,20.9,0,23.3,1,0,2024-12-06,6,0,2,0,0,35.77
IK-07-01456,szpital powiatowy dolnośląskie-północny-30-04-01456,IK07,health,szpital powiatowy,0230004,0230,02,50.95651,17.65047,232.0,Szpital Wojewódzki (fikc.),publiczna,K2,59.2,143962,genset,33.6,29.4,0,26.1,1,1,2025-03-16,7,0,2,0,0,31.680000000000003
IK-07-01457,szpital powiatowy opolskie-południowy-01-06-01457,IK07,health,szpital powiatowy,1601006,1601,16,50.4034,17.75236,88.5,Samodzielny Publiczny ZOZ (fikc.),prywatna,K1,83.9,104205,genset,42.4,35.3,1,12.2,1,0,2023-06-05,4,0,1,1,0,64.73
IK-07-01458,szpital powiatowy opolskie-południowy-01-07-01458,IK07,health,szpital powiatowy,1601007,1601,16,50.19984,17.95847,189.8,Sieć Medyczna Vita (fikc.),prywatna,K2,68.0,84124,genset,26.8,26.0,1,31.6,1,0,2024-02-20,5,0,2,0,0,36.620000000000005
IK-07-01459,szpital powiatowy dolnośląskie-południowy-07-04-01459,IK07,health,szpital powiatowy,0207004,0207,02,51.02026,17.39165,238.9,Samodzielny Publiczny ZOZ (fikc.),publiczna,K2,63.0,40011,none,0.0,0.0,1,25.7,1,0,2025-05-22,5,0,2,0,1,60.199999999999996
IK-07-01460,szpital powiatowy dolnośląskie-północny-18-06-01460,IK07,health,szpital powiatowy,0218006,0218,02,51.5846,17.42136,169.1,Sieć Medyczna Vita (fikc.),publiczna,K2,59.0,29333,genset,24.6,21.1,1,18.4,1,0,2024-06-02,6,0,2,0,0,33.48
IK-07-01461,szpital powiatowy lubuskie-wschodni-02-03-01461,IK07,health,szpital powiatowy,0802003,0802,08,52.05253,16.20817,154.4,Samodzielny Publiczny ZOZ (fikc.),publiczna,K1,80.4,58416,genset,35.8,30.3,0,22.2,1,1,2025-04-27,4,0,1,1,0,64.7
IK-07-01462,szpital powiatowy wielkopolskie-wschodni-26-02-01462,IK07,health,szpital powiatowy,3026002,3026,30,52.13056,16.77607,230.8,Sieć Medyczna Vita (fikc.),publiczna,K1,83.3,46275,genset,22.6,22.1,0,31.9,1,1,2024-10-14,4,0,1,1,0,68.61
IK-07-01463,szpital powiatowy dolnośląskie-północny-12-07-01463,IK07,health,szpital powiatowy,0212007,0212,02,51.42889,17.12233,71.9,Szpital Wojewódzki (fikc.),publiczna,K2,73.3,79107,genset,34.3,24.7,0,25.8,1,1,2026-05-26,5,0,1,1,0,62.17
IK-07-01464,szpital powiatowy mazowieckie-północny-24-06-01464,IK07,health,szpital powiatowy,1424006,1424,14,52.74722,20.92555,157.1,Samodzielny Publiczny ZOZ (fikc.),publiczna,K2,66.5,66613,genset,9.9,7.4,0,28.4,1,1,2023-10-10,4,0,1,1,0,64.53999999999999
IK-07-01465,szpital powiatowy lubuskie-północny-06-07-01465,IK07,health,szpital powiatowy,0806007,0806,08,52.57264,15.17888,134.5,Samodzielny Publiczny ZOZ (fikc.),prywatna,K2,68.3,45086,genset,29.3,21.0,0,28.2,1,1,2026-03-09,6,0,2,0,0,36.22
IK-07-01466,szpital powiatowy dolnośląskie-centralny-04-05-01466,IK07,health,szpital powiatowy,0204005,0204,02,51.07073,17.01528,164.1,Samodzielny Publiczny ZOZ (fikc.),publiczna,K3,57.8,51674,genset,20.3,15.2,1,44.6,0,0,2023-04-04,4,0,1,1,0,58.89
IK-07-01467,szpital powiatowy dolnośląskie-zachodni-27-07-01467,IK07,health,szpital powiatowy,0227007,0227,02,50.69057,16.79482,108.1,Szpital Wojewódzki (fikc.),publiczna,K2,70.6,171977,genset,22.5,15.8,1,30.1,1,1,2025-04-14,6,0,2,0,0,38.550000000000004
IK-07-01468,szpital powiatowy mazowieckie-centralny-28-04-01468,IK07,health,szpital powiatowy,1428004,1428,14,51.6847,20.98955,192.6,Samodzielny Publiczny ZOZ (fikc.),publiczna,K1,87.7,77188,genset,18.0,16.9,0,25.7,1,1,2023-03-23,6,0,2,0,0,46.33
IK-07-01469,szpital powiatowy lubelskie-północny-18-02-01469,IK07,health,szpital powiatowy,0618002,0618,06,51.21984,21.83102,124.4,Sieć Medyczna Vita (fikc.),publiczna,K3,57.0,58995,genset,31.4,28.2,0,35.5,0,0,2025-12-17,7,0,2,0,0,31.259999999999998
IK-07-01470,szpital powiatowy dolnośląskie-północny-18-06-01470,IK07,health,szpital powiatowy,0218006,0218,02,51.46808,17.4907,179.0,Samodzielny Publiczny ZOZ (fikc.),publiczna,K2,58.7,72138,genset,25.9,21.0,1,19.8,1,1,2025-08-14,6,0,1,1,0,58.08
IK-07-01471,szpital powiatowy warmińsko-mazurskie-centralny-04-01-01471,IK07,health,szpital powiatowy,2804001,2804,28,53.24674,20.46819,216.7,Samodzielny Publiczny ZOZ (fikc.),publiczna,K2,61.7,40834,genset,21.1,20.9,0,24.7,0,0,2025-09-14,6,0,2,0,0,35.28
IK-07-01472,szpital powiatowy dolnośląskie-miejski-23-03-01472,IK07,health,szpital powiatowy,0223003,0223,02,51.20849,16.91901,176.5,Szpital Wojewódzki (fikc.),publiczna,K2,68.0,44869,genset,8.4,7.9,1,21.4,1,0,2024-07-06,5,0,1,1,0,65.45
IK-07-01473,szpital powiatowy małopolskie-zachodni-15-02-01473,IK07,health,szpital powiatowy,1215002,1215,12,50.10682,18.97498,89.4,Szpital Wojewódzki (fikc.),prywatna,K3,54.6,105128,genset,30.8,23.3,0,30.7,1,1,2024-11-24,5,0,2,0,0,30.42
IK-07-01474,szpital powiatowy łódzkie-miejski-17-06-01474,IK07,health,szpital powiatowy,1017006,1017,10,51.60259,19.95793,32.2,Sieć Medyczna Vita (fikc.),publiczna,K2,69.2,82501,genset,31.3,28.3,0,37.4,1,1,2025-10-30,4,0,1,1,0,61.160000000000004
IK-07-01475,szpital powiatowy dolnośląskie-wschodni-08-01-01475,IK07,health,szpital powiatowy,0208001,0208,02,51.2996,16.24318,141.2,Sieć Medyczna Vita (fikc.),publiczna,K2,77.3,82383,genset,22.7,20.3,0,13.3,0,1,2023-04-30,4,0,1,1,0,66.19
IK-07-01476,szpital powiatowy śląskie-północny-12-04-01476,IK07,health,szpital powiatowy,2412004,2412,24,50.32794,19.88066,261.5,Samodzielny Publiczny ZOZ (fikc.),publiczna,K3,55.6,118659,none,0.0,0.0,0,28.4,0,1,2024-08-16,5,0,2,0,1,57.24
IK-07-01477,szpital powiatowy pomorskie-zachodni-03-05-01477,IK07,health,szpital powiatowy,2203005,2203,22,54.59866,18.40395,192.0,Samodzielny Publiczny ZOZ (fikc.),publiczna,K2,75.8,38528,genset,24.8,24.3,0,15.3,1,1,2024-01-31,7,0,2,0,0,40.150000000000006
IK-07-01478,szpital powiatowy kujawsko-pomorskie-miejski-11-02-01478,IK07,health,szpital powiatowy,0411002,0411,04,53.17928,18.4243,144.0,Samodzielny Publiczny ZOZ (fikc.),publiczna,K2,70.0,61808,genset,25.9,25.6,0,24.7,0,1,2026-07-12,4,0,1,1,0,62.6
IK-07-01479,szpital powiatowy lubuskie-zachodni-09-04-01479,IK07,health,szpital powiatowy,0809004,0809,08,51.95462,15.25857,196.1,Szpital Wojewódzki (fikc.),prywatna,K2,77.3,69789,genset,18.6,17.2,0,23.4,1,1,2023-12-30,7,0,2,0,0,42.05
IK-07-01480,szpital powiatowy warmińsko-mazurskie-centralny-04-04-01480,IK07,health,szpital powiatowy,2804004,2804,28,53.41149,20.9123,150.1,Szpital Wojewódzki (fikc.),publiczna,K2,66.4,82713,genset,22.2,17.9,0,19.7,1,1,2025-04-29,5,0,1,1,0,61.94
IK-07-01481,szpital powiatowy opolskie-miejski-05-01-01481,IK07,health,szpital powiatowy,1605001,1605,16,50.41936,17.64399,252.0,Szpital Wojewódzki (fikc.),publiczna,K1,86.3,130793,genset,19.4,14.6,0,16.3,1,1,2025-03-13,5,0,1,1,0,70.48
IK-07-01482,szpital powiatowy małopolskie-południowy-07-02-01482,IK07,health,szpital powiatowy,1207002,1207,12,49.56771,19.12925,254.0,Sieć Medyczna Vita (fikc.),publiczna,K3,56.9,152900,genset,22.0,17.3,0,23.3,0,0,2025-06-27,5,0,1,1,0,58.18
IK-07-01483,szpital powiatowy opolskie-wschodni-02-05-01483,IK07,health,szpital powiatowy,1602005,1602,16,50.70943,18.45833,139.1,Szpital Wojewódzki (fikc.),publiczna,K1,91.5,28611,genset,14.0,13.7,0,23.2,1,1,2025-07-27,4,0,1,1,0,73.68
IK-07-01484,szpital powiatowy zachodniopomorskie-południowy-19-03-01484,IK07,health,szpital powiatowy,3219003,3219,32,53.92215,15.22913,124.9,Samodzielny Publiczny ZOZ (fikc.),publiczna,K3,48.8,72639,genset,21.6,15.8,0,29.7,0,0,2023-11-13,5,0,1,1,0,55.02
IK-07-01485,szpital powiatowy zachodniopomorskie-północny-18-06-01485,IK07,health,szpital powiatowy,3218006,3218,32,53.11125,15.451,336.9,Szpital Wojewódzki (fikc.),prywatna,K3,47.2,37855,genset,30.9,23.1,0,14.7,0,0,2023-07-19,5,0,1,1,0,52.44
IK-07-01486,szpital powiatowy dolnośląskie-miejski-11-02-01486,IK07,health,szpital powiatowy,0211002,0211,02,50.92327,16.2985,228.8,Samodzielny Publiczny ZOZ (fikc.),publiczna,K1,89.0,35419,genset,20.5,18.8,1,30.1,1,1,2023-03-16,6,0,2,0,0,46.33
IK-07-01487,szpital powiatowy warmińsko-mazurskie-centralny-16-05-01487,IK07,health,szpital powiatowy,2816005,2816,28,53.77377,19.84909,135.4,Samodzielny Publiczny ZOZ (fikc.),publiczna,K2,60.3,54168,genset,14.7,10.9,0,12.7,1,1,2023-05-14,6,0,2,0,0,36.059999999999995
IK-07-01488,szpital powiatowy opolskie-północny-06-07-01488,IK07,health,szpital powiatowy,1606007,1606,16,50.79545,18.25871,221.6,Szpital Wojewódzki (fikc.),prywatna,K3,58.0,43371,genset,19.3,15.8,1,12.3,0,0,2026-07-30,5,0,1,1,0,59.18
IK-07-01489,szpital powiatowy opolskie-miejski-11-05-01489,IK07,health,szpital powiatowy,1611005,1611,16,51.32398,17.70795,272.4,Samodzielny Publiczny ZOZ (fikc.),publiczna,K1,85.3,86640,genset,30.4,22.8,1,41.2,1,1,2023-10-23,7,0,1,1,0,67.78999999999999
IK-07-01490,szpital powiatowy łódzkie-zachodni-21-07-01490,IK07,health,szpital powiatowy,1021007,1021,10,51.9021,19.13874,240.5,Samodzielny Publiczny ZOZ (fikc.),publiczna,K3,57.0,39755,genset,23.4,16.9,0,2.3,1,0,2026-05-26,4,0,1,1,0,57.92
IK-07-01491,szpital powiatowy dolnośląskie-centralny-16-02-01491,IK07,health,szpital powiatowy,0216002,0216,02,52.10442,16.63017,256.8,Samodzielny Publiczny ZOZ (fikc.),publiczna,K3,54.4,29638,genset,26.8,22.9,1,29.8,1,0,2023-11-02,4,0,1,1,0,56.18
IK-07-01492,szpital powiatowy dolnośląskie-wschodni-02-04-01492,IK07,health,szpital powiatowy,0202004,0202,02,51.23876,17.51507,228.4,Szpital Wojewódzki (fikc.),publiczna,K3,44.1,69107,none,0.0,0.0,1,38.1,0,0,2025-07-26,4,0,1,1,1,77.64
IK-07-01493,szpital powiatowy kujawsko-pomorskie-centralny-16-04-01493,IK07,health,szpital powiatowy,0416004,0416,04,53.23982,18.30098,221.8,Sieć Medyczna Vita (fikc.),publiczna,K2,61.3,119688,genset,22.3,16.3,0,37.8,0,1,2023-07-06,5,0,1,1,0,59.870000000000005
IK-07-01494,szpital powiatowy świętokrzyskie-miejski-11-02-01494,IK07,health,szpital powiatowy,2611002,2611,26,51.09638,19.61058,188.8,Sieć Medyczna Vita (fikc.),publiczna,K2,60.0,59165,genset,14.2,10.7,0,17.0,1,0,2024-04-19,4,0,1,1,0,61.040000000000006
IK-07-01495,szpital powiatowy lubuskie-zachodni-09-02-01495,IK07,health,szpital powiatowy,0809002,0809,08,52.05902,15.35084,114.9,Szpital Wojewódzki (fikc.),prywatna,K2,64.6,87393,genset,21.0,20.3,0,26.8,0,1,2025-04-05,5,0,1,1,0,61.46
IK-07-01496,szpital powiatowy opolskie-wschodni-02-04-01496,IK07,health,szpital powiatowy,1602004,1602,16,50.78897,17.91569,206.9,Sieć Medyczna Vita (fikc.),publiczna,K3,56.3,46866,genset,21.6,17.8,1,40.7,0,0,2024-04-07,5,0,2,0,0,33.019999999999996
IK-07-01497,szpital powiatowy dolnośląskie-wschodni-26-03-01497,IK07,health,szpital powiatowy,0226003,0226,02,51.21387,16.84955,206.2,Sieć Medyczna Vita (fikc.),prywatna,K2,71.2,45136,genset,20.5,18.2,1,16.3,1,1,2024-07-03,5,0,1,1,0,64.21
IK-07-01498,szpital powiatowy warmińsko-mazurskie-zachodni-21-02-01498,IK07,health,szpital powiatowy,2821002,2821,28,54.32317,19.47798,282.7,Samodzielny Publiczny ZOZ (fikc.),publiczna,K2,68.6,49725,genset,31.1,22.5,0,40.5,1,1,2025-09-20,4,0,1,1,0,60.96
IK-07-01499,szpital powiatowy łódzkie-wschodni-14-01-01499,IK07,health,szpital powiatowy,1014001,1014,10,51.44384,19.58652,110.7,Szpital Wojewódzki (fikc.),publiczna,K2,74.2,36299,genset,19.9,14.2,0,25.9,1,1,2025-08-06,4,0,1,1,0,65.53
IK-07-01500,szpital powiatowy opolskie-miejski-05-03-01500,IK07,health,szpital powiatowy,1605003,1605,16,50.40106,17.86286,302.3,Sieć Medyczna Vita (fikc.),publiczna,K2,72.7,64401,genset,28.4,21.0,1,30.1,1,1,2024-07-01,5,0,1,1,0,63.160000000000004
IK-07-01501,szpital powiatowy lubelskie-południowy-01-05-01501,IK07,health,szpital powiatowy,0601005,0601,06,50.70749,22.43505,154.0,Szpital Wojewódzki (fikc.),publiczna,K2,63.4,39058,genset,18.5,13.8,0,23.8,0,0,2024-10-18,4,0,1,1,0,61.51
IK-07-01502,szpital powiatowy podlaskie-centralny-04-03-01502,IK07,health,szpital powiatowy,2004003,2004,20,52.81169,23.24293,116.3,Sieć Medyczna Vita (fikc.),prywatna,K2,77.8,45583,genset,15.8,13.2,0,29.3,1,0,2023-07-03,5,0,1,1,0,67.83
IK-07-01503,szpital powiatowy wielkopolskie-południowy-25-03-01503,IK07,health,szpital powiatowy,3025003,3025,30,51.45272,16.32556,62.8,Sieć Medyczna Vita (fikc.),publiczna,K2,67.0,119779,none,0.0,0.0,0,18.2,1,0,2025-02-13,4,0,1,1,1,86.8
IK-07-01504,szpital powiatowy dolnośląskie-miejski-17-05-01504,IK07,health,szpital powiatowy,0217005,0217,02,51.0036,16.73432,30.2,Szpital Wojewódzki (fikc.),publiczna,K2,66.4,96367,genset,19.8,14.5,1,14.6,1,1,2026-05-11,4,0,1,1,0,62.44
IK-07-01505,szpital powiatowy łódzkie-zachodni-15-06-01505,IK07,health,szpital powiatowy,1015006,1015,10,52.27365,18.73029,115.8,Samodzielny Publiczny ZOZ (fikc.),publiczna,K2,66.0,71089,genset,22.2,20.9,0,24.4,1,1,2026-03-31,5,0,2,0,0,36.78
IK-07-01506,szpital powiatowy dolnośląskie-miejski-29-07-01506,IK07,health,szpital powiatowy,0229007,0229,02,51.22743,17.90458,308.8,Szpital Wojewódzki (fikc.),publiczna,K2,72.8,18250,genset,17.7,13.0,0,27.4,1,0,2023-11-22,6,0,1,1,0,65.42999999999999
IK-07-01507,szpital powiatowy wielkopolskie-południowy-31-01-01507,IK07,health,szpital powiatowy,3031001,3031,30,52.27004,17.56143,234.3,Sieć Medyczna Vita (fikc.),publiczna,K2,65.6,28638,none,0.0,0.0,0,26.0,0,1,2024-01-28,5,0,2,0,1,61.24000000000001
IK-07-01508,szpital powiatowy dolnośląskie-południowy-01-01-01508,IK07,health,szpital powiatowy,0201001,0201,02,51.28598,16.40066,157.0,Sieć Medyczna Vita (fikc.),publiczna,K1,94.7,230210,none,0.0,0.0,0,42.6,1,1,2024-09-15,5,0,1,1,1,97.88
IK-07-01509,szpital powiatowy lubelskie-zachodni-15-01-01509,IK07,health,szpital powiatowy,0615001,0615,06,50.59682,21.82525,66.0,Sieć Medyczna Vita (fikc.),publiczna,K2,72.1,27113,none,0.0,0.0,0,7.6,0,1,2023-04-07,4,0,1,1,1,88.84
IK-07-01510,szpital powiatowy dolnośląskie-południowy-13-02-01510,IK07,health,szpital powiatowy,0213002,0213,02,50.95063,16.62425,146.6,Sieć Medyczna Vita (fikc.),publiczna,K2,73.3,48595,genset,19.7,19.1,1,26.9,0,1,2026-04-09,4,0,1,1,0,65.22
IK-07-01511,szpital powiatowy opolskie-południowy-01-05-01511,IK07,health,szpital powiatowy,1601005,1601,16,50.59256,17.5813,131.0,Szpital Wojewódzki (fikc.),publiczna,K3,52.5,49201,genset,29.5,25.1,1,33.6,0,1,2024-10-12,6,0,2,0,0,29.849999999999998
IK-07-01512,szpital powiatowy dolnośląskie-centralny-16-05-01512,IK07,health,szpital powiatowy,0216005,0216,02,52.03032,16.62604,167.6,Szpital Wojewódzki (fikc.),publiczna,K3,55.8,141459,genset,24.3,23.5,1,26.5,1,1,2024-10-27,4,0,1,1,0,57.26
IK-07-01513,szpital powiatowy mazowieckie-północny-06-07-01513,IK07,health,szpital powiatowy,1406007,1406,14,51.8967,20.85521,81.9,Sieć Medyczna Vita (fikc.),publiczna,K2,63.1,82212,genset,21.5,21.4,0,45.6,0,1,2025-04-16,4,0,1,1,0,60.760000000000005
IK-07-01514,szpital powiatowy pomorskie-centralny-16-05-01514,IK07,health,szpital powiatowy,2216005,2216,22,53.69015,18.40766,157.3,Samodzielny Publiczny ZOZ (fikc.),prywatna,K2,61.3,80945,none,0.0,0.0,0,28.2,0,0,2025-11-20,6,0,1,1,1,84.52
IK-07-01515,szpital powiatowy śląskie-zachodni-03-02-01515,IK07,health,szpital powiatowy,2403002,2403,24,49.53211,18.93011,77.1,Samodzielny Publiczny ZOZ (fikc.),prywatna,K2,65.1,21981,genset,27.1,22.4,0,22.3,1,0,2025-10-12,7,0,2,0,0,35.39
IK-07-01516,szpital powiatowy dolnośląskie-zachodni-15-01-01516,IK07,health,szpital powiatowy,0215001,0215,02,51.44186,17.26255,156.1,Szpital Wojewódzki (fikc.),publiczna,K3,56.0,115714,genset,23.2,19.9,1,26.0,1,1,2025-03-10,4,0,1,1,0,57.57
IK-07-01517,szpital powiatowy wielkopolskie-zachodni-27-03-01517,IK07,health,szpital powiatowy,3027003,3027,30,52.77724,16.77217,208.0,Samodzielny Publiczny ZOZ (fikc.),publiczna,K2,70.4,29921,genset,24.5,21.0,0,10.1,1,1,2023-05-22,5,0,1,1,0,63.06
IK-07-01518,szpital powiatowy opolskie-południowy-07-05-01518,IK07,health,szpital powiatowy,1607005,1607,16,50.66049,18.50648,217.9,Szpital Wojewódzki (fikc.),publiczna,K2,78.2,167722,genset,25.1,22.3,1,39.6,1,1,2023-09-12,4,0,1,1,0,66.05
IK-07-01519,szpital powiatowy małopolskie-zachodni-21-04-01519,IK07,health,szpital powiatowy,1221004,1221,12,49.85984,19.72175,174.8,Sieć Medyczna Vita (fikc.),prywatna,K2,68.8,34162,genset,15.8,14.3,0,31.7,1,1,2024-09-12,4,0,1,1,0,64.23
IK-07-01520,szpital powiatowy dolnośląskie-zachodni-03-04-01520,IK07,health,szpital powiatowy,0203004,0203,02,50.32726,16.13613,168.9,Sieć Medyczna Vita (fikc.),publiczna,K2,64.6,47843,genset,14.5,12.6,1,35.2,1,1,2025-08-27,5,0,1,1,0,62.82
IK-07-01521,szpital powiatowy opolskie-centralny-04-06-01521,IK07,health,szpital powiatowy,1604006,1604,16,50.83697,19.09982,145.9,Samodzielny Publiczny ZOZ (fikc.),prywatna,K2,59.9,90619,genset,20.7,14.9,0,22.9,1,0,2024-03-02,5,0,1,1,0,59.650000000000006
IK-07-01522,szpital powiatowy dolnośląskie-południowy-13-02-01522,IK07,health,szpital powiatowy,0213002,0213,02,50.95201,16.52763,194.8,Samodzielny Publiczny ZOZ (fikc.),publiczna,K1,82.0,80605,genset,18.9,15.7,1,25.6,1,1,2026-01-14,4,0,1,1,0,68.86
IK-07-01523,szpital powiatowy lubuskie-północny-12-07-01523,IK07,health,szpital powiatowy,0812007,0812,08,52.99502,15.38811,128.3,Szpital Wojewódzki (fikc.),publiczna,K2,76.6,22177,genset,23.3,18.0,0,30.9,1,0,2025-11-15,6,0,2,0,0,40.79
IK-07-01524,szpital powiatowy dolnośląskie-zachodni-27-07-01524,IK07,health,szpital powiatowy,0227007,0227,02,50.63593,16.69347,210.1,Sieć Medyczna Vita (fikc.),prywatna,K2,60.5,35769,genset,23.9,20.4,0,17.7,1,1,2023-08-08,5,0,2,0,0,34.22
IK-07-01525,centrum dializ mazowieckie-miejski-17-04-01525,IK07,health,centrum dializ,1417004,1417,14,51.84569,21.45278,255.0,Szpital Wojewódzki (fikc.),prywatna,K2,68.7,1667,genset,3.8,3.6,0,30.4,0,0,2026-08-13,4,0,1,1,0,66.69
IK-07-01526,centrum dializ śląskie-północny-12-03-01526,IK07,health,centrum dializ,2412003,2412,24,50.39719,19.7722,190.9,Sieć Medyczna Vita (fikc.),publiczna,K2,63.5,665,none,0.0,0.0,0,21.5,0,1,2023-03-03,4,0,1,1,1,85.39999999999999
IK-07-01527,centrum dializ opolskie-wschodni-08-06-01527,IK07,health,centrum dializ,1608006,1608,16,50.94565,18.34536,51.0,Szpital Wojewódzki (fikc.),publiczna,K2,77.6,818,genset,8.8,7.3,0,24.9,0,1,2026-04-10,4,0,1,1,0,69.21000000000001
IK-07-01528,centrum dializ kujawsko-pomorskie-zachodni-03-03-01528,IK07,health,centrum dializ,0403003,0403,04,53.3836,18.83522,127.9,Szpital Wojewódzki (fikc.),publiczna,K1,95.2,755,none,0.0,0.0,0,27.3,1,0,2024-07-04,5,0,1,1,1,98.08
IK-07-01529,centrum dializ śląskie-wschodni-20-02-01529,IK07,health,centrum dializ,2420002,2420,24,50.3162,19.0094,177.1,Szpital Wojewódzki (fikc.),publiczna,K1,81.6,645,genset,2.0,1.6,0,23.7,1,1,2023-12-12,5,0,1,1,0,72.22
IK-07-01530,centrum dializ lubuskie-zachodni-09-05-01530,IK07,health,centrum dializ,0809005,0809,08,52.17802,15.9714,96.3,Sieć Medyczna Vita (fikc.),publiczna,K2,60.6,1616,genset,5.4,4.6,0,32.3,0,0,2026-02-28,4,0,1,1,0,63.12
IK-07-01531,centrum dializ opolskie-centralny-10-06-01531,IK07,health,centrum dializ,1610006,1610,16,50.66343,17.01653,267.3,Sieć Medyczna Vita (fikc.),prywatna,K2,70.4,1082,genset,2.9,2.7,0,17.1,1,1,2026-06-02,5,0,1,1,0,67.56
IK-07-01532,centrum dializ podlaskie-centralny-10-04-01532,IK07,health,centrum dializ,2010004,2010,20,53.16668,23.30588,214.6,Sieć Medyczna Vita (fikc.),publiczna,K2,68.7,790,genset,7.1,6.6,0,31.6,1,1,2024-09-25,5,0,1,1,0,66.0
IK-07-01533,centrum dializ śląskie-miejski-35-01-01533,IK07,health,centrum dializ,2435001,2435,24,50.53658,18.31213,150.6,Sieć Medyczna Vita (fikc.),publiczna,K1,80.1,725,genset,3.8,3.1,0,44.3,1,0,2023-08-02,4,0,1,1,0,71.25
IK-07-01534,centrum dializ lubelskie-południowy-07-07-01534,IK07,health,centrum dializ,0607007,0607,06,51.82297,22.66533,139.5,Szpital Wojewódzki (fikc.),publiczna,K3,35.5,901,genset,5.7,4.3,0,7.4,1,0,2023-07-09,4,0,1,1,0,53.010000000000005
IK-07-01535,centrum dializ lubelskie-zachodni-03-07-01535,IK07,health,centrum dializ,0603007,0603,06,51.13622,23.09249,145.3,Szpital Wojewódzki (fikc.),publiczna,K3,55.9,619,genset,5.2,4.2,0,17.0,0,0,2024-02-17,6,0,2,0,0,36.28
IK-07-01536,centrum dializ małopolskie-miejski-11-04-01536,IK07,health,centrum dializ,1211004,1211,12,50.10364,19.9467,37.4,Samodzielny Publiczny ZOZ (fikc.),publiczna,K2,71.1,1146,genset,6.1,6.0,0,30.0,1,0,2024-06-07,5,0,2,0,0,42.17
IK-07-01537,centrum dializ lubuskie-centralny-04-01-01537,IK07,health,centrum dializ,0804001,0804,08,51.88922,14.83381,238.7,Szpital Wojewódzki (fikc.),publiczna,K2,77.6,674,genset,3.0,2.6,0,20.1,1,1,2025-12-11,4,0,1,1,0,70.42
IK-07-01538,centrum dializ lubuskie-południowy-13-06-01538,IK07,health,centrum dializ,0813006,0813,08,52.04634,15.92892,113.9,Samodzielny Publiczny ZOZ (fikc.),publiczna,K3,57.7,475,genset,7.5,6.4,0,13.9,1,0,2026-03-30,4,0,1,1,0,61.519999999999996
IK-07-01539,centrum dializ dolnośląskie-południowy-19-02-01539,IK07,health,centrum dializ,0219002,0219,02,50.84861,16.33508,23.7,Samodzielny Publiczny ZOZ (fikc.),publiczna,K3,53.1,1146,none,0.0,0.0,0,31.6,0,0,2025-05-19,4,0,1,1,1,81.24
IK-07-01540,centrum dializ mazowieckie-zachodni-39-01-01540,IK07,health,centrum dializ,1439001,1439,14,52.3241,21.62077,78.4,Sieć Medyczna Vita (fikc.),prywatna,K2,67.4,696,genset,6.6,6.5,0,34.7,1,1,2024-12-20,4,0,1,1,0,65.58
IK-07-01541,centrum dializ opolskie-południowy-01-03-01541,IK07,health,centrum dializ,1601003,1601,16,50.32499,17.81627,192.4,Szpital Wojewódzki (fikc.),publiczna,K2,72.7,1006,genset,5.1,3.7,0,15.9,1,0,2024-10-11,7,0,2,0,0,43.02
IK-07-01542,centrum dializ warmińsko-mazurskie-zachodni-21-05-01542,IK07,health,centrum dializ,2821005,2821,28,54.0812,19.60167,253.1,Sieć Medyczna Vita (fikc.),publiczna,K2,68.2,1572,none,0.0,0.0,0,28.1,1,1,2024-02-23,4,0,1,1,1,87.28
IK-07-01543,centrum dializ łódzkie-północny-18-03-01543,IK07,health,centrum dializ,1018003,1018,10,52.07164,20.2187,6.6,Szpital Wojewódzki (fikc.),publiczna,K2,64.4,371,genset,6.2,5.8,0,16.4,1,0,2026-06-20,4,0,1,1,0,64.47
IK-07-01544,centrum dializ warmińsko-mazurskie-centralny-10-03-01544,IK07,health,centrum dializ,2810003,2810,28,54.16427,19.82387,127.6,Sieć Medyczna Vita (fikc.),publiczna,K3,46.0,684,none,0.0,0.0,0,23.8,1,0,2026-02-07,5,0,1,1,1,78.4
IK-07-01545,centrum dializ dolnośląskie-miejski-11-05-01545,IK07,health,centrum dializ,0211005,0211,02,51.17581,16.66192,56.9,Samodzielny Publiczny ZOZ (fikc.),publiczna,K2,64.9,566,genset,4.1,4.0,1,27.1,1,1,2023-05-22,5,0,1,1,0,65.11
IK-07-01546,centrum dializ lubelskie-południowy-01-06-01546,IK07,health,centrum dializ,0601006,0601,06,50.84762,22.50664,148.4,Samodzielny Publiczny ZOZ (fikc.),publiczna,K3,57.8,1417,genset,7.3,5.6,0,38.9,0,1,2025-06-01,5,0,1,1,0,61.6
IK-07-01547,centrum dializ pomorskie-zachodni-09-05-01547,IK07,health,centrum dializ,2209005,2209,22,54.50999,18.90802,111.8,Sieć Medyczna Vita (fikc.),publiczna,K2,61.6,1259,genset,5.4,3.8,0,24.7,1,1,2024-02-19,5,0,1,1,0,63.519999999999996
IK-07-01548,centrum dializ pomorskie-wschodni-14-06-01548,IK07,health,centrum dializ,2214006,2214,22,54.30021,19.31299,216.9,Sieć Medyczna Vita (fikc.),prywatna,K2,68.2,624,genset,8.9,6.4,0,17.5,0,1,2026-01-31,6,0,2,0,0,40.43
IK-07-01549,centrum dializ opolskie-północny-06-07-01549,IK07,health,centrum dializ,1606007,1606,16,50.71811,18.26956,129.8,Szpital Wojewódzki (fikc.),publiczna,K3,54.8,1357,genset,5.5,4.1,1,32.9,1,0,2026-06-09,4,0,1,1,0,60.77
IK-07-01550,centrum dializ dolnośląskie-centralny-22-05-01550,IK07,health,centrum dializ,0222005,0222,02,50.47319,16.69178,169.2,Sieć Medyczna Vita (fikc.),publiczna,K2,59.8,889,genset,6.9,6.3,1,22.3,1,0,2026-07-31,6,0,1,1,0,62.480000000000004
IK-07-01551,centrum dializ dolnośląskie-wschodni-26-04-01551,IK07,health,centrum dializ,0226004,0226,02,51.27007,17.0091,178.7,Sieć Medyczna Vita (fikc.),prywatna,K2,60.9,1684,genset,5.7,5.1,0,33.8,1,1,2024-01-01,6,0,1,1,0,63.17
IK-07-01552,centrum dializ wielkopolskie-wschodni-20-04-01552,IK07,health,centrum dializ,3020004,3020,30,52.81158,18.3638,292.7,Szpital Wojewódzki (fikc.),publiczna,K2,72.6,548,genset,6.0,4.8,0,17.8,0,0,2026-04-29,6,0,1,1,0,67.78999999999999
IK-07-01553,centrum dializ łódzkie-północny-12-02-01553,IK07,health,centrum dializ,1012002,1012,10,51.23049,19.39754,70.6,Samodzielny Publiczny ZOZ (fikc.),publiczna,K3,56.2,885,genset,5.9,5.1,0,5.7,0,0,2025-11-04,4,0,1,1,0,61.25000000000001
IK-07-01554,centrum dializ podkarpackie-zachodni-09-05-01554,IK07,health,centrum dializ,1809005,1809,18,50.38751,21.62491,125.1,Szpital Wojewódzki (fikc.),publiczna,K2,62.2,490,none,0.0,0.0,0,18.9,0,1,2023-04-22,4,0,1,1,1,84.88
IK-07-01555,centrum dializ śląskie-południowy-13-02-01555,IK07,health,centrum dializ,2413002,2413,24,49.99068,18.57035,134.1,Samodzielny Publiczny ZOZ (fikc.),publiczna,K2,67.8,940,genset,5.1,3.8,0,26.1,0,1,2026-04-02,6,0,2,0,0,41.06
IK-07-01556,centrum dializ łódzkie-południowy-13-07-01556,IK07,health,centrum dializ,1013007,1013,10,51.48183,18.85283,90.6,Szpital Wojewódzki (fikc.),publiczna,K2,74.3,768,none,0.0,0.0,0,21.0,1,0,2025-04-03,4,0,1,1,1,89.72
IK-07-01557,centrum dializ dolnośląskie-miejski-17-05-01557,IK07,health,centrum dializ,0217005,0217,02,50.95136,16.70834,208.4,Samodzielny Publiczny ZOZ (fikc.),prywatna,K1,81.5,425,genset,2.9,2.3,1,27.2,1,1,2026-05-29,4,0,1,1,0,72.0
IK-07-01558,centrum dializ małopolskie-wschodni-20-05-01558,IK07,health,centrum dializ,1220005,1220,12,50.15415,19.77065,156.1,Szpital Wojewódzki (fikc.),publiczna,K2,73.9,252,genset,6.2,5.2,0,22.6,0,0,2024-10-12,6,0,2,0,0,43.269999999999996
IK-07-01559,centrum dializ małopolskie-południowy-07-03-01559,IK07,health,centrum dializ,1207003,1207,12,49.25654,18.90293,183.6,Sieć Medyczna Vita (fikc.),prywatna,K2,68.5,781,genset,6.3,5.7,0,13.8,0,1,2026-01-20,4,0,1,1,0,66.09
IK-07-01560,centrum dializ dolnośląskie-wschodni-26-03-01560,IK07,health,centrum dializ,0226003,0226,02,51.1241,16.82797,279.3,Sieć Medyczna Vita (fikc.),publiczna,K2,76.9,1048,genset,9.2,8.6,0,30.1,1,0,2024-12-01,5,0,1,1,0,68.84
IK-07-01561,centrum dializ opolskie-zachodni-03-06-01561,IK07,health,centrum dializ,1603006,1603,16,50.78421,17.21814,237.5,Samodzielny Publiczny ZOZ (fikc.),publiczna,K3,40.0,507,genset,5.7,4.6,1,19.7,1,0,2024-05-22,5,0,1,1,0,54.81
IK-07-01562,centrum dializ opolskie-miejski-05-03-01562,IK07,health,centrum dializ,1605003,1605,16,50.46866,17.836,254.4,Samodzielny Publiczny ZOZ (fikc.),prywatna,K2,66.4,766,genset,5.0,4.6,1,19.4,1,0,2025-03-02,5,0,2,0,0,40.52
IK-07-01563,centrum dializ kujawsko-pomorskie-północny-12-05-01563,IK07,health,centrum dializ,0412005,0412,04,52.93792,18.55811,188.7,Sieć Medyczna Vita (fikc.),prywatna,K2,79.0,700,genset,3.0,2.5,0,33.5,1,0,2024-07-17,5,0,1,1,0,70.98
IK-07-01564,centrum dializ łódzkie-miejski-17-01-01564,IK07,health,centrum dializ,1017001,1017,10,51.65555,20.06423,62.9,Szpital Wojewódzki (fikc.),publiczna,K3,52.1,1809,genset,4.9,3.8,0,27.8,0,1,2025-10-24,5,0,1,1,0,59.81999999999999
IK-07-01565,centrum dializ śląskie-wschodni-08-06-01565,IK07,health,centrum dializ,2408006,2408,24,49.89914,18.69607,80.2,Samodzielny Publiczny ZOZ (fikc.),publiczna,K2,78.5,1095,none,0.0,0.0,0,33.5,1,0,2026-02-14,5,0,1,1,1,91.4
IK-07-01566,centrum dializ kujawsko-pomorskie-północny-12-05-01566,IK07,health,centrum dializ,0412005,0412,04,52.85326,18.46059,20.2,Szpital Wojewódzki (fikc.),publiczna,K1,80.5,823,none,0.0,0.0,0,39.7,1,1,2025-03-04,7,0,1,1,1,92.2
IK-07-01567,centrum dializ dolnośląskie-północny-06-03-01567,IK07,health,centrum dializ,0206003,0206,02,51.55109,17.29953,141.7,Szpital Wojewódzki (fikc.),publiczna,K3,54.9,293,genset,5.1,3.6,1,16.0,1,0,2023-09-28,5,0,1,1,0,60.9
IK-07-01568,centrum dializ wielkopolskie-północny-24-01-01568,IK07,health,centrum dializ,3024001,3024,30,52.10595,16.70277,164.8,Samodzielny Publiczny ZOZ (fikc.),publiczna,K2,67.9,1232,genset,8.1,7.8,0,24.4,1,1,2025-08-25,6,0,2,0,0,40.47
IK-07-01569,centrum dializ dolnośląskie-wschodni-20-04-01569,IK07,health,centrum dializ,0220004,0220,02,50.73859,17.12591,232.0,Szpital Wojewódzki (fikc.),publiczna,K2,72.3,386,genset,4.9,3.4,0,18.8,0,0,2023-08-29,6,0,2,0,0,42.9
IK-07-01570,centrum dializ opolskie-zachodni-03-02-01570,IK07,health,centrum dializ,1603002,1603,16,51.14453,16.67426,203.4,Samodzielny Publiczny ZOZ (fikc.),publiczna,K3,50.8,912,genset,9.7,7.8,1,38.5,1,0,2026-02-15,4,0,1,1,0,58.3
IK-07-01571,bank krwi / magazyn farmaceutyczny świętokrzyskie-miejski-11-04-01571,IK07,health,bank krwi / magazyn farmaceutyczny,2611004,2611,26,51.1562,19.65508,154.4,Samodzielny Publiczny ZOZ (fikc.),publiczna,K2,71.3,276198,genset,4.8,3.9,0,38.1,1,0,2024-12-08,4,0,1,1,0,67.52
IK-07-01572,bank krwi / magazyn farmaceutyczny wielkopolskie-wschodni-14-04-01572,IK07,health,bank krwi / magazyn farmaceutyczny,3014004,3014,30,52.66154,17.05209,76.5,Samodzielny Publiczny ZOZ (fikc.),publiczna,K2,76.3,294188,genset,17.6,17.4,0,18.0,1,0,2024-06-24,5,0,1,1,0,66.85
IK-07-01573,bank krwi / magazyn farmaceutyczny dolnośląskie-południowy-01-02-01573,IK07,health,bank krwi / magazyn farmaceutyczny,0201002,0201,02,51.22955,15.96094,141.1,Sieć Medyczna Vita (fikc.),publiczna,K3,52.2,343956,genset,12.1,11.7,0,9.6,0,0,2024-11-14,5,0,1,1,0,58.36
IK-07-01574,bank krwi / magazyn farmaceutyczny pomorskie-wschodni-14-05-01574,IK07,health,bank krwi / magazyn farmaceutyczny,2214005,2214,22,54.18427,18.99513,252.4,Sieć Medyczna Vita (fikc.),prywatna,K2,62.8,164854,genset,14.0,10.8,0,30.8,0,1,2024-10-02,4,0,1,1,0,62.2
IK-07-01575,bank krwi / magazyn farmaceutyczny podlaskie-miejski-11-01-01575,IK07,health,bank krwi / magazyn farmaceutyczny,2011001,2011,20,53.94376,24.0936,154.8,Szpital Wojewódzki (fikc.),prywatna,K2,61.2,285652,none,0.0,0.0,0,33.5,1,1,2026-08-17,4,0,1,1,1,84.48
IK-07-01576,bank krwi / magazyn farmaceutyczny łódzkie-zachodni-21-05-01576,IK07,health,bank krwi / magazyn farmaceutyczny,1021005,1021,10,51.87276,19.03424,269.0,Sieć Medyczna Vita (fikc.),publiczna,K3,49.7,193438,genset,8.6,8.4,0,31.2,0,0,2023-09-12,5,0,1,1,0,58.089999999999996
IK-07-01577,bank krwi / magazyn farmaceutyczny wielkopolskie-zachodni-15-03-01577,IK07,health,bank krwi / magazyn farmaceutyczny,3015003,3015,30,53.34687,16.98446,121.6,Sieć Medyczna Vita (fikc.),publiczna,K2,66.8,330871,genset,13.1,11.8,0,29.0,1,1,2023-04-26,5,0,1,1,0,63.99
IK-07-01578,bank krwi / magazyn farmaceutyczny lubuskie-wschodni-14-03-01578,IK07,health,bank krwi / magazyn farmaceutyczny,0814003,0814,08,52.56346,15.5802,165.7,Szpital Wojewódzki (fikc.),publiczna,K3,46.2,421504,genset,6.7,6.5,0,36.6,0,0,2024-11-29,6,0,2,0,0,32.08
IK-07-01579,bank krwi / magazyn farmaceutyczny kujawsko-pomorskie-północny-06-01-01579,IK07,health,bank krwi / magazyn farmaceutyczny,0406001,0406,04,52.61338,17.6059,94.5,Sieć Medyczna Vita (fikc.),prywatna,K2,74.3,298753,genset,8.0,5.9,0,31.2,0,1,2023-05-14,6,0,1,1,0,68.05
IK-07-01580,bank krwi / magazyn farmaceutyczny dolnośląskie-zachodni-21-02-01580,IK07,health,bank krwi / magazyn farmaceutyczny,0221002,0221,02,51.33282,16.93484,250.1,Samodzielny Publiczny ZOZ (fikc.),publiczna,K1,82.1,861429,none,0.0,0.0,1,32.5,1,1,2024-07-26,5,0,2,0,1,67.84
IK-07-01581,bank krwi / magazyn farmaceutyczny opolskie-północny-06-05-01581,IK07,health,bank krwi / magazyn farmaceutyczny,1606005,1606,16,50.69201,18.26687,214.9,Samodzielny Publiczny ZOZ (fikc.),publiczna,K2,64.1,457869,genset,16.7,14.1,0,17.8,0,1,2025-07-24,4,0,1,1,0,62.160000000000004
IK-07-01582,bank krwi / magazyn farmaceutyczny świętokrzyskie-wschodni-14-02-01582,IK07,health,bank krwi / magazyn farmaceutyczny,2614002,2614,26,50.65504,20.9329,206.7,Samodzielny Publiczny ZOZ (fikc.),publiczna,K3,57.0,680312,genset,10.7,8.7,0,10.9,0,0,2023-11-23,5,0,1,1,0,60.57
IK-07-01583,bank krwi / magazyn farmaceutyczny wielkopolskie-centralny-16-02-01583,IK07,health,bank krwi / magazyn farmaceutyczny,3016002,3016,30,52.48362,16.55383,198.2,Samodzielny Publiczny ZOZ (fikc.),publiczna,K2,72.4,553865,genset,10.4,9.4,0,38.4,0,0,2023-11-08,5,0,1,1,0,66.79
IK-07-01584,bank krwi / magazyn farmaceutyczny pomorskie-wschodni-02-02-01584,IK07,health,bank krwi / magazyn farmaceutyczny,2202002,2202,22,54.68351,18.11752,26.4,Sieć Medyczna Vita (fikc.),publiczna,K2,62.8,306065,genset,12.0,10.2,0,34.6,1,1,2025-08-18,6,0,2,0,0,37.62
IK-07-01585,bank krwi / magazyn farmaceutyczny mazowieckie-zachodni-39-04-01585,IK07,health,bank krwi / magazyn farmaceutyczny,1439004,1439,14,52.14701,21.57435,84.0,Samodzielny Publiczny ZOZ (fikc.),publiczna,K2,69.5,770039,genset,9.6,9.4,0,28.2,1,0,2023-09-25,6,0,2,0,0,40.8
IK-07-01586,bank krwi / magazyn farmaceutyczny opolskie-północny-06-01-01586,IK07,health,bank krwi / magazyn farmaceutyczny,1606001,1606,16,50.82743,18.29179,181.4,Samodzielny Publiczny ZOZ (fikc.),publiczna,K3,43.9,204110,genset,15.8,12.9,1,20.4,0,1,2026-02-02,5,0,1,1,0,54.269999999999996
IK-07-01587,bank krwi / magazyn farmaceutyczny dolnośląskie-centralny-04-01-01587,IK07,health,bank krwi / magazyn farmaceutyczny,0204001,0204,02,50.868,16.70382,4.0,Sieć Medyczna Vita (fikc.),publiczna,K2,73.9,222229,genset,15.3,10.8,0,32.2,1,0,2024-12-10,6,0,2,0,0,41.370000000000005
IK-07-01588,bank krwi / magazyn farmaceutyczny wielkopolskie-miejski-29-06-01588,IK07,health,bank krwi / magazyn farmaceutyczny,3029006,3029,30,52.73275,16.36357,121.2,Sieć Medyczna Vita (fikc.),prywatna,K2,58.7,323059,genset,14.0,12.7,0,31.6,1,1,2023-03-09,6,0,2,0,0,35.56
IK-07-01589,bank krwi / magazyn farmaceutyczny dolnośląskie-centralny-04-02-01589,IK07,health,bank krwi / magazyn farmaceutyczny,0204002,0204,02,51.06995,17.03772,268.9,Sieć Medyczna Vita (fikc.),publiczna,K2,65.1,138105,genset,11.4,10.9,0,31.1,1,0,2024-05-03,5,0,1,1,0,63.660000000000004
IK-07-01590,bank krwi / magazyn farmaceutyczny świętokrzyskie-miejski-05-01-01590,IK07,health,bank krwi / magazyn farmaceutyczny,2605001,2605,26,50.5564,20.10358,22.8,Szpital Wojewódzki (fikc.),publiczna,K2,59.6,189228,none,0.0,0.0,0,2.4,1,0,2024-05-10,7,0,1,1,1,83.84
IK-07-01591,bank krwi / magazyn farmaceutyczny dolnośląskie-północny-12-05-01591,IK07,health,bank krwi / magazyn farmaceutyczny,0212005,0212,02,51.58549,16.91062,260.8,Sieć Medyczna Vita (fikc.),publiczna,K1,88.0,294159,genset,11.3,9.9,1,30.4,1,1,2024-01-25,5,0,1,1,0,72.85000000000001
IK-07-01592,bank krwi / magazyn farmaceutyczny opolskie-północny-12-01-01592,IK07,health,bank krwi / magazyn farmaceutyczny,1612001,1612,16,50.72871,18.71984,280.8,Sieć Medyczna Vita (fikc.),publiczna,K2,58.4,126950,genset,11.9,11.2,0,24.8,1,1,2024-08-19,5,0,2,0,0,35.88
IK-07-01593,bank krwi / magazyn farmaceutyczny opolskie-wschodni-02-01-01593,IK07,health,bank krwi / magazyn farmaceutyczny,1602001,1602,16,50.6633,17.81068,56.3,Sieć Medyczna Vita (fikc.),prywatna,K2,74.0,245141,genset,14.8,10.4,1,32.3,0,1,2025-03-15,5,0,2,0,0,41.52
IK-07-01594,bank krwi / magazyn farmaceutyczny śląskie-miejski-17-06-01594,IK07,health,bank krwi / magazyn farmaceutyczny,2417006,2417,24,49.31212,18.48178,210.8,Samodzielny Publiczny ZOZ (fikc.),publiczna,K3,57.0,302723,genset,14.8,11.7,0,21.4,1,0,2025-05-02,5,0,2,0,0,34.72
IK-07-01595,bank krwi / magazyn farmaceutyczny warmińsko-mazurskie-wschodni-08-06-01595,IK07,health,bank krwi / magazyn farmaceutyczny,2808006,2808,28,53.7266,20.90425,120.9,Szpital Wojewódzki (fikc.),publiczna,K2,69.6,252860,genset,6.5,4.7,0,29.0,1,0,2023-03-28,7,0,2,0,0,41.49
IK-07-01596,bank krwi / magazyn farmaceutyczny dolnośląskie-wschodni-14-05-01596,IK07,health,bank krwi / magazyn farmaceutyczny,0214005,0214,02,51.20165,17.1519,256.6,Samodzielny Publiczny ZOZ (fikc.),publiczna,K2,71.3,319494,genset,14.7,12.3,1,16.2,1,1,2026-03-17,4,0,1,1,0,65.46
IK-07-01597,bank krwi / magazyn farmaceutyczny podlaskie-wschodni-08-03-01597,IK07,health,bank krwi / magazyn farmaceutyczny,2008003,2008,20,53.51865,22.8387,111.5,Szpital Wojewódzki (fikc.),publiczna,K3,49.1,235164,none,0.0,0.0,0,35.8,0,0,2024-09-21,4,0,1,1,1,79.64
IK-07-01598,bank krwi / magazyn farmaceutyczny dolnośląskie-północny-12-02-01598,IK07,health,bank krwi / magazyn farmaceutyczny,0212002,0212,02,51.62815,17.03017,197.4,Szpital Wojewódzki (fikc.),prywatna,K3,41.3,616729,none,0.0,0.0,1,12.4,1,0,2023-09-04,5,0,2,0,1,51.519999999999996
IK-07-01599,bank krwi / magazyn farmaceutyczny lubelskie-wschodni-08-07-01599,IK07,health,bank krwi / magazyn farmaceutyczny,0608007,0608,06,50.8888,22.84199,54.1,Sieć Medyczna Vita (fikc.),publiczna,K2,61.0,807276,genset,9.8,9.0,0,24.6,1,1,2023-05-03,5,0,1,1,0,62.36000000000001
IK-07-01600,bank krwi / magazyn farmaceutyczny wielkopolskie-wschodni-32-04-01600,IK07,health,bank krwi / magazyn farmaceutyczny,3032004,3032,30,52.35953,16.83975,147.7,Szpital Wojewódzki (fikc.),publiczna,K2,59.5,981758,genset,17.2,17.1,0,31.3,0,0,2023-12-01,5,0,1,1,0,60.22
IK-07-01601,bank krwi / magazyn farmaceutyczny wielkopolskie-południowy-13-02-01601,IK07,health,bank krwi / magazyn farmaceutyczny,3013002,3013,30,51.99469,16.70592,193.6,Samodzielny Publiczny ZOZ (fikc.),publiczna,K2,74.9,400508,genset,12.5,9.5,0,22.2,1,1,2025-08-26,6,0,2,0,0,42.36
IK-07-01602,bank krwi / magazyn farmaceutyczny warmińsko-mazurskie-centralny-16-04-01602,IK07,health,bank krwi / magazyn farmaceutyczny,2816004,2816,28,53.72661,19.62933,174.1,Szpital Wojewódzki (fikc.),publiczna,K3,55.5,548343,none,0.0,0.0,0,28.0,1,0,2025-06-21,5,0,1,1,1,82.19999999999999
IK-07-01603,bank krwi / magazyn farmaceutyczny łódzkie-centralny-22-04-01603,IK07,health,bank krwi / magazyn farmaceutyczny,1022004,1022,10,51.94721,19.72224,204.4,Sieć Medyczna Vita (fikc.),publiczna,K2,70.2,413951,genset,13.6,12.5,0,33.1,1,0,2026-05-16,6,0,1,1,0,65.25
IK-07-01604,bank krwi / magazyn farmaceutyczny dolnośląskie-centralny-04-02-01604,IK07,health,bank krwi / magazyn farmaceutyczny,0204002,0204,02,51.10678,16.97841,421.4,Samodzielny Publiczny ZOZ (fikc.),publiczna,K3,45.8,263972,genset,13.3,9.8,0,26.4,1,1,2024-03-23,5,0,2,0,0,30.55
IK-07-01605,bank krwi / magazyn farmaceutyczny mazowieckie-miejski-23-02-01605,IK07,health,bank krwi / magazyn farmaceutyczny,1423002,1423,14,52.73731,20.28348,207.0,Szpital Wojewódzki (fikc.),prywatna,K3,40.5,183432,genset,16.5,12.2,0,34.0,1,0,2025-11-07,7,0,2,0,0,27.76
IK-07-01606,bank krwi / magazyn farmaceutyczny pomorskie-wschodni-02-03-01606,IK07,health,bank krwi / magazyn farmaceutyczny,2202003,2202,22,54.88067,18.04878,238.3,Sieć Medyczna Vita (fikc.),publiczna,K3,43.5,192901,genset,13.3,10.3,0,39.3,1,0,2023-04-03,4,0,1,1,0,54.63
IK-07-01607,bank krwi / magazyn farmaceutyczny świętokrzyskie-wschodni-02-06-01607,IK07,health,bank krwi / magazyn farmaceutyczny,2602006,2602,26,50.05314,19.78592,61.2,Samodzielny Publiczny ZOZ (fikc.),publiczna,K1,84.0,1020606,genset,16.2,14.6,0,35.4,1,1,2024-10-06,5,0,2,0,0,45.22
IK-07-01608,bank krwi / magazyn farmaceutyczny warmińsko-mazurskie-wschodni-14-04-01608,IK07,health,bank krwi / magazyn farmaceutyczny,2814004,2814,28,53.78774,19.55289,143.3,Szpital Wojewódzki (fikc.),publiczna,K3,55.6,147815,genset,13.3,12.3,0,39.4,0,1,2024-07-08,6,0,1,1,0,59.47
IK-07-01609,bank krwi / magazyn farmaceutyczny warmińsko-mazurskie-centralny-04-05-01609,IK07,health,bank krwi / magazyn farmaceutyczny,2804005,2804,28,53.27888,20.70596,178.1,Sieć Medyczna Vita (fikc.),prywatna,K3,56.3,525079,none,0.0,0.0,0,23.6,0,0,2024-04-03,5,0,1,1,1,82.52000000000001
IK-07-01610,bank krwi / magazyn farmaceutyczny opolskie-zachodni-09-04-01610,IK07,health,bank krwi / magazyn farmaceutyczny,1609004,1609,16,50.90926,19.45501,59.6,Sieć Medyczna Vita (fikc.),prywatna,K3,47.5,356963,genset,9.9,8.1,0,38.5,0,0,2025-03-17,4,0,1,1,0,56.940000000000005
IK-07-01611,bank krwi / magazyn farmaceutyczny łódzkie-wschodni-08-03-01611,IK07,health,bank krwi / magazyn farmaceutyczny,1008003,1008,10,52.01693,19.74124,219.9,Samodzielny Publiczny ZOZ (fikc.),prywatna,K1,80.4,400993,genset,9.7,9.5,0,30.2,1,0,2023-11-14,5,0,1,1,0,70.14
IK-07-01612,bank krwi / magazyn farmaceutyczny świętokrzyskie-południowy-07-02-01612,IK07,health,bank krwi / magazyn farmaceutyczny,2607002,2607,26,50.36622,20.73353,215.9,Sieć Medyczna Vita (fikc.),publiczna,K3,49.9,479518,genset,8.6,7.9,0,27.2,0,0,2026-02-05,6,0,1,1,0,58.17
IK-07-01613,bank krwi / magazyn farmaceutyczny dolnośląskie-północny-18-07-01613,IK07,health,bank krwi / magazyn farmaceutyczny,0218007,0218,02,51.32942,17.4672,103.5,Samodzielny Publiczny ZOZ (fikc.),publiczna,K2,72.5,200581,genset,14.4,12.7,0,16.3,1,1,2024-08-26,4,0,1,1,0,66.0
IK-07-01614,bank krwi / magazyn farmaceutyczny opolskie-północny-06-04-01614,IK07,health,bank krwi / magazyn farmaceutyczny,1606004,1606,16,50.8309,18.15333,222.8,Sieć Medyczna Vita (fikc.),publiczna,K2,74.2,228882,genset,11.3,8.0,1,25.9,1,1,2023-04-18,5,0,2,0,0,42.33
IK-08-01615,węzeł kolejowy podlaskie-miejski-11-04-01615,IK08,transport,węzeł kolejowy,2011004,2011,20,54.02344,24.03348,52.6,Porty Lotnicze (fikc.),publiczna,K2,64.1,247155,genset,3.3,3.2,0,16.1,1,0,2023-10-17,3,2,2,0,0,39.95
IK-08-01616,węzeł kolejowy wielkopolskie-centralny-10-04-01616,IK08,transport,węzeł kolejowy,3010004,3010,30,51.67717,17.24478,25.9,Kolej Krajowa S.A. (fikc.),publiczna,K1,97.9,349881,genset,5.3,4.7,0,4.2,1,1,2025-10-29,2,4,1,1,0,78.06
IK-08-01617,węzeł kolejowy dolnośląskie-północny-06-05-01617,IK08,transport,węzeł kolejowy,0206005,0206,02,51.39844,17.16693,208.5,Zarząd Dróg (fikc.),publiczna,K2,73.0,207246,genset,4.4,4.2,1,31.2,1,1,2026-03-20,3,3,2,0,0,43.28
IK-08-01618,węzeł kolejowy podlaskie-wschodni-14-04-01618,IK08,transport,węzeł kolejowy,2014004,2014,20,53.37401,23.29061,220.2,Porty Lotnicze (fikc.),publiczna,K2,67.1,417167,genset,4.2,3.3,0,20.9,1,1,2024-11-07,2,1,1,1,0,65.96
IK-08-01619,węzeł kolejowy opolskie-zachodni-09-05-01619,IK08,transport,węzeł kolejowy,1609005,1609,16,51.01478,19.07732,174.7,Kolej Krajowa S.A. (fikc.),prywatna,K2,72.9,270979,none,0.0,0.0,1,23.2,1,1,2023-07-08,2,1,1,1,1,89.16
IK-08-01620,węzeł kolejowy podlaskie-zachodni-09-06-01620,IK08,transport,węzeł kolejowy,2009006,2009,20,53.68802,23.34389,185.7,Kolej Krajowa S.A. (fikc.),publiczna,K2,75.7,704818,none,0.0,0.0,0,23.7,1,0,2023-04-26,3,2,1,1,1,90.28
IK-08-01621,węzeł kolejowy dolnośląskie-północny-18-07-01621,IK08,transport,węzeł kolejowy,0218007,0218,02,51.32458,17.51378,161.0,Porty Lotnicze (fikc.),publiczna,K2,72.3,288934,genset,6.7,6.4,0,3.7,1,0,2025-05-09,3,6,2,0,0,42.52
IK-08-01622,węzeł kolejowy opolskie-południowy-01-04-01622,IK08,transport,węzeł kolejowy,1601004,1601,16,50.63324,18.02491,215.5,Kolej Krajowa S.A. (fikc.),prywatna,K1,83.1,177597,genset,5.2,4.4,0,23.3,1,1,2025-05-02,3,1,2,0,0,47.160000000000004
IK-08-01623,węzeł kolejowy dolnośląskie-centralny-28-07-01623,IK08,transport,węzeł kolejowy,0228007,0228,02,50.96777,16.41431,69.1,Zarząd Dróg (fikc.),publiczna,K1,85.9,484225,genset,3.5,3.1,0,9.5,1,0,2026-04-21,2,0,1,1,0,73.63
IK-08-01624,węzeł kolejowy opolskie-centralny-10-01-01624,IK08,transport,węzeł kolejowy,1610001,1610,16,50.72512,16.81755,218.3,Kolej Krajowa S.A. (fikc.),publiczna,K2,72.0,418279,genset,5.4,5.2,0,27.7,1,1,2026-01-27,4,3,2,0,0,42.68
IK-08-01625,węzeł kolejowy opolskie-miejski-11-07-01625,IK08,transport,węzeł kolejowy,1611007,1611,16,51.11893,17.28511,152.9,Porty Lotnicze (fikc.),publiczna,K2,73.6,508063,genset,4.5,3.5,1,27.9,1,0,2024-05-23,3,2,2,0,0,43.5
IK-08-01626,węzeł kolejowy opolskie-południowy-07-05-01626,IK08,transport,węzeł kolejowy,1607005,1607,16,50.61557,18.46801,186.4,Porty Lotnicze (fikc.),prywatna,K1,87.9,331413,genset,4.7,3.4,1,10.7,1,1,2026-02-28,3,8,2,0,0,49.18
IK-08-01627,węzeł kolejowy zachodniopomorskie-południowy-13-01-01627,IK08,transport,węzeł kolejowy,3213001,3213,32,53.12144,13.62046,84.2,Zarząd Dróg (fikc.),publiczna,K2,71.4,191290,none,0.0,0.0,0,32.9,1,0,2026-08-19,2,0,1,1,1,88.56
IK-08-01628,węzeł kolejowy podkarpackie-wschodni-20-02-01628,IK08,transport,węzeł kolejowy,1820002,1820,18,49.96805,21.58891,248.1,Porty Lotnicze (fikc.),prywatna,K1,83.1,439978,genset,4.3,3.9,0,25.7,1,0,2024-06-09,3,6,1,1,0,72.34
IK-08-01629,węzeł kolejowy opolskie-zachodni-03-02-01629,IK08,transport,węzeł kolejowy,1603002,1603,16,51.05732,16.74305,191.2,Zarząd Dróg (fikc.),prywatna,K3,55.7,74044,genset,2.4,2.4,1,25.2,0,1,2025-03-04,2,0,1,1,0,61.78
IK-08-01630,węzeł kolejowy dolnośląskie-centralny-10-04-01630,IK08,transport,węzeł kolejowy,0210004,0210,02,51.49245,17.20761,142.4,Kolej Krajowa S.A. (fikc.),publiczna,K3,51.4,311274,genset,3.7,2.7,1,16.5,1,1,2025-03-14,4,1,2,0,0,34.79
IK-08-01631,węzeł kolejowy kujawsko-pomorskie-północny-06-03-01631,IK08,transport,węzeł kolejowy,0406003,0406,04,52.66648,17.94137,85.4,Zarząd Dróg (fikc.),publiczna,K2,79.5,241215,genset,3.8,3.4,0,34.5,1,1,2024-12-07,3,5,2,0,0,46.01
IK-08-01632,węzeł kolejowy wielkopolskie-północny-30-04-01632,IK08,transport,węzeł kolejowy,3030004,3030,30,51.82797,17.47487,118.0,Kolej Krajowa S.A. (fikc.),prywatna,K2,59.3,617159,genset,2.9,2.7,0,31.9,1,1,2024-02-12,3,1,2,0,0,38.12
IK-08-01633,węzeł kolejowy dolnośląskie-wschodni-14-01-01633,IK08,transport,węzeł kolejowy,0214001,0214,02,51.2009,17.11073,199.1,Kolej Krajowa S.A. (fikc.),publiczna,K2,65.5,180752,genset,3.2,2.6,0,32.6,1,1,2026-03-17,3,1,2,0,0,40.53
IK-08-01634,węzeł kolejowy kujawsko-pomorskie-centralny-10-07-01634,IK08,transport,węzeł kolejowy,0410007,0410,04,53.54803,18.0534,139.4,Zarząd Dróg (fikc.),publiczna,K2,77.4,159568,none,0.0,0.0,0,20.3,0,0,2026-02-07,2,0,1,1,1,90.96
IK-08-01635,węzeł kolejowy warmińsko-mazurskie-wschodni-14-04-01635,IK08,transport,węzeł kolejowy,2814004,2814,28,53.81868,19.53579,146.6,Zarząd Dróg (fikc.),publiczna,K2,64.1,144746,none,0.0,0.0,0,23.3,1,0,2023-03-19,3,7,2,0,1,60.64000000000001
IK-08-01636,węzeł kolejowy kujawsko-pomorskie-miejski-11-05-01636,IK08,transport,węzeł kolejowy,0411005,0411,04,53.2111,18.022,125.4,Zarząd Dróg (fikc.),publiczna,K2,74.3,232595,genset,4.9,4.1,0,4.7,1,1,2024-09-15,4,4,2,0,0,43.7
IK-08-01637,węzeł kolejowy lubelskie-południowy-19-06-01637,IK08,transport,węzeł kolejowy,0619006,0619,06,50.31752,22.40712,181.5,Kolej Krajowa S.A. (fikc.),publiczna,K1,82.7,168038,genset,3.4,3.0,0,34.9,1,1,2026-07-09,3,0,2,0,0,47.370000000000005
IK-08-01638,węzeł kolejowy małopolskie-centralny-04-04-01638,IK08,transport,węzeł kolejowy,1204004,1204,12,49.37445,19.83895,44.4,Porty Lotnicze (fikc.),prywatna,K2,65.0,48024,genset,3.7,2.8,0,5.4,0,1,2023-06-08,2,2,1,1,0,65.23
IK-08-01639,węzeł kolejowy małopolskie-wschodni-20-07-01639,IK08,transport,węzeł kolejowy,1220007,1220,12,50.14372,19.94682,47.7,Zarząd Dróg (fikc.),prywatna,K2,74.0,124884,genset,3.5,2.8,0,33.1,1,0,2025-11-21,4,6,2,0,0,43.87
IK-08-01640,węzeł kolejowy opolskie-północny-06-06-01640,IK08,transport,węzeł kolejowy,1606006,1606,16,50.9806,18.27798,137.5,Porty Lotnicze (fikc.),publiczna,K2,65.3,209331,genset,0.6,0.5,0,33.6,1,1,2023-05-19,2,0,1,1,0,66.0
IK-08-01641,węzeł kolejowy opolskie-północny-06-04-01641,IK08,transport,węzeł kolejowy,1606004,1606,16,50.82372,18.17613,68.4,Zarząd Dróg (fikc.),prywatna,K1,99.0,363635,genset,4.2,3.2,1,26.0,1,1,2024-06-12,3,4,1,1,0,78.72
IK-08-01642,węzeł kolejowy śląskie-miejski-05-01-01642,IK08,transport,węzeł kolejowy,2405001,2405,24,50.4862,19.04613,160.1,Porty Lotnicze (fikc.),publiczna,K2,62.1,166825,genset,4.4,3.7,0,33.1,0,0,2023-11-18,4,2,2,0,0,38.92
IK-08-01643,węzeł kolejowy opolskie-miejski-11-05-01643,IK08,transport,węzeł kolejowy,1611005,1611,16,51.26675,17.65949,259.5,Zarząd Dróg (fikc.),publiczna,K1,88.2,263822,genset,6.4,5.6,0,13.6,1,1,2023-05-11,2,6,1,1,0,73.95
IK-08-01644,węzeł kolejowy łódzkie-południowy-01-04-01644,IK08,transport,węzeł kolejowy,1001004,1001,10,51.57906,20.37132,242.5,Kolej Krajowa S.A. (fikc.),publiczna,K1,99.0,246720,genset,6.0,4.6,0,19.3,1,1,2026-07-02,2,3,1,1,0,78.35
IK-08-01645,węzeł kolejowy podlaskie-wschodni-08-06-01645,IK08,transport,węzeł kolejowy,2008006,2008,20,53.40904,22.86534,99.9,Zarząd Dróg (fikc.),publiczna,K2,78.2,169226,genset,3.9,3.3,0,19.4,1,1,2025-11-09,2,2,1,1,0,70.47
IK-08-01646,węzeł kolejowy warmińsko-mazurskie-wschodni-08-02-01646,IK08,transport,węzeł kolejowy,2808002,2808,28,53.52549,20.44159,131.4,Kolej Krajowa S.A. (fikc.),publiczna,K2,60.4,763436,genset,3.9,2.9,0,8.2,1,1,2024-01-01,2,5,1,1,0,63.349999999999994
IK-08-01647,węzeł kolejowy lubuskie-centralny-04-07-01647,IK08,transport,węzeł kolejowy,0804007,0804,08,51.57049,14.82516,134.4,Kolej Krajowa S.A. (fikc.),publiczna,K1,97.1,776262,none,0.0,0.0,0,30.6,1,1,2025-11-21,3,0,1,1,1,98.83999999999999
IK-08-01648,węzeł kolejowy opolskie-centralny-04-04-01648,IK08,transport,węzeł kolejowy,1604004,1604,16,50.71385,18.72744,284.7,Porty Lotnicze (fikc.),publiczna,K2,62.6,93240,genset,5.9,4.3,0,29.1,1,1,2024-04-14,2,8,1,1,0,63.81
IK-08-01649,węzeł kolejowy lubuskie-wschodni-08-05-01649,IK08,transport,węzeł kolejowy,0808005,0808,08,51.93057,15.49771,116.5,Zarząd Dróg (fikc.),publiczna,K2,74.4,275619,genset,3.2,2.3,0,24.5,1,1,2025-12-17,4,1,2,0,0,44.09
IK-08-01650,węzeł kolejowy opolskie-wschodni-02-03-01650,IK08,transport,węzeł kolejowy,1602003,1602,16,50.7716,18.21283,243.3,Kolej Krajowa S.A. (fikc.),prywatna,K2,74.3,418444,genset,4.6,4.5,0,26.3,1,1,2026-01-02,3,4,2,0,0,43.76
IK-08-01651,węzeł kolejowy łódzkie-południowy-01-05-01651,IK08,transport,węzeł kolejowy,1001005,1001,10,51.52761,20.10001,115.5,Zarząd Dróg (fikc.),publiczna,K2,74.3,673761,genset,5.7,4.0,0,14.7,1,1,2025-07-10,2,6,1,1,0,68.53
IK-08-01652,węzeł kolejowy opolskie-południowy-07-03-01652,IK08,transport,węzeł kolejowy,1607003,1607,16,50.827,18.52232,65.7,Zarząd Dróg (fikc.),publiczna,K2,70.7,147514,genset,4.6,4.1,1,27.7,0,1,2023-06-11,2,2,1,1,0,67.32000000000001
IK-08-01653,węzeł kolejowy śląskie-północny-06-06-01653,IK08,transport,węzeł kolejowy,2406006,2406,24,50.64232,18.74538,156.1,Zarząd Dróg (fikc.),publiczna,K2,65.9,263650,genset,4.5,4.1,0,32.9,1,0,2023-06-26,3,2,1,1,0,65.42
IK-08-01654,węzeł kolejowy pomorskie-centralny-04-05-01654,IK08,transport,węzeł kolejowy,2204005,2204,22,54.17157,18.95954,66.1,Porty Lotnicze (fikc.),publiczna,K1,88.1,572721,genset,4.3,3.8,0,20.5,1,1,2023-11-01,2,5,1,1,0,74.33999999999999
IK-08-01655,węzeł kolejowy podlaskie-południowy-01-04-01655,IK08,transport,węzeł kolejowy,2001004,2001,20,52.96944,22.27904,49.1,Porty Lotnicze (fikc.),publiczna,K1,86.5,257385,genset,1.6,1.5,0,36.5,1,1,2024-07-03,3,0,2,0,0,49.27
IK-08-01656,węzeł kolejowy opolskie-zachodni-03-02-01656,IK08,transport,węzeł kolejowy,1603002,1603,16,51.12938,16.78742,265.1,Kolej Krajowa S.A. (fikc.),publiczna,K3,56.6,264573,genset,5.2,4.9,0,23.3,1,0,2023-08-10,2,1,1,1,0,61.56
IK-08-01657,węzeł kolejowy opolskie-zachodni-03-03-01657,IK08,transport,węzeł kolejowy,1603003,1603,16,51.16652,17.35946,294.2,Porty Lotnicze (fikc.),prywatna,K1,86.2,112051,genset,4.0,3.6,0,23.1,1,1,2024-05-02,2,4,1,1,0,73.65
IK-08-01658,węzeł kolejowy łódzkie-zachodni-09-03-01658,IK08,transport,węzeł kolejowy,1009003,1009,10,51.67679,19.20479,265.3,Zarząd Dróg (fikc.),prywatna,K2,76.0,145702,genset,1.3,1.0,0,34.3,1,1,2025-04-15,2,6,1,1,0,70.13000000000001
IK-08-01659,węzeł kolejowy łódzkie-wschodni-08-05-01659,IK08,transport,węzeł kolejowy,1008005,1008,10,52.21187,19.51859,41.8,Kolej Krajowa S.A. (fikc.),publiczna,K2,73.8,695663,genset,4.2,3.6,0,14.0,1,0,2025-09-27,4,3,2,0,0,43.64
IK-08-01660,węzeł kolejowy lubelskie-centralny-16-04-01660,IK08,transport,węzeł kolejowy,0616004,0616,06,51.29985,22.89385,172.9,Porty Lotnicze (fikc.),prywatna,K2,72.0,270379,genset,4.3,3.5,0,42.9,1,0,2024-08-15,2,3,1,1,0,67.9
IK-08-01661,węzeł kolejowy dolnośląskie-centralny-28-07-01661,IK08,transport,węzeł kolejowy,0228007,0228,02,50.96215,16.38429,212.5,Kolej Krajowa S.A. (fikc.),publiczna,K1,93.6,215951,genset,3.5,2.5,0,24.2,1,1,2025-07-02,3,0,2,0,0,51.71
IK-08-01662,węzeł kolejowy lubelskie-południowy-01-05-01662,IK08,transport,węzeł kolejowy,0601005,0601,06,50.65349,22.35635,164.6,Zarząd Dróg (fikc.),publiczna,K1,95.2,314546,genset,1.7,1.7,0,33.0,1,1,2026-06-15,3,3,1,1,0,77.73
IK-08-01663,węzeł kolejowy warmińsko-mazurskie-południowy-01-06-01663,IK08,transport,węzeł kolejowy,2801006,2801,28,54.02212,21.13855,154.3,Kolej Krajowa S.A. (fikc.),publiczna,K1,86.6,859261,genset,4.9,4.4,0,24.5,1,1,2024-02-20,2,2,1,1,0,73.61999999999999
IK-08-01664,węzeł kolejowy lubuskie-południowy-01-05-01664,IK08,transport,węzeł kolejowy,0801005,0801,08,51.95181,16.61778,167.8,Porty Lotnicze (fikc.),publiczna,K1,88.3,176726,genset,3.3,2.9,0,40.4,1,0,2024-07-29,3,2,2,0,0,49.63
IK-08-01665,węzeł kolejowy dolnośląskie-południowy-19-06-01665,IK08,transport,węzeł kolejowy,0219006,0219,02,51.14719,16.4316,180.4,Porty Lotnicze (fikc.),publiczna,K1,88.0,205728,genset,5.3,3.9,1,22.8,1,1,2023-02-18,3,2,1,1,0,74.1
IK-08-01666,węzeł kolejowy kujawsko-pomorskie-północny-18-02-01666,IK08,transport,węzeł kolejowy,0418002,0418,04,52.29059,17.65435,252.7,Kolej Krajowa S.A. (fikc.),prywatna,K2,70.0,525060,genset,3.8,3.2,0,35.8,1,1,2025-05-02,3,3,2,0,0,42.21
IK-08-01667,węzeł kolejowy podkarpackie-wschodni-02-05-01667,IK08,transport,węzeł kolejowy,1802005,1802,18,49.28043,21.89943,157.3,Kolej Krajowa S.A. (fikc.),publiczna,K2,63.6,270496,genset,5.3,4.9,0,23.5,1,1,2025-09-06,3,3,1,1,0,64.34
IK-08-01668,węzeł kolejowy podlaskie-zachodni-15-02-01668,IK08,transport,węzeł kolejowy,2015002,2015,20,53.27335,22.58227,80.1,Kolej Krajowa S.A. (fikc.),publiczna,K1,82.1,117272,genset,3.6,3.1,0,29.6,1,0,2024-12-27,2,2,1,1,0,72.09
IK-08-01669,węzeł kolejowy lubuskie-zachodni-03-02-01669,IK08,transport,węzeł kolejowy,0803002,0803,08,51.90191,14.89708,323.3,Porty Lotnicze (fikc.),publiczna,K2,62.4,335906,genset,3.8,2.8,0,22.9,0,0,2023-07-01,2,2,1,1,0,64.17
IK-08-01670,węzeł kolejowy mazowieckie-zachodni-15-05-01670,IK08,transport,węzeł kolejowy,1415005,1415,14,52.7479,20.7137,157.6,Kolej Krajowa S.A. (fikc.),prywatna,K2,71.8,1438717,genset,5.7,5.4,0,19.6,1,1,2025-10-04,2,5,1,1,0,67.53
IK-08-01671,most/przeprawa krytyczna dolnośląskie-południowy-25-04-01671,IK08,transport,most/przeprawa krytyczna,0225004,0225,02,51.295,16.9256,243.1,Zarząd Dróg (fikc.),publiczna,K2,72.3,91619,none,0.0,0.0,0,35.2,1,1,2025-02-11,3,3,2,0,1,63.92
IK-08-01672,most/przeprawa krytyczna dolnośląskie-centralny-04-03-01672,IK08,transport,most/przeprawa krytyczna,0204003,0204,02,51.19069,16.93552,141.5,Kolej Krajowa S.A. (fikc.),publiczna,K2,64.4,68902,none,0.0,0.0,1,17.9,1,0,2024-04-11,2,3,1,1,1,85.76
IK-08-01673,most/przeprawa krytyczna dolnośląskie-centralny-28-03-01673,IK08,transport,most/przeprawa krytyczna,0228003,0228,02,50.95481,16.96019,148.1,Zarząd Dróg (fikc.),publiczna,K2,62.6,81118,none,0.0,0.0,0,29.1,1,1,2026-07-18,2,2,1,1,1,85.04
IK-08-01674,most/przeprawa krytyczna dolnośląskie-centralny-22-02-01674,IK08,transport,most/przeprawa krytyczna,0222002,0222,02,50.7388,16.91041,294.7,Zarząd Dróg (fikc.),prywatna,K3,50.6,173771,none,0.0,0.0,1,25.5,1,0,2025-02-27,3,2,2,0,1,55.24
IK-08-01675,most/przeprawa krytyczna śląskie-południowy-07-06-01675,IK08,transport,most/przeprawa krytyczna,2407006,2407,24,50.3455,19.96976,247.8,Porty Lotnicze (fikc.),publiczna,K2,69.8,74177,none,0.0,0.0,0,30.7,1,0,2024-01-24,2,4,1,1,1,87.92
IK-08-01676,most/przeprawa krytyczna opolskie-centralny-10-02-01676,IK08,transport,most/przeprawa krytyczna,1610002,1610,16,50.74226,16.57336,218.0,Porty Lotnicze (fikc.),publiczna,K3,44.0,133300,none,0.0,0.0,1,27.7,1,1,2025-06-22,3,2,2,0,1,52.6
IK-08-01677,most/przeprawa krytyczna lubelskie-centralny-04-05-01677,IK08,transport,most/przeprawa krytyczna,0604005,0604,06,51.25132,21.83075,106.4,Porty Lotnicze (fikc.),publiczna,K1,88.2,114082,none,0.0,0.0,0,23.4,1,1,2025-03-20,3,4,2,0,1,70.28
IK-08-01678,most/przeprawa krytyczna dolnośląskie-wschodni-20-03-01678,IK08,transport,most/przeprawa krytyczna,0220003,0220,02,51.13876,17.67711,4.2,Kolej Krajowa S.A. (fikc.),prywatna,K2,68.2,108208,none,0.0,0.0,0,13.5,1,1,2026-04-14,3,6,2,0,1,62.28
IK-08-01679,most/przeprawa krytyczna mazowieckie-zachodni-21-05-01679,IK08,transport,most/przeprawa krytyczna,1421005,1421,14,52.47549,20.83476,189.5,Kolej Krajowa S.A. (fikc.),prywatna,K2,79.3,118156,none,0.0,0.0,0,20.8,1,1,2023-04-28,4,1,2,0,1,66.72
IK-08-01680,most/przeprawa krytyczna dolnośląskie-centralny-28-05-01680,IK08,transport,most/przeprawa krytyczna,0228005,0228,02,50.80121,16.66828,103.6,Porty Lotnicze (fikc.),prywatna,K2,73.0,61368,none,0.0,0.0,0,16.0,1,1,2026-01-15,3,2,1,1,1,89.2
IK-08-01681,most/przeprawa krytyczna dolnośląskie-zachodni-27-04-01681,IK08,transport,most/przeprawa krytyczna,0227004,0227,02,50.53636,16.89419,227.6,Kolej Krajowa S.A. (fikc.),publiczna,K3,57.1,103493,none,0.0,0.0,1,18.4,1,1,2023-07-27,3,5,2,0,1,57.84
IK-08-01682,most/przeprawa krytyczna dolnośląskie-wschodni-08-06-01682,IK08,transport,most/przeprawa krytyczna,0208006,0208,02,51.20486,16.40431,185.2,Porty Lotnicze (fikc.),publiczna,K1,80.9,40636,none,0.0,0.0,1,38.5,0,0,2023-09-30,4,6,2,0,1,67.36
IK-08-01683,most/przeprawa krytyczna dolnośląskie-wschodni-26-07-01683,IK08,transport,most/przeprawa krytyczna,0226007,0226,02,51.20425,16.73601,250.8,Zarząd Dróg (fikc.),publiczna,K3,57.4,71392,none,0.0,0.0,0,43.6,0,0,2024-01-19,3,3,2,0,1,57.96
IK-08-01684,most/przeprawa krytyczna śląskie-północny-30-05-01684,IK08,transport,most/przeprawa krytyczna,2430005,2430,24,50.68481,19.53179,179.2,Porty Lotnicze (fikc.),publiczna,K3,55.0,65037,none,0.0,0.0,0,32.3,0,1,2025-03-14,2,1,1,1,1,82.0
IK-08-01685,most/przeprawa krytyczna małopolskie-miejski-17-01-01685,IK08,transport,most/przeprawa krytyczna,1217001,1217,12,50.15249,19.81213,157.2,Porty Lotnicze (fikc.),prywatna,K2,69.2,43952,none,0.0,0.0,0,30.7,0,0,2023-06-18,3,9,2,0,1,62.68
IK-08-01686,most/przeprawa krytyczna lubuskie-centralny-04-03-01686,IK08,transport,most/przeprawa krytyczna,0804003,0804,08,51.82191,15.24129,145.8,Zarząd Dróg (fikc.),publiczna,K3,54.6,95845,none,0.0,0.0,0,40.0,0,0,2023-10-05,3,2,2,0,1,56.84
IK-08-01687,most/przeprawa krytyczna dolnośląskie-wschodni-14-07-01687,IK08,transport,most/przeprawa krytyczna,0214007,0214,02,51.25817,17.56278,147.8,Zarząd Dróg (fikc.),publiczna,K2,73.5,100963,none,0.0,0.0,1,19.4,0,1,2023-11-06,3,5,2,0,1,64.4
IK-08-01688,most/przeprawa krytyczna mazowieckie-wschodni-38-05-01688,IK08,transport,most/przeprawa krytyczna,1438005,1438,14,51.49612,21.72082,174.9,Kolej Krajowa S.A. (fikc.),prywatna,K2,68.7,166063,none,0.0,0.0,0,14.6,1,0,2025-01-05,3,2,2,0,1,62.480000000000004
IK-08-01689,most/przeprawa krytyczna warmińsko-mazurskie-zachodni-03-03-01689,IK08,transport,most/przeprawa krytyczna,2803003,2803,28,53.10681,20.86568,174.8,Zarząd Dróg (fikc.),prywatna,K3,53.9,109131,none,0.0,0.0,0,27.4,0,1,2026-01-01,3,4,2,0,1,56.56
IK-08-01690,most/przeprawa krytyczna lubuskie-zachodni-09-04-01690,IK08,transport,most/przeprawa krytyczna,0809004,0809,08,51.95425,15.3136,23.6,Kolej Krajowa S.A. (fikc.),prywatna,K3,41.1,119515,none,0.0,0.0,0,50.3,0,0,2024-06-16,3,1,2,0,1,51.44
IK-08-01691,most/przeprawa krytyczna łódzkie-południowy-19-01-01691,IK08,transport,most/przeprawa krytyczna,1019001,1019,10,51.89219,18.92213,56.7,Zarząd Dróg (fikc.),publiczna,K2,77.0,177753,none,0.0,0.0,0,26.4,1,0,2025-06-19,3,4,2,0,1,65.8
IK-08-01692,most/przeprawa krytyczna podlaskie-północny-12-06-01692,IK08,transport,most/przeprawa krytyczna,2012006,2012,20,52.94868,23.12735,229.8,Porty Lotnicze (fikc.),publiczna,K2,66.5,86638,none,0.0,0.0,0,16.4,1,1,2023-11-17,3,2,2,0,1,61.6
IK-08-01693,most/przeprawa krytyczna kujawsko-pomorskie-centralny-04-01-01693,IK08,transport,most/przeprawa krytyczna,0404001,0404,04,53.05408,18.21654,153.4,Zarząd Dróg (fikc.),publiczna,K2,73.8,222489,none,0.0,0.0,0,36.5,1,0,2025-12-17,4,7,2,0,1,64.52
IK-08-01694,most/przeprawa krytyczna dolnośląskie-południowy-19-01-01694,IK08,transport,most/przeprawa krytyczna,0219001,0219,02,51.0654,16.81821,216.6,Kolej Krajowa S.A. (fikc.),prywatna,K3,37.7,94846,none,0.0,0.0,1,36.8,0,0,2025-10-15,2,2,1,1,1,75.08
IK-08-01695,most/przeprawa krytyczna świętokrzyskie-południowy-07-01-01695,IK08,transport,most/przeprawa krytyczna,2607001,2607,26,50.10729,20.77396,150.3,Zarząd Dróg (fikc.),publiczna,K2,63.6,51955,none,0.0,0.0,0,25.4,1,0,2023-11-10,2,1,1,1,1,85.44
IK-08-01696,most/przeprawa krytyczna podlaskie-zachodni-15-04-01696,IK08,transport,most/przeprawa krytyczna,2015004,2015,20,52.93626,22.55709,44.7,Zarząd Dróg (fikc.),publiczna,K2,68.3,455411,none,0.0,0.0,0,17.3,0,0,2025-03-13,2,1,1,1,1,87.32
IK-08-01697,most/przeprawa krytyczna opolskie-miejski-11-01-01697,IK08,transport,most/przeprawa krytyczna,1611001,1611,16,51.25067,17.5602,236.5,Zarząd Dróg (fikc.),publiczna,K2,62.1,43323,none,0.0,0.0,1,11.2,1,1,2026-05-22,3,4,2,0,1,59.84
IK-08-01698,most/przeprawa krytyczna podlaskie-centralny-10-01-01698,IK08,transport,most/przeprawa krytyczna,2010001,2010,20,52.89766,23.32224,55.7,Kolej Krajowa S.A. (fikc.),publiczna,K2,69.3,108667,none,0.0,0.0,0,16.4,0,1,2026-02-12,2,4,1,1,1,87.72
IK-08-01699,most/przeprawa krytyczna lubelskie-północny-18-03-01699,IK08,transport,most/przeprawa krytyczna,0618003,0618,06,51.35763,21.95421,164.2,Porty Lotnicze (fikc.),prywatna,K2,69.1,58141,none,0.0,0.0,0,20.6,0,0,2025-02-20,2,5,1,1,1,87.64
IK-08-01700,most/przeprawa krytyczna dolnośląskie-wschodni-14-04-01700,IK08,transport,most/przeprawa krytyczna,0214004,0214,02,51.34426,17.00811,177.8,Kolej Krajowa S.A. (fikc.),publiczna,K2,76.7,58221,none,0.0,0.0,0,35.3,1,1,2025-08-03,3,0,1,1,1,90.68
IK-08-01701,most/przeprawa krytyczna dolnośląskie-południowy-25-05-01701,IK08,transport,most/przeprawa krytyczna,0225005,0225,02,51.52699,17.08706,140.5,Zarząd Dróg (fikc.),publiczna,K2,68.3,72010,none,0.0,0.0,1,46.3,1,0,2026-04-05,2,1,1,1,1,87.32
IK-08-01702,most/przeprawa krytyczna lubuskie-wschodni-08-02-01702,IK08,transport,most/przeprawa krytyczna,0808002,0808,08,52.2626,15.39981,105.4,Zarząd Dróg (fikc.),prywatna,K1,91.0,98875,none,0.0,0.0,0,14.0,1,1,2024-07-16,3,3,2,0,1,71.39999999999999
IK-08-01703,most/przeprawa krytyczna dolnośląskie-wschodni-20-01-01703,IK08,transport,most/przeprawa krytyczna,0220001,0220,02,50.52853,17.23818,304.4,Porty Lotnicze (fikc.),prywatna,K2,72.9,23073,none,0.0,0.0,1,13.1,1,1,2023-03-04,2,2,1,1,1,89.16
IK-08-01704,most/przeprawa krytyczna lubelskie-miejski-05-03-01704,IK08,transport,most/przeprawa krytyczna,0605003,0605,06,51.13026,22.36106,112.1,Kolej Krajowa S.A. (fikc.),prywatna,K2,68.3,162649,none,0.0,0.0,0,35.4,0,0,2026-03-28,2,3,1,1,1,87.32
IK-08-01705,most/przeprawa krytyczna świętokrzyskie-zachodni-09-04-01705,IK08,transport,most/przeprawa krytyczna,2609004,2609,26,50.43402,20.41179,234.2,Porty Lotnicze (fikc.),prywatna,K2,59.2,54979,none,0.0,0.0,0,33.7,0,1,2024-07-12,3,2,2,0,1,58.68
IK-08-01706,most/przeprawa krytyczna lubuskie-wschodni-14-04-01706,IK08,transport,most/przeprawa krytyczna,0814004,0814,08,52.59612,15.52028,47.9,Kolej Krajowa S.A. (fikc.),publiczna,K1,86.2,57238,none,0.0,0.0,0,16.5,1,1,2025-02-21,4,8,2,0,1,69.48
IK-08-01707,most/przeprawa krytyczna lubelskie-wschodni-14-03-01707,IK08,transport,most/przeprawa krytyczna,0614003,0614,06,51.28898,22.52868,181.3,Kolej Krajowa S.A. (fikc.),publiczna,K2,67.6,270214,none,0.0,0.0,0,15.6,0,0,2025-06-23,2,0,1,1,1,87.03999999999999
IK-08-01708,most/przeprawa krytyczna pomorskie-miejski-05-02-01708,IK08,transport,most/przeprawa krytyczna,2205002,2205,22,54.65644,18.43625,128.5,Porty Lotnicze (fikc.),publiczna,K1,90.6,187573,none,0.0,0.0,0,37.2,1,1,2023-06-16,3,0,1,1,1,96.24000000000001
IK-08-01709,most/przeprawa krytyczna świętokrzyskie-zachodni-03-04-01709,IK08,transport,most/przeprawa krytyczna,2603004,2603,26,50.97394,20.13234,105.8,Kolej Krajowa S.A. (fikc.),prywatna,K3,57.0,113263,none,0.0,0.0,0,37.9,1,1,2025-05-10,2,4,1,1,1,82.8
IK-08-01710,most/przeprawa krytyczna warmińsko-mazurskie-centralny-16-03-01710,IK08,transport,most/przeprawa krytyczna,2816003,2816,28,53.73704,19.93389,255.8,Zarząd Dróg (fikc.),publiczna,K2,66.8,126524,none,0.0,0.0,0,32.8,0,1,2025-07-13,2,5,1,1,1,86.72
IK-08-01711,most/przeprawa krytyczna podkarpackie-północny-24-05-01711,IK08,transport,most/przeprawa krytyczna,1824005,1824,18,49.35625,22.53556,124.7,Porty Lotnicze (fikc.),publiczna,K2,61.5,53839,none,0.0,0.0,0,32.7,1,1,2023-06-28,3,1,2,0,1,59.599999999999994
IK-08-01712,most/przeprawa krytyczna opolskie-miejski-05-07-01712,IK08,transport,most/przeprawa krytyczna,1605007,1605,16,50.41542,17.59914,61.1,Porty Lotnicze (fikc.),publiczna,K2,65.3,160041,none,0.0,0.0,1,20.1,0,1,2023-11-04,3,11,2,0,1,61.12
IK-08-01713,most/przeprawa krytyczna dolnośląskie-zachodni-15-05-01713,IK08,transport,most/przeprawa krytyczna,0215005,0215,02,51.29202,17.53099,286.5,Zarząd Dróg (fikc.),publiczna,K3,56.4,109265,none,0.0,0.0,1,16.9,0,0,2024-05-30,2,3,1,1,1,82.56
IK-08-01714,most/przeprawa krytyczna zachodniopomorskie-zachodni-15-02-01714,IK08,transport,most/przeprawa krytyczna,3215002,3215,32,54.22676,15.25478,74.0,Porty Lotnicze (fikc.),publiczna,K2,61.0,59609,none,0.0,0.0,0,42.8,1,1,2023-06-25,4,1,2,0,1,59.4
IK-08-01715,most/przeprawa krytyczna świętokrzyskie-miejski-11-03-01715,IK08,transport,most/przeprawa krytyczna,2611003,2611,26,50.89115,19.91669,178.8,Porty Lotnicze (fikc.),prywatna,K2,76.3,82961,none,0.0,0.0,0,15.9,1,0,2024-09-12,2,7,1,1,1,90.52
IK-08-01716,most/przeprawa krytyczna dolnośląskie-miejski-11-02-01716,IK08,transport,most/przeprawa krytyczna,0211002,0211,02,50.92947,16.31348,223.4,Kolej Krajowa S.A. (fikc.),publiczna,K1,92.2,119114,none,0.0,0.0,1,21.6,1,0,2023-04-12,2,3,1,1,1,96.88
IK-08-01717,most/przeprawa krytyczna wielkopolskie-miejski-05-04-01717,IK08,transport,most/przeprawa krytyczna,3005004,3005,30,52.19804,16.94723,38.8,Kolej Krajowa S.A. (fikc.),publiczna,K3,54.0,71711,none,0.0,0.0,0,25.4,0,0,2025-04-25,2,18,1,1,1,81.6
IK-08-01718,most/przeprawa krytyczna podkarpackie-wschodni-20-06-01718,IK08,transport,most/przeprawa krytyczna,1820006,1820,18,49.93789,21.51241,105.7,Zarząd Dróg (fikc.),publiczna,K2,71.0,66750,none,0.0,0.0,0,31.0,0,0,2026-05-26,3,5,1,1,1,88.4
IK-08-01719,most/przeprawa krytyczna opolskie-miejski-05-02-01719,IK08,transport,most/przeprawa krytyczna,1605002,1605,16,50.62915,17.25715,182.9,Porty Lotnicze (fikc.),prywatna,K2,77.3,94812,none,0.0,0.0,1,13.8,1,1,2025-12-07,3,3,1,1,1,90.92
IK-08-01720,most/przeprawa krytyczna łódzkie-wschodni-02-01-01720,IK08,transport,most/przeprawa krytyczna,1002001,1002,10,51.9249,20.71451,144.5,Kolej Krajowa S.A. (fikc.),publiczna,K3,48.1,93287,none,0.0,0.0,0,11.6,1,0,2025-08-09,3,3,1,1,1,79.24
IK-08-01721,most/przeprawa krytyczna dolnośląskie-zachodni-27-07-01721,IK08,transport,most/przeprawa krytyczna,0227007,0227,02,50.64129,16.84572,66.1,Kolej Krajowa S.A. (fikc.),publiczna,K2,66.3,122937,none,0.0,0.0,1,29.9,1,0,2026-06-10,2,2,1,1,1,86.52
IK-08-01722,most/przeprawa krytyczna lubelskie-południowy-19-02-01722,IK08,transport,most/przeprawa krytyczna,0619002,0619,06,50.18601,22.85358,200.5,Porty Lotnicze (fikc.),publiczna,K2,73.3,48516,none,0.0,0.0,0,29.3,1,1,2025-05-26,2,0,1,1,1,89.32
IK-08-01723,most/przeprawa krytyczna dolnośląskie-południowy-07-04-01723,IK08,transport,most/przeprawa krytyczna,0207004,0207,02,50.9982,17.2922,84.9,Zarząd Dróg (fikc.),publiczna,K2,76.3,173375,none,0.0,0.0,0,38.1,1,1,2026-05-23,4,8,2,0,1,65.52
IK-08-01724,most/przeprawa krytyczna pomorskie-centralny-04-02-01724,IK08,transport,most/przeprawa krytyczna,2204002,2204,22,54.34184,18.68615,143.9,Zarząd Dróg (fikc.),publiczna,K3,56.7,38140,none,0.0,0.0,0,13.2,1,0,2025-06-09,2,0,1,1,1,82.67999999999999
IK-08-01725,most/przeprawa krytyczna dolnośląskie-miejski-23-06-01725,IK08,transport,most/przeprawa krytyczna,0223006,0223,02,51.25796,17.19412,97.6,Porty Lotnicze (fikc.),prywatna,K2,79.2,48447,none,0.0,0.0,0,34.5,1,1,2024-03-22,3,1,2,0,1,66.67999999999999
IK-08-01726,most/przeprawa krytyczna dolnośląskie-centralny-04-04-01726,IK08,transport,most/przeprawa krytyczna,0204004,0204,02,51.05639,16.48076,260.0,Kolej Krajowa S.A. (fikc.),prywatna,K2,66.9,90766,none,0.0,0.0,1,27.1,0,0,2023-09-18,2,0,1,1,1,86.76
IK-08-01727,most/przeprawa krytyczna zachodniopomorskie-miejski-17-06-01727,IK08,transport,most/przeprawa krytyczna,3217006,3217,32,53.30377,14.19429,110.3,Zarząd Dróg (fikc.),prywatna,K3,57.2,72623,none,0.0,0.0,0,35.9,1,0,2025-02-16,4,2,2,0,1,57.879999999999995
IK-08-01728,most/przeprawa krytyczna dolnośląskie-wschodni-08-03-01728,IK08,transport,most/przeprawa krytyczna,0208003,0208,02,51.46181,16.70434,233.5,Zarząd Dróg (fikc.),publiczna,K2,77.8,38120,none,0.0,0.0,1,30.4,0,1,2023-03-17,2,4,1,1,1,91.12
IK-08-01729,most/przeprawa krytyczna opolskie-centralny-10-01-01729,IK08,transport,most/przeprawa krytyczna,1610001,1610,16,50.73242,16.86726,156.5,Zarząd Dróg (fikc.),publiczna,K2,66.5,127844,none,0.0,0.0,0,18.8,1,1,2023-07-19,2,4,1,1,1,86.6
IK-08-01730,most/przeprawa krytyczna podkarpackie-miejski-23-01-01730,IK08,transport,most/przeprawa krytyczna,1823001,1823,18,50.40146,22.84545,46.1,Zarząd Dróg (fikc.),publiczna,K1,82.5,54234,none,0.0,0.0,0,39.8,1,1,2025-10-24,3,4,2,0,1,68.0
IK-08-01731,most/przeprawa krytyczna dolnośląskie-centralny-28-07-01731,IK08,transport,most/przeprawa krytyczna,0228007,0228,02,50.92728,16.39767,290.7,Kolej Krajowa S.A. (fikc.),publiczna,K1,82.8,70872,none,0.0,0.0,0,27.3,1,1,2025-03-02,4,1,2,0,1,68.12
IK-08-01732,most/przeprawa krytyczna warmińsko-mazurskie-południowy-19-05-01732,IK08,transport,most/przeprawa krytyczna,2819005,2819,28,54.49621,20.78021,75.7,Kolej Krajowa S.A. (fikc.),publiczna,K2,68.5,192450,none,0.0,0.0,0,25.7,1,1,2025-09-21,2,1,1,1,1,87.4
IK-08-01733,most/przeprawa krytyczna świętokrzyskie-centralny-10-04-01733,IK08,transport,most/przeprawa krytyczna,2610004,2610,26,50.34737,21.26298,94.0,Zarząd Dróg (fikc.),publiczna,K2,72.9,126373,none,0.0,0.0,0,35.0,0,1,2026-06-17,2,1,1,1,1,89.16
IK-08-01734,most/przeprawa krytyczna świętokrzyskie-centralny-10-03-01734,IK08,transport,most/przeprawa krytyczna,2610003,2610,26,50.61544,20.78704,146.3,Zarząd Dróg (fikc.),prywatna,K3,54.3,65262,none,0.0,0.0,0,15.6,1,0,2024-03-13,3,7,1,1,1,81.72
IK-08-01735,most/przeprawa krytyczna kujawsko-pomorskie-wschodni-02-02-01735,IK08,transport,most/przeprawa krytyczna,0402002,0402,04,52.9008,19.24607,227.4,Kolej Krajowa S.A. (fikc.),publiczna,K2,69.0,56924,none,0.0,0.0,0,27.4,1,1,2025-09-03,3,2,2,0,1,62.6
IK-08-01736,most/przeprawa krytyczna podlaskie-centralny-16-01-01736,IK08,transport,most/przeprawa krytyczna,2016001,2016,20,52.54468,22.13626,253.2,Kolej Krajowa S.A. (fikc.),publiczna,K2,60.3,79848,none,0.0,0.0,0,36.7,1,0,2024-12-17,2,0,1,1,1,84.11999999999999
IK-08-01737,most/przeprawa krytyczna zachodniopomorskie-centralny-10-02-01737,IK08,transport,most/przeprawa krytyczna,3210002,3210,32,53.85599,14.75166,224.0,Kolej Krajowa S.A. (fikc.),publiczna,K3,50.6,171140,none,0.0,0.0,0,16.8,1,0,2023-11-15,2,2,1,1,1,80.24
IK-08-01738,most/przeprawa krytyczna podlaskie-centralny-16-02-01738,IK08,transport,most/przeprawa krytyczna,2016002,2016,20,52.44307,22.00958,229.0,Zarząd Dróg (fikc.),prywatna,K2,68.4,150129,none,0.0,0.0,0,20.9,1,1,2026-02-21,3,2,2,0,1,62.36000000000001
IK-08-01739,most/przeprawa krytyczna opolskie-zachodni-09-07-01739,IK08,transport,most/przeprawa krytyczna,1609007,1609,16,50.9384,19.06619,162.0,Kolej Krajowa S.A. (fikc.),publiczna,K3,56.2,92867,none,0.0,0.0,1,4.2,1,0,2024-08-10,3,6,2,0,1,57.48
IK-08-01740,most/przeprawa krytyczna zachodniopomorskie-zachodni-15-01-01740,IK08,transport,most/przeprawa krytyczna,3215001,3215,32,54.10709,14.79216,109.4,Porty Lotnicze (fikc.),publiczna,K2,78.7,66841,none,0.0,0.0,0,27.8,1,1,2023-12-10,2,0,1,1,1,91.47999999999999
IK-08-01741,most/przeprawa krytyczna zachodniopomorskie-miejski-11-01-01741,IK08,transport,most/przeprawa krytyczna,3211001,3211,32,52.68702,13.3245,304.4,Porty Lotnicze (fikc.),publiczna,K2,73.0,94785,none,0.0,0.0,0,27.3,0,1,2023-11-24,3,2,2,0,1,64.2
IK-08-01742,most/przeprawa krytyczna małopolskie-południowy-19-04-01742,IK08,transport,most/przeprawa krytyczna,1219004,1219,12,50.1758,20.30395,154.4,Kolej Krajowa S.A. (fikc.),publiczna,K2,72.7,131102,none,0.0,0.0,0,17.1,1,0,2024-06-24,3,6,2,0,1,64.08
IK-08-01743,most/przeprawa krytyczna dolnośląskie-zachodni-15-03-01743,IK08,transport,most/przeprawa krytyczna,0215003,0215,02,51.53591,16.99984,149.6,Zarząd Dróg (fikc.),publiczna,K2,64.2,101377,none,0.0,0.0,0,18.8,1,1,2026-08-13,2,3,1,1,1,85.68
IK-08-01744,most/przeprawa krytyczna zachodniopomorskie-południowy-13-04-01744,IK08,transport,most/przeprawa krytyczna,3213004,3213,32,53.22432,13.39314,60.2,Zarząd Dróg (fikc.),publiczna,K2,64.5,37661,none,0.0,0.0,0,38.8,1,1,2026-04-22,2,0,1,1,1,85.8
IK-08-01745,port lotniczy śląskie-zachodni-33-05-01745,IK08,transport,port lotniczy,2433005,2433,24,49.78553,18.55708,159.0,Zarząd Dróg (fikc.),publiczna,K1,82.0,520474,genset,14.6,11.3,0,18.0,1,1,2024-01-02,4,9,2,0,0,44.76
IK-08-01746,port lotniczy pomorskie-wschodni-02-02-01746,IK08,transport,port lotniczy,2202002,2202,22,54.64866,18.10486,138.3,Kolej Krajowa S.A. (fikc.),publiczna,K2,75.5,1289981,genset,12.4,9.6,0,35.1,1,1,2024-04-16,3,4,1,1,0,67.62
IK-08-01747,port lotniczy dolnośląskie-centralny-22-05-01747,IK08,transport,port lotniczy,0222005,0222,02,50.55262,16.74403,146.2,Kolej Krajowa S.A. (fikc.),prywatna,K1,86.3,318180,genset,11.1,8.9,1,27.2,1,1,2023-10-22,3,8,2,0,0,47.21
IK-08-01748,port lotniczy dolnośląskie-miejski-05-05-01748,IK08,transport,port lotniczy,0205005,0205,02,51.09627,16.19723,159.2,Zarząd Dróg (fikc.),prywatna,K1,89.4,1319990,genset,10.3,8.2,0,11.4,1,1,2025-06-02,3,1,2,0,0,48.61
IK-08-01749,port lotniczy dolnośląskie-południowy-13-06-01749,IK08,transport,port lotniczy,0213006,0213,02,51.00384,16.8387,243.9,Porty Lotnicze (fikc.),publiczna,K2,74.7,617774,genset,13.2,11.0,1,23.2,0,0,2024-12-07,2,4,1,1,0,67.13
IK-08-01750,port lotniczy dolnośląskie-centralny-28-07-01750,IK08,transport,port lotniczy,0228007,0228,02,50.97194,16.32612,81.3,Porty Lotnicze (fikc.),prywatna,K2,73.7,533922,genset,14.7,12.5,0,16.3,1,1,2025-07-02,4,3,2,0,0,41.42
IK-08-01751,port lotniczy pomorskie-zachodni-09-01-01751,IK08,transport,port lotniczy,2209001,2209,22,54.73926,18.87761,182.9,Kolej Krajowa S.A. (fikc.),publiczna,K1,91.0,1069496,genset,13.0,11.2,0,29.9,1,1,2026-06-18,4,1,2,0,0,48.69
IK-08-01752,port lotniczy opolskie-wschodni-08-06-01752,IK08,transport,port lotniczy,1608006,1608,16,51.00458,18.19043,265.8,Zarząd Dróg (fikc.),publiczna,K2,72.5,910170,genset,9.3,8.6,0,44.5,1,0,2024-01-24,3,0,2,0,0,42.059999999999995
IK-08-01753,port lotniczy dolnośląskie-wschodni-14-01-01753,IK08,transport,port lotniczy,0214001,0214,02,51.25306,16.99227,223.1,Zarząd Dróg (fikc.),publiczna,K1,80.2,501104,genset,11.6,11.2,1,32.5,0,1,2024-10-10,3,7,2,0,0,44.66
IK-08-01754,port lotniczy dolnośląskie-południowy-13-06-01754,IK08,transport,port lotniczy,0213006,0213,02,50.97717,16.87984,188.8,Kolej Krajowa S.A. (fikc.),prywatna,K2,64.3,453374,genset,12.7,12.7,0,30.8,1,0,2024-10-03,3,3,1,1,0,63.07000000000001
IK-08-01755,port lotniczy dolnośląskie-południowy-25-02-01755,IK08,transport,port lotniczy,0225002,0225,02,51.47739,17.12165,128.7,Kolej Krajowa S.A. (fikc.),publiczna,K1,95.6,1184911,genset,13.4,13.2,0,26.6,1,1,2025-04-07,3,1,2,0,0,50.449999999999996
IK-08-01756,port lotniczy opolskie-miejski-05-03-01756,IK08,transport,port lotniczy,1605003,1605,16,50.41181,17.93416,126.1,Porty Lotnicze (fikc.),publiczna,K2,78.2,252277,genset,18.3,14.2,0,39.2,0,1,2024-09-13,3,9,2,0,0,42.47
IK-08-01757,port lotniczy dolnośląskie-północny-12-03-01757,IK08,transport,port lotniczy,0212003,0212,02,51.55452,16.98283,207.6,Porty Lotnicze (fikc.),prywatna,K2,74.3,413170,genset,14.3,12.3,0,5.2,1,0,2025-08-01,4,7,2,0,0,41.74
IK-08-01758,port lotniczy lubelskie-zachodni-03-03-01758,IK08,transport,port lotniczy,0603003,0603,06,51.11509,22.91709,170.4,Zarząd Dróg (fikc.),publiczna,K2,65.2,1139948,none,0.0,0.0,0,28.3,0,0,2026-02-13,2,1,1,1,1,86.08
IK-08-01759,port lotniczy dolnośląskie-miejski-05-02-01759,IK08,transport,port lotniczy,0205002,0205,02,50.98984,16.5864,220.4,Zarząd Dróg (fikc.),publiczna,K2,79.5,155680,genset,8.4,6.9,0,25.3,1,0,2026-04-21,3,6,2,0,0,45.050000000000004
IK-08-01760,port morski/rzeczny małopolskie-południowy-01-06-01760,IK08,transport,port morski/rzeczny,1201006,1201,12,49.43696,19.5157,147.1,Porty Lotnicze (fikc.),prywatna,K2,64.4,334534,genset,8.6,6.6,0,25.0,1,0,2026-03-08,3,0,1,1,0,63.970000000000006
IK-08-01761,port morski/rzeczny pomorskie-południowy-01-05-01761,IK08,transport,port morski/rzeczny,2201005,2201,22,54.17517,19.33735,124.6,Zarząd Dróg (fikc.),prywatna,K2,70.8,103888,genset,8.0,6.2,0,30.5,0,1,2023-08-27,2,2,1,1,0,66.64999999999999
IK-08-01762,port morski/rzeczny warmińsko-mazurskie-południowy-13-01-01762,IK08,transport,port morski/rzeczny,2813001,2813,28,54.29578,22.05629,153.4,Porty Lotnicze (fikc.),publiczna,K2,62.7,147211,genset,9.5,9.5,0,27.8,1,1,2023-04-14,3,0,2,0,0,38.1
IK-08-01763,port morski/rzeczny dolnośląskie-centralny-16-03-01763,IK08,transport,port morski/rzeczny,0216003,0216,02,52.01111,16.68401,236.6,Zarząd Dróg (fikc.),prywatna,K2,74.7,134407,genset,3.2,2.8,0,37.2,0,1,2024-07-29,2,4,1,1,0,69.21000000000001
IK-08-01764,port morski/rzeczny dolnośląskie-południowy-01-06-01764,IK08,transport,port morski/rzeczny,0201006,0201,02,51.03126,16.37858,116.7,Porty Lotnicze (fikc.),prywatna,K3,47.4,376136,genset,10.4,9.5,0,23.4,0,0,2023-08-22,4,0,2,0,0,31.790000000000003
IK-08-01765,port morski/rzeczny zachodniopomorskie-południowy-13-04-01765,IK08,transport,port morski/rzeczny,3213004,3213,32,53.28888,13.48875,177.0,Kolej Krajowa S.A. (fikc.),publiczna,K2,74.9,170894,genset,8.1,6.5,0,21.5,1,0,2025-02-25,3,0,2,0,0,43.269999999999996
IK-08-01766,port morski/rzeczny pomorskie-zachodni-09-01-01766,IK08,transport,port morski/rzeczny,2209001,2209,22,54.70756,18.84044,157.9,Porty Lotnicze (fikc.),publiczna,K2,67.2,114396,genset,9.1,7.9,0,22.9,0,1,2025-06-09,3,0,2,0,0,39.98
IK-08-01767,port morski/rzeczny świętokrzyskie-południowy-07-06-01767,IK08,transport,port morski/rzeczny,2607006,2607,26,50.39656,20.89574,4.0,Porty Lotnicze (fikc.),prywatna,K2,65.7,626151,genset,9.3,7.8,0,25.6,1,1,2023-09-19,4,3,2,0,0,39.34
IK-08-01768,port morski/rzeczny dolnośląskie-centralny-04-05-01768,IK08,transport,port morski/rzeczny,0204005,0204,02,51.14115,16.95422,153.9,Zarząd Dróg (fikc.),prywatna,K1,83.3,112782,genset,6.2,5.6,1,38.3,1,1,2025-12-03,2,5,1,1,0,72.03
IK-08-01769,port morski/rzeczny lubuskie-południowy-13-05-01769,IK08,transport,port morski/rzeczny,0813005,0813,08,52.0255,15.44428,112.4,Porty Lotnicze (fikc.),publiczna,K3,55.9,199763,genset,11.4,8.4,0,21.7,0,0,2023-11-04,3,4,1,1,0,59.98
IK-08-01770,port morski/rzeczny mazowieckie-południowy-25-05-01770,IK08,transport,port morski/rzeczny,1425005,1425,14,52.57243,21.31157,190.3,Zarząd Dróg (fikc.),publiczna,K2,76.0,135779,none,0.0,0.0,0,32.0,1,1,2024-02-01,2,4,1,1,1,90.4
IK-08-01771,port morski/rzeczny pomorskie-centralny-04-04-01771,IK08,transport,port morski/rzeczny,2204004,2204,22,54.41224,18.87961,46.1,Porty Lotnicze (fikc.),publiczna,K2,63.9,288227,genset,6.2,5.5,0,32.8,0,1,2024-03-02,3,3,2,0,0,39.269999999999996
IK-08-01772,centrum sterowania ruchem podlaskie-wschodni-08-05-01772,IK08,transport,centrum sterowania ruchem,2008005,2008,20,53.50494,23.23635,180.6,Zarząd Dróg (fikc.),publiczna,K2,65.1,215494,genset,4.7,3.4,0,32.0,0,0,2023-11-01,2,0,1,1,0,65.06
IK-08-01773,centrum sterowania ruchem mazowieckie-południowy-37-03-01773,IK08,transport,centrum sterowania ruchem,1437003,1437,14,51.99487,21.22724,181.5,Porty Lotnicze (fikc.),prywatna,K3,45.1,82409,genset,8.5,7.2,0,33.8,1,0,2023-07-11,2,9,1,1,0,56.269999999999996
IK-08-01774,centrum sterowania ruchem lubelskie-wschodni-20-05-01774,IK08,transport,centrum sterowania ruchem,0620005,0620,06,50.91963,22.50816,188.5,Kolej Krajowa S.A. (fikc.),publiczna,K3,49.5,117116,genset,3.8,2.8,0,21.1,1,1,2026-01-13,3,4,2,0,0,34.01
IK-08-01775,centrum sterowania ruchem opolskie-północny-06-02-01775,IK08,transport,centrum sterowania ruchem,1606002,1606,16,50.70636,18.23863,190.8,Zarząd Dróg (fikc.),publiczna,K3,43.5,69556,genset,9.0,8.3,0,40.8,1,0,2026-06-27,3,6,2,0,0,30.520000000000003
IK-08-01776,centrum sterowania ruchem dolnośląskie-wschodni-02-06-01776,IK08,transport,centrum sterowania ruchem,0202006,0202,02,51.59727,17.64627,128.0,Zarząd Dróg (fikc.),publiczna,K3,37.7,130348,genset,5.4,3.8,1,31.8,0,0,2025-01-01,2,0,1,1,0,53.959999999999994
IK-08-01777,centrum sterowania ruchem świętokrzyskie-miejski-05-05-01777,IK08,transport,centrum sterowania ruchem,2605005,2605,26,50.50238,20.27596,150.4,Porty Lotnicze (fikc.),publiczna,K1,82.6,199009,genset,6.4,5.5,0,22.9,1,1,2023-05-24,3,4,2,0,0,46.71
IK-08-01778,centrum sterowania ruchem lubelskie-centralny-22-02-01778,IK08,transport,centrum sterowania ruchem,0622002,0622,06,51.86329,22.67159,194.8,Kolej Krajowa S.A. (fikc.),publiczna,K3,48.2,98004,genset,4.5,4.3,0,13.6,0,0,2025-04-07,3,2,2,0,0,33.339999999999996
IK-08-01779,centrum sterowania ruchem pomorskie-północny-06-05-01779,IK08,transport,centrum sterowania ruchem,2206005,2206,22,54.60963,18.10751,130.4,Kolej Krajowa S.A. (fikc.),publiczna,K1,80.1,100068,genset,6.2,5.8,0,52.8,1,1,2024-09-04,2,2,1,1,0,70.75
IK-08-01780,centrum sterowania ruchem zachodniopomorskie-centralny-10-01-01780,IK08,transport,centrum sterowania ruchem,3210001,3210,32,53.86373,14.93791,218.1,Kolej Krajowa S.A. (fikc.),publiczna,K2,60.7,190661,genset,3.5,2.9,0,34.3,1,1,2023-12-03,4,4,2,0,0,38.550000000000004
IK-08-01781,centrum sterowania ruchem śląskie-centralny-34-06-01781,IK08,transport,centrum sterowania ruchem,2434006,2434,24,50.23181,18.27486,95.6,Kolej Krajowa S.A. (fikc.),prywatna,K2,62.3,84429,genset,5.5,4.8,0,36.0,1,0,2025-10-15,2,3,1,1,0,63.77
IK-08-01782,centrum sterowania ruchem opolskie-północny-12-07-01782,IK08,transport,centrum sterowania ruchem,1612007,1612,16,50.98875,18.52665,196.5,Zarząd Dróg (fikc.),publiczna,K2,64.1,117372,genset,4.8,4.7,1,21.6,0,0,2025-06-04,3,3,1,1,0,64.64
IK-08-01783,centrum sterowania ruchem podlaskie-centralny-10-02-01783,IK08,transport,centrum sterowania ruchem,2010002,2010,20,53.24467,23.04156,177.0,Porty Lotnicze (fikc.),publiczna,K2,63.4,79979,genset,3.1,2.2,0,20.2,1,1,2024-11-27,3,3,2,0,0,39.71
IK-08-01784,centrum sterowania ruchem pomorskie-miejski-05-02-01784,IK08,transport,centrum sterowania ruchem,2205002,2205,22,54.64198,18.44416,209.0,Zarząd Dróg (fikc.),publiczna,K3,57.5,129048,none,0.0,0.0,0,25.9,1,1,2024-07-04,3,1,1,1,1,83.0
IK-08-01785,centrum sterowania ruchem dolnośląskie-zachodni-15-05-01785,IK08,transport,centrum sterowania ruchem,0215005,0215,02,51.31987,17.40739,186.8,Zarząd Dróg (fikc.),publiczna,K2,59.8,223403,genset,4.4,3.6,0,40.9,1,1,2023-11-22,3,6,1,1,0,63.0
IK-08-01786,centrum sterowania ruchem wielkopolskie-miejski-29-04-01786,IK08,transport,centrum sterowania ruchem,3029004,3029,30,52.92271,16.18493,207.9,Porty Lotnicze (fikc.),publiczna,K3,51.6,82315,genset,6.7,5.8,0,31.2,1,0,2024-11-07,3,10,1,1,0,59.24
IK-08-01787,centrum sterowania ruchem małopolskie-południowy-01-05-01787,IK08,transport,centrum sterowania ruchem,1201005,1201,12,49.52088,19.31529,156.2,Porty Lotnicze (fikc.),publiczna,K3,51.8,54149,genset,5.3,3.9,0,21.6,0,0,2024-04-30,3,3,1,1,0,59.62
IK-08-01788,centrum sterowania ruchem małopolskie-centralny-22-01-01788,IK08,transport,centrum sterowania ruchem,1222001,1222,12,49.95294,21.18872,160.3,Zarząd Dróg (fikc.),publiczna,K3,44.9,250810,genset,7.4,6.9,0,13.0,0,0,2024-01-13,3,2,1,1,0,56.42
IK-08-01789,centrum sterowania ruchem mazowieckie-miejski-35-02-01789,IK08,transport,centrum sterowania ruchem,1435002,1435,14,52.12795,21.47124,80.8,Zarząd Dróg (fikc.),prywatna,K2,73.7,254447,genset,3.4,3.2,0,21.6,0,1,2025-07-28,3,2,2,0,0,43.769999999999996
IK-08-01790,centrum sterowania ruchem dolnośląskie-północny-24-03-01790,IK08,transport,centrum sterowania ruchem,0224003,0224,02,51.56365,17.30232,67.2,Porty Lotnicze (fikc.),prywatna,K3,53.3,92635,genset,9.7,9.2,0,33.7,1,1,2023-03-28,3,3,2,0,0,34.300000000000004
IK-08-01791,centrum sterowania ruchem dolnośląskie-północny-30-05-01791,IK08,transport,centrum sterowania ruchem,0230005,0230,02,50.7795,17.35308,195.1,Porty Lotnicze (fikc.),publiczna,K3,55.1,232528,genset,7.3,6.6,0,22.7,1,1,2026-07-31,3,4,1,1,0,60.519999999999996
IK-08-01792,centrum sterowania ruchem warmińsko-mazurskie-wschodni-20-06-01792,IK08,transport,centrum sterowania ruchem,2820006,2820,28,53.68743,20.44575,134.2,Porty Lotnicze (fikc.),prywatna,K2,63.1,89199,genset,5.8,5.7,0,24.9,0,1,2024-05-27,3,4,1,1,0,64.03
IK-08-01793,centrum sterowania ruchem dolnośląskie-zachodni-27-05-01793,IK08,transport,centrum sterowania ruchem,0227005,0227,02,50.72342,16.61971,312.2,Porty Lotnicze (fikc.),publiczna,K3,31.7,100971,none,0.0,0.0,0,29.8,1,0,2024-01-06,2,4,1,1,1,72.68
IK-08-01794,centrum sterowania ruchem kujawsko-pomorskie-wschodni-20-01-01794,IK08,transport,centrum sterowania ruchem,0420001,0420,04,52.93054,17.99736,184.2,Kolej Krajowa S.A. (fikc.),publiczna,K2,58.4,313449,genset,4.1,3.1,0,26.9,0,0,2025-04-11,2,2,1,1,0,62.51
IK-08-01795,centrum sterowania ruchem dolnośląskie-wschodni-14-03-01795,IK08,transport,centrum sterowania ruchem,0214003,0214,02,51.18201,17.26279,222.5,Zarząd Dróg (fikc.),publiczna,K2,75.0,74609,none,0.0,0.0,1,24.1,0,1,2024-06-01,3,2,2,0,1,65.0
IK-08-01796,centrum sterowania ruchem opolskie-zachodni-03-05-01796,IK08,transport,centrum sterowania ruchem,1603005,1603,16,51.19702,17.33956,124.3,Kolej Krajowa S.A. (fikc.),publiczna,K3,54.7,297136,genset,4.0,3.2,0,34.1,1,0,2024-10-05,2,2,1,1,0,61.050000000000004
IK-08-01797,centrum sterowania ruchem dolnośląskie-północny-06-04-01797,IK08,transport,centrum sterowania ruchem,0206004,0206,02,51.23199,17.27781,231.7,Porty Lotnicze (fikc.),publiczna,K2,72.8,239586,genset,4.9,3.7,1,42.6,0,0,2026-05-16,4,3,2,0,0,43.1
IK-08-01798,centrum sterowania ruchem podlaskie-centralny-10-02-01798,IK08,transport,centrum sterowania ruchem,2010002,2010,20,53.06531,23.12003,152.1,Zarząd Dróg (fikc.),prywatna,K2,60.3,104567,none,0.0,0.0,0,28.9,1,0,2023-10-26,2,2,1,1,1,84.11999999999999
IK-08-01799,centrum sterowania ruchem pomorskie-południowy-19-03-01799,IK08,transport,centrum sterowania ruchem,2219003,2219,22,54.12904,17.6414,123.8,Kolej Krajowa S.A. (fikc.),publiczna,K2,61.0,181855,genset,9.3,9.2,0,27.2,1,1,2025-05-27,4,3,2,0,0,37.46
IK-08-01800,centrum sterowania ruchem mazowieckie-południowy-31-02-01800,IK08,transport,centrum sterowania ruchem,1431002,1431,14,52.05325,20.42517,175.0,Zarząd Dróg (fikc.),publiczna,K2,59.9,80992,genset,9.2,7.0,0,47.1,1,1,2026-07-08,3,3,2,0,0,37.04
IK-08-01801,centrum sterowania ruchem opolskie-północny-06-02-01801,IK08,transport,centrum sterowania ruchem,1606002,1606,16,50.71855,18.08047,223.2,Porty Lotnicze (fikc.),publiczna,K3,45.8,41444,genset,5.6,4.4,1,22.3,1,0,2026-07-20,2,2,1,1,0,57.15
IK-08-01802,centrum sterowania ruchem małopolskie-centralny-10-03-01802,IK08,transport,centrum sterowania ruchem,1210003,1210,12,50.99334,18.95539,56.7,Porty Lotnicze (fikc.),publiczna,K2,60.0,228650,genset,4.3,3.0,0,25.5,0,0,2025-12-21,4,2,2,0,0,38.1
IK-08-01803,centrum sterowania ruchem opolskie-wschodni-08-03-01803,IK08,transport,centrum sterowania ruchem,1608003,1608,16,51.05605,18.42912,114.9,Kolej Krajowa S.A. (fikc.),publiczna,K3,54.3,136385,genset,10.5,9.5,0,34.1,1,0,2024-03-18,3,2,2,0,0,34.53
IK-08-01804,centrum sterowania ruchem lubuskie-zachodni-03-06-01804,IK08,transport,centrum sterowania ruchem,0803006,0803,08,51.92695,14.58406,65.7,Kolej Krajowa S.A. (fikc.),publiczna,K2,65.5,68862,genset,5.9,5.0,0,13.1,1,1,2025-12-15,2,0,1,1,0,64.97
IK-08-01805,centrum sterowania ruchem dolnośląskie-wschodni-02-01-01805,IK08,transport,centrum sterowania ruchem,0202001,0202,02,51.54446,17.55042,106.1,Kolej Krajowa S.A. (fikc.),publiczna,K3,50.3,105022,genset,5.9,5.0,1,28.3,0,1,2024-11-16,2,1,1,1,0,58.89
IK-08-01806,centrum sterowania ruchem opolskie-północny-06-05-01806,IK08,transport,centrum sterowania ruchem,1606005,1606,16,50.6813,18.23937,174.1,Zarząd Dróg (fikc.),publiczna,K3,57.3,86294,genset,6.7,6.4,0,8.3,0,0,2023-06-22,3,4,2,0,0,36.52
IK-08-01807,centrum sterowania ruchem zachodniopomorskie-północny-12-06-01807,IK08,transport,centrum sterowania ruchem,3212006,3212,32,53.9404,15.30061,284.0,Zarząd Dróg (fikc.),prywatna,K2,64.7,88987,genset,5.5,4.5,0,32.8,0,1,2025-09-07,2,4,1,1,0,64.73
IK-08-01808,centrum sterowania ruchem opolskie-wschodni-08-06-01808,IK08,transport,centrum sterowania ruchem,1608006,1608,16,50.9415,18.27956,148.5,Porty Lotnicze (fikc.),publiczna,K3,35.0,228896,genset,6.7,5.7,0,23.0,0,0,2025-03-14,2,2,1,1,0,52.6
IK-08-01809,centrum sterowania ruchem kujawsko-pomorskie-wschodni-08-03-01809,IK08,transport,centrum sterowania ruchem,0408003,0408,04,53.2402,18.82481,301.5,Kolej Krajowa S.A. (fikc.),prywatna,K3,57.7,104959,genset,8.6,6.1,0,27.3,0,0,2024-04-07,3,4,1,1,0,61.29
IK-08-01810,centrum sterowania ruchem podkarpackie-miejski-05-07-01810,IK08,transport,centrum sterowania ruchem,1805007,1805,18,48.91414,22.002,122.1,Kolej Krajowa S.A. (fikc.),publiczna,K2,69.3,48546,genset,3.3,2.6,0,25.7,1,1,2024-11-07,3,1,1,1,0,67.03
IK-08-01811,centrum sterowania ruchem dolnośląskie-centralny-10-04-01811,IK08,transport,centrum sterowania ruchem,0210004,0210,02,51.4665,17.20209,267.5,Zarząd Dróg (fikc.),publiczna,K2,69.9,263703,none,0.0,0.0,1,8.2,1,0,2026-05-18,4,1,2,0,1,62.96000000000001
IK-08-01812,centrum sterowania ruchem małopolskie-wschodni-02-04-01812,IK08,transport,centrum sterowania ruchem,1202004,1202,12,50.24318,20.69305,119.8,Porty Lotnicze (fikc.),prywatna,K2,62.8,91236,genset,7.6,6.3,0,20.5,1,0,2024-04-18,3,5,2,0,0,38.54
IK-08-01813,centrum sterowania ruchem zachodniopomorskie-miejski-17-05-01813,IK08,transport,centrum sterowania ruchem,3217005,3217,32,53.55722,14.34311,80.7,Kolej Krajowa S.A. (fikc.),publiczna,K2,73.9,95097,genset,6.7,6.4,0,34.6,1,0,2026-06-26,3,2,2,0,0,43.16
IK-08-01814,centrum sterowania ruchem opolskie-wschodni-02-01-01814,IK08,transport,centrum sterowania ruchem,1602001,1602,16,50.71659,17.74603,277.2,Kolej Krajowa S.A. (fikc.),prywatna,K2,59.9,275039,none,0.0,0.0,0,21.7,0,1,2026-04-05,2,5,1,1,1,83.96000000000001
IK-08-01815,centrum sterowania ruchem dolnośląskie-północny-12-04-01815,IK08,transport,centrum sterowania ruchem,0212004,0212,02,51.46226,16.73341,198.0,Porty Lotnicze (fikc.),publiczna,K3,41.3,209912,genset,9.0,6.6,1,26.8,0,0,2024-06-27,3,2,2,0,0,29.64
IK-08-01816,centrum sterowania ruchem podlaskie-wschodni-02-03-01816,IK08,transport,centrum sterowania ruchem,2002003,2002,20,53.29772,22.80934,4.0,Zarząd Dróg (fikc.),prywatna,K3,49.8,170899,genset,2.9,2.1,0,18.9,0,1,2024-07-13,2,1,1,1,0,59.31999999999999
IK-09-01817,jednostka ratowniczo-gaśnicza PSP dolnośląskie-wschodni-14-03-01817,IK09,rescue,jednostka ratowniczo-gaśnicza PSP,0214003,0214,02,51.18352,17.44029,114.6,Komenda Wojewódzka PSP (fikc.),publiczna,K2,75.2,68076,genset,9.2,8.1,1,19.1,0,0,2026-03-21,4,0,1,1,0,68.16
IK-09-01818,jednostka ratowniczo-gaśnicza PSP świętokrzyskie-zachodni-03-06-01818,IK09,rescue,jednostka ratowniczo-gaśnicza PSP,2603006,2603,26,50.57534,20.06005,170.3,Komenda Wojewódzka PSP (fikc.),publiczna,K1,94.1,79743,genset,15.8,11.9,0,32.3,1,0,2024-08-19,4,0,1,1,0,74.35000000000001
IK-09-01819,jednostka ratowniczo-gaśnicza PSP lubuskie-miejski-11-04-01819,IK09,rescue,jednostka ratowniczo-gaśnicza PSP,0811004,0811,08,51.77638,15.21369,188.3,Komenda Wojewódzka PSP (fikc.),publiczna,K2,62.1,33666,genset,8.7,7.9,0,36.5,1,1,2025-12-15,5,0,2,0,0,38.03
IK-09-01820,jednostka ratowniczo-gaśnicza PSP podkarpackie-zachodni-21-02-01820,IK09,rescue,jednostka ratowniczo-gaśnicza PSP,1821002,1821,18,49.99714,21.19547,156.3,Komenda Wojewódzka PSP (fikc.),publiczna,K2,59.3,62878,genset,10.7,9.8,0,29.1,1,1,2024-05-23,4,0,1,1,0,61.49
IK-09-01821,jednostka ratowniczo-gaśnicza PSP opolskie-miejski-11-07-01821,IK09,rescue,jednostka ratowniczo-gaśnicza PSP,1611007,1611,16,51.15162,17.40392,147.1,Komenda Wojewódzka PSP (fikc.),publiczna,K3,51.4,14505,none,0.0,0.0,0,31.8,1,0,2023-08-01,3,0,1,1,1,80.56
IK-09-01822,jednostka ratowniczo-gaśnicza PSP dolnośląskie-miejski-29-02-01822,IK09,rescue,jednostka ratowniczo-gaśnicza PSP,0229002,0229,02,50.8205,17.73269,166.9,Urząd Wojewódzki (fikc.),publiczna,K2,63.6,58014,genset,19.1,16.4,0,27.2,1,1,2026-01-25,4,0,1,1,0,61.46
IK-09-01823,jednostka ratowniczo-gaśnicza PSP dolnośląskie-południowy-13-01-01823,IK09,rescue,jednostka ratowniczo-gaśnicza PSP,0213001,0213,02,50.7413,16.40322,230.1,Urząd Wojewódzki (fikc.),publiczna,K2,66.8,60385,genset,13.2,10.6,0,23.3,0,0,2026-07-13,5,0,1,1,0,63.970000000000006
IK-09-01824,jednostka ratowniczo-gaśnicza PSP opolskie-wschodni-08-06-01824,IK09,rescue,jednostka ratowniczo-gaśnicza PSP,1608006,1608,16,50.85023,18.21959,226.0,Komenda Wojewódzka PSP (fikc.),publiczna,K1,80.4,69489,none,0.0,0.0,0,41.4,1,0,2024-12-30,5,0,2,0,1,67.16
IK-09-01825,jednostka ratowniczo-gaśnicza PSP dolnośląskie-północny-06-02-01825,IK09,rescue,jednostka ratowniczo-gaśnicza PSP,0206002,0206,02,51.4151,17.40205,147.3,Komenda Wojewódzka PSP (fikc.),publiczna,K2,69.5,16109,genset,13.6,11.2,1,6.7,1,1,2025-01-28,4,0,2,0,0,39.97
IK-09-01826,jednostka ratowniczo-gaśnicza PSP małopolskie-wschodni-08-06-01826,IK09,rescue,jednostka ratowniczo-gaśnicza PSP,1208006,1208,12,50.73623,18.81982,239.8,Urząd Wojewódzki (fikc.),publiczna,K2,79.6,115209,genset,11.7,11.5,0,15.9,1,0,2025-04-03,4,0,1,1,0,69.39999999999999
IK-09-01827,jednostka ratowniczo-gaśnicza PSP wielkopolskie-północny-18-03-01827,IK09,rescue,jednostka ratowniczo-gaśnicza PSP,3018003,3018,30,52.85389,16.5832,99.1,Urząd Wojewódzki (fikc.),publiczna,K1,81.1,37244,genset,12.6,10.9,0,24.2,1,1,2026-06-13,5,0,2,0,0,44.82
IK-09-01828,jednostka ratowniczo-gaśnicza PSP dolnośląskie-centralny-22-04-01828,IK09,rescue,jednostka ratowniczo-gaśnicza PSP,0222004,0222,02,50.7309,16.98605,189.1,Komenda Wojewódzka PSP (fikc.),publiczna,K2,72.7,52810,genset,11.7,11.5,1,20.9,1,0,2024-05-03,4,0,1,1,0,66.64
IK-09-01829,jednostka ratowniczo-gaśnicza PSP opolskie-zachodni-09-07-01829,IK09,rescue,jednostka ratowniczo-gaśnicza PSP,1609007,1609,16,50.9323,19.23643,111.9,Urząd Wojewódzki (fikc.),publiczna,K2,61.2,36047,genset,12.5,9.3,0,7.0,1,1,2024-10-30,3,0,1,1,0,61.88
IK-09-01830,jednostka ratowniczo-gaśnicza PSP opolskie-zachodni-03-01-01830,IK09,rescue,jednostka ratowniczo-gaśnicza PSP,1603001,1603,16,51.10215,17.23991,71.5,Urząd Wojewódzki (fikc.),publiczna,K2,62.9,48556,genset,4.0,4.0,0,25.2,1,1,2024-04-26,5,0,2,0,0,39.33
IK-09-01831,jednostka ratowniczo-gaśnicza PSP warmińsko-mazurskie-miejski-11-01-01831,IK09,rescue,jednostka ratowniczo-gaśnicza PSP,2811001,2811,28,53.47214,21.34495,263.4,Komenda Wojewódzka PSP (fikc.),publiczna,K2,73.8,107004,none,0.0,0.0,0,31.1,0,1,2023-03-21,4,0,2,0,1,64.52
IK-09-01832,jednostka ratowniczo-gaśnicza PSP podkarpackie-północny-06-03-01832,IK09,rescue,jednostka ratowniczo-gaśnicza PSP,1806003,1806,18,49.8203,22.25715,187.0,Urząd Wojewódzki (fikc.),publiczna,K2,63.2,139618,genset,10.3,8.6,0,23.4,1,1,2025-07-30,5,0,2,0,0,38.129999999999995
IK-09-01833,jednostka ratowniczo-gaśnicza PSP zachodniopomorskie-centralny-16-02-01833,IK09,rescue,jednostka ratowniczo-gaśnicza PSP,3216002,3216,32,53.28561,14.20792,210.6,Urząd Wojewódzki (fikc.),publiczna,K2,67.1,56666,genset,8.9,8.9,0,26.4,1,0,2024-03-16,5,0,1,1,0,64.99000000000001
IK-09-01834,jednostka ratowniczo-gaśnicza PSP dolnośląskie-północny-12-02-01834,IK09,rescue,jednostka ratowniczo-gaśnicza PSP,0212002,0212,02,51.64617,17.04366,314.3,Komenda Wojewódzka PSP (fikc.),publiczna,K3,48.1,60118,genset,14.7,13.5,1,38.9,1,0,2024-04-23,4,0,2,0,0,31.180000000000003
IK-09-01835,jednostka ratowniczo-gaśnicza PSP kujawsko-pomorskie-wschodni-02-07-01835,IK09,rescue,jednostka ratowniczo-gaśnicza PSP,0402007,0402,04,53.00997,18.59781,253.7,Komenda Wojewódzka PSP (fikc.),publiczna,K2,63.2,25367,genset,17.9,13.4,0,34.7,1,1,2026-05-26,4,0,2,0,0,36.55
IK-09-01836,jednostka ratowniczo-gaśnicza PSP podkarpackie-miejski-23-04-01836,IK09,rescue,jednostka ratowniczo-gaśnicza PSP,1823004,1823,18,50.4304,23.01731,50.8,Urząd Wojewódzki (fikc.),publiczna,K2,62.0,50186,genset,10.5,10.2,0,35.5,1,0,2025-07-22,4,0,1,1,0,62.61
IK-09-01837,jednostka ratowniczo-gaśnicza PSP podlaskie-wschodni-14-04-01837,IK09,rescue,jednostka ratowniczo-gaśnicza PSP,2014004,2014,20,53.38824,23.49181,114.8,Urząd Wojewódzki (fikc.),publiczna,K2,63.6,66520,none,0.0,0.0,0,35.6,1,0,2023-12-14,4,0,2,0,1,60.440000000000005
IK-09-01838,jednostka ratowniczo-gaśnicza PSP dolnośląskie-północny-30-05-01838,IK09,rescue,jednostka ratowniczo-gaśnicza PSP,0230005,0230,02,50.67622,17.43919,272.2,Komenda Wojewódzka PSP (fikc.),publiczna,K2,76.3,114503,none,0.0,0.0,0,38.0,1,1,2026-02-03,4,0,1,1,1,90.52
IK-09-01839,jednostka ratowniczo-gaśnicza PSP opolskie-zachodni-09-01-01839,IK09,rescue,jednostka ratowniczo-gaśnicza PSP,1609001,1609,16,50.91544,19.00487,324.9,Urząd Wojewódzki (fikc.),publiczna,K2,60.8,54132,none,0.0,0.0,1,29.5,1,0,2026-08-20,3,0,1,1,1,84.32
IK-09-01840,jednostka ratowniczo-gaśnicza PSP dolnośląskie-zachodni-15-03-01840,IK09,rescue,jednostka ratowniczo-gaśnicza PSP,0215003,0215,02,51.44652,17.06708,263.1,Urząd Wojewódzki (fikc.),publiczna,K2,76.2,15917,genset,12.4,11.7,0,42.9,0,0,2025-03-17,6,0,2,0,0,42.9
IK-09-01841,jednostka ratowniczo-gaśnicza PSP podlaskie-wschodni-02-06-01841,IK09,rescue,jednostka ratowniczo-gaśnicza PSP,2002006,2002,20,53.47933,22.80856,179.4,Komenda Wojewódzka PSP (fikc.),publiczna,K2,70.6,109968,genset,20.1,15.7,0,19.3,1,0,2025-03-14,4,0,2,0,0,39.050000000000004
IK-09-01842,jednostka ratowniczo-gaśnicza PSP dolnośląskie-miejski-11-07-01842,IK09,rescue,jednostka ratowniczo-gaśnicza PSP,0211007,0211,02,50.95257,16.78326,130.3,Komenda Wojewódzka PSP (fikc.),publiczna,K2,79.5,48294,genset,14.9,11.0,0,30.4,0,0,2024-10-18,4,0,1,1,0,68.7
IK-09-01843,jednostka ratowniczo-gaśnicza PSP dolnośląskie-północny-06-07-01843,IK09,rescue,jednostka ratowniczo-gaśnicza PSP,0206007,0206,02,51.25155,17.40889,186.3,Urząd Wojewódzki (fikc.),publiczna,K2,79.7,129530,genset,9.3,6.7,1,26.8,1,1,2023-07-10,3,0,1,1,0,69.94
IK-09-01844,jednostka ratowniczo-gaśnicza PSP pomorskie-południowy-19-05-01844,IK09,rescue,jednostka ratowniczo-gaśnicza PSP,2219005,2219,22,54.07263,17.76264,61.5,Urząd Wojewódzki (fikc.),publiczna,K1,88.4,41371,genset,12.8,9.0,0,23.0,1,1,2024-10-15,6,0,2,0,0,47.69
IK-09-01845,jednostka ratowniczo-gaśnicza PSP kujawsko-pomorskie-miejski-11-01-01845,IK09,rescue,jednostka ratowniczo-gaśnicza PSP,0411001,0411,04,53.28512,18.35398,130.8,Komenda Wojewódzka PSP (fikc.),publiczna,K3,52.1,88741,genset,10.4,8.2,0,29.4,1,0,2023-02-24,3,0,1,1,0,58.67
IK-09-01846,jednostka ratowniczo-gaśnicza PSP zachodniopomorskie-miejski-11-01-01846,IK09,rescue,jednostka ratowniczo-gaśnicza PSP,3211001,3211,32,52.78253,13.304,16.8,Urząd Wojewódzki (fikc.),publiczna,K1,88.0,92020,genset,19.8,17.6,0,13.8,1,1,2026-01-24,6,0,2,0,0,46.08
IK-09-01847,jednostka ratowniczo-gaśnicza PSP opolskie-południowy-07-01-01847,IK09,rescue,jednostka ratowniczo-gaśnicza PSP,1607001,1607,16,50.69376,18.53847,4.0,Urząd Wojewódzki (fikc.),publiczna,K1,87.6,59623,genset,15.2,11.0,1,33.3,1,1,2024-10-07,5,0,2,0,0,46.87
IK-09-01848,jednostka ratowniczo-gaśnicza PSP lubuskie-zachodni-03-07-01848,IK09,rescue,jednostka ratowniczo-gaśnicza PSP,0803007,0803,08,52.11803,14.74321,119.1,Urząd Wojewódzki (fikc.),publiczna,K2,63.6,47713,genset,16.2,16.0,0,30.6,1,0,2024-11-06,5,0,2,0,0,37.07
IK-09-01849,jednostka ratowniczo-gaśnicza PSP lubelskie-południowy-13-07-01849,IK09,rescue,jednostka ratowniczo-gaśnicza PSP,0613007,0613,06,50.93746,21.77297,83.8,Urząd Wojewódzki (fikc.),publiczna,K3,47.1,117081,genset,15.1,10.9,0,26.6,0,0,2025-10-06,4,0,2,0,0,30.69
IK-09-01850,jednostka ratowniczo-gaśnicza PSP pomorskie-centralny-10-05-01850,IK09,rescue,jednostka ratowniczo-gaśnicza PSP,2210005,2210,22,54.40475,18.71057,196.4,Komenda Wojewódzka PSP (fikc.),publiczna,K2,59.3,63772,genset,10.7,7.6,0,24.1,1,1,2023-04-29,4,0,1,1,0,61.49
IK-09-01851,jednostka ratowniczo-gaśnicza PSP kujawsko-pomorskie-południowy-07-06-01851,IK09,rescue,jednostka ratowniczo-gaśnicza PSP,0407006,0407,04,52.78875,18.55189,104.1,Urząd Wojewódzki (fikc.),publiczna,K2,67.5,35164,genset,18.7,15.9,0,26.7,1,1,2023-09-13,3,0,1,1,0,63.1
IK-09-01852,jednostka ratowniczo-gaśnicza PSP łódzkie-południowy-01-01-01852,IK09,rescue,jednostka ratowniczo-gaśnicza PSP,1001001,1001,10,51.56092,20.15576,100.8,Urząd Wojewódzki (fikc.),publiczna,K3,57.8,67924,genset,9.7,7.7,0,38.3,0,0,2024-07-27,4,0,1,1,0,61.1
IK-09-01853,jednostka ratowniczo-gaśnicza PSP dolnośląskie-wschodni-08-03-01853,IK09,rescue,jednostka ratowniczo-gaśnicza PSP,0208003,0208,02,51.42465,16.60713,193.2,Urząd Wojewódzki (fikc.),publiczna,K1,80.8,50083,genset,12.4,8.7,0,19.9,1,1,2023-06-01,5,0,2,0,0,44.74
IK-09-01854,jednostka ratowniczo-gaśnicza PSP pomorskie-południowy-13-02-01854,IK09,rescue,jednostka ratowniczo-gaśnicza PSP,2213002,2213,22,54.83339,18.61727,144.3,Komenda Wojewódzka PSP (fikc.),publiczna,K2,66.9,43144,genset,14.7,12.5,0,30.2,0,1,2025-07-19,4,0,2,0,0,38.7
IK-09-01855,jednostka ratowniczo-gaśnicza PSP lubuskie-zachodni-03-07-01855,IK09,rescue,jednostka ratowniczo-gaśnicza PSP,0803007,0803,08,52.15417,14.71802,93.6,Komenda Wojewódzka PSP (fikc.),publiczna,K1,95.9,79669,none,0.0,0.0,0,30.5,0,1,2023-11-10,4,0,2,0,1,73.36
IK-09-01856,jednostka ratowniczo-gaśnicza PSP łódzkie-centralny-22-06-01856,IK09,rescue,jednostka ratowniczo-gaśnicza PSP,1022006,1022,10,51.76037,19.66371,127.8,Urząd Wojewódzki (fikc.),publiczna,K2,69.2,39486,genset,9.4,8.8,0,40.4,0,1,2024-05-17,4,0,1,1,0,65.72
IK-09-01857,jednostka ratowniczo-gaśnicza PSP pomorskie-centralny-10-04-01857,IK09,rescue,jednostka ratowniczo-gaśnicza PSP,2210004,2210,22,54.2954,18.70997,154.8,Urząd Wojewódzki (fikc.),publiczna,K2,67.5,72079,genset,10.6,8.8,0,19.2,1,1,2023-05-19,4,0,2,0,0,39.79
IK-09-01858,jednostka ratowniczo-gaśnicza PSP łódzkie-centralny-10-04-01858,IK09,rescue,jednostka ratowniczo-gaśnicza PSP,1010004,1010,10,51.76755,20.15896,99.8,Komenda Wojewódzka PSP (fikc.),publiczna,K2,59.7,151590,genset,9.0,7.9,0,26.3,1,1,2024-01-23,4,0,1,1,0,62.0
IK-09-01859,jednostka ratowniczo-gaśnicza PSP pomorskie-północny-18-01-01859,IK09,rescue,jednostka ratowniczo-gaśnicza PSP,2218001,2218,22,54.98439,18.92782,119.4,Urząd Wojewódzki (fikc.),publiczna,K2,67.7,96638,genset,17.5,13.3,0,36.3,1,0,2026-01-21,5,0,2,0,0,38.43
IK-09-01860,jednostka ratowniczo-gaśnicza PSP dolnośląskie-wschodni-08-02-01860,IK09,rescue,jednostka ratowniczo-gaśnicza PSP,0208002,0208,02,51.34528,16.64051,305.9,Komenda Wojewódzka PSP (fikc.),publiczna,K3,50.6,101277,genset,11.1,8.6,1,17.8,0,0,2025-02-18,5,0,2,0,0,32.93
IK-09-01861,jednostka ratowniczo-gaśnicza PSP warmińsko-mazurskie-wschodni-08-06-01861,IK09,rescue,jednostka ratowniczo-gaśnicza PSP,2808006,2808,28,53.71202,20.8356,99.9,Komenda Wojewódzka PSP (fikc.),publiczna,K2,58.9,40003,genset,15.1,12.7,0,28.5,1,1,2024-10-05,5,0,2,0,0,35.410000000000004
IK-09-01862,jednostka ratowniczo-gaśnicza PSP dolnośląskie-zachodni-15-03-01862,IK09,rescue,jednostka ratowniczo-gaśnicza PSP,0215003,0215,02,51.47008,17.16413,204.1,Urząd Wojewódzki (fikc.),publiczna,K2,70.0,28669,genset,12.2,8.9,1,37.4,0,1,2023-11-27,4,0,1,1,0,65.46
IK-09-01863,jednostka ratowniczo-gaśnicza PSP opolskie-południowy-01-03-01863,IK09,rescue,jednostka ratowniczo-gaśnicza PSP,1601003,1601,16,50.255,17.77886,183.4,Komenda Wojewódzka PSP (fikc.),publiczna,K3,55.5,49102,genset,13.9,13.5,1,17.7,0,1,2025-04-03,4,0,1,1,0,59.3
IK-09-01864,jednostka ratowniczo-gaśnicza PSP opolskie-wschodni-02-05-01864,IK09,rescue,jednostka ratowniczo-gaśnicza PSP,1602005,1602,16,50.68595,18.52821,256.7,Urząd Wojewódzki (fikc.),publiczna,K2,74.2,102075,genset,13.1,12.0,1,28.2,1,1,2023-08-07,3,0,1,1,0,66.95
IK-09-01865,jednostka ratowniczo-gaśnicza PSP mazowieckie-wschodni-20-02-01865,IK09,rescue,jednostka ratowniczo-gaśnicza PSP,1420002,1420,14,52.83561,21.22832,39.8,Komenda Wojewódzka PSP (fikc.),publiczna,K3,49.8,95063,genset,8.1,6.9,0,8.8,0,1,2026-05-08,3,0,1,1,0,58.230000000000004
IK-09-01866,jednostka ratowniczo-gaśnicza PSP dolnośląskie-wschodni-02-06-01866,IK09,rescue,jednostka ratowniczo-gaśnicza PSP,0202006,0202,02,51.50081,17.60732,248.7,Urząd Wojewódzki (fikc.),publiczna,K2,68.6,45623,genset,15.4,13.0,1,22.3,0,1,2025-01-05,5,0,1,1,0,64.23
IK-09-01867,jednostka ratowniczo-gaśnicza PSP warmińsko-mazurskie-południowy-13-05-01867,IK09,rescue,jednostka ratowniczo-gaśnicza PSP,2813005,2813,28,54.3695,21.66488,178.7,Urząd Wojewódzki (fikc.),publiczna,K2,75.7,49912,genset,10.2,8.0,0,14.4,1,0,2023-06-24,6,0,2,0,0,43.16
IK-09-01868,jednostka ratowniczo-gaśnicza PSP łódzkie-centralny-04-02-01868,IK09,rescue,jednostka ratowniczo-gaśnicza PSP,1004002,1004,10,51.57862,20.61442,206.0,Urząd Wojewódzki (fikc.),publiczna,K2,75.2,44810,genset,11.1,8.3,0,21.1,1,1,2025-06-03,6,0,2,0,0,42.77
IK-09-01869,jednostka ratowniczo-gaśnicza PSP małopolskie-zachodni-21-06-01869,IK09,rescue,jednostka ratowniczo-gaśnicza PSP,1221006,1221,12,49.72626,20.15399,199.4,Komenda Wojewódzka PSP (fikc.),publiczna,K2,62.9,45864,genset,9.9,9.6,0,29.9,1,0,2023-03-16,6,0,2,0,0,38.1
IK-09-01870,jednostka ratowniczo-gaśnicza PSP dolnośląskie-zachodni-27-02-01870,IK09,rescue,jednostka ratowniczo-gaśnicza PSP,0227002,0227,02,50.39795,16.92085,58.5,Urząd Wojewódzki (fikc.),publiczna,K3,44.7,31341,genset,10.1,9.2,1,24.7,1,1,2026-05-02,4,0,1,1,0,55.779999999999994
IK-09-01871,jednostka ratowniczo-gaśnicza PSP wielkopolskie-miejski-29-05-01871,IK09,rescue,jednostka ratowniczo-gaśnicza PSP,3029005,3029,30,52.7485,16.30986,168.0,Urząd Wojewódzki (fikc.),publiczna,K3,55.9,127005,genset,17.7,13.5,0,31.4,0,0,2024-07-26,5,0,2,0,0,33.67
IK-09-01872,jednostka ratowniczo-gaśnicza PSP opolskie-zachodni-03-02-01872,IK09,rescue,jednostka ratowniczo-gaśnicza PSP,1603002,1603,16,51.07035,16.76589,264.1,Komenda Wojewódzka PSP (fikc.),publiczna,K2,72.0,23875,genset,10.8,10.3,0,24.3,1,0,2023-07-15,4,0,2,0,0,41.55
IK-09-01873,jednostka ratowniczo-gaśnicza PSP mazowieckie-wschodni-14-07-01873,IK09,rescue,jednostka ratowniczo-gaśnicza PSP,1414007,1414,14,52.78412,19.94158,117.9,Urząd Wojewódzki (fikc.),publiczna,K2,79.9,37530,genset,6.1,5.7,0,22.5,1,0,2024-06-04,6,0,2,0,0,45.69
IK-09-01874,jednostka ratowniczo-gaśnicza PSP podlaskie-centralny-16-06-01874,IK09,rescue,jednostka ratowniczo-gaśnicza PSP,2016006,2016,20,52.24524,22.18055,186.9,Urząd Wojewódzki (fikc.),publiczna,K3,51.6,27798,genset,11.0,9.0,0,20.8,1,1,2024-01-22,5,0,2,0,0,33.35
IK-09-01875,jednostka ratowniczo-gaśnicza PSP świętokrzyskie-zachodni-03-05-01875,IK09,rescue,jednostka ratowniczo-gaśnicza PSP,2603005,2603,26,50.91041,20.07544,142.7,Urząd Wojewódzki (fikc.),publiczna,K3,50.8,29581,genset,11.4,9.2,0,20.0,1,0,2026-04-19,4,0,2,0,0,32.940000000000005
IK-09-01876,jednostka ratowniczo-gaśnicza PSP mazowieckie-centralny-16-06-01876,IK09,rescue,jednostka ratowniczo-gaśnicza PSP,1416006,1416,14,52.02802,20.13847,166.8,Urząd Wojewódzki (fikc.),publiczna,K2,69.1,66131,genset,18.1,14.9,0,31.6,1,1,2025-06-12,5,0,2,0,0,38.87
IK-09-01877,jednostka ratowniczo-gaśnicza PSP dolnośląskie-zachodni-27-05-01877,IK09,rescue,jednostka ratowniczo-gaśnicza PSP,0227005,0227,02,50.77906,16.52924,16.5,Komenda Wojewódzka PSP (fikc.),publiczna,K3,48.0,46754,genset,13.6,10.9,0,26.9,0,0,2023-03-13,6,0,2,0,0,31.369999999999997
IK-09-01878,jednostka ratowniczo-gaśnicza PSP warmińsko-mazurskie-centralny-04-06-01878,IK09,rescue,jednostka ratowniczo-gaśnicza PSP,2804006,2804,28,53.31487,20.63117,278.9,Urząd Wojewódzki (fikc.),publiczna,K1,92.5,78698,none,0.0,0.0,0,29.6,1,1,2023-12-27,3,0,1,1,1,97.0
IK-09-01879,jednostka ratowniczo-gaśnicza PSP dolnośląskie-miejski-29-07-01879,IK09,rescue,jednostka ratowniczo-gaśnicza PSP,0229007,0229,02,51.25229,17.94169,305.4,Komenda Wojewódzka PSP (fikc.),publiczna,K2,61.2,165372,genset,11.2,10.4,0,35.3,1,1,2024-09-28,4,0,1,1,0,62.150000000000006
IK-09-01880,jednostka ratowniczo-gaśnicza PSP dolnośląskie-wschodni-02-01-01880,IK09,rescue,jednostka ratowniczo-gaśnicza PSP,0202001,0202,02,51.56562,17.60131,334.8,Urząd Wojewódzki (fikc.),publiczna,K1,85.0,55332,genset,15.6,12.3,0,19.2,0,1,2023-11-18,3,0,1,1,0,70.75
IK-09-01881,jednostka ratowniczo-gaśnicza PSP podkarpackie-centralny-10-01-01881,IK09,rescue,jednostka ratowniczo-gaśnicza PSP,1810001,1810,18,49.95111,21.72118,250.1,Urząd Wojewódzki (fikc.),publiczna,K3,54.4,76141,genset,10.9,8.2,0,9.0,1,0,2024-10-13,5,0,2,0,0,34.489999999999995
IK-09-01882,jednostka ratowniczo-gaśnicza PSP opolskie-miejski-05-04-01882,IK09,rescue,jednostka ratowniczo-gaśnicza PSP,1605004,1605,16,50.31931,17.33006,161.5,Urząd Wojewódzki (fikc.),publiczna,K2,75.3,52928,genset,8.5,8.0,0,13.6,1,0,2023-03-17,5,0,2,0,0,43.35
IK-09-01883,jednostka ratowniczo-gaśnicza PSP wielkopolskie-centralny-04-04-01883,IK09,rescue,jednostka ratowniczo-gaśnicza PSP,3004004,3004,30,52.64205,17.19442,228.6,Komenda Wojewódzka PSP (fikc.),publiczna,K2,67.5,30552,genset,17.3,13.2,0,25.7,1,0,2025-03-14,4,0,2,0,0,38.4
IK-09-01884,jednostka ratowniczo-gaśnicza PSP dolnośląskie-północny-18-02-01884,IK09,rescue,jednostka ratowniczo-gaśnicza PSP,0218002,0218,02,51.31688,17.39062,329.7,Komenda Wojewódzka PSP (fikc.),publiczna,K1,82.5,50479,genset,9.9,7.4,1,13.3,1,1,2024-09-26,5,0,1,1,0,70.94
IK-09-01885,jednostka ratowniczo-gaśnicza PSP pomorskie-zachodni-15-05-01885,IK09,rescue,jednostka ratowniczo-gaśnicza PSP,2215005,2215,22,54.50606,19.18087,257.4,Urząd Wojewódzki (fikc.),publiczna,K1,82.9,33105,none,0.0,0.0,0,37.7,1,1,2023-12-08,4,0,2,0,1,68.16
IK-09-01886,jednostka ratowniczo-gaśnicza PSP mazowieckie-miejski-29-01-01886,IK09,rescue,jednostka ratowniczo-gaśnicza PSP,1429001,1429,14,52.79843,21.70464,149.6,Urząd Wojewódzki (fikc.),publiczna,K2,67.5,35858,genset,16.0,12.9,0,37.9,1,0,2024-01-27,5,0,2,0,0,38.67
IK-09-01887,jednostka ratowniczo-gaśnicza PSP podkarpackie-zachodni-03-05-01887,IK09,rescue,jednostka ratowniczo-gaśnicza PSP,1803005,1803,18,50.11563,22.26389,115.8,Komenda Wojewódzka PSP (fikc.),publiczna,K1,81.9,24727,genset,16.2,13.2,0,26.8,1,1,2024-06-21,4,0,2,0,0,44.39
IK-09-01888,jednostka ratowniczo-gaśnicza PSP opolskie-miejski-11-02-01888,IK09,rescue,jednostka ratowniczo-gaśnicza PSP,1611002,1611,16,51.07318,17.56664,140.6,Komenda Wojewódzka PSP (fikc.),publiczna,K2,73.4,32019,none,0.0,0.0,1,19.1,1,1,2024-02-28,4,0,2,0,1,64.36
IK-09-01889,centrum powiadamiania ratunkowego kujawsko-pomorskie-południowy-13-02-01889,IK09,rescue,centrum powiadamiania ratunkowego,0413002,0413,04,52.53098,19.02212,252.4,Komenda Wojewódzka PSP (fikc.),publiczna,K1,92.2,1235184,genset,50.4,41.6,0,29.6,1,0,2023-02-19,6,0,2,0,0,41.38
IK-09-01890,centrum powiadamiania ratunkowego zachodniopomorskie-wschodni-20-03-01890,IK09,rescue,centrum powiadamiania ratunkowego,3220003,3220,32,52.88987,15.24182,127.8,Urząd Wojewódzki (fikc.),publiczna,K1,95.7,1144189,genset,40.8,33.3,0,28.5,1,1,2024-07-12,3,0,1,1,0,69.78
IK-09-01891,centrum powiadamiania ratunkowego kujawsko-pomorskie-południowy-01-02-01891,IK09,rescue,centrum powiadamiania ratunkowego,0401002,0401,04,52.13131,18.68592,242.9,Urząd Wojewódzki (fikc.),publiczna,K1,99.0,908420,genset,28.0,23.2,0,31.5,1,1,2023-11-17,5,0,2,0,0,48.77
IK-09-01892,centrum powiadamiania ratunkowego dolnośląskie-południowy-19-04-01892,IK09,rescue,centrum powiadamiania ratunkowego,0219004,0219,02,51.17007,16.57905,185.2,Urząd Wojewódzki (fikc.),publiczna,K1,99.0,1170841,none,0.0,0.0,0,27.2,1,1,2023-08-03,5,0,2,0,1,74.6
IK-09-01893,centrum powiadamiania ratunkowego podlaskie-zachodni-09-03-01893,IK09,rescue,centrum powiadamiania ratunkowego,2009003,2009,20,53.7862,23.1311,181.0,Urząd Wojewódzki (fikc.),publiczna,K1,95.5,2886525,none,0.0,0.0,0,22.6,1,1,2026-04-29,4,0,1,1,1,98.2
IK-09-01894,centrum powiadamiania ratunkowego łódzkie-zachodni-21-04-01894,IK09,rescue,centrum powiadamiania ratunkowego,1021004,1021,10,51.77135,18.95749,260.1,Komenda Wojewódzka PSP (fikc.),publiczna,K2,77.5,1363201,genset,51.4,36.1,0,20.3,0,1,2023-06-21,3,0,1,1,0,60.29
IK-09-01895,centrum powiadamiania ratunkowego dolnośląskie-centralny-22-02-01895,IK09,rescue,centrum powiadamiania ratunkowego,0222002,0222,02,50.78904,16.89981,137.5,Komenda Wojewódzka PSP (fikc.),publiczna,K1,99.0,597136,genset,36.7,27.7,1,11.5,1,1,2026-07-29,4,0,1,1,0,71.95
IK-09-01896,centrum powiadamiania ratunkowego podkarpackie-południowy-07-02-01896,IK09,rescue,centrum powiadamiania ratunkowego,1807002,1807,18,50.30851,22.05422,239.0,Urząd Wojewódzki (fikc.),publiczna,K1,89.8,1494764,genset,56.9,47.0,0,31.4,1,0,2024-05-19,4,0,2,0,0,39.07
IK-09-01897,centrum powiadamiania ratunkowego opolskie-południowy-07-02-01897,IK09,rescue,centrum powiadamiania ratunkowego,1607002,1607,16,50.68602,18.50522,199.6,Urząd Wojewódzki (fikc.),publiczna,K1,87.7,1019978,genset,55.7,49.4,1,26.8,1,1,2023-09-22,6,0,2,0,0,38.48
IK-09-01898,centrum powiadamiania ratunkowego dolnośląskie-miejski-05-06-01898,IK09,rescue,centrum powiadamiania ratunkowego,0205006,0205,02,51.02069,16.09301,169.2,Komenda Wojewódzka PSP (fikc.),publiczna,K1,81.1,2123162,genset,31.8,27.7,1,40.7,1,1,2025-04-15,5,0,2,0,0,40.82
IK-09-01899,centrum powiadamiania ratunkowego dolnośląskie-północny-12-05-01899,IK09,rescue,centrum powiadamiania ratunkowego,0212005,0212,02,51.59146,16.81674,264.3,Urząd Wojewódzki (fikc.),publiczna,K1,86.3,1667688,none,0.0,0.0,0,22.0,1,0,2025-04-18,3,0,1,1,1,94.52000000000001
IK-09-01900,centrum powiadamiania ratunkowego łódzkie-centralny-10-04-01900,IK09,rescue,centrum powiadamiania ratunkowego,1010004,1010,10,51.71073,20.14531,167.6,Komenda Wojewódzka PSP (fikc.),publiczna,K2,73.5,1004761,none,0.0,0.0,0,29.7,1,1,2026-02-18,5,0,2,0,1,64.4
IK-09-01901,centrum powiadamiania ratunkowego pomorskie-południowy-01-06-01901,IK09,rescue,centrum powiadamiania ratunkowego,2201006,2201,22,54.56373,19.78679,61.1,Komenda Wojewódzka PSP (fikc.),publiczna,K1,98.1,3200000,genset,59.4,45.6,0,23.2,1,1,2024-12-31,4,0,2,0,0,41.86
IK-09-01902,centrum powiadamiania ratunkowego zachodniopomorskie-południowy-19-04-01902,IK09,rescue,centrum powiadamiania ratunkowego,3219004,3219,32,54.03009,15.37362,102.3,Urząd Wojewódzki (fikc.),publiczna,K1,82.7,3200000,genset,70.9,64.1,0,21.1,1,1,2023-12-25,4,0,2,0,0,33.31
IK-09-01903,centrum powiadamiania ratunkowego dolnośląskie-centralny-28-03-01903,IK09,rescue,centrum powiadamiania ratunkowego,0228003,0228,02,50.91552,16.90425,83.9,Urząd Wojewódzki (fikc.),publiczna,K1,88.3,1389490,genset,35.2,24.7,0,18.0,1,0,2023-03-12,5,0,2,0,0,42.99
IK-09-01904,centrum powiadamiania ratunkowego dolnośląskie-centralny-16-06-01904,IK09,rescue,centrum powiadamiania ratunkowego,0216006,0216,02,51.9019,16.87931,222.4,Urząd Wojewódzki (fikc.),publiczna,K1,92.1,1718777,genset,61.2,48.8,1,25.7,1,1,2025-10-31,5,0,2,0,0,39.09
IK-09-01905,centrum powiadamiania ratunkowego podkarpackie-miejski-11-02-01905,IK09,rescue,centrum powiadamiania ratunkowego,1811002,1811,18,50.08156,21.59839,113.8,Urząd Wojewódzki (fikc.),publiczna,K1,99.0,1317929,genset,36.4,33.2,0,34.9,1,1,2023-10-25,4,0,1,1,0,72.02
IK-09-01906,centrum powiadamiania ratunkowego warmińsko-mazurskie-wschodni-20-01-01906,IK09,rescue,centrum powiadamiania ratunkowego,2820001,2820,28,53.89584,20.47375,208.1,Komenda Wojewódzka PSP (fikc.),publiczna,K2,79.7,1291654,none,0.0,0.0,0,31.8,0,0,2023-09-22,4,0,2,0,1,66.88
IK-09-01907,baza lotniczego pogotowia pomorskie-centralny-16-05-01907,IK09,rescue,baza lotniczego pogotowia,2216005,2216,22,53.70979,18.23025,135.3,Urząd Wojewódzki (fikc.),publiczna,K2,67.7,400994,genset,22.0,21.0,0,33.5,1,1,2023-07-20,5,0,2,0,0,37.5
IK-09-01908,baza lotniczego pogotowia łódzkie-zachodni-21-03-01908,IK09,rescue,baza lotniczego pogotowia,1021003,1021,10,52.17582,19.00941,205.3,Urząd Wojewódzki (fikc.),publiczna,K1,83.0,692781,none,0.0,0.0,0,17.0,1,1,2024-07-22,4,0,2,0,1,68.2
IK-09-01909,baza lotniczego pogotowia opolskie-południowy-01-07-01909,IK09,rescue,baza lotniczego pogotowia,1601007,1601,16,50.1959,18.02514,163.3,Komenda Wojewódzka PSP (fikc.),publiczna,K2,78.6,505793,genset,17.7,13.5,0,17.6,1,0,2026-01-19,5,0,2,0,0,42.75
IK-09-01910,baza lotniczego pogotowia dolnośląskie-północny-06-04-01910,IK09,rescue,baza lotniczego pogotowia,0206004,0206,02,51.18527,17.38637,200.1,Komenda Wojewódzka PSP (fikc.),publiczna,K1,87.2,582754,genset,19.5,18.3,1,28.8,1,1,2025-12-01,4,0,2,0,0,45.82
IK-09-01911,baza lotniczego pogotowia opolskie-centralny-04-03-01911,IK09,rescue,baza lotniczego pogotowia,1604003,1604,16,50.61059,18.84225,148.0,Komenda Wojewódzka PSP (fikc.),publiczna,K2,60.4,3200000,genset,20.1,15.4,0,31.1,1,1,2024-11-15,5,0,2,0,0,34.97
IK-09-01912,baza lotniczego pogotowia zachodniopomorskie-północny-06-04-01912,IK09,rescue,baza lotniczego pogotowia,3206004,3206,32,52.64603,13.76371,137.9,Komenda Wojewódzka PSP (fikc.),publiczna,K2,62.1,643570,genset,24.0,18.4,0,23.8,0,0,2024-09-04,4,0,1,1,0,59.84
IK-09-01913,baza lotniczego pogotowia wielkopolskie-południowy-19-04-01913,IK09,rescue,baza lotniczego pogotowia,3019004,3019,30,52.23626,16.64408,89.2,Komenda Wojewódzka PSP (fikc.),publiczna,K2,79.5,629765,none,0.0,0.0,0,15.8,1,1,2024-09-11,4,0,1,1,1,91.8
IK-09-01914,baza lotniczego pogotowia dolnośląskie-południowy-19-01-01914,IK09,rescue,baza lotniczego pogotowia,0219001,0219,02,51.03559,16.79307,111.7,Komenda Wojewódzka PSP (fikc.),publiczna,K1,81.3,1148970,genset,35.0,33.9,0,17.7,1,1,2025-09-21,4,0,1,1,0,65.23
IK-09-01915,baza lotniczego pogotowia wielkopolskie-centralny-16-02-01915,IK09,rescue,baza lotniczego pogotowia,3016002,3016,30,52.46263,16.64446,101.3,Urząd Wojewódzki (fikc.),publiczna,K2,67.0,820053,genset,10.3,8.2,0,29.0,0,1,2025-01-22,3,0,1,1,0,64.64999999999999
IK-09-01916,baza lotniczego pogotowia wielkopolskie-centralny-22-01-01916,IK09,rescue,baza lotniczego pogotowia,3022001,3022,30,52.34052,16.69361,10.1,Komenda Wojewódzka PSP (fikc.),publiczna,K1,93.0,828546,genset,25.9,23.1,0,23.3,0,1,2026-03-09,6,0,2,0,0,46.800000000000004
IK-09-01917,baza lotniczego pogotowia łódzkie-miejski-05-04-01917,IK09,rescue,baza lotniczego pogotowia,1005004,1005,10,52.27909,18.90104,94.2,Urząd Wojewódzki (fikc.),publiczna,K2,66.9,500548,none,0.0,0.0,0,15.8,1,1,2025-10-02,5,0,2,0,1,61.760000000000005
IK-09-01918,baza lotniczego pogotowia lubelskie-wschodni-08-04-01918,IK09,rescue,baza lotniczego pogotowia,0608004,0608,06,50.96364,22.53673,278.6,Urząd Wojewódzki (fikc.),publiczna,K2,79.0,815159,genset,30.4,23.1,0,30.5,1,1,2025-10-24,4,0,2,0,0,40.27
IK-09-01919,baza lotniczego pogotowia małopolskie-południowy-07-02-01919,IK09,rescue,baza lotniczego pogotowia,1207002,1207,12,49.49907,19.2073,4.0,Urząd Wojewódzki (fikc.),publiczna,K2,64.4,697985,genset,40.9,38.7,0,16.1,1,1,2026-01-17,4,0,2,0,0,32.24
IK-09-01920,baza lotniczego pogotowia mazowieckie-południowy-01-03-01920,IK09,rescue,baza lotniczego pogotowia,1401003,1401,14,52.73059,20.84053,156.3,Komenda Wojewódzka PSP (fikc.),publiczna,K2,70.1,1184365,genset,24.2,18.8,0,39.8,1,0,2025-08-10,5,0,1,1,0,63.0
IK-09-01921,baza lotniczego pogotowia dolnośląskie-centralny-16-02-01921,IK09,rescue,baza lotniczego pogotowia,0216002,0216,02,52.06352,16.65704,200.4,Komenda Wojewódzka PSP (fikc.),publiczna,K1,81.3,1063330,genset,35.4,35.0,1,16.9,1,1,2024-11-29,5,0,2,0,0,40.14
IK-09-01922,baza lotniczego pogotowia opolskie-centralny-10-01-01922,IK09,rescue,baza lotniczego pogotowia,1610001,1610,16,50.6762,16.90199,220.1,Komenda Wojewódzka PSP (fikc.),publiczna,K1,89.3,1243675,none,0.0,0.0,0,14.1,1,1,2024-06-07,5,0,2,0,1,70.72
IK-09-01923,baza lotniczego pogotowia pomorskie-południowy-01-04-01923,IK09,rescue,baza lotniczego pogotowia,2201004,2201,22,54.39343,19.67991,162.6,Urząd Wojewódzki (fikc.),publiczna,K2,62.4,555438,genset,31.0,30.1,0,20.7,1,0,2023-06-22,3,0,1,1,0,58.5
IK-09-01924,baza lotniczego pogotowia lubuskie-wschodni-08-02-01924,IK09,rescue,baza lotniczego pogotowia,0808002,0808,08,52.26052,15.43585,24.4,Urząd Wojewódzki (fikc.),publiczna,K2,73.3,1389543,genset,32.4,32.0,0,32.4,1,1,2024-10-25,5,0,2,0,0,37.57
IK-09-01925,baza lotniczego pogotowia lubuskie-północny-06-07-01925,IK09,rescue,baza lotniczego pogotowia,0806007,0806,08,52.55137,15.14109,221.9,Komenda Wojewódzka PSP (fikc.),publiczna,K2,71.3,566865,genset,30.3,29.0,0,41.0,0,0,2025-12-21,5,0,2,0,0,37.21
IK-09-01926,baza lotniczego pogotowia dolnośląskie-wschodni-02-01-01926,IK09,rescue,baza lotniczego pogotowia,0202001,0202,02,51.57952,17.59706,127.6,Komenda Wojewódzka PSP (fikc.),publiczna,K2,78.6,661289,none,0.0,0.0,1,35.2,1,1,2025-10-27,5,0,2,0,1,66.44
IK-10-01927,centrum zarządzania kryzysowego wielkopolskie-południowy-31-02-01927,IK10,admin,centrum zarządzania kryzysowego,3031002,3031,30,52.47977,17.30144,71.2,Urząd Gminy (fikc.),publiczna,K2,78.4,646610,genset,21.3,18.2,0,27.3,0,1,2026-03-31,5,0,2,0,0,41.92
IK-10-01928,centrum zarządzania kryzysowego zachodniopomorskie-centralny-10-05-01928,IK10,admin,centrum zarządzania kryzysowego,3210005,3210,32,53.67703,14.96632,116.8,Urząd Gminy (fikc.),publiczna,K1,84.4,557100,genset,14.1,11.0,0,24.1,1,1,2024-01-14,3,0,1,1,0,70.82000000000001
IK-10-01929,centrum zarządzania kryzysowego dolnośląskie-centralny-10-06-01929,IK10,admin,centrum zarządzania kryzysowego,0210006,0210,02,51.27781,16.78897,185.5,Urząd Gminy (fikc.),publiczna,K1,83.2,355113,genset,21.8,21.0,0,26.4,1,1,2023-08-08,5,0,2,0,0,43.74
IK-10-01930,centrum zarządzania kryzysowego dolnośląskie-południowy-13-01-01930,IK10,admin,centrum zarządzania kryzysowego,0213001,0213,02,50.72102,16.5778,157.5,Urząd Wojewódzki (fikc.),publiczna,K1,91.4,230577,genset,19.2,18.4,1,22.2,1,1,2026-02-11,5,0,1,1,0,72.56
IK-10-01931,centrum zarządzania kryzysowego wielkopolskie-wschodni-14-06-01931,IK10,admin,centrum zarządzania kryzysowego,3014006,3014,30,52.74633,16.91143,182.0,Urząd Gminy (fikc.),publiczna,K1,91.0,175607,genset,27.2,24.7,0,24.0,1,1,2025-09-29,5,0,1,1,0,70.73
IK-10-01932,centrum zarządzania kryzysowego łódzkie-wschodni-08-06-01932,IK10,admin,centrum zarządzania kryzysowego,1008006,1008,10,52.17324,19.15444,105.8,Urząd Wojewódzki (fikc.),publiczna,K1,87.4,325455,genset,24.9,20.6,0,28.1,1,0,2024-05-19,4,0,2,0,0,44.769999999999996
IK-10-01933,centrum zarządzania kryzysowego podlaskie-południowy-07-06-01933,IK10,admin,centrum zarządzania kryzysowego,2007006,2007,20,52.9043,22.46398,183.8,Urząd Wojewódzki (fikc.),publiczna,K1,90.8,245858,genset,24.4,17.2,0,26.4,1,0,2023-02-26,5,0,2,0,0,46.239999999999995
IK-10-01934,centrum zarządzania kryzysowego lubelskie-zachodni-21-01-01934,IK10,admin,centrum zarządzania kryzysowego,0621001,0621,06,51.14775,22.74123,274.4,Urząd Gminy (fikc.),publiczna,K1,84.7,538180,genset,23.5,22.8,0,21.1,1,1,2023-05-27,4,0,2,0,0,43.980000000000004
IK-10-01935,centrum zarządzania kryzysowego świętokrzyskie-wschodni-02-06-01935,IK10,admin,centrum zarządzania kryzysowego,2602006,2602,26,49.96587,19.8833,122.1,Starostwo Powiatowe (fikc.),publiczna,K2,74.6,336758,genset,22.2,20.9,0,41.2,1,1,2023-04-29,4,0,1,1,0,65.22
IK-10-01936,centrum zarządzania kryzysowego opolskie-miejski-05-05-01936,IK10,admin,centrum zarządzania kryzysowego,1605005,1605,16,50.07118,17.28573,207.2,Urząd Wojewódzki (fikc.),publiczna,K1,84.9,596847,genset,19.5,18.1,0,32.8,1,1,2025-01-15,4,0,1,1,0,69.89999999999999
IK-10-01937,centrum zarządzania kryzysowego opolskie-wschodni-08-03-01937,IK10,admin,centrum zarządzania kryzysowego,1608003,1608,16,51.03513,18.50743,140.3,Urząd Wojewódzki (fikc.),publiczna,K1,94.8,387634,genset,30.9,27.5,1,29.2,1,1,2026-04-15,5,0,1,1,0,71.48
IK-10-01938,centrum zarządzania kryzysowego dolnośląskie-wschodni-08-05-01938,IK10,admin,centrum zarządzania kryzysowego,0208005,0208,02,51.19473,16.27933,294.4,Urząd Wojewódzki (fikc.),publiczna,K1,82.3,846212,genset,23.7,20.2,0,37.0,1,1,2025-07-07,4,0,1,1,0,67.97999999999999
IK-10-01939,centrum zarządzania kryzysowego dolnośląskie-zachodni-15-02-01939,IK10,admin,centrum zarządzania kryzysowego,0215002,0215,02,51.23412,17.1922,142.8,Starostwo Powiatowe (fikc.),publiczna,K2,69.7,489465,none,0.0,0.0,1,23.4,0,1,2024-04-04,3,0,1,1,1,87.88
IK-10-01940,centrum zarządzania kryzysowego dolnośląskie-miejski-11-03-01940,IK10,admin,centrum zarządzania kryzysowego,0211003,0211,02,51.03087,16.29382,220.1,Urząd Gminy (fikc.),publiczna,K2,77.5,710425,genset,27.6,19.4,0,40.6,0,0,2024-01-09,4,0,1,1,0,65.25
IK-10-01941,centrum zarządzania kryzysowego dolnośląskie-centralny-28-04-01941,IK10,admin,centrum zarządzania kryzysowego,0228004,0228,02,51.04582,17.07974,253.1,Urząd Gminy (fikc.),publiczna,K1,98.4,163415,genset,14.5,11.2,0,25.1,1,1,2025-02-08,4,0,2,0,0,51.339999999999996
IK-10-01942,centrum zarządzania kryzysowego łódzkie-miejski-05-03-01942,IK10,admin,centrum zarządzania kryzysowego,1005003,1005,10,52.40363,19.6378,104.6,Starostwo Powiatowe (fikc.),publiczna,K1,90.7,659441,genset,34.1,33.0,0,7.3,1,1,2026-05-15,5,0,2,0,0,44.18
IK-10-01943,centrum zarządzania kryzysowego zachodniopomorskie-północny-18-01-01943,IK10,admin,centrum zarządzania kryzysowego,3218001,3218,32,53.04652,15.92883,296.6,Starostwo Powiatowe (fikc.),publiczna,K1,82.5,869496,genset,24.7,22.1,0,26.8,1,1,2024-07-05,4,0,2,0,0,42.85
IK-10-01944,centrum zarządzania kryzysowego podlaskie-zachodni-15-04-01944,IK10,admin,centrum zarządzania kryzysowego,2015004,2015,20,52.9395,22.53143,100.1,Urząd Gminy (fikc.),publiczna,K1,90.8,359415,genset,30.6,27.9,0,23.1,1,1,2024-08-04,4,0,1,1,0,69.94
IK-10-01945,centrum zarządzania kryzysowego łódzkie-wschodni-14-01-01945,IK10,admin,centrum zarządzania kryzysowego,1014001,1014,10,51.45318,19.63647,42.1,Urząd Gminy (fikc.),publiczna,K1,99.0,203634,genset,22.3,19.9,0,18.6,1,1,2024-07-05,5,0,2,0,0,49.95
IK-10-01946,centrum zarządzania kryzysowego lubuskie-południowy-07-06-01946,IK10,admin,centrum zarządzania kryzysowego,0807006,0807,08,52.27216,15.6742,129.3,Urząd Gminy (fikc.),publiczna,K1,92.4,133393,genset,27.0,21.4,0,20.5,1,1,2023-12-27,3,0,1,1,0,71.34
IK-10-01947,centrum zarządzania kryzysowego mazowieckie-północny-36-06-01947,IK10,admin,centrum zarządzania kryzysowego,1436006,1436,14,52.61878,20.22325,126.8,Starostwo Powiatowe (fikc.),publiczna,K2,78.9,647109,none,0.0,0.0,0,25.3,1,0,2023-12-20,5,0,2,0,1,66.56
IK-10-01948,centrum zarządzania kryzysowego świętokrzyskie-miejski-11-01-01948,IK10,admin,centrum zarządzania kryzysowego,2611001,2611,26,51.07933,19.75115,49.4,Starostwo Powiatowe (fikc.),publiczna,K1,99.0,512037,genset,28.3,20.0,0,16.2,1,1,2025-06-30,3,0,1,1,0,73.7
IK-10-01949,centrum zarządzania kryzysowego warmińsko-mazurskie-wschodni-02-06-01949,IK10,admin,centrum zarządzania kryzysowego,2802006,2802,28,53.13724,21.23821,210.9,Starostwo Powiatowe (fikc.),publiczna,K1,85.1,393358,genset,28.5,23.7,0,11.5,1,1,2024-03-20,3,0,1,1,0,68.10000000000001
IK-10-01950,centrum zarządzania kryzysowego śląskie-zachodni-27-02-01950,IK10,admin,centrum zarządzania kryzysowego,2427002,2427,24,49.94944,18.6192,197.5,Urząd Wojewódzki (fikc.),publiczna,K1,99.0,378556,genset,20.2,15.8,0,25.4,1,1,2025-06-24,4,0,1,1,0,75.39
IK-10-01951,centrum zarządzania kryzysowego warmińsko-mazurskie-wschodni-14-03-01951,IK10,admin,centrum zarządzania kryzysowego,2814003,2814,28,53.71506,19.70103,104.7,Starostwo Powiatowe (fikc.),publiczna,K1,98.8,469502,genset,13.4,12.7,0,23.5,1,0,2024-05-16,4,0,2,0,0,51.73
IK-10-01952,centrum zarządzania kryzysowego lubelskie-wschodni-02-04-01952,IK10,admin,centrum zarządzania kryzysowego,0602004,0602,06,51.61421,21.44911,145.1,Urząd Gminy (fikc.),publiczna,K1,83.1,452179,genset,27.1,26.0,0,20.1,1,1,2024-07-15,4,0,1,1,0,67.58999999999999
IK-10-01953,centrum zarządzania kryzysowego opolskie-południowy-07-02-01953,IK10,admin,centrum zarządzania kryzysowego,1607002,1607,16,50.68417,18.38632,223.1,Starostwo Powiatowe (fikc.),publiczna,K1,99.0,161663,genset,17.0,14.8,0,14.2,1,1,2025-04-06,3,0,1,1,0,76.06
IK-10-01954,centrum zarządzania kryzysowego opolskie-północny-12-06-01954,IK10,admin,centrum zarządzania kryzysowego,1612006,1612,16,50.57653,18.84578,211.3,Urząd Gminy (fikc.),publiczna,K1,90.5,477520,none,0.0,0.0,0,29.6,1,1,2023-05-16,3,0,1,1,1,96.2
IK-10-01955,centrum zarządzania kryzysowego łódzkie-południowy-19-01-01955,IK10,admin,centrum zarządzania kryzysowego,1019001,1019,10,51.92906,18.88226,205.0,Urząd Gminy (fikc.),publiczna,K1,86.7,218552,genset,37.9,30.0,0,39.7,1,1,2024-05-07,5,0,1,1,0,66.78
IK-10-01956,centrum zarządzania kryzysowego lubelskie-miejski-11-05-01956,IK10,admin,centrum zarządzania kryzysowego,0611005,0611,06,51.92077,21.85908,240.5,Starostwo Powiatowe (fikc.),publiczna,K1,99.0,313677,none,0.0,0.0,0,24.6,1,1,2023-07-22,4,0,2,0,1,74.6
IK-10-01957,centrum zarządzania kryzysowego warmińsko-mazurskie-wschodni-02-05-01957,IK10,admin,centrum zarządzania kryzysowego,2802005,2802,28,53.2051,20.7656,239.9,Starostwo Powiatowe (fikc.),publiczna,K1,96.2,1127516,genset,31.7,25.8,0,29.5,1,1,2024-05-03,4,0,1,1,0,71.88
IK-10-01958,centrum zarządzania kryzysowego opolskie-północny-06-04-01958,IK10,admin,centrum zarządzania kryzysowego,1606004,1606,16,50.79236,18.14214,207.6,Urząd Wojewódzki (fikc.),publiczna,K1,93.3,858867,genset,27.4,25.8,0,22.6,1,1,2026-07-03,6,0,2,0,0,46.61
IK-10-01959,centrum zarządzania kryzysowego dolnośląskie-miejski-05-05-01959,IK10,admin,centrum zarządzania kryzysowego,0205005,0205,02,51.07889,16.00497,279.1,Urząd Gminy (fikc.),publiczna,K1,92.1,355463,genset,15.9,14.7,0,28.3,0,1,2025-09-14,5,0,2,0,0,48.53
IK-10-01960,centrum zarządzania kryzysowego podlaskie-północny-06-02-01960,IK10,admin,centrum zarządzania kryzysowego,2006002,2006,20,53.4803,24.21163,51.1,Urząd Gminy (fikc.),publiczna,K2,79.1,555299,none,0.0,0.0,0,27.1,1,1,2026-03-31,5,0,2,0,1,66.64
IK-10-01961,centrum zarządzania kryzysowego dolnośląskie-centralny-16-05-01961,IK10,admin,centrum zarządzania kryzysowego,0216005,0216,02,51.9221,16.70991,119.8,Starostwo Powiatowe (fikc.),publiczna,K1,84.6,567183,genset,31.1,25.8,1,12.5,1,1,2026-01-31,5,0,2,0,0,42.36
IK-10-01962,centrum zarządzania kryzysowego kujawsko-pomorskie-zachodni-21-02-01962,IK10,admin,centrum zarządzania kryzysowego,0421002,0421,04,52.85719,19.24644,77.4,Urząd Wojewódzki (fikc.),publiczna,K1,98.2,665432,genset,25.5,20.5,0,27.4,1,1,2025-04-06,3,0,1,1,0,73.97
IK-10-01963,centrum zarządzania kryzysowego kujawsko-pomorskie-południowy-19-06-01963,IK10,admin,centrum zarządzania kryzysowego,0419006,0419,04,52.65078,18.14437,163.0,Urząd Wojewódzki (fikc.),publiczna,K1,96.0,331820,genset,27.7,27.6,0,20.7,1,1,2025-06-18,5,0,2,0,0,47.63
IK-10-01964,centrum zarządzania kryzysowego warmińsko-mazurskie-zachodni-09-05-01964,IK10,admin,centrum zarządzania kryzysowego,2809005,2809,28,53.87358,20.19439,155.8,Urząd Wojewódzki (fikc.),publiczna,K1,99.0,658779,none,0.0,0.0,0,19.0,1,1,2023-04-30,4,0,1,1,1,99.6
IK-10-01965,centrum zarządzania kryzysowego dolnośląskie-miejski-17-07-01965,IK10,admin,centrum zarządzania kryzysowego,0217007,0217,02,50.94197,16.62728,188.5,Urząd Gminy (fikc.),publiczna,K1,82.6,238265,genset,14.1,13.5,1,20.0,1,0,2025-12-24,3,0,1,1,0,70.1
IK-10-01966,centrum zarządzania kryzysowego podkarpackie-zachodni-15-01-01966,IK10,admin,centrum zarządzania kryzysowego,1815001,1815,18,49.54977,20.44908,227.5,Starostwo Powiatowe (fikc.),publiczna,K1,96.3,242206,genset,16.6,12.2,0,14.0,1,0,2023-06-02,5,0,2,0,0,50.06
IK-10-01967,centrum zarządzania kryzysowego lubelskie-południowy-19-03-01967,IK10,admin,centrum zarządzania kryzysowego,0619003,0619,06,50.50521,22.92602,216.4,Urząd Wojewódzki (fikc.),publiczna,K1,99.0,435857,genset,7.9,7.1,0,25.0,1,1,2023-06-15,5,0,1,1,0,77.95
IK-10-01968,centrum zarządzania kryzysowego dolnośląskie-miejski-05-02-01968,IK10,admin,centrum zarządzania kryzysowego,0205002,0205,02,50.94527,16.5792,126.3,Urząd Gminy (fikc.),publiczna,K1,85.2,259376,genset,23.3,22.3,0,23.7,1,1,2025-09-03,6,0,2,0,0,44.230000000000004
IK-10-01969,centrum zarządzania kryzysowego wielkopolskie-wschodni-08-04-01969,IK10,admin,centrum zarządzania kryzysowego,3008004,3008,30,51.95512,16.23226,63.7,Urząd Wojewódzki (fikc.),publiczna,K1,89.2,189786,genset,25.6,24.6,0,14.7,1,0,2024-06-28,4,0,2,0,0,45.35
IK-10-01970,centrum zarządzania kryzysowego dolnośląskie-zachodni-15-03-01970,IK10,admin,centrum zarządzania kryzysowego,0215003,0215,02,51.42496,17.05786,306.4,Urząd Wojewódzki (fikc.),publiczna,K1,92.5,512671,genset,22.9,22.2,1,35.2,1,0,2023-03-09,3,0,1,1,0,72.23
IK-10-01971,centrum zarządzania kryzysowego dolnośląskie-centralny-04-01-01971,IK10,admin,centrum zarządzania kryzysowego,0204001,0204,02,50.88467,16.5714,228.6,Starostwo Powiatowe (fikc.),publiczna,K1,99.0,1584779,genset,28.3,21.9,1,28.0,1,1,2025-01-17,6,0,2,0,0,48.699999999999996
IK-10-01972,centrum zarządzania kryzysowego opolskie-północny-06-04-01972,IK10,admin,centrum zarządzania kryzysowego,1606004,1606,16,50.78165,18.22207,255.0,Starostwo Powiatowe (fikc.),publiczna,K1,96.9,402207,genset,25.3,22.7,0,26.3,1,1,2024-12-15,4,0,1,1,0,73.49
IK-10-01973,centrum zarządzania kryzysowego dolnośląskie-centralny-22-04-01973,IK10,admin,centrum zarządzania kryzysowego,0222004,0222,02,50.8659,16.92741,235.2,Urząd Gminy (fikc.),publiczna,K1,86.5,577711,genset,18.9,16.8,1,29.7,1,1,2026-06-17,4,0,2,0,0,45.660000000000004
IK-10-01974,centrum zarządzania kryzysowego wielkopolskie-zachodni-33-02-01974,IK10,admin,centrum zarządzania kryzysowego,3033002,3033,30,51.99536,17.14603,170.7,Urząd Gminy (fikc.),publiczna,K2,72.7,635649,none,0.0,0.0,0,18.2,1,1,2024-06-25,4,0,2,0,1,64.08
IK-10-01975,centrum zarządzania kryzysowego wielkopolskie-zachodni-27-04-01975,IK10,admin,centrum zarządzania kryzysowego,3027004,3027,30,52.99686,16.68867,155.1,Starostwo Powiatowe (fikc.),publiczna,K1,88.2,467006,genset,14.7,13.8,0,13.4,1,0,2026-01-19,4,0,2,0,0,47.22
IK-10-01976,centrum zarządzania kryzysowego opolskie-południowy-07-02-01976,IK10,admin,centrum zarządzania kryzysowego,1607002,1607,16,50.70075,18.55579,151.3,Urząd Wojewódzki (fikc.),publiczna,K1,99.0,290300,genset,26.8,20.6,1,22.9,1,1,2026-05-12,3,0,1,1,0,74.02
IK-10-01977,centrum zarządzania kryzysowego dolnośląskie-wschodni-08-06-01977,IK10,admin,centrum zarządzania kryzysowego,0208006,0208,02,51.18124,16.32544,213.5,Urząd Wojewódzki (fikc.),publiczna,K1,87.4,490821,genset,13.9,10.9,0,26.1,1,1,2023-11-30,4,0,2,0,0,47.06
IK-10-01978,centrum zarządzania kryzysowego lubelskie-miejski-23-01-01978,IK10,admin,centrum zarządzania kryzysowego,0623001,0623,06,51.50494,22.16934,62.4,Starostwo Powiatowe (fikc.),publiczna,K1,90.5,877442,genset,19.5,17.8,0,31.6,1,1,2024-03-15,5,0,2,0,0,47.14
IK-10-01979,centrum zarządzania kryzysowego opolskie-wschodni-02-07-01979,IK10,admin,centrum zarządzania kryzysowego,1602007,1602,16,50.50949,18.20277,62.9,Starostwo Powiatowe (fikc.),publiczna,K1,99.0,635935,genset,24.4,18.0,1,30.6,1,1,2025-12-09,4,0,2,0,0,49.519999999999996
IK-10-01980,centrum zarządzania kryzysowego dolnośląskie-wschodni-20-04-01980,IK10,admin,centrum zarządzania kryzysowego,0220004,0220,02,50.71519,17.05775,159.7,Urząd Wojewódzki (fikc.),publiczna,K1,82.9,1285398,genset,21.0,18.5,1,27.4,1,1,2026-05-02,3,0,1,1,0,68.78999999999999
IK-10-01981,centrum zarządzania kryzysowego dolnośląskie-zachodni-15-04-01981,IK10,admin,centrum zarządzania kryzysowego,0215004,0215,02,51.1686,17.13219,208.6,Urząd Wojewódzki (fikc.),publiczna,K1,88.1,882029,genset,35.0,32.2,0,21.1,1,1,2025-06-19,4,0,2,0,0,42.95
IK-10-01982,centrum zarządzania kryzysowego dolnośląskie-południowy-07-02-01982,IK10,admin,centrum zarządzania kryzysowego,0207002,0207,02,51.01558,17.4847,106.6,Urząd Gminy (fikc.),publiczna,K1,84.4,286092,genset,22.3,21.7,1,37.4,1,1,2024-02-08,4,0,2,0,0,44.11
IK-10-01983,centrum zarządzania kryzysowego zachodniopomorskie-centralny-10-05-01983,IK10,admin,centrum zarządzania kryzysowego,3210005,3210,32,53.67803,14.9615,95.0,Urząd Gminy (fikc.),publiczna,K1,93.0,1017625,genset,31.2,25.6,0,30.1,1,1,2024-08-20,5,0,2,0,0,45.7
IK-10-01984,centrum zarządzania kryzysowego świętokrzyskie-południowy-13-06-01984,IK10,admin,centrum zarządzania kryzysowego,2613006,2613,26,51.21938,19.955,88.8,Urząd Gminy (fikc.),publiczna,K1,81.4,338879,genset,26.8,22.8,0,4.9,1,1,2023-03-21,4,0,1,1,0,66.97999999999999
IK-10-01985,centrum zarządzania kryzysowego zachodniopomorskie-południowy-07-03-01985,IK10,admin,centrum zarządzania kryzysowego,3207003,3207,32,53.33763,14.98149,148.2,Urząd Gminy (fikc.),publiczna,K1,99.0,240583,genset,22.0,17.5,0,35.5,1,1,2024-06-22,4,0,1,1,0,75.02
IK-10-01986,centrum zarządzania kryzysowego dolnośląskie-północny-30-06-01986,IK10,admin,centrum zarządzania kryzysowego,0230006,0230,02,50.75251,17.69445,262.6,Urząd Gminy (fikc.),publiczna,K1,88.2,216996,none,0.0,0.0,0,26.2,1,1,2023-10-28,4,0,1,1,1,95.28
IK-10-01987,centrum zarządzania kryzysowego śląskie-północny-30-03-01987,IK10,admin,centrum zarządzania kryzysowego,2430003,2430,24,50.63558,19.45077,146.7,Urząd Gminy (fikc.),publiczna,K2,72.5,321017,none,0.0,0.0,0,36.8,0,1,2023-03-16,3,0,1,1,1,89.0
IK-10-01988,centrum zarządzania kryzysowego świętokrzyskie-południowy-07-03-01988,IK10,admin,centrum zarządzania kryzysowego,2607003,2607,26,50.40531,20.47875,225.8,Urząd Wojewódzki (fikc.),publiczna,K1,81.2,321403,genset,10.8,7.9,0,28.0,1,1,2025-07-23,6,0,2,0,0,45.23
IK-10-01989,węzeł teleinformatyczny urzędu łódzkie-miejski-05-07-01989,IK10,admin,węzeł teleinformatyczny urzędu,1005007,1005,10,52.33592,19.85977,142.9,Urząd Wojewódzki (fikc.),publiczna,K2,58.6,211167,none,0.0,0.0,0,30.4,1,1,2025-05-19,5,0,2,0,1,58.440000000000005
IK-10-01990,węzeł teleinformatyczny urzędu opolskie-centralny-04-04-01990,IK10,admin,węzeł teleinformatyczny urzędu,1604004,1604,16,50.7288,18.63625,240.4,Urząd Wojewódzki (fikc.),publiczna,K2,63.4,364546,genset,6.2,6.1,0,26.7,1,1,2024-11-03,4,0,1,1,0,64.07000000000001
IK-10-01991,węzeł teleinformatyczny urzędu opolskie-południowy-01-03-01991,IK10,admin,węzeł teleinformatyczny urzędu,1601003,1601,16,50.25763,17.76088,113.1,Urząd Gminy (fikc.),publiczna,K3,48.4,189863,genset,7.8,7.2,1,17.8,0,0,2025-01-16,5,0,2,0,0,32.73
IK-10-01992,węzeł teleinformatyczny urzędu mazowieckie-wschodni-02-07-01992,IK10,admin,węzeł teleinformatyczny urzędu,1402007,1402,14,52.03096,20.30516,144.7,Urząd Wojewódzki (fikc.),publiczna,K3,53.7,116049,genset,7.1,5.5,0,23.1,0,1,2024-04-26,3,0,1,1,0,60.0
IK-10-01993,węzeł teleinformatyczny urzędu dolnośląskie-północny-18-05-01993,IK10,admin,węzeł teleinformatyczny urzędu,0218005,0218,02,51.22372,17.35592,100.0,Urząd Gminy (fikc.),publiczna,K2,63.4,122776,genset,7.0,5.0,1,15.3,1,1,2023-09-30,5,0,1,1,0,63.9
IK-10-01994,węzeł teleinformatyczny urzędu łódzkie-północny-24-06-01994,IK10,admin,węzeł teleinformatyczny urzędu,1024006,1024,10,51.59051,19.5253,171.1,Urząd Wojewódzki (fikc.),publiczna,K3,57.5,89131,none,0.0,0.0,0,19.0,0,0,2026-07-01,4,0,2,0,1,57.99999999999999
IK-10-01995,węzeł teleinformatyczny urzędu warmińsko-mazurskie-północny-18-06-01995,IK10,admin,węzeł teleinformatyczny urzędu,2818006,2818,28,53.15241,20.76219,172.7,Urząd Gminy (fikc.),publiczna,K3,46.6,116471,genset,5.2,3.7,0,35.8,1,1,2025-12-28,5,0,1,1,0,57.56
IK-10-01996,węzeł teleinformatyczny urzędu mazowieckie-południowy-07-03-01996,IK10,admin,węzeł teleinformatyczny urzędu,1407003,1407,14,52.20196,20.74244,225.2,Starostwo Powiatowe (fikc.),publiczna,K3,55.7,143989,genset,6.5,4.7,0,19.6,1,0,2025-01-11,4,0,1,1,0,60.92999999999999
IK-10-01997,węzeł teleinformatyczny urzędu wielkopolskie-południowy-07-02-01997,IK10,admin,węzeł teleinformatyczny urzędu,3007002,3007,30,51.76169,16.77002,180.3,Starostwo Powiatowe (fikc.),publiczna,K3,54.0,71453,none,0.0,0.0,0,41.7,1,1,2025-06-13,4,0,1,1,1,81.6
IK-10-01998,węzeł teleinformatyczny urzędu warmińsko-mazurskie-południowy-01-03-01998,IK10,admin,węzeł teleinformatyczny urzędu,2801003,2801,28,54.11096,20.54911,101.6,Urząd Wojewódzki (fikc.),publiczna,K3,51.7,204370,none,0.0,0.0,0,36.7,0,0,2025-06-13,4,0,1,1,1,80.67999999999999
IK-10-01999,węzeł teleinformatyczny urzędu małopolskie-północny-06-05-01999,IK10,admin,węzeł teleinformatyczny urzędu,1206005,1206,12,49.79732,19.73687,190.5,Urząd Gminy (fikc.),publiczna,K3,47.4,80994,genset,6.2,4.6,0,26.5,0,0,2024-01-12,4,0,1,1,0,57.67
IK-10-02000,węzeł teleinformatyczny urzędu wielkopolskie-zachodni-21-05-02000,IK10,admin,węzeł teleinformatyczny urzędu,3021005,3021,30,52.26715,17.00598,221.5,Starostwo Powiatowe (fikc.),publiczna,K2,61.5,129607,genset,5.0,4.8,0,13.6,1,1,2024-04-04,3,0,1,1,0,63.56
IK-10-02001,węzeł teleinformatyczny urzędu dolnośląskie-miejski-17-04-02001,IK10,admin,węzeł teleinformatyczny urzędu,0217004,0217,02,50.68228,16.2759,243.8,Urząd Gminy (fikc.),publiczna,K2,75.5,68362,genset,7.5,5.4,1,14.1,1,1,2026-05-30,4,0,1,1,0,68.64
IK-10-02002,węzeł teleinformatyczny urzędu opolskie-centralny-04-05-02002,IK10,admin,węzeł teleinformatyczny urzędu,1604005,1604,16,50.75614,18.55122,220.9,Starostwo Powiatowe (fikc.),publiczna,K3,54.2,161013,genset,10.8,9.8,0,35.7,0,1,2025-08-07,4,0,2,0,0,34.43
IK-10-02003,węzeł teleinformatyczny urzędu świętokrzyskie-wschodni-02-01-02003,IK10,admin,węzeł teleinformatyczny urzędu,2602001,2602,26,50.17569,19.71798,128.9,Starostwo Powiatowe (fikc.),publiczna,K2,58.1,443563,genset,6.2,5.7,0,32.7,0,1,2024-09-19,5,0,2,0,0,36.95
IK-10-02004,węzeł teleinformatyczny urzędu dolnośląskie-południowy-01-03-02004,IK10,admin,węzeł teleinformatyczny urzędu,0201003,0201,02,51.09957,16.13141,127.7,Urząd Wojewódzki (fikc.),publiczna,K3,51.2,61344,genset,6.7,4.8,0,33.7,1,1,2026-02-15,6,0,2,0,0,34.08
IK-10-02005,węzeł teleinformatyczny urzędu warmińsko-mazurskie-zachodni-21-06-02005,IK10,admin,węzeł teleinformatyczny urzędu,2821006,2821,28,53.98613,19.49246,285.9,Starostwo Powiatowe (fikc.),publiczna,K2,58.5,186317,genset,3.0,2.7,0,25.8,0,1,2025-09-14,3,0,1,1,0,62.78
IK-10-02006,węzeł teleinformatyczny urzędu opolskie-centralny-10-01-02006,IK10,admin,węzeł teleinformatyczny urzędu,1610001,1610,16,50.5969,16.91161,169.0,Urząd Gminy (fikc.),publiczna,K3,51.8,219073,genset,5.1,4.5,0,23.3,0,1,2024-11-02,5,0,2,0,0,34.660000000000004
IK-10-02007,węzeł teleinformatyczny urzędu podlaskie-południowy-01-05-02007,IK10,admin,węzeł teleinformatyczny urzędu,2001005,2001,20,53.29476,22.48158,207.1,Starostwo Powiatowe (fikc.),publiczna,K2,72.3,176273,genset,8.0,6.3,0,22.2,1,0,2023-07-12,5,0,2,0,0,42.25
IK-10-02008,węzeł teleinformatyczny urzędu dolnośląskie-zachodni-15-05-02008,IK10,admin,węzeł teleinformatyczny urzędu,0215005,0215,02,51.30254,17.31831,144.4,Starostwo Powiatowe (fikc.),publiczna,K2,62.0,217995,genset,6.8,6.5,0,26.0,1,1,2026-04-04,5,0,2,0,0,38.379999999999995
IK-10-02009,węzeł teleinformatyczny urzędu zachodniopomorskie-miejski-05-06-02009,IK10,admin,węzeł teleinformatyczny urzędu,3205006,3205,32,53.59953,15.17499,110.7,Urząd Gminy (fikc.),publiczna,K3,48.4,131061,genset,4.5,3.6,0,21.7,0,0,2025-07-20,3,0,1,1,0,58.42
IK-10-02010,węzeł teleinformatyczny urzędu dolnośląskie-zachodni-03-02-02010,IK10,admin,węzeł teleinformatyczny urzędu,0203002,0203,02,50.39038,15.99814,231.8,Urząd Gminy (fikc.),publiczna,K3,53.2,137990,genset,4.4,4.1,1,25.0,1,0,2025-01-19,5,0,2,0,0,35.36
IK-10-02011,węzeł teleinformatyczny urzędu opolskie-południowy-01-03-02011,IK10,admin,węzeł teleinformatyczny urzędu,1601003,1601,16,50.32978,17.84693,150.3,Starostwo Powiatowe (fikc.),publiczna,K3,47.2,124663,genset,7.4,7.2,1,31.2,0,0,2025-09-04,6,0,2,0,0,32.34
IK-10-02012,węzeł teleinformatyczny urzędu opolskie-miejski-11-04-02012,IK10,admin,węzeł teleinformatyczny urzędu,1611004,1611,16,51.30917,17.50713,57.8,Starostwo Powiatowe (fikc.),publiczna,K2,73.0,320157,genset,7.7,7.5,0,19.8,1,1,2023-07-08,4,0,1,1,0,67.60000000000001
IK-10-02013,węzeł teleinformatyczny urzędu opolskie-miejski-11-01-02013,IK10,admin,węzeł teleinformatyczny urzędu,1611001,1611,16,51.27953,17.5591,142.1,Urząd Wojewódzki (fikc.),publiczna,K3,31.2,154407,genset,5.0,4.2,1,30.2,0,0,2023-04-09,5,0,2,0,0,26.44
IK-10-02014,węzeł teleinformatyczny urzędu dolnośląskie-centralny-10-06-02014,IK10,admin,węzeł teleinformatyczny urzędu,0210006,0210,02,51.22475,16.90491,211.6,Urząd Gminy (fikc.),publiczna,K3,51.9,123157,genset,6.2,5.7,0,30.0,1,0,2023-07-02,4,0,1,1,0,59.47
IK-10-02015,węzeł teleinformatyczny urzędu warmińsko-mazurskie-południowy-19-06-02015,IK10,admin,węzeł teleinformatyczny urzędu,2819006,2819,28,54.48555,20.90149,178.3,Starostwo Powiatowe (fikc.),publiczna,K3,54.0,282192,genset,7.6,6.4,0,33.9,1,1,2025-02-23,5,0,2,0,0,35.02
IK-10-02016,węzeł teleinformatyczny urzędu lubuskie-centralny-10-01-02016,IK10,admin,węzeł teleinformatyczny urzędu,0810001,0810,08,52.06167,14.59448,166.9,Urząd Gminy (fikc.),publiczna,K3,57.2,161328,none,0.0,0.0,0,24.7,0,0,2024-07-09,4,0,2,0,1,57.879999999999995
IK-10-02017,węzeł teleinformatyczny urzędu dolnośląskie-północny-24-05-02017,IK10,admin,węzeł teleinformatyczny urzędu,0224005,0224,02,51.54923,16.97592,136.7,Starostwo Powiatowe (fikc.),publiczna,K3,46.6,77405,genset,6.5,5.3,1,24.7,1,0,2024-06-01,4,0,1,1,0,57.29
IK-10-02018,węzeł teleinformatyczny urzędu dolnośląskie-miejski-17-03-02018,IK10,admin,węzeł teleinformatyczny urzędu,0217003,0217,02,50.99938,16.28195,164.2,Urząd Gminy (fikc.),publiczna,K2,76.6,224251,genset,4.7,3.7,1,21.4,1,0,2026-07-04,3,0,1,1,0,69.66
IK-10-02019,węzeł teleinformatyczny urzędu warmińsko-mazurskie-południowy-01-03-02019,IK10,admin,węzeł teleinformatyczny urzędu,2801003,2801,28,54.0639,20.43339,4.0,Urząd Wojewódzki (fikc.),publiczna,K3,57.3,376933,none,0.0,0.0,0,15.0,1,0,2024-05-19,4,0,2,0,1,57.92
IK-10-02020,węzeł teleinformatyczny urzędu podlaskie-centralny-16-03-02020,IK10,admin,węzeł teleinformatyczny urzędu,2016003,2016,20,52.48905,22.27053,96.3,Urząd Wojewódzki (fikc.),publiczna,K3,47.8,124953,genset,7.1,5.1,0,12.0,0,0,2023-07-01,3,0,1,1,0,57.64
IK-10-02021,węzeł teleinformatyczny urzędu zachodniopomorskie-wschodni-08-03-02021,IK10,admin,węzeł teleinformatyczny urzędu,3208003,3208,32,53.66618,14.45204,135.7,Starostwo Powiatowe (fikc.),publiczna,K2,66.6,104084,genset,6.7,5.1,0,33.2,1,1,2023-09-30,3,0,1,1,0,65.24
IK-10-02022,węzeł teleinformatyczny urzędu opolskie-centralny-10-02-02022,IK10,admin,węzeł teleinformatyczny urzędu,1610002,1610,16,50.69823,16.59227,85.3,Urząd Wojewódzki (fikc.),publiczna,K2,68.7,80050,genset,9.1,8.0,1,27.1,1,1,2026-02-18,4,0,1,1,0,65.58
IK-10-02023,węzeł teleinformatyczny urzędu pomorskie-wschodni-20-04-02023,IK10,admin,węzeł teleinformatyczny urzędu,2220004,2220,22,53.45153,18.31656,295.4,Urząd Gminy (fikc.),publiczna,K2,70.6,107654,genset,4.8,4.7,0,23.0,1,1,2023-05-19,5,0,2,0,0,42.24
IK-10-02024,węzeł teleinformatyczny urzędu wielkopolskie-północny-06-04-02024,IK10,admin,węzeł teleinformatyczny urzędu,3006004,3006,30,52.86621,16.36572,166.8,Starostwo Powiatowe (fikc.),publiczna,K3,52.4,113800,genset,7.2,6.8,0,18.4,0,1,2025-09-21,5,0,2,0,0,34.46
IK-10-02025,węzeł teleinformatyczny urzędu świętokrzyskie-zachodni-09-06-02025,IK10,admin,węzeł teleinformatyczny urzędu,2609006,2609,26,50.33373,20.15175,129.7,Urząd Gminy (fikc.),publiczna,K2,62.0,117548,genset,8.7,7.4,0,20.1,1,0,2023-10-26,3,0,1,1,0,62.99
IK-10-02026,węzeł teleinformatyczny urzędu śląskie-centralny-34-06-02026,IK10,admin,węzeł teleinformatyczny urzędu,2434006,2434,24,50.22401,18.39911,64.2,Starostwo Powiatowe (fikc.),publiczna,K2,61.4,76321,genset,6.6,5.4,0,35.0,0,1,2024-07-12,3,0,1,1,0,63.18
IK-10-02027,węzeł teleinformatyczny urzędu małopolskie-wschodni-08-05-02027,IK10,admin,węzeł teleinformatyczny urzędu,1208005,1208,12,50.86639,19.14681,225.8,Starostwo Powiatowe (fikc.),publiczna,K3,27.5,80683,none,0.0,0.0,0,40.0,0,0,2023-02-26,3,0,1,1,1,71.0
IK-10-02028,węzeł teleinformatyczny urzędu opolskie-wschodni-02-05-02028,IK10,admin,węzeł teleinformatyczny urzędu,1602005,1602,16,50.67395,18.42518,114.3,Urząd Gminy (fikc.),publiczna,K3,55.5,78062,genset,3.8,3.2,1,36.5,0,0,2025-07-01,4,0,1,1,0,61.41
IK-10-02029,węzeł teleinformatyczny urzędu zachodniopomorskie-zachodni-03-05-02029,IK10,admin,węzeł teleinformatyczny urzędu,3203005,3203,32,52.43005,13.67944,135.9,Urząd Wojewódzki (fikc.),publiczna,K3,47.7,45380,genset,4.5,3.7,0,31.4,0,0,2025-06-16,5,0,2,0,0,33.14
IK-10-02030,węzeł teleinformatyczny urzędu mazowieckie-północny-12-04-02030,IK10,admin,węzeł teleinformatyczny urzędu,1412004,1412,14,52.13769,20.883,31.5,Urząd Gminy (fikc.),publiczna,K2,61.1,36242,genset,7.8,6.2,0,37.6,1,1,2026-08-09,3,0,1,1,0,62.82
IK-10-02031,węzeł teleinformatyczny urzędu zachodniopomorskie-zachodni-03-01-02031,IK10,admin,węzeł teleinformatyczny urzędu,3203001,3203,32,52.55196,13.87679,57.0,Starostwo Powiatowe (fikc.),publiczna,K3,28.9,172612,genset,5.1,3.7,0,35.3,1,0,2023-06-10,6,0,2,0,0,25.5
IK-10-02032,węzeł teleinformatyczny urzędu zachodniopomorskie-południowy-07-03-02032,IK10,admin,węzeł teleinformatyczny urzędu,3207003,3207,32,53.30398,14.88519,4.0,Urząd Wojewódzki (fikc.),publiczna,K3,51.4,61923,genset,4.0,3.3,0,17.2,1,0,2024-03-06,3,0,1,1,0,59.730000000000004
IK-10-02033,węzeł teleinformatyczny urzędu dolnośląskie-wschodni-08-05-02033,IK10,admin,węzeł teleinformatyczny urzędu,0208005,0208,02,51.22282,16.27863,199.2,Urząd Gminy (fikc.),publiczna,K3,53.4,84032,genset,6.9,5.0,1,24.4,0,0,2024-07-07,5,0,1,1,0,59.919999999999995
IK-10-02034,węzeł teleinformatyczny urzędu kujawsko-pomorskie-południowy-01-05-02034,IK10,admin,węzeł teleinformatyczny urzędu,0401005,0401,04,52.29728,18.19605,148.8,Starostwo Powiatowe (fikc.),publiczna,K2,70.3,77105,genset,3.0,2.8,0,48.5,1,1,2026-03-08,5,0,2,0,0,42.5
IK-10-02035,węzeł teleinformatyczny urzędu dolnośląskie-centralny-10-04-02035,IK10,admin,węzeł teleinformatyczny urzędu,0210004,0210,02,51.45955,17.11117,162.9,Starostwo Powiatowe (fikc.),publiczna,K3,52.6,153344,genset,5.8,4.8,0,34.8,1,1,2023-04-19,5,0,2,0,0,34.83
IK-10-02036,węzeł teleinformatyczny urzędu dolnośląskie-południowy-25-06-02036,IK10,admin,węzeł teleinformatyczny urzędu,0225006,0225,02,51.55024,16.56245,254.5,Urząd Wojewódzki (fikc.),publiczna,K3,48.1,203804,genset,8.7,8.4,0,16.4,0,0,2024-03-01,4,0,2,0,0,32.43
IK-10-02037,węzeł teleinformatyczny urzędu małopolskie-południowy-19-03-02037,IK10,admin,węzeł teleinformatyczny urzędu,1219003,1219,12,50.31224,20.08431,200.1,Urząd Wojewódzki (fikc.),publiczna,K1,86.0,386995,genset,4.8,4.0,0,26.8,1,1,2026-05-30,5,0,1,1,0,73.4
IK-10-02038,węzeł teleinformatyczny urzędu lubelskie-południowy-13-03-02038,IK10,admin,węzeł teleinformatyczny urzędu,0613003,0613,06,50.97074,21.96517,89.0,Starostwo Powiatowe (fikc.),publiczna,K3,57.0,224261,genset,3.3,3.1,0,22.1,0,0,2026-04-03,5,0,2,0,0,37.11
IK-10-02039,węzeł teleinformatyczny urzędu opolskie-zachodni-03-01-02039,IK10,admin,węzeł teleinformatyczny urzędu,1603001,1603,16,51.08975,17.31994,183.1,Urząd Gminy (fikc.),publiczna,K3,51.9,227419,genset,3.6,2.9,1,48.7,0,1,2024-04-04,5,0,2,0,0,35.010000000000005
IK-10-02040,węzeł teleinformatyczny urzędu dolnośląskie-zachodni-09-03-02040,IK10,admin,węzeł teleinformatyczny urzędu,0209003,0209,02,51.35438,16.1654,250.0,Urząd Wojewódzki (fikc.),publiczna,K3,49.0,133089,genset,6.7,5.5,1,31.2,0,0,2025-04-28,5,0,2,0,0,33.2
IK-10-02041,węzeł teleinformatyczny urzędu opolskie-zachodni-09-07-02041,IK10,admin,węzeł teleinformatyczny urzędu,1609007,1609,16,50.99599,19.07342,188.3,Starostwo Powiatowe (fikc.),publiczna,K2,60.5,57690,genset,4.5,4.5,1,54.4,1,0,2025-11-28,4,0,1,1,0,63.260000000000005
IK-10-02042,węzeł teleinformatyczny urzędu dolnośląskie-południowy-13-04-02042,IK10,admin,węzeł teleinformatyczny urzędu,0213004,0213,02,51.02269,16.73568,309.3,Starostwo Powiatowe (fikc.),publiczna,K2,68.9,252009,genset,7.6,7.6,1,39.9,1,1,2024-06-23,4,0,1,1,0,65.98
IK-10-02043,węzeł teleinformatyczny urzędu kujawsko-pomorskie-zachodni-21-03-02043,IK10,admin,węzeł teleinformatyczny urzędu,0421003,0421,04,52.98704,19.34896,194.6,Starostwo Powiatowe (fikc.),publiczna,K3,53.1,89941,genset,7.8,7.5,0,38.7,0,0,2026-02-14,3,0,1,1,0,59.62
IK-10-02044,węzeł teleinformatyczny urzędu dolnośląskie-północny-06-04-02044,IK10,admin,węzeł teleinformatyczny urzędu,0206004,0206,02,51.19461,17.34919,303.7,Urząd Gminy (fikc.),publiczna,K2,60.5,174201,genset,5.2,3.7,1,24.0,1,0,2024-05-29,4,0,1,1,0,63.12
IK-10-02045,węzeł teleinformatyczny urzędu lubuskie-południowy-13-07-02045,IK10,admin,węzeł teleinformatyczny urzędu,0813007,0813,08,52.20254,16.08901,135.3,Urząd Wojewódzki (fikc.),publiczna,K3,54.6,132810,genset,6.2,5.1,0,25.9,0,0,2024-12-06,3,0,1,1,0,60.550000000000004
IK-10-02046,węzeł teleinformatyczny urzędu wielkopolskie-miejski-35-01-02046,IK10,admin,węzeł teleinformatyczny urzędu,3035001,3035,30,51.74893,16.97236,169.9,Starostwo Powiatowe (fikc.),publiczna,K3,39.0,149602,none,0.0,0.0,0,36.0,1,0,2024-02-02,5,0,2,0,1,50.6
IK-11-02047,zakład dużego ryzyka (ZDR) lubuskie-wschodni-02-07-02047,IK11,chemical,zakład dużego ryzyka (ZDR),0802007,0802,08,52.12815,16.12642,35.8,Zakłady Chemiczne Wisła (fikc.),prywatna,K2,76.1,15693,genset,5.4,4.1,0,51.0,1,1,2026-07-15,3,0,2,0,0,44.32
IK-11-02048,zakład dużego ryzyka (ZDR) dolnośląskie-zachodni-21-04-02048,IK11,chemical,zakład dużego ryzyka (ZDR),0221004,0221,02,51.57528,17.29513,200.8,Zakłady Chemiczne Wisła (fikc.),prywatna,K1,94.1,52302,genset,4.0,3.3,0,15.1,1,1,2023-09-02,2,0,1,1,0,76.81
IK-11-02049,zakład dużego ryzyka (ZDR) lubuskie-centralny-04-01-02049,IK11,chemical,zakład dużego ryzyka (ZDR),0804001,0804,08,51.84087,14.92109,155.1,Zakłady Chemiczne Wisła (fikc.),prywatna,K1,81.8,27674,genset,6.4,5.0,0,15.1,1,0,2023-10-26,3,0,2,0,0,46.39
IK-11-02050,zakład dużego ryzyka (ZDR) dolnośląskie-wschodni-08-04-02050,IK11,chemical,zakład dużego ryzyka (ZDR),0208004,0208,02,51.41543,16.68026,169.9,Agencja Materiałów Prom. (fikc.),prywatna,K2,75.2,37260,genset,8.1,7.7,0,28.3,0,1,2025-05-18,2,0,1,1,0,68.39
IK-11-02051,zakład dużego ryzyka (ZDR) małopolskie-miejski-11-05-02051,IK11,chemical,zakład dużego ryzyka (ZDR),1211005,1211,12,49.66818,19.93372,101.7,Agencja Materiałów Prom. (fikc.),prywatna,K1,87.1,141468,genset,9.8,9.3,0,38.8,1,1,2025-06-24,3,0,2,0,0,47.8
IK-11-02052,zakład dużego ryzyka (ZDR) zachodniopomorskie-centralny-16-04-02052,IK11,chemical,zakład dużego ryzyka (ZDR),3216004,3216,32,53.30257,13.68432,152.6,Zakłady Chemiczne Wisła (fikc.),prywatna,K2,69.4,51718,genset,6.0,5.3,0,13.7,1,0,2023-04-28,3,0,2,0,0,41.510000000000005
IK-11-02053,zakład dużego ryzyka (ZDR) opolskie-zachodni-03-06-02053,IK11,chemical,zakład dużego ryzyka (ZDR),1603006,1603,16,50.77429,17.18259,165.5,Agencja Materiałów Prom. (fikc.),prywatna,K1,95.4,44774,genset,5.5,4.9,1,30.9,0,1,2023-10-11,4,0,2,0,0,52.01
IK-11-02054,zakład dużego ryzyka (ZDR) opolskie-południowy-07-01-02054,IK11,chemical,zakład dużego ryzyka (ZDR),1607001,1607,16,50.71482,18.48755,72.5,Zakłady Chemiczne Wisła (fikc.),prywatna,K2,79.7,14463,genset,9.4,9.1,0,13.0,1,1,2025-08-24,2,0,1,1,0,69.92
IK-11-02055,zakład dużego ryzyka (ZDR) lubuskie-centralny-04-05-02055,IK11,chemical,zakład dużego ryzyka (ZDR),0804005,0804,08,51.72763,15.06026,190.1,Agencja Materiałów Prom. (fikc.),publiczna,K1,95.6,129552,genset,9.9,9.7,0,28.0,1,1,2026-05-07,2,0,1,1,0,76.18
IK-11-02056,zakład dużego ryzyka (ZDR) dolnośląskie-centralny-16-02-02056,IK11,chemical,zakład dużego ryzyka (ZDR),0216002,0216,02,52.14562,16.62528,204.0,Zakłady Chemiczne Wisła (fikc.),prywatna,K1,94.6,79909,genset,7.9,6.2,1,44.0,1,0,2023-11-10,4,0,2,0,0,51.190000000000005
IK-11-02057,zakład dużego ryzyka (ZDR) opolskie-zachodni-09-05-02057,IK11,chemical,zakład dużego ryzyka (ZDR),1609005,1609,16,51.04582,19.10475,220.4,Agencja Materiałów Prom. (fikc.),prywatna,K2,75.4,29792,genset,5.3,5.2,0,6.9,1,1,2024-12-09,3,0,2,0,0,44.06
IK-11-02058,zakład dużego ryzyka (ZDR) podlaskie-miejski-11-05-02058,IK11,chemical,zakład dużego ryzyka (ZDR),2011005,2011,20,53.64273,24.56764,78.7,Zakłady Chemiczne Wisła (fikc.),prywatna,K2,74.1,24905,genset,4.5,3.2,0,9.2,1,1,2025-04-22,3,0,1,1,0,68.7
IK-11-02059,zakład dużego ryzyka (ZDR) opolskie-wschodni-02-04-02059,IK11,chemical,zakład dużego ryzyka (ZDR),1602004,1602,16,50.755,17.98104,262.5,Agencja Materiałów Prom. (fikc.),prywatna,K2,65.8,61525,genset,7.4,5.4,1,19.8,0,0,2026-04-30,3,0,1,1,0,64.78
IK-11-02060,zakład dużego ryzyka (ZDR) śląskie-południowy-31-04-02060,IK11,chemical,zakład dużego ryzyka (ZDR),2431004,2431,24,50.1691,18.65726,227.9,Agencja Materiałów Prom. (fikc.),prywatna,K2,65.5,64691,genset,6.4,5.1,0,28.5,1,1,2026-02-13,3,0,2,0,0,39.87
IK-11-02061,zakład dużego ryzyka (ZDR) śląskie-zachodni-27-06-02061,IK11,chemical,zakład dużego ryzyka (ZDR),2427006,2427,24,49.86965,18.47048,266.5,Zakłady Chemiczne Wisła (fikc.),publiczna,K1,94.1,11708,genset,6.8,4.8,0,12.9,1,1,2025-11-11,3,0,1,1,0,76.22
IK-11-02062,zakład dużego ryzyka (ZDR) łódzkie-wschodni-20-03-02062,IK11,chemical,zakład dużego ryzyka (ZDR),1020003,1020,10,51.47131,19.46111,135.1,Agencja Materiałów Prom. (fikc.),prywatna,K1,82.4,75641,genset,7.8,7.3,0,40.0,1,1,2024-02-21,2,0,1,1,0,71.34
IK-11-02063,zakład dużego ryzyka (ZDR) opolskie-zachodni-03-04-02063,IK11,chemical,zakład dużego ryzyka (ZDR),1603004,1603,16,51.32609,17.34807,251.9,Agencja Materiałów Prom. (fikc.),prywatna,K1,89.9,23299,genset,12.5,11.5,0,3.1,1,0,2026-05-23,3,0,2,0,0,48.36
IK-11-02064,zakład dużego ryzyka (ZDR) warmińsko-mazurskie-wschodni-20-04-02064,IK11,chemical,zakład dużego ryzyka (ZDR),2820004,2820,28,53.63775,20.3452,237.1,Agencja Materiałów Prom. (fikc.),prywatna,K1,97.1,24378,genset,14.9,13.3,0,33.4,1,1,2024-08-15,2,0,1,1,0,75.74
IK-11-02065,zakład dużego ryzyka (ZDR) wielkopolskie-miejski-23-01-02065,IK11,chemical,zakład dużego ryzyka (ZDR),3023001,3023,30,52.90264,15.73396,99.6,Agencja Materiałów Prom. (fikc.),prywatna,K1,80.6,31584,genset,5.6,4.2,0,28.2,1,1,2026-06-16,3,0,2,0,0,46.07
IK-11-02066,zakład dużego ryzyka (ZDR) dolnośląskie-miejski-17-02-02066,IK11,chemical,zakład dużego ryzyka (ZDR),0217002,0217,02,51.0862,16.61821,188.3,Zakłady Chemiczne Wisła (fikc.),publiczna,K1,82.7,21951,genset,7.4,6.3,1,22.4,1,0,2026-06-10,2,0,1,1,0,71.54
IK-11-02067,zakład dużego ryzyka (ZDR) dolnośląskie-zachodni-27-02-02067,IK11,chemical,zakład dużego ryzyka (ZDR),0227002,0227,02,50.44648,16.89598,257.0,Zakłady Chemiczne Wisła (fikc.),prywatna,K1,83.3,41844,genset,9.9,8.9,0,37.7,1,1,2024-09-30,3,0,2,0,0,46.26
IK-11-02068,zakład dużego ryzyka (ZDR) opolskie-wschodni-02-04-02068,IK11,chemical,zakład dużego ryzyka (ZDR),1602004,1602,16,50.72314,17.95989,190.0,Agencja Materiałów Prom. (fikc.),prywatna,K2,77.2,46542,genset,3.5,2.5,1,28.1,1,0,2025-02-27,3,0,2,0,0,45.15
IK-11-02069,zakład dużego ryzyka (ZDR) pomorskie-zachodni-09-04-02069,IK11,chemical,zakład dużego ryzyka (ZDR),2209004,2209,22,54.1549,18.89066,165.2,Zakłady Chemiczne Wisła (fikc.),prywatna,K1,80.1,43436,genset,6.0,5.7,0,32.2,1,1,2025-05-13,3,0,1,1,0,70.78999999999999
IK-11-02070,zakład dużego ryzyka (ZDR) opolskie-wschodni-08-07-02070,IK11,chemical,zakład dużego ryzyka (ZDR),1608007,1608,16,50.98716,18.11565,247.4,Zakłady Chemiczne Wisła (fikc.),prywatna,K1,95.0,19351,none,0.0,0.0,0,16.0,0,1,2023-10-26,3,0,2,0,1,73.0
IK-11-02071,zakład dużego ryzyka (ZDR) dolnośląskie-zachodni-15-03-02071,IK11,chemical,zakład dużego ryzyka (ZDR),0215003,0215,02,51.48778,16.98676,256.3,Zakłady Chemiczne Wisła (fikc.),prywatna,K1,86.4,45691,none,0.0,0.0,0,32.0,1,1,2026-07-12,3,0,2,0,1,69.56
IK-11-02072,zakład dużego ryzyka (ZDR) łódzkie-centralny-22-01-02072,IK11,chemical,zakład dużego ryzyka (ZDR),1022001,1022,10,51.87564,19.67025,286.3,Zakłady Chemiczne Wisła (fikc.),prywatna,K1,99.0,37295,genset,5.3,4.5,0,21.8,1,0,2023-06-24,3,0,2,0,0,53.5
IK-11-02073,zakład dużego ryzyka (ZDR) podlaskie-zachodni-09-06-02073,IK11,chemical,zakład dużego ryzyka (ZDR),2009006,2009,20,53.73966,23.3106,56.2,Agencja Materiałów Prom. (fikc.),prywatna,K1,85.4,32539,genset,4.4,3.7,0,32.3,1,1,2024-05-01,2,0,1,1,0,73.24000000000001
IK-11-02074,zakład dużego ryzyka (ZDR) podlaskie-centralny-16-03-02074,IK11,chemical,zakład dużego ryzyka (ZDR),2016003,2016,20,52.48086,22.39317,190.0,Agencja Materiałów Prom. (fikc.),prywatna,K2,67.7,60357,genset,7.7,6.8,0,19.6,1,0,2025-08-13,2,0,1,1,0,65.48
IK-11-02075,zakład dużego ryzyka (ZDR) opolskie-południowy-07-03-02075,IK11,chemical,zakład dużego ryzyka (ZDR),1607003,1607,16,50.77476,18.49042,325.5,Zakłady Chemiczne Wisła (fikc.),prywatna,K2,70.9,65964,none,0.0,0.0,1,35.3,0,1,2024-04-08,2,0,1,1,1,88.36
IK-11-02076,zakład dużego ryzyka (ZDR) podkarpackie-centralny-22-04-02076,IK11,chemical,zakład dużego ryzyka (ZDR),1822004,1822,18,49.9095,21.47742,224.1,Zakłady Chemiczne Wisła (fikc.),prywatna,K1,92.0,30417,genset,7.3,6.0,0,27.1,0,1,2025-02-26,2,0,1,1,0,75.28
IK-11-02077,zakład zwiększonego ryzyka (ZZR) świętokrzyskie-centralny-10-04-02077,IK11,chemical,zakład zwiększonego ryzyka (ZZR),2610004,2610,26,50.41369,21.28014,190.0,Zakłady Chemiczne Wisła (fikc.),prywatna,K3,52.0,65371,none,0.0,0.0,0,10.9,0,1,2025-04-25,2,0,1,1,1,80.80000000000001
IK-11-02078,zakład zwiększonego ryzyka (ZZR) wielkopolskie-północny-30-05-02078,IK11,chemical,zakład zwiększonego ryzyka (ZZR),3030005,3030,30,52.01568,16.97469,35.6,Agencja Materiałów Prom. (fikc.),prywatna,K3,55.0,26401,genset,5.4,5.2,0,26.1,0,1,2026-08-11,2,0,1,1,0,60.88
IK-11-02079,zakład zwiększonego ryzyka (ZZR) dolnośląskie-północny-30-05-02079,IK11,chemical,zakład zwiększonego ryzyka (ZZR),0230005,0230,02,50.77736,17.50736,190.7,Agencja Materiałów Prom. (fikc.),prywatna,K3,56.3,23790,genset,10.1,8.9,0,9.6,0,1,2024-05-06,2,0,1,1,0,60.419999999999995
IK-11-02080,zakład zwiększonego ryzyka (ZZR) mazowieckie-miejski-23-01-02080,IK11,chemical,zakład zwiększonego ryzyka (ZZR),1423001,1423,14,52.69349,20.26122,297.7,Zakłady Chemiczne Wisła (fikc.),prywatna,K3,48.7,13944,none,0.0,0.0,0,15.7,0,1,2024-08-31,2,0,1,1,1,79.47999999999999
IK-11-02081,zakład zwiększonego ryzyka (ZZR) kujawsko-pomorskie-wschodni-20-05-02081,IK11,chemical,zakład zwiększonego ryzyka (ZZR),0420005,0420,04,53.08289,17.9398,277.9,Agencja Materiałów Prom. (fikc.),prywatna,K2,74.8,26401,genset,8.4,8.3,0,15.6,0,0,2025-10-11,3,0,1,1,0,68.17
IK-11-02082,zakład zwiększonego ryzyka (ZZR) świętokrzyskie-zachodni-03-05-02082,IK11,chemical,zakład zwiększonego ryzyka (ZZR),2603005,2603,26,50.89864,20.09896,193.9,Agencja Materiałów Prom. (fikc.),prywatna,K2,76.8,73485,genset,6.5,6.4,0,33.7,0,0,2025-08-29,3,0,1,1,0,69.37
IK-11-02083,zakład zwiększonego ryzyka (ZZR) mazowieckie-południowy-07-06-02083,IK11,chemical,zakład zwiększonego ryzyka (ZZR),1407006,1407,14,52.04134,21.12487,125.5,Agencja Materiałów Prom. (fikc.),prywatna,K3,51.1,20773,none,0.0,0.0,0,36.9,0,0,2026-06-25,2,0,1,1,1,80.44
IK-11-02084,zakład zwiększonego ryzyka (ZZR) pomorskie-miejski-17-01-02084,IK11,chemical,zakład zwiększonego ryzyka (ZZR),2217001,2217,22,53.62692,17.47524,139.1,Zakłady Chemiczne Wisła (fikc.),prywatna,K2,60.5,13245,none,0.0,0.0,0,33.7,1,1,2025-06-16,3,0,2,0,1,59.199999999999996
IK-11-02085,zakład zwiększonego ryzyka (ZZR) dolnośląskie-wschodni-02-01-02085,IK11,chemical,zakład zwiększonego ryzyka (ZZR),0202001,0202,02,51.60424,17.67003,93.7,Agencja Materiałów Prom. (fikc.),prywatna,K3,49.3,14888,genset,7.2,5.7,1,33.0,1,0,2024-10-26,2,0,1,1,0,58.220000000000006
IK-11-02086,zakład zwiększonego ryzyka (ZZR) opolskie-północny-06-04-02086,IK11,chemical,zakład zwiększonego ryzyka (ZZR),1606004,1606,16,50.88689,18.23876,287.6,Agencja Materiałów Prom. (fikc.),prywatna,K2,63.4,22227,genset,5.7,4.8,0,25.8,1,0,2024-01-17,2,0,1,1,0,64.17
IK-11-02087,zakład zwiększonego ryzyka (ZZR) lubuskie-wschodni-14-03-02087,IK11,chemical,zakład zwiększonego ryzyka (ZZR),0814003,0814,08,52.59999,15.6796,197.3,Zakłady Chemiczne Wisła (fikc.),prywatna,K3,57.5,48962,genset,6.2,6.0,0,28.9,1,0,2023-10-29,2,0,1,1,0,61.71
IK-11-02088,zakład zwiększonego ryzyka (ZZR) śląskie-północny-12-01-02088,IK11,chemical,zakład zwiększonego ryzyka (ZZR),2412001,2412,24,50.44049,19.86984,105.1,Agencja Materiałów Prom. (fikc.),prywatna,K3,53.5,55637,genset,7.1,7.1,0,41.1,0,0,2025-01-16,3,0,1,1,0,59.919999999999995
IK-11-02089,zakład zwiększonego ryzyka (ZZR) dolnośląskie-miejski-05-04-02089,IK11,chemical,zakład zwiększonego ryzyka (ZZR),0205004,0205,02,51.16114,16.47646,216.5,Zakłady Chemiczne Wisła (fikc.),prywatna,K3,55.9,8582,genset,7.4,6.5,0,28.0,0,1,2025-02-23,2,0,1,1,0,60.81999999999999
IK-11-02090,zakład zwiększonego ryzyka (ZZR) lubuskie-zachodni-09-02-02090,IK11,chemical,zakład zwiększonego ryzyka (ZZR),0809002,0809,08,52.04899,15.48409,4.0,Agencja Materiałów Prom. (fikc.),prywatna,K3,34.2,19120,genset,8.1,6.2,0,24.9,0,0,2024-03-26,3,0,2,0,0,26.99
IK-11-02091,zakład zwiększonego ryzyka (ZZR) opolskie-miejski-11-04-02091,IK11,chemical,zakład zwiększonego ryzyka (ZZR),1611004,1611,16,51.31172,17.63493,134.6,Zakłady Chemiczne Wisła (fikc.),prywatna,K2,58.9,29090,genset,5.0,3.6,0,47.0,1,1,2023-02-27,3,0,1,1,0,62.519999999999996
IK-11-02092,zakład zwiększonego ryzyka (ZZR) wielkopolskie-zachodni-15-03-02092,IK11,chemical,zakład zwiększonego ryzyka (ZZR),3015003,3015,30,53.36863,16.8043,180.3,Zakłady Chemiczne Wisła (fikc.),prywatna,K2,64.9,16757,genset,4.3,3.2,0,18.8,1,0,2026-07-17,4,0,2,0,0,40.06
IK-11-02093,zakład zwiększonego ryzyka (ZZR) opolskie-południowy-07-03-02093,IK11,chemical,zakład zwiększonego ryzyka (ZZR),1607003,1607,16,50.80565,18.50703,100.4,Agencja Materiałów Prom. (fikc.),prywatna,K2,68.8,27252,none,0.0,0.0,1,45.1,1,0,2025-04-04,2,0,1,1,1,87.52
IK-11-02094,zakład zwiększonego ryzyka (ZZR) opolskie-północny-06-02-02094,IK11,chemical,zakład zwiększonego ryzyka (ZZR),1606002,1606,16,50.66112,18.2925,203.2,Zakłady Chemiczne Wisła (fikc.),publiczna,K2,60.6,38221,genset,3.0,2.7,1,34.5,0,1,2025-12-21,3,0,2,0,0,38.62
IK-11-02095,zakład zwiększonego ryzyka (ZZR) świętokrzyskie-północny-12-01-02095,IK11,chemical,zakład zwiększonego ryzyka (ZZR),2612001,2612,26,50.98479,20.39796,151.1,Zakłady Chemiczne Wisła (fikc.),prywatna,K2,63.5,16194,genset,6.0,5.7,0,39.9,1,1,2025-08-28,2,0,1,1,0,64.14999999999999
IK-11-02096,zakład zwiększonego ryzyka (ZZR) dolnośląskie-centralny-04-06-02096,IK11,chemical,zakład zwiększonego ryzyka (ZZR),0204006,0204,02,51.08591,17.09324,238.5,Agencja Materiałów Prom. (fikc.),prywatna,K3,53.2,36946,genset,3.0,2.4,1,24.7,0,1,2023-08-20,3,0,2,0,0,35.66
IK-11-02097,zakład zwiększonego ryzyka (ZZR) mazowieckie-zachodni-27-03-02097,IK11,chemical,zakład zwiększonego ryzyka (ZZR),1427003,1427,14,51.67367,21.06873,230.5,Agencja Materiałów Prom. (fikc.),prywatna,K2,62.5,25203,genset,6.7,6.6,0,29.8,1,0,2025-06-14,3,0,2,0,0,38.6
IK-11-02098,zakład zwiększonego ryzyka (ZZR) lubuskie-zachodni-03-05-02098,IK11,chemical,zakład zwiększonego ryzyka (ZZR),0803005,0803,08,51.89964,14.84563,74.7,Agencja Materiałów Prom. (fikc.),prywatna,K2,66.4,24717,genset,6.2,6.1,0,40.0,1,1,2026-05-13,4,0,2,0,0,40.27
IK-11-02099,obiekt jądrowy/składowisko odpadów prom. warmińsko-mazurskie-wschodni-02-05-02099,IK11,chemical,obiekt jądrowy/składowisko odpadów prom.,2802005,2802,28,53.20318,20.75787,204.7,Zakłady Chemiczne Wisła (fikc.),prywatna,K1,96.4,42054,genset,116.9,100.2,0,20.2,1,1,2025-02-17,3,0,2,0,0,38.56
IK-11-02100,obiekt jądrowy/składowisko odpadów prom. dolnośląskie-zachodni-03-02-02100,IK11,chemical,obiekt jądrowy/składowisko odpadów prom.,0203002,0203,02,50.38197,15.94321,209.8,Agencja Materiałów Prom. (fikc.),publiczna,K1,94.4,22347,genset,64.6,55.0,1,23.8,1,0,2023-09-09,2,0,1,1,0,64.3
IK-11-02101,obiekt jądrowy/składowisko odpadów prom. łódzkie-północny-18-03-02101,IK11,chemical,obiekt jądrowy/składowisko odpadów prom.,1018003,1018,10,52.07366,20.27306,236.0,Zakłady Chemiczne Wisła (fikc.),prywatna,K1,92.1,25999,genset,66.2,61.7,0,21.5,1,1,2026-07-04,4,0,2,0,0,38.05
IK-11-02102,obiekt jądrowy/składowisko odpadów prom. wielkopolskie-centralny-04-02-02102,IK11,chemical,obiekt jądrowy/składowisko odpadów prom.,3004002,3004,30,52.51562,17.17205,82.8,Agencja Materiałów Prom. (fikc.),prywatna,K1,99.0,27672,genset,49.0,35.1,0,7.4,1,1,2023-08-08,2,0,1,1,0,69.39
IK-11-02103,obiekt jądrowy/składowisko odpadów prom. świętokrzyskie-południowy-13-04-02103,IK11,chemical,obiekt jądrowy/składowisko odpadów prom.,2613004,2613,26,51.57016,20.51567,61.0,Agencja Materiałów Prom. (fikc.),publiczna,K1,88.0,53388,genset,55.8,48.7,0,17.3,1,1,2024-09-04,2,0,1,1,0,63.580000000000005
IK-11-02104,obiekt jądrowy/składowisko odpadów prom. dolnośląskie-centralny-10-05-02104,IK11,chemical,obiekt jądrowy/składowisko odpadów prom.,0210005,0210,02,51.27804,16.79471,111.5,Agencja Materiałów Prom. (fikc.),publiczna,K1,91.2,34627,genset,51.2,49.2,0,11.1,1,1,2024-12-19,3,0,2,0,0,40.81
IK-11-02105,obiekt jądrowy/składowisko odpadów prom. dolnośląskie-północny-24-02-02105,IK11,chemical,obiekt jądrowy/składowisko odpadów prom.,0224002,0224,02,51.23507,17.00407,160.3,Agencja Materiałów Prom. (fikc.),prywatna,K1,93.6,20391,genset,62.3,45.0,1,36.3,1,1,2025-08-25,2,0,1,1,0,64.46
IK-11-02106,obiekt jądrowy/składowisko odpadów prom. wielkopolskie-północny-30-03-02106,IK11,chemical,obiekt jądrowy/składowisko odpadów prom.,3030003,3030,30,52.22776,17.03419,98.4,Agencja Materiałów Prom. (fikc.),prywatna,K1,94.9,26509,genset,54.7,49.6,0,7.2,1,1,2026-05-08,3,0,2,0,0,41.56
