edge_id,source_node_id,target_node_id,source_system,target_system,dependency_type,impact_share,lag_hours,redundancy_level,cross_voivodeship,contract_sla_hours,verified_in_exercise
E-000001,IK-01-00060,IK-02-00421,IK01,IK02,electricity,0.987,0.0,none,0,8.5,0
E-000002,IK-03-00768,IK-02-00421,IK03,IK02,ict,0.44,0.63,none,0,8.8,1
E-000003,IK-01-00060,IK-02-00422,IK01,IK02,electricity,0.49,0.0,full,0,11.9,1
E-000004,IK-01-00167,IK-02-00422,IK01,IK02,electricity,0.49,0.0,full,0,9.8,0
E-000005,IK-03-00772,IK-02-00422,IK03,IK02,ict,0.243,1.03,partial,0,9.0,0
E-000006,IK-03-00768,IK-02-00422,IK03,IK02,ict,0.243,0.73,partial,0,10.1,1
E-000007,IK-01-00127,IK-02-00423,IK01,IK02,electricity,0.474,0.0,partial,0,10.4,1
E-000008,IK-01-00164,IK-02-00423,IK01,IK02,electricity,0.474,0.0,partial,0,13.2,0
E-000009,IK-03-00751,IK-02-00423,IK03,IK02,ict,0.396,0.54,none,0,17.6,0
E-000010,IK-01-00162,IK-02-00424,IK01,IK02,electricity,0.997,0.0,none,0,2.6,1
E-000011,IK-03-00800,IK-02-00424,IK03,IK02,ict,0.234,0.86,full,0,14.2,1
E-000012,IK-03-00759,IK-02-00424,IK03,IK02,ict,0.234,1.06,full,0,7.3,1
E-000013,IK-01-00173,IK-02-00425,IK01,IK02,electricity,0.432,0.0,full,0,6.9,0
E-000014,IK-01-00172,IK-02-00425,IK01,IK02,electricity,0.432,0.0,full,0,2.4,0
E-000015,IK-03-00691,IK-02-00425,IK03,IK02,ict,0.501,0.51,none,0,1.0,0
E-000016,IK-01-00109,IK-02-00426,IK01,IK02,electricity,0.956,0.0,none,0,7.7,1
E-000017,IK-03-00725,IK-02-00426,IK03,IK02,ict,0.476,1.02,none,0,9.3,1
E-000018,IK-01-00199,IK-02-00427,IK01,IK02,electricity,0.9,0.0,none,0,8.9,0
E-000019,IK-03-00698,IK-02-00427,IK03,IK02,ict,0.407,0.54,none,0,8.1,0
E-000020,IK-01-00228,IK-02-00428,IK01,IK02,electricity,0.517,0.0,partial,0,5.3,1
E-000021,IK-01-00161,IK-02-00428,IK01,IK02,electricity,0.517,0.0,partial,0,8.0,0
E-000022,IK-03-00733,IK-02-00428,IK03,IK02,ict,0.48,1.01,none,0,20.8,0
E-000023,IK-01-00173,IK-02-00429,IK01,IK02,electricity,0.527,0.0,partial,0,7.7,0
E-000024,IK-01-00063,IK-02-00429,IK01,IK02,electricity,0.527,0.0,partial,0,7.0,0
E-000025,IK-03-00691,IK-02-00429,IK03,IK02,ict,0.454,0.7,none,0,16.7,0
E-000026,IK-01-00161,IK-02-00430,IK01,IK02,electricity,1.0,0.0,none,0,2.8,0
E-000027,IK-03-00733,IK-02-00430,IK03,IK02,ict,0.248,1.08,partial,0,5.0,0
E-000028,IK-03-00746,IK-02-00430,IK03,IK02,ict,0.248,0.73,partial,0,1.0,1
E-000029,IK-01-00045,IK-02-00431,IK01,IK02,electricity,0.511,0.0,partial,0,5.2,0
E-000030,IK-01-00171,IK-02-00431,IK01,IK02,electricity,0.511,0.0,partial,0,11.9,1
E-000031,IK-03-00829,IK-02-00431,IK03,IK02,ict,0.197,0.63,partial,0,7.4,0
E-000032,IK-03-00765,IK-02-00431,IK03,IK02,ict,0.197,0.76,partial,0,6.5,0
E-000033,IK-01-00160,IK-02-00432,IK01,IK02,electricity,0.961,0.0,none,0,4.7,1
E-000034,IK-03-00758,IK-02-00432,IK03,IK02,ict,0.236,0.76,full,0,12.2,1
E-000035,IK-03-00828,IK-02-00432,IK03,IK02,ict,0.236,0.73,full,0,9.9,0
E-000036,IK-01-00135,IK-02-00433,IK01,IK02,electricity,0.967,0.0,none,0,19.5,1
E-000037,IK-03-00783,IK-02-00433,IK03,IK02,ict,0.482,0.86,none,0,6.5,0
E-000038,IK-01-00102,IK-02-00434,IK01,IK02,electricity,1.0,0.0,none,0,10.4,0
E-000039,IK-03-00701,IK-02-00434,IK03,IK02,ict,0.419,0.93,none,0,7.0,1
E-000040,IK-01-00180,IK-02-00435,IK01,IK02,electricity,0.82,0.0,none,0,12.1,0
E-000041,IK-03-00817,IK-02-00435,IK03,IK02,ict,0.387,0.51,none,0,10.8,1
E-000042,IK-01-00047,IK-02-00436,IK01,IK02,electricity,0.929,0.0,none,0,4.4,0
E-000043,IK-03-00703,IK-02-00436,IK03,IK02,ict,0.441,1.06,none,0,8.5,0
E-000044,IK-01-00086,IK-02-00437,IK01,IK02,electricity,1.0,0.0,none,0,12.2,0
E-000045,IK-03-00814,IK-02-00437,IK03,IK02,ict,0.442,0.8,none,0,10.2,0
E-000046,IK-01-00156,IK-02-00438,IK01,IK02,electricity,0.846,0.0,none,0,12.2,0
E-000047,IK-03-00790,IK-02-00438,IK03,IK02,ict,0.227,0.99,full,0,2.5,1
E-000048,IK-03-00711,IK-02-00438,IK03,IK02,ict,0.227,0.94,full,0,13.5,0
E-000049,IK-01-00218,IK-02-00439,IK01,IK02,electricity,1.0,0.0,none,0,1.0,1
E-000050,IK-03-00750,IK-02-00439,IK03,IK02,ict,0.406,0.66,none,0,7.5,0
E-000051,IK-01-00191,IK-02-00440,IK01,IK02,electricity,0.881,0.0,none,0,2.3,0
E-000052,IK-03-00715,IK-02-00440,IK03,IK02,ict,0.236,0.93,partial,0,5.8,0
E-000053,IK-03-00728,IK-02-00440,IK03,IK02,ict,0.236,0.59,partial,0,4.8,0
E-000054,IK-01-00097,IK-02-00441,IK01,IK02,electricity,0.826,0.0,none,0,6.6,0
E-000055,IK-03-00809,IK-02-00441,IK03,IK02,ict,0.407,0.8,none,0,7.4,1
E-000056,IK-01-00226,IK-02-00442,IK01,IK02,electricity,0.515,0.0,full,0,7.4,0
E-000057,IK-01-00212,IK-02-00442,IK01,IK02,electricity,0.515,0.0,full,0,8.4,0
E-000058,IK-03-00787,IK-02-00442,IK03,IK02,ict,0.464,0.69,none,0,6.3,0
E-000059,IK-01-00042,IK-02-00443,IK01,IK02,electricity,1.0,0.0,none,0,12.7,1
E-000060,IK-03-00759,IK-02-00443,IK03,IK02,ict,0.214,0.9,partial,0,6.9,0
E-000061,IK-03-00800,IK-02-00443,IK03,IK02,ict,0.214,0.63,partial,0,6.1,0
E-000062,IK-01-00135,IK-02-00444,IK01,IK02,electricity,1.0,0.0,none,0,3.0,0
E-000063,IK-03-00820,IK-02-00444,IK03,IK02,ict,0.249,0.67,partial,0,12.9,1
E-000064,IK-03-00828,IK-02-00444,IK03,IK02,ict,0.249,0.9,partial,0,5.7,1
E-000065,IK-01-00087,IK-02-00445,IK01,IK02,electricity,0.489,0.0,partial,0,10.1,1
E-000066,IK-01-00156,IK-02-00445,IK01,IK02,electricity,0.489,0.0,partial,0,13.1,1
E-000067,IK-03-00790,IK-02-00445,IK03,IK02,ict,0.207,0.67,partial,0,3.8,1
E-000068,IK-03-00759,IK-02-00445,IK03,IK02,ict,0.207,0.6,partial,0,4.5,0
E-000069,IK-01-00213,IK-02-00446,IK01,IK02,electricity,0.434,0.0,partial,0,7.8,1
E-000070,IK-01-00134,IK-02-00446,IK01,IK02,electricity,0.434,0.0,partial,0,7.8,0
E-000071,IK-03-00748,IK-02-00446,IK03,IK02,ict,0.212,0.9,full,0,19.0,1
E-000072,IK-03-00773,IK-02-00446,IK03,IK02,ict,0.212,1.02,full,0,6.1,1
E-000073,IK-01-00232,IK-02-00447,IK01,IK02,electricity,0.816,0.0,none,0,5.5,1
E-000074,IK-03-00808,IK-02-00447,IK03,IK02,ict,0.242,0.94,partial,0,3.0,0
E-000075,IK-03-00803,IK-02-00447,IK03,IK02,ict,0.242,1.08,partial,0,11.1,0
E-000076,IK-01-00061,IK-02-00448,IK01,IK02,electricity,1.0,0.0,none,0,10.6,0
E-000077,IK-03-00776,IK-02-00448,IK03,IK02,ict,0.478,1.06,none,0,9.6,0
E-000078,IK-01-00213,IK-02-00449,IK01,IK02,electricity,1.0,0.0,none,0,2.8,0
E-000079,IK-03-00819,IK-02-00449,IK03,IK02,ict,0.489,0.51,none,0,5.0,0
E-000080,IK-01-00173,IK-02-00450,IK01,IK02,electricity,0.86,0.0,none,0,6.8,1
E-000081,IK-03-00691,IK-02-00450,IK03,IK02,ict,0.475,0.87,none,0,11.2,1
E-000082,IK-01-00128,IK-02-00451,IK01,IK02,electricity,1.0,0.0,none,0,7.1,0
E-000083,IK-03-00758,IK-02-00451,IK03,IK02,ict,0.444,0.85,none,0,10.8,0
E-000084,IK-01-00189,IK-02-00452,IK01,IK02,electricity,0.469,0.0,partial,0,1.0,0
E-000085,IK-01-00054,IK-02-00452,IK01,IK02,electricity,0.469,0.0,partial,0,8.9,1
E-000086,IK-03-00707,IK-02-00452,IK03,IK02,ict,0.439,0.65,none,0,5.8,1
E-000087,IK-01-00169,IK-02-00453,IK01,IK02,electricity,0.43,0.0,full,0,1.0,0
E-000088,IK-01-00179,IK-02-00453,IK01,IK02,electricity,0.43,0.0,full,0,2.9,0
E-000089,IK-03-00700,IK-02-00453,IK03,IK02,ict,0.455,1.09,none,0,1.0,0
E-000090,IK-01-00125,IK-02-00454,IK01,IK02,electricity,0.982,0.0,none,0,5.5,0
E-000091,IK-03-00801,IK-02-00454,IK03,IK02,ict,0.407,0.75,none,0,4.8,0
E-000092,IK-01-00217,IK-02-00455,IK01,IK02,electricity,0.99,0.0,none,0,2.2,1
E-000093,IK-03-00726,IK-02-00455,IK03,IK02,ict,0.396,0.86,none,0,13.2,0
E-000094,IK-01-00050,IK-02-00456,IK01,IK02,electricity,0.854,0.0,none,0,5.5,0
E-000095,IK-03-00820,IK-02-00456,IK03,IK02,ict,0.423,0.81,none,0,2.4,1
E-000096,IK-01-00227,IK-02-00457,IK01,IK02,electricity,0.87,0.0,none,0,4.3,1
E-000097,IK-03-00723,IK-02-00457,IK03,IK02,ict,0.201,0.98,partial,0,8.6,0
E-000098,IK-03-00720,IK-02-00457,IK03,IK02,ict,0.201,0.77,partial,0,9.7,0
E-000099,IK-01-00185,IK-02-00458,IK01,IK02,electricity,0.822,0.0,none,0,7.3,0
E-000100,IK-03-00765,IK-02-00458,IK03,IK02,ict,0.426,0.91,none,0,11.3,0
E-000101,IK-01-00129,IK-02-00459,IK01,IK02,electricity,0.482,0.0,partial,0,14.7,1
E-000102,IK-01-00122,IK-02-00459,IK01,IK02,electricity,0.482,0.0,partial,0,6.7,0
E-000103,IK-03-00702,IK-02-00459,IK03,IK02,ict,0.211,0.84,partial,0,12.6,1
E-000104,IK-03-00814,IK-02-00459,IK03,IK02,ict,0.211,0.96,partial,0,4.9,0
E-000105,IK-01-00109,IK-02-00460,IK01,IK02,electricity,0.85,0.0,none,0,7.3,0
E-000106,IK-03-00725,IK-02-00460,IK03,IK02,ict,0.469,0.73,none,0,2.2,0
E-000107,IK-01-00066,IK-02-00461,IK01,IK02,electricity,0.928,0.0,none,0,5.9,1
E-000108,IK-03-00714,IK-02-00461,IK03,IK02,ict,0.42,0.52,none,0,2.1,0
E-000109,IK-01-00049,IK-02-00462,IK01,IK02,electricity,0.92,0.0,none,0,8.9,1
E-000110,IK-03-00764,IK-02-00462,IK03,IK02,ict,0.199,0.77,partial,0,7.3,1
E-000111,IK-03-00796,IK-02-00462,IK03,IK02,ict,0.199,0.57,partial,0,8.3,1
E-000112,IK-01-00047,IK-02-00463,IK01,IK02,electricity,0.942,0.0,none,0,6.7,1
E-000113,IK-03-00703,IK-02-00463,IK03,IK02,ict,0.476,0.79,none,0,4.5,0
E-000114,IK-01-00078,IK-02-00464,IK01,IK02,electricity,0.893,0.0,none,0,2.2,0
E-000115,IK-03-00712,IK-02-00464,IK03,IK02,ict,0.467,0.76,none,0,8.2,1
E-000116,IK-01-00119,IK-02-00465,IK01,IK02,electricity,0.824,0.0,none,0,13.5,1
E-000117,IK-03-00695,IK-02-00465,IK03,IK02,ict,0.49,0.61,none,0,7.8,0
E-000118,IK-01-00161,IK-02-00466,IK01,IK02,electricity,0.822,0.0,none,0,9.7,1
E-000119,IK-03-00710,IK-02-00466,IK03,IK02,ict,0.21,0.79,partial,0,9.3,0
E-000120,IK-03-00733,IK-02-00466,IK03,IK02,ict,0.21,0.96,partial,0,6.4,0
E-000121,IK-01-00177,IK-02-00467,IK01,IK02,electricity,0.829,0.0,none,0,11.9,0
E-000122,IK-03-00789,IK-02-00467,IK03,IK02,ict,0.216,0.93,partial,0,8.5,0
E-000123,IK-03-00771,IK-02-00467,IK03,IK02,ict,0.216,0.85,partial,0,8.2,0
E-000124,IK-01-00093,IK-02-00468,IK01,IK02,electricity,0.997,0.0,none,0,2.4,0
E-000125,IK-03-00826,IK-02-00468,IK03,IK02,ict,0.208,0.99,full,0,9.0,0
E-000126,IK-03-00709,IK-02-00468,IK03,IK02,ict,0.208,0.71,full,0,8.8,0
E-000127,IK-01-00198,IK-02-00469,IK01,IK02,electricity,0.887,0.0,none,0,4.4,1
E-000128,IK-03-00785,IK-02-00469,IK03,IK02,ict,0.484,0.63,none,0,2.4,1
E-000129,IK-01-00215,IK-02-00470,IK01,IK02,electricity,0.985,0.0,none,0,9.8,0
E-000130,IK-03-00744,IK-02-00470,IK03,IK02,ict,0.389,0.74,none,0,8.5,1
E-000131,IK-01-00204,IK-02-00471,IK01,IK02,electricity,0.887,0.0,none,0,2.1,0
E-000132,IK-03-00784,IK-02-00471,IK03,IK02,ict,0.247,0.56,partial,0,8.1,1
E-000133,IK-03-00708,IK-02-00471,IK03,IK02,ict,0.247,0.81,partial,0,13.0,0
E-000134,IK-01-00119,IK-02-00472,IK01,IK02,electricity,0.846,0.0,none,0,10.3,1
E-000135,IK-03-00749,IK-02-00472,IK03,IK02,ict,0.492,0.63,none,0,8.7,0
E-000136,IK-01-00109,IK-02-00473,IK01,IK02,electricity,1.0,0.0,none,0,1.1,0
E-000137,IK-03-00725,IK-02-00473,IK03,IK02,ict,0.205,0.87,full,0,15.2,0
E-000138,IK-03-00690,IK-02-00473,IK03,IK02,ict,0.205,0.75,full,0,10.3,0
E-000139,IK-01-00195,IK-02-00474,IK01,IK02,electricity,0.416,0.0,full,0,1.0,0
E-000140,IK-01-00094,IK-02-00474,IK01,IK02,electricity,0.416,0.0,full,0,5.4,0
E-000141,IK-03-00781,IK-02-00474,IK03,IK02,ict,0.483,1.02,none,0,6.7,1
E-000142,IK-01-00222,IK-02-00475,IK01,IK02,electricity,0.461,0.0,partial,0,6.2,0
E-000143,IK-01-00053,IK-02-00475,IK01,IK02,electricity,0.461,0.0,partial,0,15.6,0
E-000144,IK-03-00713,IK-02-00475,IK03,IK02,ict,0.471,0.91,none,0,9.0,1
E-000145,IK-01-00217,IK-02-00476,IK01,IK02,electricity,1.0,0.0,none,0,2.6,0
E-000146,IK-03-00763,IK-02-00476,IK03,IK02,ict,0.421,1.06,none,0,6.2,1
E-000147,IK-01-00117,IK-02-00477,IK01,IK02,electricity,0.845,0.0,none,0,9.6,0
E-000148,IK-03-00683,IK-02-00477,IK03,IK02,ict,0.248,1.1,partial,0,4.6,1
E-000149,IK-03-00705,IK-02-00477,IK03,IK02,ict,0.248,0.65,partial,0,5.0,1
E-000150,IK-01-00218,IK-02-00478,IK01,IK02,electricity,0.489,0.0,full,0,6.4,1
E-000151,IK-01-00047,IK-02-00478,IK01,IK02,electricity,0.489,0.0,full,0,5.4,1
E-000152,IK-03-00750,IK-02-00478,IK03,IK02,ict,0.198,0.64,full,0,7.9,0
E-000153,IK-03-00740,IK-02-00478,IK03,IK02,ict,0.198,0.58,full,0,6.3,0
E-000154,IK-01-00193,IK-02-00479,IK01,IK02,electricity,0.906,0.0,none,0,10.8,0
E-000155,IK-03-00764,IK-02-00479,IK03,IK02,ict,0.436,0.54,none,0,7.3,0
E-000156,IK-01-00073,IK-02-00480,IK01,IK02,electricity,1.0,0.0,none,0,3.9,0
E-000157,IK-03-00753,IK-02-00480,IK03,IK02,ict,0.465,1.04,none,0,12.8,0
E-000158,IK-01-00060,IK-02-00481,IK01,IK02,electricity,0.834,0.0,none,0,3.1,0
E-000159,IK-03-00772,IK-02-00481,IK03,IK02,ict,0.409,0.91,none,0,13.6,0
E-000160,IK-01-00106,IK-02-00482,IK01,IK02,electricity,0.968,0.0,none,0,14.7,0
E-000161,IK-03-00741,IK-02-00482,IK03,IK02,ict,0.439,0.86,none,0,1.0,0
E-000162,IK-01-00231,IK-02-00483,IK01,IK02,electricity,0.448,0.0,partial,0,12.0,1
E-000163,IK-01-00109,IK-02-00483,IK01,IK02,electricity,0.448,0.0,partial,0,8.0,0
E-000164,IK-03-00818,IK-02-00483,IK03,IK02,ict,0.23,0.7,partial,0,1.0,1
E-000165,IK-03-00725,IK-02-00483,IK03,IK02,ict,0.23,0.5,partial,0,5.1,0
E-000166,IK-01-00165,IK-02-00484,IK01,IK02,electricity,0.962,0.0,none,0,7.3,0
E-000167,IK-03-00770,IK-02-00484,IK03,IK02,ict,0.479,0.65,none,0,9.7,0
E-000168,IK-01-00207,IK-02-00485,IK01,IK02,electricity,0.912,0.0,none,0,7.6,1
E-000169,IK-03-00791,IK-02-00485,IK03,IK02,ict,0.457,0.85,none,0,7.0,1
E-000170,IK-01-00086,IK-02-00486,IK01,IK02,electricity,0.966,0.0,none,0,8.0,0
E-000171,IK-03-00814,IK-02-00486,IK03,IK02,ict,0.233,0.68,partial,0,3.6,0
E-000172,IK-03-00702,IK-02-00486,IK03,IK02,ict,0.233,0.7,partial,0,1.0,0
E-000173,IK-01-00221,IK-02-00487,IK01,IK02,electricity,0.809,0.0,none,0,8.9,1
E-000174,IK-03-00698,IK-02-00487,IK03,IK02,ict,0.242,1.08,partial,0,13.4,0
E-000175,IK-03-00771,IK-02-00487,IK03,IK02,ict,0.242,0.67,partial,0,7.3,0
E-000176,IK-01-00191,IK-02-00488,IK01,IK02,electricity,0.818,0.0,none,0,6.0,0
E-000177,IK-03-00728,IK-02-00488,IK03,IK02,ict,0.198,0.66,partial,0,2.7,0
E-000178,IK-03-00715,IK-02-00488,IK03,IK02,ict,0.198,0.97,partial,0,10.2,0
E-000179,IK-01-00113,IK-02-00489,IK01,IK02,electricity,0.888,0.0,none,0,3.3,0
E-000180,IK-03-00738,IK-02-00489,IK03,IK02,ict,0.24,0.84,partial,0,1.0,0
E-000181,IK-03-00689,IK-02-00489,IK03,IK02,ict,0.24,0.93,partial,0,1.0,1
E-000182,IK-01-00065,IK-02-00490,IK01,IK02,electricity,1.0,0.0,none,0,12.4,0
E-000183,IK-03-00741,IK-02-00490,IK03,IK02,ict,0.467,0.96,none,0,16.2,0
E-000184,IK-01-00107,IK-02-00491,IK01,IK02,electricity,0.948,0.0,none,0,12.7,0
E-000185,IK-03-00684,IK-02-00491,IK03,IK02,ict,0.483,1.0,none,0,6.8,0
E-000186,IK-01-00194,IK-02-00492,IK01,IK02,electricity,0.514,0.0,partial,0,5.1,0
E-000187,IK-01-00175,IK-02-00492,IK01,IK02,electricity,0.514,0.0,partial,0,18.4,0
E-000188,IK-03-00686,IK-02-00492,IK03,IK02,ict,0.234,1.01,partial,0,8.6,1
E-000189,IK-03-00685,IK-02-00492,IK03,IK02,ict,0.234,1.06,partial,0,12.1,0
E-000190,IK-01-00089,IK-02-00493,IK01,IK02,electricity,0.997,0.0,none,0,9.5,0
E-000191,IK-03-00694,IK-02-00493,IK03,IK02,ict,0.427,0.93,none,0,6.8,0
E-000192,IK-01-00119,IK-02-00494,IK01,IK02,electricity,0.443,0.0,partial,0,3.7,0
E-000193,IK-01-00078,IK-02-00494,IK01,IK02,electricity,0.443,0.0,partial,0,13.1,1
E-000194,IK-03-00727,IK-02-00494,IK03,IK02,ict,0.244,0.54,partial,0,6.6,0
E-000195,IK-03-00749,IK-02-00494,IK03,IK02,ict,0.244,0.96,partial,0,5.2,0
E-000196,IK-01-00060,IK-02-00495,IK01,IK02,electricity,0.459,0.0,partial,0,1.5,0
E-000197,IK-01-00167,IK-02-00495,IK01,IK02,electricity,0.459,0.0,partial,0,10.0,0
E-000198,IK-03-00772,IK-02-00495,IK03,IK02,ict,0.494,0.69,none,0,10.8,0
E-000199,IK-01-00105,IK-02-00496,IK01,IK02,electricity,0.829,0.0,none,0,1.5,0
E-000200,IK-03-00766,IK-02-00496,IK03,IK02,ict,0.229,0.67,partial,0,10.0,0
E-000201,IK-03-00715,IK-02-00496,IK03,IK02,ict,0.229,0.55,partial,0,2.8,0
E-000202,IK-01-00145,IK-02-00497,IK01,IK02,electricity,0.978,0.0,none,0,11.8,0
E-000203,IK-03-00684,IK-02-00497,IK03,IK02,ict,0.2,0.81,partial,0,8.5,0
E-000204,IK-03-00780,IK-02-00497,IK03,IK02,ict,0.2,0.81,partial,0,4.4,0
E-000205,IK-01-00231,IK-02-00498,IK01,IK02,electricity,0.991,0.0,none,0,9.3,1
E-000206,IK-03-00818,IK-02-00498,IK03,IK02,ict,0.397,0.82,none,0,1.0,0
E-000207,IK-01-00214,IK-02-00499,IK01,IK02,electricity,0.408,0.0,partial,0,5.8,1
E-000208,IK-01-00057,IK-02-00499,IK01,IK02,electricity,0.408,0.0,partial,0,8.2,1
E-000209,IK-03-00682,IK-02-00499,IK03,IK02,ict,0.392,0.95,none,0,12.8,1
E-000210,IK-01-00194,IK-02-00500,IK01,IK02,electricity,0.518,0.0,partial,0,5.9,0
E-000211,IK-01-00079,IK-02-00500,IK01,IK02,electricity,0.518,0.0,partial,0,12.0,0
E-000212,IK-03-00686,IK-02-00500,IK03,IK02,ict,0.437,0.89,none,0,7.2,0
E-000213,IK-01-00145,IK-02-00501,IK01,IK02,electricity,0.826,0.0,none,0,9.0,1
E-000214,IK-03-00684,IK-02-00501,IK03,IK02,ict,0.483,0.64,none,0,10.4,0
E-000215,IK-01-00173,IK-02-00502,IK01,IK02,electricity,0.932,0.0,none,0,8.4,1
E-000216,IK-03-00691,IK-02-00502,IK03,IK02,ict,0.249,0.92,partial,0,10.0,1
E-000217,IK-03-00805,IK-02-00502,IK03,IK02,ict,0.249,1.1,partial,0,14.9,1
E-000218,IK-01-00102,IK-02-00503,IK01,IK02,electricity,0.997,0.0,none,0,4.8,1
E-000219,IK-03-00701,IK-02-00503,IK03,IK02,ict,0.461,0.59,none,0,6.0,0
E-000220,IK-01-00146,IK-02-00504,IK01,IK02,electricity,0.828,0.0,none,0,2.7,0
E-000221,IK-03-00774,IK-02-00504,IK03,IK02,ict,0.213,0.55,partial,0,4.6,0
E-000222,IK-03-00685,IK-02-00504,IK03,IK02,ict,0.213,0.53,partial,0,9.1,1
E-000223,IK-01-00212,IK-02-00505,IK01,IK02,electricity,0.42,0.0,partial,0,8.7,0
E-000224,IK-01-00223,IK-02-00505,IK01,IK02,electricity,0.42,0.0,partial,0,13.8,0
E-000225,IK-03-00777,IK-02-00505,IK03,IK02,ict,0.211,0.75,partial,0,4.8,1
E-000226,IK-03-00787,IK-02-00505,IK03,IK02,ict,0.211,0.53,partial,0,1.0,0
E-000227,IK-01-00103,IK-02-00506,IK01,IK02,electricity,0.503,0.0,partial,0,14.8,0
E-000228,IK-01-00117,IK-02-00506,IK01,IK02,electricity,0.503,0.0,partial,0,14.2,1
E-000229,IK-03-00706,IK-02-00506,IK03,IK02,ict,0.403,0.68,none,0,7.9,0
E-000230,IK-01-00104,IK-02-00507,IK01,IK02,electricity,0.421,0.0,partial,0,10.5,1
E-000231,IK-01-00239,IK-02-00507,IK01,IK02,electricity,0.421,0.0,partial,0,9.3,1
E-000232,IK-03-00811,IK-02-00507,IK03,IK02,ict,0.479,1.09,none,0,1.0,1
E-000233,IK-01-00054,IK-02-00508,IK01,IK02,electricity,0.965,0.0,none,0,8.4,1
E-000234,IK-03-00707,IK-02-00508,IK03,IK02,ict,0.442,0.72,none,0,7.9,1
E-000235,IK-01-00120,IK-02-00509,IK01,IK02,electricity,0.532,0.0,partial,0,10.5,1
E-000236,IK-01-00082,IK-02-00509,IK01,IK02,electricity,0.532,0.0,partial,0,10.0,1
E-000237,IK-03-00810,IK-02-00509,IK03,IK02,ict,0.48,0.83,none,0,11.4,1
E-000238,IK-01-00051,IK-02-00510,IK01,IK02,electricity,0.927,0.0,none,0,1.0,0
E-000239,IK-03-00686,IK-02-00510,IK03,IK02,ict,0.404,0.62,none,0,7.5,1
E-000240,IK-01-00116,IK-02-00511,IK01,IK02,electricity,0.937,0.0,none,0,12.4,0
E-000241,IK-03-00696,IK-02-00511,IK03,IK02,ict,0.2,0.51,partial,0,12.6,0
E-000242,IK-03-00761,IK-02-00511,IK03,IK02,ict,0.2,0.62,partial,0,3.8,1
E-000243,IK-01-00223,IK-02-00512,IK01,IK02,electricity,0.948,0.0,none,0,7.0,1
E-000244,IK-03-00757,IK-02-00512,IK03,IK02,ict,0.434,0.94,none,0,13.6,1
E-000245,IK-01-00060,IK-02-00513,IK01,IK02,electricity,0.998,0.0,none,0,14.8,0
E-000246,IK-03-00768,IK-02-00513,IK03,IK02,ict,0.494,0.73,none,0,8.6,0
E-000247,IK-01-00110,IK-02-00514,IK01,IK02,electricity,0.95,0.0,none,0,8.9,0
E-000248,IK-03-00738,IK-02-00514,IK03,IK02,ict,0.503,0.76,none,0,13.4,1
E-000249,IK-01-00186,IK-02-00515,IK01,IK02,electricity,0.959,0.0,none,0,9.2,0
E-000250,IK-03-00799,IK-02-00515,IK03,IK02,ict,0.388,0.75,none,0,8.0,1
E-000251,IK-01-00096,IK-02-00516,IK01,IK02,electricity,0.942,0.0,none,0,10.6,0
E-000252,IK-03-00736,IK-02-00516,IK03,IK02,ict,0.233,0.83,partial,0,9.0,1
E-000253,IK-03-00722,IK-02-00516,IK03,IK02,ict,0.233,0.66,partial,0,9.5,1
E-000254,IK-01-00043,IK-02-00517,IK01,IK02,electricity,0.849,0.0,none,0,5.2,0
E-000255,IK-03-00819,IK-02-00517,IK03,IK02,ict,0.491,1.09,none,0,7.4,0
E-000256,IK-01-00129,IK-02-00518,IK01,IK02,electricity,1.0,0.0,none,0,13.6,0
E-000257,IK-03-00702,IK-02-00518,IK03,IK02,ict,0.41,0.97,none,0,8.2,1
E-000258,IK-01-00163,IK-02-00519,IK01,IK02,electricity,0.531,0.0,partial,0,10.7,0
E-000259,IK-01-00148,IK-02-00519,IK01,IK02,electricity,0.531,0.0,partial,0,12.0,0
E-000260,IK-03-00719,IK-02-00519,IK03,IK02,ict,0.2,0.85,partial,0,8.1,0
E-000261,IK-03-00752,IK-02-00519,IK03,IK02,ict,0.2,1.08,partial,0,11.5,0
E-000262,IK-01-00041,IK-02-00520,IK01,IK02,electricity,0.848,0.0,none,0,4.1,0
E-000263,IK-03-00683,IK-02-00520,IK03,IK02,ict,0.462,0.6,none,0,7.5,0
E-000264,IK-01-00059,IK-02-00521,IK01,IK02,electricity,0.897,0.0,none,0,6.5,1
E-000265,IK-03-00738,IK-02-00521,IK03,IK02,ict,0.452,0.96,none,0,6.6,0
E-000266,IK-01-00202,IK-02-00522,IK01,IK02,electricity,0.847,0.0,none,0,4.7,1
E-000267,IK-03-00699,IK-02-00522,IK03,IK02,ict,0.478,0.8,none,0,6.3,0
E-000268,IK-01-00156,IK-02-00523,IK01,IK02,electricity,0.937,0.0,none,0,5.1,1
E-000269,IK-03-00759,IK-02-00523,IK03,IK02,ict,0.249,0.94,partial,0,2.0,0
E-000270,IK-03-00800,IK-02-00523,IK03,IK02,ict,0.249,0.74,partial,0,13.1,0
E-000271,IK-01-00145,IK-02-00524,IK01,IK02,electricity,0.444,0.0,partial,0,10.6,1
E-000272,IK-01-00072,IK-02-00524,IK01,IK02,electricity,0.444,0.0,partial,0,8.1,0
E-000273,IK-03-00684,IK-02-00524,IK03,IK02,ict,0.216,0.83,partial,0,10.5,0
E-000274,IK-03-00780,IK-02-00524,IK03,IK02,ict,0.216,0.57,partial,0,10.8,0
E-000275,IK-01-00158,IK-02-00525,IK01,IK02,electricity,0.875,0.0,none,0,17.2,0
E-000276,IK-03-00720,IK-02-00525,IK03,IK02,ict,0.402,0.52,none,0,8.6,0
E-000277,IK-01-00158,IK-02-00526,IK01,IK02,electricity,1.0,0.0,none,0,15.8,1
E-000278,IK-03-00720,IK-02-00526,IK03,IK02,ict,0.472,0.71,none,0,14.8,0
E-000279,IK-01-00152,IK-02-00527,IK01,IK02,electricity,0.827,0.0,none,0,5.9,0
E-000280,IK-03-00737,IK-02-00527,IK03,IK02,ict,0.236,0.91,partial,0,7.6,1
E-000281,IK-03-00789,IK-02-00527,IK03,IK02,ict,0.236,1.02,partial,0,3.8,0
E-000282,IK-01-00085,IK-02-00528,IK01,IK02,electricity,0.449,0.0,partial,0,8.3,1
E-000283,IK-01-00197,IK-02-00528,IK01,IK02,electricity,0.449,0.0,partial,0,13.2,1
E-000284,IK-03-00684,IK-02-00528,IK03,IK02,ict,0.485,0.97,none,0,10.4,0
E-000285,IK-01-00169,IK-02-00529,IK01,IK02,electricity,0.907,0.0,none,0,11.0,0
E-000286,IK-03-00807,IK-02-00529,IK03,IK02,ict,0.411,0.89,none,0,7.1,0
E-000287,IK-01-00171,IK-02-00530,IK01,IK02,electricity,1.0,0.0,none,0,4.2,1
E-000288,IK-03-00829,IK-02-00530,IK03,IK02,ict,0.472,0.84,none,0,8.5,1
E-000289,IK-01-00150,IK-02-00531,IK01,IK02,electricity,0.414,0.0,partial,0,4.8,1
E-000290,IK-01-00234,IK-02-00531,IK01,IK02,electricity,0.414,0.0,partial,0,1.0,0
E-000291,IK-03-00714,IK-02-00531,IK03,IK02,ict,0.403,0.94,none,0,4.6,0
E-000292,IK-01-00099,IK-02-00532,IK01,IK02,electricity,0.422,0.0,partial,0,10.5,1
E-000293,IK-01-00179,IK-02-00532,IK01,IK02,electricity,0.422,0.0,partial,0,8.9,1
E-000294,IK-03-00700,IK-02-00532,IK03,IK02,ict,0.242,0.59,partial,0,6.8,0
E-000295,IK-03-00759,IK-02-00532,IK03,IK02,ict,0.242,0.68,partial,0,11.9,1
E-000296,IK-01-00110,IK-02-00533,IK01,IK02,electricity,0.942,0.0,none,0,1.0,0
E-000297,IK-03-00738,IK-02-00533,IK03,IK02,ict,0.476,1.04,none,0,6.8,0
E-000298,IK-01-00188,IK-02-00534,IK01,IK02,electricity,0.465,0.0,partial,0,14.8,1
E-000299,IK-01-00107,IK-02-00534,IK01,IK02,electricity,0.465,0.0,partial,0,10.1,1
E-000300,IK-03-00684,IK-02-00534,IK03,IK02,ict,0.241,0.52,partial,0,6.4,1
E-000301,IK-03-00780,IK-02-00534,IK03,IK02,ict,0.241,0.86,partial,0,8.1,1
E-000302,IK-01-00074,IK-02-00535,IK01,IK02,electricity,0.867,0.0,none,0,8.2,0
E-000303,IK-03-00706,IK-02-00535,IK03,IK02,ict,0.458,0.8,none,0,10.4,0
E-000304,IK-01-00198,IK-02-00536,IK01,IK02,electricity,0.954,0.0,none,0,17.9,0
E-000305,IK-03-00785,IK-02-00536,IK03,IK02,ict,0.198,0.89,partial,0,9.3,0
E-000306,IK-03-00796,IK-02-00536,IK03,IK02,ict,0.198,0.65,partial,0,6.9,0
E-000307,IK-01-00061,IK-02-00537,IK01,IK02,electricity,0.471,0.0,partial,0,5.4,0
E-000308,IK-01-00188,IK-02-00537,IK01,IK02,electricity,0.471,0.0,partial,0,6.8,0
E-000309,IK-03-00684,IK-02-00537,IK03,IK02,ict,0.195,0.56,partial,0,8.1,1
E-000310,IK-03-00776,IK-02-00537,IK03,IK02,ict,0.195,0.52,partial,0,12.1,1
E-000311,IK-01-00149,IK-02-00538,IK01,IK02,electricity,0.829,0.0,none,0,9.3,0
E-000312,IK-03-00687,IK-02-00538,IK03,IK02,ict,0.23,0.72,partial,0,2.0,0
E-000313,IK-03-00827,IK-02-00538,IK03,IK02,ict,0.23,0.8,partial,0,17.9,1
E-000314,IK-01-00160,IK-02-00539,IK01,IK02,electricity,0.814,0.0,none,0,10.5,1
E-000315,IK-03-00758,IK-02-00539,IK03,IK02,ict,0.451,0.89,none,0,4.6,0
E-000316,IK-01-00141,IK-02-00540,IK01,IK02,electricity,1.0,0.0,none,0,13.8,1
E-000317,IK-03-00747,IK-02-00540,IK03,IK02,ict,0.235,0.65,partial,0,7.5,1
E-000318,IK-03-00794,IK-02-00540,IK03,IK02,ict,0.235,0.97,partial,0,3.8,0
E-000319,IK-01-00203,IK-02-00541,IK01,IK02,electricity,0.849,0.0,none,0,8.4,0
E-000320,IK-03-00688,IK-02-00541,IK03,IK02,ict,0.447,0.83,none,0,5.1,0
E-000321,IK-01-00060,IK-02-00542,IK01,IK02,electricity,0.528,0.0,partial,0,2.8,0
E-000322,IK-01-00167,IK-02-00542,IK01,IK02,electricity,0.528,0.0,partial,0,10.0,1
E-000323,IK-03-00768,IK-02-00542,IK03,IK02,ict,0.208,0.64,partial,0,8.8,0
E-000324,IK-03-00772,IK-02-00542,IK03,IK02,ict,0.208,0.82,partial,0,4.8,0
E-000325,IK-01-00160,IK-02-00543,IK01,IK02,electricity,0.46,0.0,partial,0,6.6,0
E-000326,IK-01-00142,IK-02-00543,IK01,IK02,electricity,0.46,0.0,partial,0,6.1,1
E-000327,IK-03-00758,IK-02-00543,IK03,IK02,ict,0.449,0.55,none,0,2.5,1
E-000328,IK-01-00157,IK-02-00544,IK01,IK02,electricity,1.0,0.0,none,0,9.2,1
E-000329,IK-03-00710,IK-02-00544,IK03,IK02,ict,0.417,0.85,none,0,11.0,1
E-000330,IK-01-00129,IK-02-00545,IK01,IK02,electricity,0.875,0.0,none,0,11.1,0
E-000331,IK-03-00798,IK-02-00545,IK03,IK02,ict,0.503,0.89,none,0,7.1,0
E-000332,IK-01-00117,IK-02-00546,IK01,IK02,electricity,0.908,0.0,none,0,10.8,1
E-000333,IK-03-00705,IK-02-00546,IK03,IK02,ict,0.428,1.09,none,0,11.7,1
E-000334,IK-01-00093,IK-02-00547,IK01,IK02,electricity,1.0,0.0,none,0,13.2,0
E-000335,IK-03-00826,IK-02-00547,IK03,IK02,ict,0.244,1.05,partial,0,4.0,0
E-000336,IK-03-00723,IK-02-00547,IK03,IK02,ict,0.244,0.52,partial,0,5.4,1
E-000337,IK-01-00097,IK-02-00548,IK01,IK02,electricity,0.484,0.0,partial,0,3.0,0
E-000338,IK-01-00092,IK-02-00548,IK01,IK02,electricity,0.484,0.0,partial,0,7.4,1
E-000339,IK-03-00709,IK-02-00548,IK03,IK02,ict,0.487,1.01,none,0,6.1,1
E-000340,IK-01-00114,IK-02-00549,IK01,IK02,electricity,0.5,0.0,partial,0,8.2,0
E-000341,IK-01-00109,IK-02-00549,IK01,IK02,electricity,0.5,0.0,partial,0,11.6,0
E-000342,IK-03-00690,IK-02-00549,IK03,IK02,ict,0.442,0.57,none,0,14.1,0
E-000343,IK-01-00156,IK-02-00550,IK01,IK02,electricity,1.0,0.0,none,0,11.3,1
E-000344,IK-03-00806,IK-02-00550,IK03,IK02,ict,0.212,0.6,partial,0,5.4,0
E-000345,IK-03-00717,IK-02-00550,IK03,IK02,ict,0.212,1.0,partial,0,7.9,1
E-000346,IK-01-00163,IK-02-00551,IK01,IK02,electricity,0.436,0.0,partial,0,5.8,0
E-000347,IK-01-00230,IK-02-00551,IK01,IK02,electricity,0.436,0.0,partial,0,10.2,0
E-000348,IK-03-00806,IK-02-00551,IK03,IK02,ict,0.22,0.6,partial,0,10.8,1
E-000349,IK-03-00752,IK-02-00551,IK03,IK02,ict,0.22,0.92,partial,0,4.8,1
E-000350,IK-01-00155,IK-02-00552,IK01,IK02,electricity,1.0,0.0,none,0,8.5,0
E-000351,IK-03-00799,IK-02-00552,IK03,IK02,ict,0.424,0.93,none,0,11.3,0
E-000352,IK-01-00073,IK-02-00553,IK01,IK02,electricity,0.484,0.0,partial,0,3.9,1
E-000353,IK-01-00113,IK-02-00553,IK01,IK02,electricity,0.484,0.0,partial,0,12.3,1
E-000354,IK-03-00753,IK-02-00553,IK03,IK02,ict,0.493,0.69,none,0,8.9,0
E-000355,IK-01-00207,IK-02-00554,IK01,IK02,electricity,1.0,0.0,none,0,11.4,1
E-000356,IK-03-00817,IK-02-00554,IK03,IK02,ict,0.442,0.71,none,0,5.9,0
E-000357,IK-01-00174,IK-02-00555,IK01,IK02,electricity,0.527,0.0,partial,0,11.3,1
E-000358,IK-01-00056,IK-02-00555,IK01,IK02,electricity,0.527,0.0,partial,0,6.8,0
E-000359,IK-03-00784,IK-02-00555,IK03,IK02,ict,0.395,0.83,none,0,5.5,0
E-000360,IK-01-00171,IK-02-00556,IK01,IK02,electricity,0.883,0.0,none,0,8.6,1
E-000361,IK-03-00829,IK-02-00556,IK03,IK02,ict,0.201,1.06,partial,0,6.4,1
E-000362,IK-03-00765,IK-02-00556,IK03,IK02,ict,0.201,0.7,partial,0,9.5,1
E-000363,IK-01-00204,IK-02-00557,IK01,IK02,electricity,0.47,0.0,partial,0,8.2,0
E-000364,IK-01-00056,IK-02-00557,IK01,IK02,electricity,0.47,0.0,partial,0,9.6,1
E-000365,IK-03-00784,IK-02-00557,IK03,IK02,ict,0.195,1.02,partial,0,1.0,0
E-000366,IK-03-00708,IK-02-00557,IK03,IK02,ict,0.195,0.8,partial,0,11.7,0
E-000367,IK-01-00096,IK-02-00558,IK01,IK02,electricity,0.929,0.0,none,0,13.2,1
E-000368,IK-03-00803,IK-02-00558,IK03,IK02,ict,0.25,1.09,partial,0,8.1,0
E-000369,IK-03-00722,IK-02-00558,IK03,IK02,ict,0.25,0.56,partial,0,5.1,1
E-000370,IK-01-00130,IK-02-00559,IK01,IK02,electricity,0.822,0.0,none,0,10.7,0
E-000371,IK-03-00724,IK-02-00559,IK03,IK02,ict,0.241,0.99,partial,0,6.5,1
E-000372,IK-03-00779,IK-02-00559,IK03,IK02,ict,0.241,0.74,partial,0,10.1,0
E-000373,IK-01-00045,IK-02-00560,IK01,IK02,electricity,0.516,0.0,partial,0,8.0,0
E-000374,IK-01-00171,IK-02-00560,IK01,IK02,electricity,0.516,0.0,partial,0,1.5,0
E-000375,IK-03-00829,IK-02-00560,IK03,IK02,ict,0.237,1.02,partial,0,5.7,1
E-000376,IK-03-00765,IK-02-00560,IK03,IK02,ict,0.237,1.1,partial,0,12.2,0
E-000377,IK-01-00181,IK-02-00561,IK01,IK02,electricity,0.842,0.0,none,0,5.3,0
E-000378,IK-03-00787,IK-02-00561,IK03,IK02,ict,0.192,1.04,partial,0,4.3,0
E-000379,IK-03-00715,IK-02-00561,IK03,IK02,ict,0.192,1.07,partial,0,6.2,1
E-000380,IK-01-00077,IK-02-00562,IK01,IK02,electricity,1.0,0.0,none,0,6.8,1
E-000381,IK-03-00765,IK-02-00562,IK03,IK02,ict,0.198,0.63,partial,0,9.1,0
E-000382,IK-03-00737,IK-02-00562,IK03,IK02,ict,0.198,0.56,partial,0,7.7,0
E-000383,IK-01-00140,IK-02-00563,IK01,IK02,electricity,1.0,0.0,none,0,6.5,0
E-000384,IK-03-00793,IK-02-00563,IK03,IK02,ict,0.481,0.97,none,0,5.7,1
E-000385,IK-01-00195,IK-02-00564,IK01,IK02,electricity,0.953,0.0,none,0,13.8,0
E-000386,IK-03-00781,IK-02-00564,IK03,IK02,ict,0.219,0.75,partial,0,4.4,0
E-000387,IK-03-00767,IK-02-00564,IK03,IK02,ict,0.219,1.07,partial,0,7.1,0
E-000388,IK-01-00119,IK-02-00565,IK01,IK02,electricity,0.854,0.0,none,0,10.1,0
E-000389,IK-03-00749,IK-02-00565,IK03,IK02,ict,0.4,0.85,none,0,8.8,0
E-000390,IK-01-00178,IK-02-00566,IK01,IK02,electricity,0.449,0.0,partial,0,8.4,0
E-000391,IK-01-00180,IK-02-00566,IK01,IK02,electricity,0.449,0.0,partial,0,2.6,0
E-000392,IK-03-00817,IK-02-00566,IK03,IK02,ict,0.46,1.04,none,0,10.2,1
E-000393,IK-01-00221,IK-02-00567,IK01,IK02,electricity,0.488,0.0,partial,0,1.0,0
E-000394,IK-01-00100,IK-02-00567,IK01,IK02,electricity,0.488,0.0,partial,0,8.2,1
E-000395,IK-03-00771,IK-02-00567,IK03,IK02,ict,0.491,0.78,none,0,4.2,0
E-000396,IK-01-00218,IK-02-00568,IK01,IK02,electricity,1.0,0.0,none,0,2.6,1
E-000397,IK-03-00822,IK-02-00568,IK03,IK02,ict,0.248,0.75,partial,0,7.5,0
E-000398,IK-03-00742,IK-02-00568,IK03,IK02,ict,0.248,0.87,partial,0,13.3,0
E-000399,IK-01-00129,IK-02-00569,IK01,IK02,electricity,0.419,0.0,partial,0,12.1,0
E-000400,IK-01-00044,IK-02-00569,IK01,IK02,electricity,0.419,0.0,partial,0,14.1,1
E-000401,IK-03-00702,IK-02-00569,IK03,IK02,ict,0.218,0.98,partial,0,13.8,0
E-000402,IK-03-00814,IK-02-00569,IK03,IK02,ict,0.218,0.7,partial,0,4.2,0
E-000403,IK-01-00110,IK-02-00570,IK01,IK02,electricity,0.875,0.0,none,0,8.3,0
E-000404,IK-03-00738,IK-02-00570,IK03,IK02,ict,0.477,0.56,none,0,13.6,1
E-000405,IK-01-00065,IK-02-00571,IK01,IK02,electricity,0.848,0.0,none,0,7.0,1
E-000406,IK-03-00741,IK-02-00571,IK03,IK02,ict,0.383,0.59,none,0,17.3,0
E-000407,IK-01-00168,IK-02-00572,IK01,IK02,electricity,0.497,0.0,partial,0,4.3,0
E-000408,IK-01-00120,IK-02-00572,IK01,IK02,electricity,0.497,0.0,partial,0,4.1,0
E-000409,IK-03-00735,IK-02-00572,IK03,IK02,ict,0.216,1.0,partial,0,6.8,1
E-000410,IK-03-00830,IK-02-00572,IK03,IK02,ict,0.216,1.0,partial,0,9.4,1
E-000411,IK-01-00221,IK-02-00573,IK01,IK02,electricity,0.847,0.0,none,0,11.6,1
E-000412,IK-03-00771,IK-02-00573,IK03,IK02,ict,0.478,0.67,none,0,2.9,1
E-000413,IK-01-00167,IK-02-00574,IK01,IK02,electricity,0.987,0.0,none,0,12.2,0
E-000414,IK-03-00768,IK-02-00574,IK03,IK02,ict,0.226,0.85,partial,0,9.6,0
E-000415,IK-03-00772,IK-02-00574,IK03,IK02,ict,0.226,1.06,partial,0,6.1,0
E-000416,IK-01-00091,IK-02-00575,IK01,IK02,electricity,0.532,0.0,partial,0,10.3,0
E-000417,IK-01-00119,IK-02-00575,IK01,IK02,electricity,0.532,0.0,partial,0,8.4,1
E-000418,IK-03-00749,IK-02-00575,IK03,IK02,ict,0.222,0.55,partial,0,9.4,1
E-000419,IK-03-00695,IK-02-00575,IK03,IK02,ict,0.222,0.94,partial,0,8.0,1
E-000420,IK-01-00096,IK-02-00576,IK01,IK02,electricity,0.887,0.0,none,0,16.9,0
E-000421,IK-03-00803,IK-02-00576,IK03,IK02,ict,0.211,0.66,partial,0,8.7,1
E-000422,IK-03-00722,IK-02-00576,IK03,IK02,ict,0.211,0.78,partial,0,10.9,1
E-000423,IK-01-00168,IK-02-00577,IK01,IK02,electricity,0.815,0.0,none,0,6.6,1
E-000424,IK-03-00830,IK-02-00577,IK03,IK02,ict,0.473,0.96,none,0,10.5,0
E-000425,IK-01-00240,IK-02-00578,IK01,IK02,electricity,0.418,0.0,partial,0,1.7,0
E-000426,IK-01-00159,IK-02-00578,IK01,IK02,electricity,0.418,0.0,partial,0,13.4,0
E-000427,IK-03-00795,IK-02-00578,IK03,IK02,ict,0.503,0.77,none,0,8.3,1
E-000428,IK-01-00060,IK-02-00579,IK01,IK02,electricity,1.0,0.0,none,0,5.6,1
E-000429,IK-03-00768,IK-02-00579,IK03,IK02,ict,0.242,0.84,partial,0,7.9,1
E-000430,IK-03-00772,IK-02-00579,IK03,IK02,ict,0.242,0.6,partial,0,7.2,1
E-000431,IK-01-00143,IK-02-00580,IK01,IK02,electricity,0.833,0.0,none,0,3.2,0
E-000432,IK-03-00796,IK-02-00580,IK03,IK02,ict,0.246,0.57,partial,0,10.5,1
E-000433,IK-03-00703,IK-02-00580,IK03,IK02,ict,0.246,1.01,partial,0,8.6,0
E-000434,IK-01-00041,IK-02-00581,IK01,IK02,electricity,0.836,0.0,none,0,7.7,0
E-000435,IK-03-00706,IK-02-00581,IK03,IK02,ict,0.195,1.0,partial,0,6.6,1
E-000436,IK-03-00792,IK-02-00581,IK03,IK02,ict,0.195,1.01,partial,0,9.4,0
E-000437,IK-01-00210,IK-02-00582,IK01,IK02,electricity,0.818,0.0,none,0,8.3,1
E-000438,IK-03-00685,IK-02-00582,IK03,IK02,ict,0.408,0.63,none,0,12.7,1
E-000439,IK-01-00212,IK-02-00583,IK01,IK02,electricity,0.887,0.0,none,0,9.2,0
E-000440,IK-03-00787,IK-02-00583,IK03,IK02,ict,0.406,1.1,none,0,12.6,0
E-000441,IK-01-00174,IK-02-00584,IK01,IK02,electricity,0.524,0.0,partial,0,6.9,0
E-000442,IK-01-00056,IK-02-00584,IK01,IK02,electricity,0.524,0.0,partial,0,3.6,0
E-000443,IK-03-00784,IK-02-00584,IK03,IK02,ict,0.473,1.07,none,0,4.0,0
E-000444,IK-01-00190,IK-02-00585,IK01,IK02,electricity,0.45,0.0,partial,0,9.1,0
E-000445,IK-01-00169,IK-02-00585,IK01,IK02,electricity,0.45,0.0,partial,0,4.6,0
E-000446,IK-03-00700,IK-02-00585,IK03,IK02,ict,0.465,0.57,none,0,11.2,0
E-000447,IK-01-00157,IK-02-00586,IK01,IK02,electricity,1.0,0.0,none,0,6.6,1
E-000448,IK-03-00730,IK-02-00586,IK03,IK02,ict,0.442,0.95,none,0,1.0,1
E-000449,IK-01-00158,IK-02-00587,IK01,IK02,electricity,0.876,0.0,none,0,1.8,0
E-000450,IK-03-00760,IK-02-00587,IK03,IK02,ict,0.407,0.82,none,0,4.3,0
E-000451,IK-01-00231,IK-02-00588,IK01,IK02,electricity,1.0,0.0,none,0,11.8,1
E-000452,IK-03-00818,IK-02-00588,IK03,IK02,ict,0.424,0.88,none,0,9.1,0
E-000453,IK-01-00150,IK-02-00589,IK01,IK02,electricity,0.908,0.0,none,0,8.1,0
E-000454,IK-03-00714,IK-02-00589,IK03,IK02,ict,0.247,0.97,partial,0,1.0,0
E-000455,IK-03-00734,IK-02-00589,IK03,IK02,ict,0.247,0.9,partial,0,6.7,0
E-000456,IK-01-00071,IK-02-00590,IK01,IK02,electricity,0.892,0.0,none,0,14.9,0
E-000457,IK-03-00785,IK-02-00590,IK03,IK02,ict,0.408,0.89,none,0,10.3,1
E-000458,IK-01-00153,IK-02-00591,IK01,IK02,electricity,1.0,0.0,none,0,4.8,0
E-000459,IK-03-00696,IK-02-00591,IK03,IK02,ict,0.462,0.87,none,0,9.9,1
E-000460,IK-01-00047,IK-02-00592,IK01,IK02,electricity,0.5,0.0,partial,0,5.4,0
E-000461,IK-01-00111,IK-02-00592,IK01,IK02,electricity,0.5,0.0,partial,0,4.5,0
E-000462,IK-03-00703,IK-02-00592,IK03,IK02,ict,0.246,0.73,partial,0,3.4,1
E-000463,IK-03-00796,IK-02-00592,IK03,IK02,ict,0.246,0.69,partial,0,12.8,0
E-000464,IK-01-00157,IK-02-00593,IK01,IK02,electricity,0.474,0.0,partial,0,2.0,0
E-000465,IK-01-00144,IK-02-00593,IK01,IK02,electricity,0.474,0.0,partial,0,8.9,0
E-000466,IK-03-00730,IK-02-00593,IK03,IK02,ict,0.477,0.54,none,0,13.4,0
E-000467,IK-01-00217,IK-02-00594,IK01,IK02,electricity,0.811,0.0,none,0,16.0,0
E-000468,IK-03-00793,IK-02-00594,IK03,IK02,ict,0.192,1.06,partial,0,14.5,0
E-000469,IK-03-00763,IK-02-00594,IK03,IK02,ict,0.192,0.5,partial,0,4.4,0
E-000470,IK-01-00065,IK-02-00595,IK01,IK02,electricity,0.426,0.0,partial,0,5.9,0
E-000471,IK-01-00067,IK-02-00595,IK01,IK02,electricity,0.426,0.0,partial,0,2.9,0
E-000472,IK-03-00741,IK-02-00595,IK03,IK02,ict,0.497,0.56,none,0,5.7,0
E-000473,IK-01-00059,IK-02-00596,IK01,IK02,electricity,0.897,0.0,none,0,11.4,0
E-000474,IK-03-00738,IK-02-00596,IK03,IK02,ict,0.218,0.92,partial,0,8.1,0
E-000475,IK-03-00689,IK-02-00596,IK03,IK02,ict,0.218,0.66,partial,0,11.2,0
E-000476,IK-01-00073,IK-02-00597,IK01,IK02,electricity,0.965,0.0,none,0,10.4,1
E-000477,IK-03-00689,IK-02-00597,IK03,IK02,ict,0.441,0.78,none,0,5.0,1
E-000478,IK-01-00110,IK-02-00598,IK01,IK02,electricity,0.95,0.0,none,0,1.8,0
E-000479,IK-03-00738,IK-02-00598,IK03,IK02,ict,0.409,0.56,none,0,3.1,0
E-000480,IK-01-00215,IK-02-00599,IK01,IK02,electricity,0.482,0.0,partial,0,12.1,1
E-000481,IK-01-00130,IK-02-00599,IK01,IK02,electricity,0.482,0.0,partial,0,4.9,0
E-000482,IK-03-00744,IK-02-00599,IK03,IK02,ict,0.197,1.05,partial,0,5.4,1
E-000483,IK-03-00734,IK-02-00599,IK03,IK02,ict,0.197,0.76,partial,0,8.9,1
E-000484,IK-01-00156,IK-02-00600,IK01,IK02,electricity,0.864,0.0,none,0,5.3,0
E-000485,IK-03-00806,IK-02-00600,IK03,IK02,ict,0.225,0.66,partial,0,5.1,0
E-000486,IK-03-00711,IK-02-00600,IK03,IK02,ict,0.225,0.79,partial,0,7.9,0
E-000487,IK-01-00057,IK-02-00601,IK01,IK02,electricity,0.982,0.0,none,0,6.2,1
E-000488,IK-03-00815,IK-02-00601,IK03,IK02,ict,0.475,0.57,none,0,7.9,0
E-000489,IK-01-00234,IK-02-00602,IK01,IK02,electricity,0.985,0.0,none,0,12.1,0
E-000490,IK-03-00697,IK-02-00602,IK03,IK02,ict,0.499,0.88,none,0,12.9,0
E-000491,IK-01-00079,IK-02-00603,IK01,IK02,electricity,0.914,0.0,none,0,21.2,1
E-000492,IK-03-00801,IK-02-00603,IK03,IK02,ict,0.437,0.58,none,0,12.2,0
E-000493,IK-01-00203,IK-02-00604,IK01,IK02,electricity,0.47,0.0,partial,0,12.1,0
E-000494,IK-01-00192,IK-02-00604,IK01,IK02,electricity,0.47,0.0,partial,0,3.7,1
E-000495,IK-03-00693,IK-02-00604,IK03,IK02,ict,0.421,0.79,none,0,15.7,0
E-000496,IK-01-00218,IK-02-00605,IK01,IK02,electricity,1.0,0.0,none,0,11.7,0
E-000497,IK-03-00750,IK-02-00605,IK03,IK02,ict,0.24,0.93,partial,0,5.0,1
E-000498,IK-03-00742,IK-02-00605,IK03,IK02,ict,0.24,0.89,partial,0,13.1,0
E-000499,IK-01-00112,IK-02-00606,IK01,IK02,electricity,0.48,0.0,partial,0,12.7,0
E-000500,IK-01-00233,IK-02-00606,IK01,IK02,electricity,0.48,0.0,partial,0,5.7,1
E-000501,IK-03-00703,IK-02-00606,IK03,IK02,ict,0.196,0.54,partial,0,11.9,1
E-000502,IK-03-00796,IK-02-00606,IK03,IK02,ict,0.196,0.75,partial,0,2.9,0
E-000503,IK-01-00175,IK-02-00607,IK01,IK02,electricity,0.516,0.0,partial,0,12.5,0
E-000504,IK-01-00206,IK-02-00607,IK01,IK02,electricity,0.516,0.0,partial,0,1.0,0
E-000505,IK-03-00686,IK-02-00607,IK03,IK02,ict,0.25,1.07,partial,0,3.2,1
E-000506,IK-03-00801,IK-02-00607,IK03,IK02,ict,0.25,0.54,partial,0,11.2,0
E-000507,IK-01-00071,IK-02-00608,IK01,IK02,electricity,0.482,0.0,partial,0,1.0,1
E-000508,IK-01-00168,IK-02-00608,IK01,IK02,electricity,0.482,0.0,partial,0,1.0,0
E-000509,IK-03-00830,IK-02-00608,IK03,IK02,ict,0.222,0.55,partial,0,11.6,1
E-000510,IK-03-00804,IK-02-00608,IK03,IK02,ict,0.222,0.98,partial,0,3.7,0
E-000511,IK-01-00066,IK-02-00609,IK01,IK02,electricity,0.993,0.0,none,0,13.4,0
E-000512,IK-03-00786,IK-02-00609,IK03,IK02,ict,0.47,0.92,none,0,8.5,1
E-000513,IK-01-00204,IK-02-00610,IK01,IK02,electricity,0.408,0.0,partial,0,9.4,0
E-000514,IK-01-00132,IK-02-00610,IK01,IK02,electricity,0.408,0.0,partial,0,7.7,1
E-000515,IK-03-00784,IK-02-00610,IK03,IK02,ict,0.394,0.63,none,0,11.1,0
E-000516,IK-01-00060,IK-02-00611,IK01,IK02,electricity,0.413,0.0,partial,0,9.4,0
E-000517,IK-01-00167,IK-02-00611,IK01,IK02,electricity,0.413,0.0,partial,0,2.5,0
E-000518,IK-03-00768,IK-02-00611,IK03,IK02,ict,0.485,0.62,none,0,5.9,1
E-000519,IK-01-00041,IK-02-00612,IK01,IK02,electricity,0.445,0.0,partial,0,8.7,0
E-000520,IK-01-00127,IK-02-00612,IK01,IK02,electricity,0.445,0.0,partial,0,4.9,0
E-000521,IK-03-00705,IK-02-00612,IK03,IK02,ict,0.234,0.84,partial,0,9.9,1
E-000522,IK-03-00683,IK-02-00612,IK03,IK02,ict,0.234,1.02,partial,0,3.0,1
E-000523,IK-01-00116,IK-02-00613,IK01,IK02,electricity,0.871,0.0,none,0,1.3,0
E-000524,IK-03-00696,IK-02-00613,IK03,IK02,ict,0.498,0.85,none,0,8.7,0
E-000525,IK-01-00186,IK-02-00614,IK01,IK02,electricity,0.438,0.0,partial,0,9.0,0
E-000526,IK-01-00236,IK-02-00614,IK01,IK02,electricity,0.438,0.0,partial,0,6.9,1
E-000527,IK-03-00799,IK-02-00614,IK03,IK02,ict,0.462,0.72,none,0,5.3,0
E-000528,IK-01-00213,IK-02-00615,IK01,IK02,electricity,0.907,0.0,none,0,12.3,0
E-000529,IK-03-00739,IK-02-00615,IK03,IK02,ict,0.243,0.62,partial,0,13.5,0
E-000530,IK-03-00708,IK-02-00615,IK03,IK02,ict,0.243,0.89,partial,0,9.4,0
E-000531,IK-01-00060,IK-02-00616,IK01,IK02,electricity,0.412,0.0,partial,0,9.6,1
E-000532,IK-01-00167,IK-02-00616,IK01,IK02,electricity,0.412,0.0,partial,0,11.1,0
E-000533,IK-03-00768,IK-02-00616,IK03,IK02,ict,0.469,0.65,none,0,7.7,0
E-000534,IK-01-00219,IK-02-00617,IK01,IK02,electricity,1.0,0.0,none,0,4.3,0
E-000535,IK-03-00684,IK-02-00617,IK03,IK02,ict,0.426,0.69,none,0,6.1,0
E-000536,IK-01-00237,IK-02-00618,IK01,IK02,electricity,0.436,0.0,partial,0,8.2,0
E-000537,IK-01-00161,IK-02-00618,IK01,IK02,electricity,0.436,0.0,partial,0,6.5,0
E-000538,IK-03-00710,IK-02-00618,IK03,IK02,ict,0.223,0.87,partial,0,14.5,0
E-000539,IK-03-00733,IK-02-00618,IK03,IK02,ict,0.223,0.88,partial,0,11.5,0
E-000540,IK-01-00159,IK-02-00619,IK01,IK02,electricity,1.0,0.0,none,0,7.1,0
E-000541,IK-03-00795,IK-02-00619,IK03,IK02,ict,0.462,0.5,none,0,1.3,0
E-000542,IK-01-00122,IK-02-00620,IK01,IK02,electricity,0.812,0.0,none,0,6.9,1
E-000543,IK-03-00716,IK-02-00620,IK03,IK02,ict,0.396,0.86,none,0,12.0,0
E-000544,IK-01-00069,IK-02-00621,IK01,IK02,electricity,0.505,0.0,partial,0,5.2,1
E-000545,IK-01-00121,IK-02-00621,IK01,IK02,electricity,0.505,0.0,partial,0,9.3,0
E-000546,IK-03-00745,IK-02-00621,IK03,IK02,ict,0.212,0.77,partial,0,9.6,0
E-000547,IK-03-00749,IK-02-00621,IK03,IK02,ict,0.212,1.07,partial,0,2.9,1
E-000548,IK-01-00191,IK-02-00622,IK01,IK02,electricity,0.856,0.0,none,0,9.3,0
E-000549,IK-03-00715,IK-02-00622,IK03,IK02,ict,0.437,0.56,none,0,1.0,1
E-000550,IK-01-00132,IK-02-00623,IK01,IK02,electricity,0.451,0.0,partial,0,17.9,1
E-000551,IK-01-00151,IK-02-00623,IK01,IK02,electricity,0.451,0.0,partial,0,5.7,0
E-000552,IK-03-00737,IK-02-00623,IK03,IK02,ict,0.414,0.77,none,0,18.9,0
E-000553,IK-01-00048,IK-02-00624,IK01,IK02,electricity,0.934,0.0,none,0,12.3,0
E-000554,IK-03-00775,IK-02-00624,IK03,IK02,ict,0.196,1.06,partial,0,5.0,0
E-000555,IK-03-00746,IK-02-00624,IK03,IK02,ict,0.196,0.9,partial,0,11.0,0
E-000556,IK-01-00094,IK-02-00625,IK01,IK02,electricity,0.897,0.0,none,0,4.6,0
E-000557,IK-03-00781,IK-02-00625,IK03,IK02,ict,0.49,0.62,none,0,10.0,1
E-000558,IK-01-00110,IK-02-00626,IK01,IK02,electricity,0.472,0.0,partial,0,5.1,1
E-000559,IK-01-00113,IK-02-00626,IK01,IK02,electricity,0.472,0.0,partial,0,11.8,0
E-000560,IK-03-00689,IK-02-00626,IK03,IK02,ict,0.234,0.7,partial,0,8.2,0
E-000561,IK-03-00738,IK-02-00626,IK03,IK02,ict,0.234,0.58,partial,0,3.9,0
E-000562,IK-01-00194,IK-02-00627,IK01,IK02,electricity,0.968,0.0,none,0,4.9,0
E-000563,IK-03-00686,IK-02-00627,IK03,IK02,ict,0.396,0.58,none,0,5.0,0
E-000564,IK-01-00180,IK-02-00628,IK01,IK02,electricity,1.0,0.0,none,0,6.3,1
E-000565,IK-03-00817,IK-02-00628,IK03,IK02,ict,0.484,0.82,none,0,1.0,1
E-000566,IK-01-00174,IK-02-00629,IK01,IK02,electricity,0.913,0.0,none,0,9.4,0
E-000567,IK-03-00708,IK-02-00629,IK03,IK02,ict,0.197,0.55,partial,0,6.1,0
E-000568,IK-03-00784,IK-02-00629,IK03,IK02,ict,0.197,0.8,partial,0,8.0,1
E-000569,IK-01-00198,IK-02-00630,IK01,IK02,electricity,0.987,0.0,none,0,7.4,1
E-000570,IK-03-00785,IK-02-00630,IK03,IK02,ict,0.443,0.96,none,0,1.0,0
E-000571,IK-01-00221,IK-02-00631,IK01,IK02,electricity,1.0,0.0,none,0,8.5,1
E-000572,IK-03-00698,IK-02-00631,IK03,IK02,ict,0.412,0.83,none,0,4.0,0
E-000573,IK-01-00117,IK-02-00632,IK01,IK02,electricity,1.0,0.0,none,0,12.8,0
E-000574,IK-03-00683,IK-02-00632,IK03,IK02,ict,0.47,0.65,none,0,6.6,0
E-000575,IK-01-00155,IK-02-00633,IK01,IK02,electricity,0.44,0.0,partial,0,14.9,0
E-000576,IK-01-00057,IK-02-00633,IK01,IK02,electricity,0.44,0.0,partial,0,1.0,1
E-000577,IK-03-00797,IK-02-00633,IK03,IK02,ict,0.394,0.74,none,0,8.0,0
E-000578,IK-01-00055,IK-02-00634,IK01,IK02,electricity,0.99,0.0,none,0,13.0,1
E-000579,IK-03-00757,IK-02-00634,IK03,IK02,ict,0.396,1.08,none,0,10.3,1
E-000580,IK-01-00119,IK-02-00635,IK01,IK02,electricity,0.992,0.0,none,0,5.6,0
E-000581,IK-03-00749,IK-02-00635,IK03,IK02,ict,0.408,0.97,none,0,12.2,1
E-000582,IK-01-00106,IK-02-00636,IK01,IK02,electricity,0.482,0.0,partial,0,1.1,1
E-000583,IK-01-00178,IK-02-00636,IK01,IK02,electricity,0.482,0.0,partial,0,5.5,1
E-000584,IK-03-00741,IK-02-00636,IK03,IK02,ict,0.489,0.6,none,0,7.9,1
E-000585,IK-01-00063,IK-02-00637,IK01,IK02,electricity,0.948,0.0,none,0,10.4,0
E-000586,IK-03-00778,IK-02-00637,IK03,IK02,ict,0.2,0.53,partial,0,6.9,0
E-000587,IK-03-00805,IK-02-00637,IK03,IK02,ict,0.2,0.96,partial,0,8.9,0
E-000588,IK-01-00232,IK-02-00638,IK01,IK02,electricity,0.532,0.0,partial,0,1.4,1
E-000589,IK-01-00096,IK-02-00638,IK01,IK02,electricity,0.532,0.0,partial,0,12.7,0
E-000590,IK-03-00803,IK-02-00638,IK03,IK02,ict,0.473,0.59,none,0,18.1,0
E-000591,IK-01-00079,IK-02-00639,IK01,IK02,electricity,0.916,0.0,none,0,2.9,1
E-000592,IK-03-00685,IK-02-00639,IK03,IK02,ict,0.384,0.76,none,0,6.1,0
E-000593,IK-01-00158,IK-02-00640,IK01,IK02,electricity,0.849,0.0,none,0,9.7,0
E-000594,IK-03-00743,IK-02-00640,IK03,IK02,ict,0.414,0.74,none,0,8.1,1
E-000595,IK-01-00056,IK-02-00641,IK01,IK02,electricity,0.863,0.0,none,0,11.8,0
E-000596,IK-03-00708,IK-02-00641,IK03,IK02,ict,0.196,0.79,partial,0,7.3,0
E-000597,IK-03-00784,IK-02-00641,IK03,IK02,ict,0.196,0.92,partial,0,6.8,0
E-000598,IK-01-00203,IK-02-00642,IK01,IK02,electricity,0.517,0.0,partial,0,4.3,0
E-000599,IK-01-00235,IK-02-00642,IK01,IK02,electricity,0.517,0.0,partial,0,7.7,1
E-000600,IK-03-00754,IK-02-00642,IK03,IK02,ict,0.207,0.55,partial,0,14.0,0
E-000601,IK-03-00769,IK-02-00642,IK03,IK02,ict,0.207,0.5,partial,0,1.0,1
E-000602,IK-01-00069,IK-02-00643,IK01,IK02,electricity,1.0,0.0,none,0,9.9,0
E-000603,IK-03-00745,IK-02-00643,IK03,IK02,ict,0.48,1.03,none,0,13.1,1
E-000604,IK-01-00060,IK-02-00644,IK01,IK02,electricity,1.0,0.0,none,0,9.6,0
E-000605,IK-03-00768,IK-02-00644,IK03,IK02,ict,0.442,0.87,none,0,6.3,0
E-000606,IK-01-00227,IK-02-00645,IK01,IK02,electricity,0.404,0.0,partial,0,7.6,1
E-000607,IK-01-00149,IK-02-00645,IK01,IK02,electricity,0.404,0.0,partial,0,4.8,1
E-000608,IK-03-00755,IK-02-00645,IK03,IK02,ict,0.415,0.5,none,0,6.4,0
E-000609,IK-01-00094,IK-02-00646,IK01,IK02,electricity,0.967,0.0,none,0,11.1,1
E-000610,IK-03-00778,IK-02-00646,IK03,IK02,ict,0.239,0.86,partial,0,4.9,0
E-000611,IK-03-00805,IK-02-00646,IK03,IK02,ict,0.239,0.65,partial,0,5.5,0
E-000612,IK-01-00101,IK-02-00647,IK01,IK02,electricity,0.937,0.0,none,0,11.5,1
E-000613,IK-03-00782,IK-02-00647,IK03,IK02,ict,0.211,0.62,partial,0,11.0,1
E-000614,IK-03-00794,IK-02-00647,IK03,IK02,ict,0.211,1.09,partial,0,13.8,0
E-000615,IK-01-00110,IK-02-00648,IK01,IK02,electricity,0.857,0.0,none,0,7.3,1
E-000616,IK-03-00738,IK-02-00648,IK03,IK02,ict,0.204,1.0,partial,0,1.0,0
E-000617,IK-03-00689,IK-02-00648,IK03,IK02,ict,0.204,0.8,partial,0,6.8,0
E-000618,IK-01-00064,IK-02-00649,IK01,IK02,electricity,0.89,0.0,none,0,1.0,0
E-000619,IK-03-00775,IK-02-00649,IK03,IK02,ict,0.479,0.74,none,0,10.1,1
E-000620,IK-01-00112,IK-02-00650,IK01,IK02,electricity,1.0,0.0,none,0,12.7,0
E-000621,IK-03-00703,IK-02-00650,IK03,IK02,ict,0.408,0.87,none,0,7.3,1
E-000622,IK-01-00235,IK-02-00651,IK01,IK02,electricity,0.407,0.0,partial,0,8.4,0
E-000623,IK-01-00192,IK-02-00651,IK01,IK02,electricity,0.407,0.0,partial,0,11.2,0
E-000624,IK-03-00802,IK-02-00651,IK03,IK02,ict,0.406,1.0,none,0,1.6,0
E-000625,IK-01-00224,IK-02-00652,IK01,IK02,electricity,0.47,0.0,partial,0,4.8,0
E-000626,IK-01-00213,IK-02-00652,IK01,IK02,electricity,0.47,0.0,partial,0,2.0,0
E-000627,IK-03-00748,IK-02-00652,IK03,IK02,ict,0.202,0.98,partial,0,4.9,0
E-000628,IK-03-00765,IK-02-00652,IK03,IK02,ict,0.202,0.79,partial,0,9.4,0
E-000629,IK-01-00057,IK-02-00653,IK01,IK02,electricity,0.978,0.0,none,0,9.5,0
E-000630,IK-03-00815,IK-02-00653,IK03,IK02,ict,0.419,0.61,none,0,5.7,0
E-000631,IK-01-00236,IK-02-00654,IK01,IK02,electricity,1.0,0.0,none,0,4.2,0
E-000632,IK-03-00799,IK-02-00654,IK03,IK02,ict,0.423,0.51,none,0,6.6,0
E-000633,IK-01-00125,IK-02-00655,IK01,IK02,electricity,0.515,0.0,partial,0,8.5,1
E-000634,IK-01-00076,IK-02-00655,IK01,IK02,electricity,0.515,0.0,partial,0,7.1,0
E-000635,IK-03-00801,IK-02-00655,IK03,IK02,ict,0.205,0.83,partial,0,5.4,0
E-000636,IK-03-00685,IK-02-00655,IK03,IK02,ict,0.205,0.91,partial,0,11.9,0
E-000637,IK-01-00188,IK-02-00656,IK01,IK02,electricity,0.851,0.0,none,0,6.0,0
E-000638,IK-03-00684,IK-02-00656,IK03,IK02,ict,0.216,0.64,partial,0,3.8,0
E-000639,IK-03-00780,IK-02-00656,IK03,IK02,ict,0.216,0.64,partial,0,13.3,0
E-000640,IK-01-00151,IK-02-00657,IK01,IK02,electricity,0.977,0.0,none,0,12.3,0
E-000641,IK-03-00773,IK-02-00657,IK03,IK02,ict,0.411,0.58,none,0,3.9,0
E-000642,IK-01-00106,IK-02-00658,IK01,IK02,electricity,0.428,0.0,partial,0,2.4,0
E-000643,IK-01-00180,IK-02-00658,IK01,IK02,electricity,0.428,0.0,partial,0,1.0,1
E-000644,IK-03-00741,IK-02-00658,IK03,IK02,ict,0.425,0.95,none,0,1.0,0
E-000645,IK-01-00060,IK-02-00659,IK01,IK02,electricity,0.978,0.0,none,0,1.0,1
E-000646,IK-03-00772,IK-02-00659,IK03,IK02,ict,0.242,0.83,partial,0,8.5,0
E-000647,IK-03-00768,IK-02-00659,IK03,IK02,ict,0.242,1.09,partial,0,8.5,0
E-000648,IK-01-00043,IK-02-00660,IK01,IK02,electricity,0.47,0.0,partial,0,6.6,1
E-000649,IK-01-00213,IK-02-00660,IK01,IK02,electricity,0.47,0.0,partial,0,7.0,0
E-000650,IK-03-00819,IK-02-00660,IK03,IK02,ict,0.25,0.71,partial,0,7.9,0
E-000651,IK-03-00739,IK-02-00660,IK03,IK02,ict,0.25,0.64,partial,0,10.6,1
E-000652,IK-01-00050,IK-02-00661,IK01,IK02,electricity,0.864,0.0,none,0,7.1,0
E-000653,IK-03-00820,IK-02-00661,IK03,IK02,ict,0.214,0.93,partial,0,15.6,1
E-000654,IK-03-00783,IK-02-00661,IK03,IK02,ict,0.214,1.1,partial,0,9.2,0
E-000655,IK-01-00156,IK-02-00662,IK01,IK02,electricity,0.945,0.0,none,0,12.4,0
E-000656,IK-03-00790,IK-02-00662,IK03,IK02,ict,0.225,1.0,partial,0,9.8,0
E-000657,IK-03-00711,IK-02-00662,IK03,IK02,ict,0.225,0.7,partial,0,10.6,1
E-000658,IK-01-00044,IK-02-00663,IK01,IK02,electricity,0.97,0.0,none,0,8.5,1
E-000659,IK-03-00814,IK-02-00663,IK03,IK02,ict,0.24,0.57,partial,0,12.4,0
E-000660,IK-03-00702,IK-02-00663,IK03,IK02,ict,0.24,1.06,partial,0,2.7,0
E-000661,IK-01-00092,IK-02-00664,IK01,IK02,electricity,0.876,0.0,none,0,6.6,1
E-000662,IK-03-00809,IK-02-00664,IK03,IK02,ict,0.428,0.98,none,0,7.8,0
E-000663,IK-01-00096,IK-02-00665,IK01,IK02,electricity,0.532,0.0,partial,0,5.8,0
E-000664,IK-01-00102,IK-02-00665,IK01,IK02,electricity,0.532,0.0,partial,0,7.8,1
E-000665,IK-03-00736,IK-02-00665,IK03,IK02,ict,0.229,0.57,partial,0,3.4,0
E-000666,IK-03-00722,IK-02-00665,IK03,IK02,ict,0.229,0.77,partial,0,8.3,1
E-000667,IK-01-00043,IK-02-00666,IK01,IK02,electricity,1.0,0.0,none,0,12.6,0
E-000668,IK-03-00819,IK-02-00666,IK03,IK02,ict,0.443,1.02,none,0,12.6,1
E-000669,IK-01-00214,IK-02-00667,IK01,IK02,electricity,0.975,0.0,none,0,3.3,0
E-000670,IK-03-00682,IK-02-00667,IK03,IK02,ict,0.425,0.86,none,0,9.8,0
E-000671,IK-01-00136,IK-02-00668,IK01,IK02,electricity,0.414,0.0,partial,0,2.6,0
E-000672,IK-01-00048,IK-02-00668,IK01,IK02,electricity,0.414,0.0,partial,0,8.6,0
E-000673,IK-03-00775,IK-02-00668,IK03,IK02,ict,0.502,0.7,none,0,6.6,0
E-000674,IK-01-00215,IK-02-00669,IK01,IK02,electricity,1.0,0.0,none,0,7.3,0
E-000675,IK-03-00779,IK-02-00669,IK03,IK02,ict,0.2,0.73,partial,0,4.0,0
E-000676,IK-03-00724,IK-02-00669,IK03,IK02,ict,0.2,0.91,partial,0,9.8,0
E-000677,IK-01-00049,IK-02-00670,IK01,IK02,electricity,1.0,0.0,none,0,6.3,0
E-000678,IK-03-00796,IK-02-00670,IK03,IK02,ict,0.2,0.85,partial,0,9.2,1
E-000679,IK-03-00764,IK-02-00670,IK03,IK02,ict,0.2,0.92,partial,0,6.0,0
E-000680,IK-01-00088,IK-02-00671,IK01,IK02,electricity,0.96,0.0,none,0,12.3,0
E-000681,IK-03-00765,IK-02-00671,IK03,IK02,ict,0.426,0.99,none,0,4.2,1
E-000682,IK-01-00195,IK-02-00672,IK01,IK02,electricity,1.0,0.0,none,0,8.6,0
E-000683,IK-03-00767,IK-02-00672,IK03,IK02,ict,0.483,0.62,none,0,7.0,0
E-000684,IK-01-00078,IK-02-00673,IK01,IK02,electricity,0.415,0.0,partial,0,16.7,0
E-000685,IK-01-00071,IK-02-00673,IK01,IK02,electricity,0.415,0.0,partial,0,11.8,0
E-000686,IK-03-00727,IK-02-00673,IK03,IK02,ict,0.393,0.74,none,0,11.0,0
E-000687,IK-01-00160,IK-02-00674,IK01,IK02,electricity,0.817,0.0,none,0,8.8,0
E-000688,IK-03-00758,IK-02-00674,IK03,IK02,ict,0.242,0.74,partial,0,10.2,0
E-000689,IK-03-00828,IK-02-00674,IK03,IK02,ict,0.242,0.65,partial,0,7.5,0
E-000690,IK-01-00064,IK-02-00675,IK01,IK02,electricity,0.962,0.0,none,0,4.3,1
E-000691,IK-03-00775,IK-02-00675,IK03,IK02,ict,0.243,0.67,partial,0,15.7,1
E-000692,IK-03-00733,IK-02-00675,IK03,IK02,ict,0.243,1.03,partial,0,14.3,1
E-000693,IK-01-00097,IK-02-00676,IK01,IK02,electricity,1.0,0.0,none,0,9.6,0
E-000694,IK-03-00732,IK-02-00676,IK03,IK02,ict,0.249,0.83,partial,0,11.9,0
E-000695,IK-03-00809,IK-02-00676,IK03,IK02,ict,0.249,0.7,partial,0,12.5,1
E-000696,IK-01-00232,IK-02-00677,IK01,IK02,electricity,0.907,0.0,none,0,2.4,0
E-000697,IK-03-00803,IK-02-00677,IK03,IK02,ict,0.478,0.52,none,0,8.5,1
E-000698,IK-01-00129,IK-02-00678,IK01,IK02,electricity,1.0,0.0,none,0,12.3,1
E-000699,IK-03-00702,IK-02-00678,IK03,IK02,ict,0.439,0.73,none,0,11.2,0
E-000700,IK-01-00213,IK-02-00679,IK01,IK02,electricity,0.839,0.0,none,0,4.4,0
E-000701,IK-03-00748,IK-02-00679,IK03,IK02,ict,0.22,0.5,partial,0,7.1,1
E-000702,IK-03-00819,IK-02-00679,IK03,IK02,ict,0.22,0.92,partial,0,14.0,1
E-000703,IK-01-00044,IK-02-00680,IK01,IK02,electricity,0.825,0.0,none,0,5.1,0
E-000704,IK-03-00814,IK-02-00680,IK03,IK02,ict,0.477,0.69,none,0,14.4,0
E-000705,IK-01-00200,IK-03-00681,IK01,IK03,electricity,0.312,0.0,full,0,11.6,0
E-000706,IK-01-00115,IK-03-00681,IK01,IK03,electricity,0.312,0.0,full,0,3.7,1
E-000707,IK-02-00425,IK-03-00681,IK02,IK03,telecom,0.311,0.53,partial,0,1.0,0
E-000708,IK-02-00429,IK-03-00681,IK02,IK03,telecom,0.311,0.75,partial,0,7.8,1
E-000709,IK-01-00214,IK-03-00682,IK01,IK03,electricity,0.534,0.0,none,0,9.8,1
E-000710,IK-02-00471,IK-03-00682,IK02,IK03,telecom,0.328,0.21,full,0,10.7,1
E-000711,IK-02-00446,IK-03-00682,IK02,IK03,telecom,0.328,0.69,full,0,8.9,0
E-000712,IK-01-00117,IK-03-00683,IK01,IK03,electricity,0.573,0.0,none,0,5.8,0
E-000713,IK-02-00477,IK-03-00683,IK02,IK03,telecom,0.383,0.74,full,0,1.0,0
E-000714,IK-02-00423,IK-03-00683,IK02,IK03,telecom,0.383,0.54,full,0,5.6,1
E-000715,IK-01-00083,IK-03-00684,IK01,IK03,electricity,0.272,0.0,full,0,9.5,0
E-000716,IK-01-00072,IK-03-00684,IK01,IK03,electricity,0.272,0.0,full,0,13.6,0
E-000717,IK-02-00448,IK-03-00684,IK02,IK03,telecom,0.708,0.33,none,0,10.0,0
E-000718,IK-01-00146,IK-03-00685,IK01,IK03,electricity,0.268,0.0,partial,0,5.6,0
E-000719,IK-01-00046,IK-03-00685,IK01,IK03,electricity,0.268,0.0,partial,0,8.8,0
E-000720,IK-02-00460,IK-03-00685,IK02,IK03,telecom,0.598,0.78,none,1,7.5,0
E-000721,IK-01-00194,IK-03-00686,IK01,IK03,electricity,0.651,0.0,none,0,5.4,0
E-000722,IK-02-00452,IK-03-00686,IK02,IK03,telecom,0.348,0.66,partial,1,6.6,1
E-000723,IK-02-00448,IK-03-00686,IK02,IK03,telecom,0.348,0.7,partial,1,9.0,0
E-000724,IK-01-00227,IK-03-00687,IK01,IK03,electricity,0.537,0.0,none,0,13.8,1
E-000725,IK-02-00457,IK-03-00687,IK02,IK03,telecom,0.621,0.42,none,0,3.0,0
E-000726,IK-01-00192,IK-03-00688,IK01,IK03,electricity,0.323,0.0,partial,0,5.3,0
E-000727,IK-01-00203,IK-03-00688,IK01,IK03,electricity,0.323,0.0,partial,0,7.5,0
E-000728,IK-02-00453,IK-03-00688,IK02,IK03,telecom,0.748,0.64,none,0,10.6,0
E-000729,IK-01-00073,IK-03-00689,IK01,IK03,electricity,0.263,0.0,full,0,3.0,0
E-000730,IK-01-00113,IK-03-00689,IK01,IK03,electricity,0.263,0.0,full,0,1.0,0
E-000731,IK-02-00480,IK-03-00689,IK02,IK03,telecom,0.603,0.28,none,0,7.1,1
E-000732,IK-01-00109,IK-03-00690,IK01,IK03,electricity,0.313,0.0,full,0,13.9,1
E-000733,IK-01-00114,IK-03-00690,IK01,IK03,electricity,0.313,0.0,full,0,10.2,0
E-000734,IK-02-00426,IK-03-00690,IK02,IK03,telecom,0.735,0.68,none,0,1.7,0
E-000735,IK-01-00173,IK-03-00691,IK01,IK03,electricity,0.265,0.0,partial,0,4.7,0
E-000736,IK-01-00172,IK-03-00691,IK01,IK03,electricity,0.265,0.0,partial,0,3.8,1
E-000737,IK-02-00425,IK-03-00691,IK02,IK03,telecom,0.305,0.45,full,0,11.2,0
E-000738,IK-02-00429,IK-03-00691,IK02,IK03,telecom,0.305,0.47,full,0,8.5,0
E-000739,IK-01-00205,IK-03-00692,IK01,IK03,electricity,0.327,0.0,full,0,6.8,0
E-000740,IK-01-00148,IK-03-00692,IK01,IK03,electricity,0.327,0.0,full,0,9.3,0
E-000741,IK-02-00439,IK-03-00692,IK02,IK03,telecom,0.712,0.44,none,0,12.5,0
E-000742,IK-01-00203,IK-03-00693,IK01,IK03,electricity,0.275,0.0,partial,0,9.7,1
E-000743,IK-01-00235,IK-03-00693,IK01,IK03,electricity,0.275,0.0,partial,0,9.8,0
E-000744,IK-02-00453,IK-03-00693,IK02,IK03,telecom,0.389,0.29,full,0,7.7,0
E-000745,IK-02-00476,IK-03-00693,IK02,IK03,telecom,0.389,0.68,full,0,2.7,0
E-000746,IK-01-00089,IK-03-00694,IK01,IK03,electricity,0.264,0.0,full,0,7.2,0
E-000747,IK-01-00149,IK-03-00694,IK01,IK03,electricity,0.264,0.0,full,0,6.5,1
E-000748,IK-02-00441,IK-03-00694,IK02,IK03,telecom,0.712,0.31,none,0,5.8,0
E-000749,IK-01-00119,IK-03-00695,IK01,IK03,electricity,0.531,0.0,none,0,1.8,0
E-000750,IK-02-00465,IK-03-00695,IK02,IK03,telecom,0.349,0.41,full,0,4.4,0
E-000751,IK-02-00472,IK-03-00695,IK02,IK03,telecom,0.349,0.48,full,0,5.0,1
E-000752,IK-01-00239,IK-03-00696,IK01,IK03,electricity,0.275,0.0,partial,0,7.4,0
E-000753,IK-01-00116,IK-03-00696,IK01,IK03,electricity,0.275,0.0,partial,0,9.5,0
E-000754,IK-02-00467,IK-03-00696,IK02,IK03,telecom,0.762,0.59,none,0,11.2,1
E-000755,IK-01-00062,IK-03-00697,IK01,IK03,electricity,0.331,0.0,full,0,5.8,1
E-000756,IK-01-00234,IK-03-00697,IK01,IK03,electricity,0.331,0.0,full,0,14.8,1
E-000757,IK-02-00470,IK-03-00697,IK02,IK03,telecom,0.377,0.36,full,0,8.8,0
E-000758,IK-02-00452,IK-03-00697,IK02,IK03,telecom,0.377,0.38,full,0,13.1,0
E-000759,IK-01-00199,IK-03-00698,IK01,IK03,electricity,0.583,0.0,none,0,14.3,0
E-000760,IK-02-00427,IK-03-00698,IK02,IK03,telecom,0.298,0.49,partial,0,11.9,0
E-000761,IK-02-00467,IK-03-00698,IK02,IK03,telecom,0.298,0.49,partial,0,9.0,0
E-000762,IK-01-00069,IK-03-00699,IK01,IK03,electricity,0.265,0.0,full,0,6.5,0
E-000763,IK-01-00202,IK-03-00699,IK01,IK03,electricity,0.265,0.0,full,0,11.9,0
E-000764,IK-02-00476,IK-03-00699,IK02,IK03,telecom,0.358,0.23,full,0,7.8,1
E-000765,IK-02-00453,IK-03-00699,IK02,IK03,telecom,0.358,0.3,full,0,6.8,0
E-000766,IK-01-00179,IK-03-00700,IK01,IK03,electricity,0.278,0.0,full,0,6.4,0
E-000767,IK-01-00099,IK-03-00700,IK01,IK03,electricity,0.278,0.0,full,0,8.7,1
E-000768,IK-02-00453,IK-03-00700,IK02,IK03,telecom,0.32,0.76,full,0,7.6,0
E-000769,IK-02-00445,IK-03-00700,IK02,IK03,telecom,0.32,0.71,full,0,9.6,1
E-000770,IK-01-00102,IK-03-00701,IK01,IK03,electricity,0.645,0.0,none,0,9.6,1
E-000771,IK-02-00434,IK-03-00701,IK02,IK03,telecom,0.314,0.51,full,0,3.4,0
E-000772,IK-02-00447,IK-03-00701,IK02,IK03,telecom,0.314,0.56,full,0,1.0,0
E-000773,IK-01-00044,IK-03-00702,IK01,IK03,electricity,0.321,0.0,partial,0,11.3,0
E-000774,IK-01-00086,IK-03-00702,IK01,IK03,electricity,0.321,0.0,partial,0,11.7,0
E-000775,IK-02-00459,IK-03-00702,IK02,IK03,telecom,0.338,0.46,partial,0,6.1,0
E-000776,IK-02-00437,IK-03-00702,IK02,IK03,telecom,0.338,0.41,partial,0,12.1,0
E-000777,IK-01-00112,IK-03-00703,IK01,IK03,electricity,0.266,0.0,partial,0,5.6,1
E-000778,IK-01-00233,IK-03-00703,IK01,IK03,electricity,0.266,0.0,partial,0,8.3,0
E-000779,IK-02-00463,IK-03-00703,IK02,IK03,telecom,0.702,0.33,none,0,7.9,0
E-000780,IK-01-00162,IK-03-00704,IK01,IK03,electricity,0.324,0.0,partial,0,13.8,0
E-000781,IK-01-00190,IK-03-00704,IK01,IK03,electricity,0.324,0.0,partial,0,5.5,1
E-000782,IK-02-00424,IK-03-00704,IK02,IK03,telecom,0.366,0.44,partial,0,12.8,1
E-000783,IK-02-00453,IK-03-00704,IK02,IK03,telecom,0.366,0.63,partial,0,14.7,0
E-000784,IK-01-00127,IK-03-00705,IK01,IK03,electricity,0.283,0.0,partial,0,4.9,0
E-000785,IK-01-00041,IK-03-00705,IK01,IK03,electricity,0.283,0.0,partial,0,1.0,0
E-000786,IK-02-00477,IK-03-00705,IK02,IK03,telecom,0.681,0.57,none,0,4.9,0
E-000787,IK-01-00103,IK-03-00706,IK01,IK03,electricity,0.309,0.0,partial,0,10.3,1
E-000788,IK-01-00041,IK-03-00706,IK01,IK03,electricity,0.309,0.0,partial,0,5.5,1
E-000789,IK-02-00477,IK-03-00706,IK02,IK03,telecom,0.343,0.41,partial,0,3.9,0
E-000790,IK-02-00423,IK-03-00706,IK02,IK03,telecom,0.343,0.33,partial,0,7.8,0
E-000791,IK-01-00054,IK-03-00707,IK01,IK03,electricity,0.331,0.0,full,0,1.8,1
E-000792,IK-01-00189,IK-03-00707,IK01,IK03,electricity,0.331,0.0,full,0,7.9,0
E-000793,IK-02-00452,IK-03-00707,IK02,IK03,telecom,0.363,0.54,full,0,7.4,1
E-000794,IK-02-00470,IK-03-00707,IK02,IK03,telecom,0.363,0.6,full,0,7.3,1
E-000795,IK-01-00174,IK-03-00708,IK01,IK03,electricity,0.267,0.0,partial,0,4.9,1
E-000796,IK-01-00056,IK-03-00708,IK01,IK03,electricity,0.267,0.0,partial,0,9.9,1
E-000797,IK-02-00446,IK-03-00708,IK02,IK03,telecom,0.327,0.62,partial,0,5.1,1
E-000798,IK-02-00449,IK-03-00708,IK02,IK03,telecom,0.327,0.38,partial,0,5.6,0
E-000799,IK-01-00092,IK-03-00709,IK01,IK03,electricity,0.311,0.0,partial,0,8.6,0
E-000800,IK-01-00158,IK-03-00709,IK01,IK03,electricity,0.311,0.0,partial,0,6.1,0
E-000801,IK-02-00441,IK-03-00709,IK02,IK03,telecom,0.332,0.55,partial,0,6.6,1
E-000802,IK-02-00468,IK-03-00709,IK02,IK03,telecom,0.332,0.78,partial,0,6.6,0
E-000803,IK-01-00157,IK-03-00710,IK01,IK03,electricity,0.326,0.0,partial,0,8.3,0
E-000804,IK-01-00161,IK-03-00710,IK01,IK03,electricity,0.326,0.0,partial,0,1.7,0
E-000805,IK-02-00466,IK-03-00710,IK02,IK03,telecom,0.734,0.4,none,0,13.0,0
E-000806,IK-01-00156,IK-03-00711,IK01,IK03,electricity,0.276,0.0,full,0,15.2,0
E-000807,IK-01-00087,IK-03-00711,IK01,IK03,electricity,0.276,0.0,full,0,2.4,1
E-000808,IK-02-00438,IK-03-00711,IK02,IK03,telecom,0.362,0.71,full,0,10.4,1
E-000809,IK-02-00445,IK-03-00711,IK02,IK03,telecom,0.362,0.66,full,0,8.8,0
E-000810,IK-01-00078,IK-03-00712,IK01,IK03,electricity,0.596,0.0,none,0,10.2,1
E-000811,IK-02-00464,IK-03-00712,IK02,IK03,telecom,0.743,0.71,none,0,14.4,0
E-000812,IK-01-00222,IK-03-00713,IK01,IK03,electricity,0.33,0.0,partial,0,6.9,0
E-000813,IK-01-00053,IK-03-00713,IK01,IK03,electricity,0.33,0.0,partial,0,5.3,0
E-000814,IK-02-00475,IK-03-00713,IK02,IK03,telecom,0.391,0.6,partial,0,6.4,0
E-000815,IK-02-00459,IK-03-00713,IK02,IK03,telecom,0.391,0.23,partial,0,7.9,1
E-000816,IK-01-00215,IK-03-00714,IK01,IK03,electricity,0.314,0.0,full,0,16.1,0
E-000817,IK-01-00150,IK-03-00714,IK01,IK03,electricity,0.314,0.0,full,0,12.3,1
E-000818,IK-02-00470,IK-03-00714,IK02,IK03,telecom,0.307,0.59,partial,0,7.0,0
E-000819,IK-02-00461,IK-03-00714,IK02,IK03,telecom,0.307,0.47,partial,0,18.8,1
E-000820,IK-01-00181,IK-03-00715,IK01,IK03,electricity,0.274,0.0,partial,0,9.0,0
E-000821,IK-01-00226,IK-03-00715,IK01,IK03,electricity,0.274,0.0,partial,0,11.0,0
E-000822,IK-02-00440,IK-03-00715,IK02,IK03,telecom,0.372,0.27,partial,0,7.9,0
E-000823,IK-02-00442,IK-03-00715,IK02,IK03,telecom,0.372,0.35,partial,0,13.5,0
E-000824,IK-01-00222,IK-03-00716,IK01,IK03,electricity,0.327,0.0,partial,0,9.7,1
E-000825,IK-01-00122,IK-03-00716,IK01,IK03,electricity,0.327,0.0,partial,0,9.0,0
E-000826,IK-02-00475,IK-03-00716,IK02,IK03,telecom,0.31,0.61,partial,0,9.0,1
E-000827,IK-02-00459,IK-03-00716,IK02,IK03,telecom,0.31,0.64,partial,0,7.5,0
E-000828,IK-01-00156,IK-03-00717,IK01,IK03,electricity,0.542,0.0,none,0,12.7,0
E-000829,IK-02-00438,IK-03-00717,IK02,IK03,telecom,0.388,0.59,partial,0,10.5,0
E-000830,IK-02-00445,IK-03-00717,IK02,IK03,telecom,0.388,0.62,partial,0,6.2,1
E-000831,IK-01-00205,IK-03-00718,IK01,IK03,electricity,0.554,0.0,none,0,12.4,0
E-000832,IK-02-00439,IK-03-00718,IK02,IK03,telecom,0.355,0.26,full,0,8.6,0
E-000833,IK-02-00478,IK-03-00718,IK02,IK03,telecom,0.355,0.64,full,0,10.8,0
E-000834,IK-01-00163,IK-03-00719,IK01,IK03,electricity,0.276,0.0,partial,0,6.1,1
E-000835,IK-01-00148,IK-03-00719,IK01,IK03,electricity,0.276,0.0,partial,0,15.8,1
E-000836,IK-02-00443,IK-03-00719,IK02,IK03,telecom,0.349,0.74,full,0,10.2,1
E-000837,IK-02-00438,IK-03-00719,IK02,IK03,telecom,0.349,0.24,full,0,11.3,0
E-000838,IK-01-00158,IK-03-00720,IK01,IK03,electricity,0.645,0.0,none,0,12.9,0
E-000839,IK-02-00457,IK-03-00720,IK02,IK03,telecom,0.717,0.41,none,0,14.2,0
E-000840,IK-01-00103,IK-03-00721,IK01,IK03,electricity,0.256,0.0,partial,0,3.7,0
E-000841,IK-01-00041,IK-03-00721,IK01,IK03,electricity,0.256,0.0,partial,0,6.8,0
E-000842,IK-02-00477,IK-03-00721,IK02,IK03,telecom,0.325,0.42,partial,0,5.4,1
E-000843,IK-02-00423,IK-03-00721,IK02,IK03,telecom,0.325,0.62,partial,0,6.8,1
E-000844,IK-01-00096,IK-03-00722,IK01,IK03,electricity,0.291,0.0,full,0,7.3,0
E-000845,IK-01-00232,IK-03-00722,IK01,IK03,electricity,0.291,0.0,full,0,7.9,0
E-000846,IK-02-00434,IK-03-00722,IK02,IK03,telecom,0.597,0.49,none,0,6.8,0
E-000847,IK-01-00093,IK-03-00723,IK01,IK03,electricity,0.295,0.0,partial,0,1.8,0
E-000848,IK-01-00158,IK-03-00723,IK01,IK03,electricity,0.295,0.0,partial,0,8.8,1
E-000849,IK-02-00457,IK-03-00723,IK02,IK03,telecom,0.381,0.39,partial,0,6.7,0
E-000850,IK-02-00468,IK-03-00723,IK02,IK03,telecom,0.381,0.72,partial,0,7.6,1
E-000851,IK-01-00062,IK-03-00724,IK01,IK03,electricity,0.262,0.0,full,0,1.0,0
E-000852,IK-01-00215,IK-03-00724,IK01,IK03,electricity,0.262,0.0,full,0,1.7,0
E-000853,IK-02-00470,IK-03-00724,IK02,IK03,telecom,0.742,0.54,none,0,10.8,1
E-000854,IK-01-00109,IK-03-00725,IK01,IK03,electricity,0.335,0.0,partial,0,12.9,0
E-000855,IK-01-00231,IK-03-00725,IK01,IK03,electricity,0.335,0.0,partial,0,7.3,1
E-000856,IK-02-00473,IK-03-00725,IK02,IK03,telecom,0.657,0.52,none,0,13.2,0
E-000857,IK-01-00193,IK-03-00726,IK01,IK03,electricity,0.268,0.0,partial,0,6.6,0
E-000858,IK-01-00049,IK-03-00726,IK01,IK03,electricity,0.268,0.0,partial,0,8.4,1
E-000859,IK-02-00479,IK-03-00726,IK02,IK03,telecom,0.643,0.37,none,0,6.6,0
E-000860,IK-01-00078,IK-03-00727,IK01,IK03,electricity,0.316,0.0,partial,0,6.5,0
E-000861,IK-01-00238,IK-03-00727,IK01,IK03,electricity,0.316,0.0,partial,0,1.0,0
E-000862,IK-02-00464,IK-03-00727,IK02,IK03,telecom,0.314,0.48,partial,0,6.8,0
E-000863,IK-02-00472,IK-03-00727,IK02,IK03,telecom,0.314,0.44,partial,0,10.6,0
E-000864,IK-01-00191,IK-03-00728,IK01,IK03,electricity,0.276,0.0,full,0,5.6,0
E-000865,IK-01-00181,IK-03-00728,IK01,IK03,electricity,0.276,0.0,full,0,12.0,0
E-000866,IK-02-00440,IK-03-00728,IK02,IK03,telecom,0.329,0.74,partial,0,1.0,0
E-000867,IK-02-00442,IK-03-00728,IK02,IK03,telecom,0.329,0.62,partial,0,6.7,0
E-000868,IK-01-00096,IK-03-00729,IK01,IK03,electricity,0.262,0.0,partial,0,9.1,0
E-000869,IK-01-00232,IK-03-00729,IK01,IK03,electricity,0.262,0.0,partial,0,6.7,1
E-000870,IK-02-00447,IK-03-00729,IK02,IK03,telecom,0.358,0.54,partial,0,10.2,0
E-000871,IK-02-00434,IK-03-00729,IK02,IK03,telecom,0.358,0.35,partial,0,2.7,0
E-000872,IK-01-00144,IK-03-00730,IK01,IK03,electricity,0.319,0.0,full,0,13.1,1
E-000873,IK-01-00228,IK-03-00730,IK01,IK03,electricity,0.319,0.0,full,0,4.4,0
E-000874,IK-02-00428,IK-03-00730,IK02,IK03,telecom,0.646,0.29,none,0,6.6,0
E-000875,IK-01-00084,IK-03-00731,IK01,IK03,electricity,0.312,0.0,partial,0,4.5,0
E-000876,IK-01-00166,IK-03-00731,IK01,IK03,electricity,0.312,0.0,partial,0,9.7,0
E-000877,IK-02-00423,IK-03-00731,IK02,IK03,telecom,0.364,0.53,partial,0,10.8,1
E-000878,IK-02-00477,IK-03-00731,IK02,IK03,telecom,0.364,0.61,partial,0,15.9,0
E-000879,IK-01-00089,IK-03-00732,IK01,IK03,electricity,0.303,0.0,partial,0,11.8,0
E-000880,IK-01-00097,IK-03-00732,IK01,IK03,electricity,0.303,0.0,partial,0,6.4,0
E-000881,IK-02-00441,IK-03-00732,IK02,IK03,telecom,0.362,0.53,partial,0,5.6,0
E-000882,IK-02-00468,IK-03-00732,IK02,IK03,telecom,0.362,0.51,partial,0,8.4,0
E-000883,IK-01-00228,IK-03-00733,IK01,IK03,electricity,0.313,0.0,partial,0,13.6,0
E-000884,IK-01-00144,IK-03-00733,IK01,IK03,electricity,0.313,0.0,partial,0,6.7,0
E-000885,IK-02-00428,IK-03-00733,IK02,IK03,telecom,0.735,0.48,none,0,8.5,0
E-000886,IK-01-00215,IK-03-00734,IK01,IK03,electricity,0.288,0.0,full,0,8.9,1
E-000887,IK-01-00234,IK-03-00734,IK01,IK03,electricity,0.288,0.0,full,0,13.7,0
E-000888,IK-02-00470,IK-03-00734,IK02,IK03,telecom,0.338,0.44,full,0,8.6,0
E-000889,IK-02-00461,IK-03-00734,IK02,IK03,telecom,0.338,0.77,full,0,2.2,1
E-000890,IK-01-00120,IK-03-00735,IK01,IK03,electricity,0.331,0.0,partial,0,9.7,0
E-000891,IK-01-00168,IK-03-00735,IK01,IK03,electricity,0.331,0.0,partial,0,4.6,1
E-000892,IK-02-00472,IK-03-00735,IK02,IK03,telecom,0.35,0.68,partial,0,13.8,0
E-000893,IK-02-00465,IK-03-00735,IK02,IK03,telecom,0.35,0.41,partial,0,8.9,0
E-000894,IK-01-00096,IK-03-00736,IK01,IK03,electricity,0.27,0.0,partial,0,8.0,0
E-000895,IK-01-00232,IK-03-00736,IK01,IK03,electricity,0.27,0.0,partial,0,6.0,0
E-000896,IK-02-00434,IK-03-00736,IK02,IK03,telecom,0.748,0.32,none,0,4.2,0
E-000897,IK-01-00070,IK-03-00737,IK01,IK03,electricity,0.512,0.0,none,0,1.2,0
E-000898,IK-02-00467,IK-03-00737,IK02,IK03,telecom,0.304,0.56,partial,0,10.5,0
E-000899,IK-02-00427,IK-03-00737,IK02,IK03,telecom,0.304,0.55,partial,0,5.6,1
E-000900,IK-01-00113,IK-03-00738,IK01,IK03,electricity,0.65,0.0,none,0,6.5,1
E-000901,IK-02-00480,IK-03-00738,IK02,IK03,telecom,0.75,0.71,none,0,7.5,0
E-000902,IK-01-00213,IK-03-00739,IK01,IK03,electricity,0.312,0.0,partial,0,6.2,1
E-000903,IK-01-00043,IK-03-00739,IK01,IK03,electricity,0.312,0.0,partial,0,8.0,1
E-000904,IK-02-00446,IK-03-00739,IK02,IK03,telecom,0.616,0.44,none,0,1.3,0
E-000905,IK-01-00218,IK-03-00740,IK01,IK03,electricity,0.335,0.0,full,0,7.0,0
E-000906,IK-01-00047,IK-03-00740,IK01,IK03,electricity,0.335,0.0,full,0,9.9,1
E-000907,IK-02-00439,IK-03-00740,IK02,IK03,telecom,0.753,0.79,none,0,9.9,1
E-000908,IK-01-00106,IK-03-00741,IK01,IK03,electricity,0.649,0.0,none,0,5.9,1
E-000909,IK-02-00431,IK-03-00741,IK02,IK03,telecom,0.684,0.42,none,1,8.0,1
E-000910,IK-01-00218,IK-03-00742,IK01,IK03,electricity,0.268,0.0,partial,0,7.6,1
E-000911,IK-01-00047,IK-03-00742,IK01,IK03,electricity,0.268,0.0,partial,0,7.4,0
E-000912,IK-02-00439,IK-03-00742,IK02,IK03,telecom,0.608,0.61,none,0,10.4,0
E-000913,IK-01-00158,IK-03-00743,IK01,IK03,electricity,0.331,0.0,partial,0,11.8,0
E-000914,IK-01-00092,IK-03-00743,IK01,IK03,electricity,0.331,0.0,partial,0,11.8,1
E-000915,IK-02-00457,IK-03-00743,IK02,IK03,telecom,0.672,0.62,none,0,10.9,1
E-000916,IK-01-00215,IK-03-00744,IK01,IK03,electricity,0.325,0.0,partial,0,10.2,0
E-000917,IK-01-00150,IK-03-00744,IK01,IK03,electricity,0.325,0.0,partial,0,4.6,0
E-000918,IK-02-00470,IK-03-00744,IK02,IK03,telecom,0.342,0.78,partial,0,5.7,0
E-000919,IK-02-00461,IK-03-00744,IK02,IK03,telecom,0.342,0.38,partial,0,8.5,1
E-000920,IK-01-00121,IK-03-00745,IK01,IK03,electricity,0.304,0.0,partial,0,7.1,0
E-000921,IK-01-00069,IK-03-00745,IK01,IK03,electricity,0.304,0.0,partial,0,13.8,0
E-000922,IK-02-00472,IK-03-00745,IK02,IK03,telecom,0.363,0.38,partial,0,10.4,0
E-000923,IK-02-00465,IK-03-00745,IK02,IK03,telecom,0.363,0.63,partial,0,1.0,0
E-000924,IK-01-00144,IK-03-00746,IK01,IK03,electricity,0.309,0.0,full,0,10.9,1
E-000925,IK-01-00228,IK-03-00746,IK01,IK03,electricity,0.309,0.0,full,0,5.8,0
E-000926,IK-02-00428,IK-03-00746,IK02,IK03,telecom,0.687,0.34,none,0,4.9,0
E-000927,IK-01-00141,IK-03-00747,IK01,IK03,electricity,0.295,0.0,full,0,11.6,1
E-000928,IK-01-00095,IK-03-00747,IK01,IK03,electricity,0.295,0.0,full,0,18.1,0
E-000929,IK-02-00447,IK-03-00747,IK02,IK03,telecom,0.685,0.42,none,1,6.7,0
E-000930,IK-01-00224,IK-03-00748,IK01,IK03,electricity,0.63,0.0,none,0,14.1,0
E-000931,IK-02-00446,IK-03-00748,IK02,IK03,telecom,0.309,0.7,full,0,1.0,0
E-000932,IK-02-00449,IK-03-00748,IK02,IK03,telecom,0.309,0.54,full,0,1.0,0
E-000933,IK-01-00119,IK-03-00749,IK01,IK03,electricity,0.309,0.0,full,0,1.4,1
E-000934,IK-01-00091,IK-03-00749,IK01,IK03,electricity,0.309,0.0,full,0,12.5,1
E-000935,IK-02-00472,IK-03-00749,IK02,IK03,telecom,0.349,0.75,partial,0,8.9,0
E-000936,IK-02-00465,IK-03-00749,IK02,IK03,telecom,0.349,0.6,partial,0,11.8,1
E-000937,IK-01-00218,IK-03-00750,IK01,IK03,electricity,0.265,0.0,partial,0,8.6,1
E-000938,IK-01-00047,IK-03-00750,IK01,IK03,electricity,0.265,0.0,partial,0,5.9,0
E-000939,IK-02-00439,IK-03-00750,IK02,IK03,telecom,0.646,0.51,none,0,10.6,0
E-000940,IK-01-00127,IK-03-00751,IK01,IK03,electricity,0.561,0.0,none,0,6.0,1
E-000941,IK-02-00423,IK-03-00751,IK02,IK03,telecom,0.301,0.39,partial,0,4.7,1
E-000942,IK-02-00477,IK-03-00751,IK02,IK03,telecom,0.301,0.21,partial,0,8.5,0
E-000943,IK-01-00205,IK-03-00752,IK01,IK03,electricity,0.623,0.0,none,0,5.2,0
E-000944,IK-02-00439,IK-03-00752,IK02,IK03,telecom,0.338,0.47,partial,0,8.4,1
E-000945,IK-02-00438,IK-03-00752,IK02,IK03,telecom,0.338,0.39,partial,0,12.1,0
E-000946,IK-01-00073,IK-03-00753,IK01,IK03,electricity,0.327,0.0,partial,0,8.5,1
E-000947,IK-01-00113,IK-03-00753,IK01,IK03,electricity,0.327,0.0,partial,0,14.2,0
E-000948,IK-02-00480,IK-03-00753,IK02,IK03,telecom,0.604,0.53,none,0,13.2,0
E-000949,IK-01-00203,IK-03-00754,IK01,IK03,electricity,0.305,0.0,partial,0,4.0,0
E-000950,IK-01-00192,IK-03-00754,IK01,IK03,electricity,0.305,0.0,partial,0,10.1,0
E-000951,IK-02-00453,IK-03-00754,IK02,IK03,telecom,0.616,0.47,none,0,6.5,0
E-000952,IK-01-00149,IK-03-00755,IK01,IK03,electricity,0.272,0.0,full,0,9.8,0
E-000953,IK-01-00227,IK-03-00755,IK01,IK03,electricity,0.272,0.0,full,0,10.0,0
E-000954,IK-02-00457,IK-03-00755,IK02,IK03,telecom,0.298,0.4,full,0,6.0,1
E-000955,IK-02-00441,IK-03-00755,IK02,IK03,telecom,0.298,0.77,full,0,10.0,0
E-000956,IK-01-00115,IK-03-00756,IK01,IK03,electricity,0.553,0.0,none,0,10.7,1
E-000957,IK-02-00425,IK-03-00756,IK02,IK03,telecom,0.299,0.72,partial,0,10.3,0
E-000958,IK-02-00429,IK-03-00756,IK02,IK03,telecom,0.299,0.55,partial,0,3.5,1
E-000959,IK-01-00055,IK-03-00757,IK01,IK03,electricity,0.539,0.0,none,0,8.7,1
E-000960,IK-02-00442,IK-03-00757,IK02,IK03,telecom,0.316,0.63,partial,0,7.2,0
E-000961,IK-02-00440,IK-03-00757,IK02,IK03,telecom,0.316,0.66,partial,0,11.2,0
E-000962,IK-01-00160,IK-03-00758,IK01,IK03,electricity,0.529,0.0,none,0,12.2,0
E-000963,IK-02-00432,IK-03-00758,IK02,IK03,telecom,0.381,0.51,partial,0,8.0,0
E-000964,IK-02-00451,IK-03-00758,IK02,IK03,telecom,0.381,0.74,partial,0,5.1,0
E-000965,IK-01-00087,IK-03-00759,IK01,IK03,electricity,0.583,0.0,none,0,11.3,1
E-000966,IK-02-00443,IK-03-00759,IK02,IK03,telecom,0.714,0.69,none,0,6.6,0
E-000967,IK-01-00227,IK-03-00760,IK01,IK03,electricity,0.311,0.0,partial,0,1.1,0
E-000968,IK-01-00158,IK-03-00760,IK01,IK03,electricity,0.311,0.0,partial,0,1.0,1
E-000969,IK-02-00457,IK-03-00760,IK02,IK03,telecom,0.711,0.64,none,0,11.7,0
E-000970,IK-01-00239,IK-03-00761,IK01,IK03,electricity,0.604,0.0,none,0,14.1,0
E-000971,IK-02-00467,IK-03-00761,IK02,IK03,telecom,0.339,0.21,partial,0,8.6,1
E-000972,IK-02-00427,IK-03-00761,IK02,IK03,telecom,0.339,0.25,partial,0,9.0,0
E-000973,IK-01-00205,IK-03-00762,IK01,IK03,electricity,0.299,0.0,partial,0,2.2,0
E-000974,IK-01-00148,IK-03-00762,IK01,IK03,electricity,0.299,0.0,partial,0,10.1,0
E-000975,IK-02-00439,IK-03-00762,IK02,IK03,telecom,0.342,0.7,partial,0,1.0,1
E-000976,IK-02-00478,IK-03-00762,IK02,IK03,telecom,0.342,0.75,partial,0,9.8,0
E-000977,IK-01-00225,IK-03-00763,IK01,IK03,electricity,0.334,0.0,full,0,9.4,0
E-000978,IK-01-00140,IK-03-00763,IK01,IK03,electricity,0.334,0.0,full,0,8.5,0
E-000979,IK-02-00476,IK-03-00763,IK02,IK03,telecom,0.72,0.54,none,0,7.0,1
E-000980,IK-01-00193,IK-03-00764,IK01,IK03,electricity,0.321,0.0,partial,0,5.0,0
E-000981,IK-01-00049,IK-03-00764,IK01,IK03,electricity,0.321,0.0,partial,0,1.7,0
E-000982,IK-02-00479,IK-03-00764,IK02,IK03,telecom,0.781,0.23,none,0,7.6,0
E-000983,IK-01-00224,IK-03-00765,IK01,IK03,electricity,0.284,0.0,partial,0,11.6,0
E-000984,IK-01-00088,IK-03-00765,IK01,IK03,electricity,0.284,0.0,partial,0,19.9,0
E-000985,IK-02-00458,IK-03-00765,IK02,IK03,telecom,0.322,0.75,partial,0,9.3,0
E-000986,IK-02-00446,IK-03-00765,IK02,IK03,telecom,0.322,0.42,partial,0,15.6,0
E-000987,IK-01-00105,IK-03-00766,IK01,IK03,electricity,0.317,0.0,full,0,5.9,1
E-000988,IK-01-00191,IK-03-00766,IK01,IK03,electricity,0.317,0.0,full,0,5.0,0
E-000989,IK-02-00440,IK-03-00766,IK02,IK03,telecom,0.724,0.49,none,0,3.7,0
E-000990,IK-01-00068,IK-03-00767,IK01,IK03,electricity,0.285,0.0,partial,0,1.0,1
E-000991,IK-01-00124,IK-03-00767,IK01,IK03,electricity,0.285,0.0,partial,0,3.9,0
E-000992,IK-02-00474,IK-03-00767,IK02,IK03,telecom,0.748,0.24,none,0,1.0,0
E-000993,IK-01-00060,IK-03-00768,IK01,IK03,electricity,0.531,0.0,none,0,3.9,0
E-000994,IK-02-00421,IK-03-00768,IK02,IK03,telecom,0.606,0.72,none,0,9.9,0
E-000995,IK-01-00203,IK-03-00769,IK01,IK03,electricity,0.306,0.0,partial,0,10.3,0
E-000996,IK-01-00192,IK-03-00769,IK01,IK03,electricity,0.306,0.0,partial,0,6.6,1
E-000997,IK-02-00453,IK-03-00769,IK02,IK03,telecom,0.379,0.4,partial,0,12.2,0
E-000998,IK-02-00424,IK-03-00769,IK02,IK03,telecom,0.379,0.68,partial,0,5.4,1
E-000999,IK-01-00115,IK-03-00770,IK01,IK03,electricity,0.256,0.0,partial,0,7.8,1
E-001000,IK-01-00165,IK-03-00770,IK01,IK03,electricity,0.256,0.0,partial,0,6.1,0
E-001001,IK-02-00425,IK-03-00770,IK02,IK03,telecom,0.379,0.78,partial,0,11.3,0
E-001002,IK-02-00474,IK-03-00770,IK02,IK03,telecom,0.379,0.49,partial,0,3.4,0
E-001003,IK-01-00123,IK-03-00771,IK01,IK03,electricity,0.3,0.0,full,0,8.3,0
E-001004,IK-01-00183,IK-03-00771,IK01,IK03,electricity,0.3,0.0,full,0,10.8,1
E-001005,IK-02-00467,IK-03-00771,IK02,IK03,telecom,0.661,0.63,none,0,9.2,1
E-001006,IK-01-00060,IK-03-00772,IK01,IK03,electricity,0.659,0.0,none,0,1.9,1
E-001007,IK-02-00422,IK-03-00772,IK02,IK03,telecom,0.638,0.72,none,0,8.5,1
E-001008,IK-01-00213,IK-03-00773,IK01,IK03,electricity,0.281,0.0,partial,0,11.5,0
E-001009,IK-01-00134,IK-03-00773,IK01,IK03,electricity,0.281,0.0,partial,0,11.6,1
E-001010,IK-02-00446,IK-03-00773,IK02,IK03,telecom,0.356,0.56,partial,0,14.7,0
E-001011,IK-02-00449,IK-03-00773,IK02,IK03,telecom,0.356,0.58,partial,0,4.7,0
E-001012,IK-01-00138,IK-03-00774,IK01,IK03,electricity,0.265,0.0,partial,0,11.2,1
E-001013,IK-01-00146,IK-03-00774,IK01,IK03,electricity,0.265,0.0,partial,0,10.5,0
E-001014,IK-02-00422,IK-03-00774,IK02,IK03,telecom,0.705,0.63,none,1,7.9,0
E-001015,IK-01-00064,IK-03-00775,IK01,IK03,electricity,0.515,0.0,none,0,9.4,0
E-001016,IK-02-00428,IK-03-00775,IK02,IK03,telecom,0.327,0.53,partial,0,3.3,0
E-001017,IK-02-00430,IK-03-00775,IK02,IK03,telecom,0.327,0.41,partial,0,8.1,0
E-001018,IK-01-00184,IK-03-00776,IK01,IK03,electricity,0.305,0.0,partial,0,7.1,1
E-001019,IK-01-00061,IK-03-00776,IK01,IK03,electricity,0.305,0.0,partial,0,9.5,0
E-001020,IK-02-00451,IK-03-00776,IK02,IK03,telecom,0.607,0.77,none,1,10.2,0
E-001021,IK-01-00212,IK-03-00777,IK01,IK03,electricity,0.607,0.0,none,0,1.0,1
E-001022,IK-02-00442,IK-03-00777,IK02,IK03,telecom,0.365,0.48,partial,0,7.0,0
E-001023,IK-02-00440,IK-03-00777,IK02,IK03,telecom,0.365,0.24,partial,0,2.1,0
E-001024,IK-01-00173,IK-03-00778,IK01,IK03,electricity,0.292,0.0,partial,0,6.0,0
E-001025,IK-01-00172,IK-03-00778,IK01,IK03,electricity,0.292,0.0,partial,0,13.2,0
E-001026,IK-02-00425,IK-03-00778,IK02,IK03,telecom,0.354,0.29,partial,0,10.6,0
E-001027,IK-02-00429,IK-03-00778,IK02,IK03,telecom,0.354,0.63,partial,0,14.2,0
E-001028,IK-01-00215,IK-03-00779,IK01,IK03,electricity,0.599,0.0,none,0,11.6,1
E-001029,IK-02-00470,IK-03-00779,IK02,IK03,telecom,0.389,0.25,full,0,7.3,1
E-001030,IK-02-00461,IK-03-00779,IK02,IK03,telecom,0.389,0.67,full,0,9.1,0
E-001031,IK-01-00083,IK-03-00780,IK01,IK03,electricity,0.319,0.0,partial,0,6.4,0
E-001032,IK-01-00197,IK-03-00780,IK01,IK03,electricity,0.319,0.0,partial,0,14.8,0
E-001033,IK-02-00456,IK-03-00780,IK02,IK03,telecom,0.351,0.59,partial,1,2.6,0
E-001034,IK-02-00444,IK-03-00780,IK02,IK03,telecom,0.351,0.61,partial,1,8.8,0
E-001035,IK-01-00068,IK-03-00781,IK01,IK03,electricity,0.271,0.0,partial,0,7.1,0
E-001036,IK-01-00124,IK-03-00781,IK01,IK03,electricity,0.271,0.0,partial,0,9.6,0
E-001037,IK-02-00474,IK-03-00781,IK02,IK03,telecom,0.605,0.46,none,0,6.4,1
E-001038,IK-01-00101,IK-03-00782,IK01,IK03,electricity,0.557,0.0,none,0,6.5,1
E-001039,IK-02-00447,IK-03-00782,IK02,IK03,telecom,0.332,0.73,partial,1,13.7,0
E-001040,IK-02-00427,IK-03-00782,IK02,IK03,telecom,0.332,0.62,partial,1,11.1,0
E-001041,IK-01-00135,IK-03-00783,IK01,IK03,electricity,0.317,0.0,partial,0,10.2,0
E-001042,IK-01-00142,IK-03-00783,IK01,IK03,electricity,0.317,0.0,partial,0,2.5,1
E-001043,IK-02-00444,IK-03-00783,IK02,IK03,telecom,0.334,0.28,partial,0,14.0,1
E-001044,IK-02-00433,IK-03-00783,IK02,IK03,telecom,0.334,0.23,partial,0,5.7,0
E-001045,IK-01-00174,IK-03-00784,IK01,IK03,electricity,0.579,0.0,none,0,11.6,1
E-001046,IK-02-00471,IK-03-00784,IK02,IK03,telecom,0.771,0.34,none,0,7.1,1
E-001047,IK-01-00198,IK-03-00785,IK01,IK03,electricity,0.31,0.0,full,0,18.3,0
E-001048,IK-01-00071,IK-03-00785,IK01,IK03,electricity,0.31,0.0,full,0,8.5,1
E-001049,IK-02-00469,IK-03-00785,IK02,IK03,telecom,0.651,0.38,none,0,2.6,1
E-001050,IK-01-00066,IK-03-00786,IK01,IK03,electricity,0.309,0.0,partial,0,2.3,1
E-001051,IK-01-00080,IK-03-00786,IK01,IK03,electricity,0.309,0.0,partial,0,7.8,1
E-001052,IK-02-00452,IK-03-00786,IK02,IK03,telecom,0.375,0.23,partial,0,17.5,0
E-001053,IK-02-00461,IK-03-00786,IK02,IK03,telecom,0.375,0.7,partial,0,6.4,1
E-001054,IK-01-00212,IK-03-00787,IK01,IK03,electricity,0.299,0.0,partial,0,1.0,1
E-001055,IK-01-00226,IK-03-00787,IK01,IK03,electricity,0.299,0.0,partial,0,5.6,0
E-001056,IK-02-00442,IK-03-00787,IK02,IK03,telecom,0.373,0.31,partial,0,1.4,1
E-001057,IK-02-00440,IK-03-00787,IK02,IK03,telecom,0.373,0.76,partial,0,1.5,1
E-001058,IK-01-00211,IK-03-00788,IK01,IK03,electricity,0.278,0.0,full,0,2.2,1
E-001059,IK-01-00235,IK-03-00788,IK01,IK03,electricity,0.278,0.0,full,0,1.1,0
E-001060,IK-02-00424,IK-03-00788,IK02,IK03,telecom,0.303,0.71,partial,0,9.6,0
E-001061,IK-02-00443,IK-03-00788,IK02,IK03,telecom,0.303,0.68,partial,0,7.3,0
E-001062,IK-01-00123,IK-03-00789,IK01,IK03,electricity,0.53,0.0,none,0,6.6,0
E-001063,IK-02-00467,IK-03-00789,IK02,IK03,telecom,0.692,0.67,none,0,7.5,0
E-001064,IK-01-00156,IK-03-00790,IK01,IK03,electricity,0.283,0.0,partial,0,9.1,0
E-001065,IK-01-00087,IK-03-00790,IK01,IK03,electricity,0.283,0.0,partial,0,12.1,0
E-001066,IK-02-00438,IK-03-00790,IK02,IK03,telecom,0.646,0.55,none,0,12.2,0
E-001067,IK-01-00141,IK-03-00791,IK01,IK03,electricity,0.279,0.0,partial,0,8.6,0
E-001068,IK-01-00101,IK-03-00791,IK01,IK03,electricity,0.279,0.0,partial,0,1.0,1
E-001069,IK-02-00447,IK-03-00791,IK02,IK03,telecom,0.388,0.32,partial,1,13.4,0
E-001070,IK-02-00435,IK-03-00791,IK02,IK03,telecom,0.388,0.21,partial,0,7.7,1
E-001071,IK-01-00103,IK-03-00792,IK01,IK03,electricity,0.513,0.0,none,0,13.4,0
E-001072,IK-02-00477,IK-03-00792,IK02,IK03,telecom,0.369,0.27,partial,0,3.2,0
E-001073,IK-02-00423,IK-03-00792,IK02,IK03,telecom,0.369,0.75,partial,0,11.0,0
E-001074,IK-01-00170,IK-03-00793,IK01,IK03,electricity,0.326,0.0,partial,0,8.4,1
E-001075,IK-01-00217,IK-03-00793,IK01,IK03,electricity,0.326,0.0,partial,0,2.7,0
E-001076,IK-02-00476,IK-03-00793,IK02,IK03,telecom,0.321,0.51,partial,0,4.3,0
E-001077,IK-02-00455,IK-03-00793,IK02,IK03,telecom,0.321,0.77,partial,0,5.4,0
E-001078,IK-01-00141,IK-03-00794,IK01,IK03,electricity,0.323,0.0,full,0,9.8,1
E-001079,IK-01-00101,IK-03-00794,IK01,IK03,electricity,0.323,0.0,full,0,7.0,1
E-001080,IK-02-00447,IK-03-00794,IK02,IK03,telecom,0.686,0.35,none,1,12.7,1
E-001081,IK-01-00082,IK-03-00795,IK01,IK03,electricity,0.528,0.0,none,0,11.8,1
E-001082,IK-02-00472,IK-03-00795,IK02,IK03,telecom,0.357,0.41,partial,0,7.4,0
E-001083,IK-02-00465,IK-03-00795,IK02,IK03,telecom,0.357,0.36,partial,0,5.5,0
E-001084,IK-01-00143,IK-03-00796,IK01,IK03,electricity,0.303,0.0,partial,0,4.4,0
E-001085,IK-01-00233,IK-03-00796,IK01,IK03,electricity,0.303,0.0,partial,0,3.9,1
E-001086,IK-02-00462,IK-03-00796,IK02,IK03,telecom,0.361,0.2,partial,0,11.5,1
E-001087,IK-02-00469,IK-03-00796,IK02,IK03,telecom,0.361,0.75,partial,0,5.7,0
E-001088,IK-01-00137,IK-03-00797,IK01,IK03,electricity,0.607,0.0,none,0,10.4,1
E-001089,IK-02-00471,IK-03-00797,IK02,IK03,telecom,0.702,0.67,none,0,5.2,0
E-001090,IK-01-00098,IK-03-00798,IK01,IK03,electricity,0.285,0.0,full,0,13.6,1
E-001091,IK-01-00129,IK-03-00798,IK01,IK03,electricity,0.285,0.0,full,0,10.1,0
E-001092,IK-02-00459,IK-03-00798,IK02,IK03,telecom,0.768,0.46,none,0,9.0,0
E-001093,IK-01-00236,IK-03-00799,IK01,IK03,electricity,0.259,0.0,partial,0,13.9,1
E-001094,IK-01-00186,IK-03-00799,IK01,IK03,electricity,0.259,0.0,partial,0,13.4,0
E-001095,IK-02-00471,IK-03-00799,IK02,IK03,telecom,0.384,0.69,partial,0,3.6,0
E-001096,IK-02-00446,IK-03-00799,IK02,IK03,telecom,0.384,0.78,partial,0,5.8,0
E-001097,IK-01-00162,IK-03-00800,IK01,IK03,electricity,0.291,0.0,full,0,1.0,0
E-001098,IK-01-00042,IK-03-00800,IK01,IK03,electricity,0.291,0.0,full,0,8.7,0
E-001099,IK-02-00424,IK-03-00800,IK02,IK03,telecom,0.326,0.78,partial,0,7.5,1
E-001100,IK-02-00443,IK-03-00800,IK02,IK03,telecom,0.326,0.75,partial,0,5.6,0
E-001101,IK-01-00210,IK-03-00801,IK01,IK03,electricity,0.273,0.0,partial,0,10.0,0
E-001102,IK-01-00090,IK-03-00801,IK01,IK03,electricity,0.273,0.0,partial,0,11.7,0
E-001103,IK-02-00454,IK-03-00801,IK02,IK03,telecom,0.338,0.5,partial,0,12.8,0
E-001104,IK-02-00422,IK-03-00801,IK02,IK03,telecom,0.338,0.49,partial,1,12.9,0
E-001105,IK-01-00235,IK-03-00802,IK01,IK03,electricity,0.328,0.0,partial,0,4.8,0
E-001106,IK-01-00211,IK-03-00802,IK01,IK03,electricity,0.328,0.0,partial,0,10.1,0
E-001107,IK-02-00424,IK-03-00802,IK02,IK03,telecom,0.664,0.45,none,0,3.6,0
E-001108,IK-01-00096,IK-03-00803,IK01,IK03,electricity,0.306,0.0,partial,0,8.6,0
E-001109,IK-01-00232,IK-03-00803,IK01,IK03,electricity,0.306,0.0,partial,0,7.9,0
E-001110,IK-02-00447,IK-03-00803,IK02,IK03,telecom,0.613,0.72,none,0,7.3,0
E-001111,IK-01-00078,IK-03-00804,IK01,IK03,electricity,0.629,0.0,none,0,5.0,0
E-001112,IK-02-00464,IK-03-00804,IK02,IK03,telecom,0.363,0.42,partial,0,8.2,0
E-001113,IK-02-00472,IK-03-00804,IK02,IK03,telecom,0.363,0.74,partial,0,7.8,0
E-001114,IK-01-00173,IK-03-00805,IK01,IK03,electricity,0.319,0.0,partial,0,4.1,0
E-001115,IK-01-00172,IK-03-00805,IK01,IK03,electricity,0.319,0.0,partial,0,3.4,0
E-001116,IK-02-00425,IK-03-00805,IK02,IK03,telecom,0.383,0.35,partial,0,8.5,0
E-001117,IK-02-00429,IK-03-00805,IK02,IK03,telecom,0.383,0.25,partial,0,4.7,1
E-001118,IK-01-00205,IK-03-00806,IK01,IK03,electricity,0.285,0.0,partial,0,1.0,1
E-001119,IK-01-00156,IK-03-00806,IK01,IK03,electricity,0.285,0.0,partial,0,14.1,1
E-001120,IK-02-00438,IK-03-00806,IK02,IK03,telecom,0.377,0.33,partial,0,3.3,1
E-001121,IK-02-00439,IK-03-00806,IK02,IK03,telecom,0.377,0.5,partial,0,6.5,0
E-001122,IK-01-00193,IK-03-00807,IK01,IK03,electricity,0.517,0.0,none,0,5.2,0
E-001123,IK-02-00455,IK-03-00807,IK02,IK03,telecom,0.616,0.65,none,0,11.4,1
E-001124,IK-01-00232,IK-03-00808,IK01,IK03,electricity,0.331,0.0,partial,0,16.0,0
E-001125,IK-01-00182,IK-03-00808,IK01,IK03,electricity,0.331,0.0,partial,0,1.0,0
E-001126,IK-02-00447,IK-03-00808,IK02,IK03,telecom,0.699,0.76,none,0,9.3,0
E-001127,IK-01-00092,IK-03-00809,IK01,IK03,electricity,0.267,0.0,partial,0,8.6,1
E-001128,IK-01-00158,IK-03-00809,IK01,IK03,electricity,0.267,0.0,partial,0,8.1,0
E-001129,IK-02-00441,IK-03-00809,IK02,IK03,telecom,0.746,0.46,none,0,11.6,1
E-001130,IK-01-00120,IK-03-00810,IK01,IK03,electricity,0.263,0.0,full,0,5.7,0
E-001131,IK-01-00082,IK-03-00810,IK01,IK03,electricity,0.263,0.0,full,0,15.7,1
E-001132,IK-02-00472,IK-03-00810,IK02,IK03,telecom,0.381,0.47,full,0,8.2,1
E-001133,IK-02-00465,IK-03-00810,IK02,IK03,telecom,0.381,0.55,full,0,10.3,1
E-001134,IK-01-00239,IK-03-00811,IK01,IK03,electricity,0.257,0.0,partial,0,5.9,0
E-001135,IK-01-00116,IK-03-00811,IK01,IK03,electricity,0.257,0.0,partial,0,11.6,0
E-001136,IK-02-00467,IK-03-00811,IK02,IK03,telecom,0.372,0.73,partial,0,4.4,0
E-001137,IK-02-00427,IK-03-00811,IK02,IK03,telecom,0.372,0.69,partial,0,1.0,1
E-001138,IK-01-00067,IK-03-00812,IK01,IK03,electricity,0.324,0.0,full,0,7.8,0
E-001139,IK-01-00095,IK-03-00812,IK01,IK03,electricity,0.324,0.0,full,0,11.4,0
E-001140,IK-02-00470,IK-03-00812,IK02,IK03,telecom,0.598,0.34,none,1,9.7,0
E-001141,IK-01-00106,IK-03-00813,IK01,IK03,electricity,0.318,0.0,partial,0,12.6,0
E-001142,IK-01-00065,IK-03-00813,IK01,IK03,electricity,0.318,0.0,partial,0,9.9,1
E-001143,IK-02-00452,IK-03-00813,IK02,IK03,telecom,0.36,0.64,partial,1,11.3,0
E-001144,IK-02-00460,IK-03-00813,IK02,IK03,telecom,0.36,0.5,partial,1,10.2,0
E-001145,IK-01-00044,IK-03-00814,IK01,IK03,electricity,0.277,0.0,partial,0,2.1,1
E-001146,IK-01-00086,IK-03-00814,IK01,IK03,electricity,0.277,0.0,partial,0,7.6,0
E-001147,IK-02-00437,IK-03-00814,IK02,IK03,telecom,0.644,0.71,none,0,8.8,0
E-001148,IK-01-00214,IK-03-00815,IK01,IK03,electricity,0.56,0.0,none,0,6.3,1
E-001149,IK-02-00471,IK-03-00815,IK02,IK03,telecom,0.652,0.58,none,0,6.4,1
E-001150,IK-01-00235,IK-03-00816,IK01,IK03,electricity,0.316,0.0,partial,0,10.2,1
E-001151,IK-01-00211,IK-03-00816,IK01,IK03,electricity,0.316,0.0,partial,0,8.4,1
E-001152,IK-02-00424,IK-03-00816,IK02,IK03,telecom,0.349,0.44,partial,0,1.0,0
E-001153,IK-02-00453,IK-03-00816,IK02,IK03,telecom,0.349,0.24,partial,0,11.5,1
E-001154,IK-01-00178,IK-03-00817,IK01,IK03,electricity,0.576,0.0,none,0,11.2,0
E-001155,IK-02-00431,IK-03-00817,IK02,IK03,telecom,0.337,0.48,partial,1,12.9,1
E-001156,IK-02-00458,IK-03-00817,IK02,IK03,telecom,0.337,0.68,partial,1,6.5,0
E-001157,IK-01-00231,IK-03-00818,IK01,IK03,electricity,0.3,0.0,partial,0,13.8,1
E-001158,IK-01-00109,IK-03-00818,IK01,IK03,electricity,0.3,0.0,partial,0,10.5,0
E-001159,IK-02-00460,IK-03-00818,IK02,IK03,telecom,0.641,0.49,none,0,16.7,0
E-001160,IK-01-00043,IK-03-00819,IK01,IK03,electricity,0.263,0.0,partial,0,13.0,1
E-001161,IK-01-00213,IK-03-00819,IK01,IK03,electricity,0.263,0.0,partial,0,5.7,0
E-001162,IK-02-00449,IK-03-00819,IK02,IK03,telecom,0.701,0.21,none,0,11.6,1
E-001163,IK-01-00135,IK-03-00820,IK01,IK03,electricity,0.642,0.0,none,0,4.4,0
E-001164,IK-02-00444,IK-03-00820,IK02,IK03,telecom,0.33,0.62,partial,0,4.8,1
E-001165,IK-02-00456,IK-03-00820,IK02,IK03,telecom,0.33,0.73,partial,0,4.4,0
E-001166,IK-01-00232,IK-03-00821,IK01,IK03,electricity,0.262,0.0,full,0,12.0,1
E-001167,IK-01-00182,IK-03-00821,IK01,IK03,electricity,0.262,0.0,full,0,16.0,0
E-001168,IK-02-00434,IK-03-00821,IK02,IK03,telecom,0.352,0.43,partial,0,5.3,0
E-001169,IK-02-00447,IK-03-00821,IK02,IK03,telecom,0.352,0.55,partial,0,8.1,0
E-001170,IK-01-00218,IK-03-00822,IK01,IK03,electricity,0.612,0.0,none,0,13.6,0
E-001171,IK-02-00439,IK-03-00822,IK02,IK03,telecom,0.298,0.51,partial,0,12.9,0
E-001172,IK-02-00478,IK-03-00822,IK02,IK03,telecom,0.298,0.27,partial,0,6.3,1
E-001173,IK-01-00144,IK-03-00823,IK01,IK03,electricity,0.274,0.0,partial,0,7.9,1
E-001174,IK-01-00157,IK-03-00823,IK01,IK03,electricity,0.274,0.0,partial,0,14.8,0
E-001175,IK-02-00428,IK-03-00823,IK02,IK03,telecom,0.353,0.5,partial,0,16.1,0
E-001176,IK-02-00430,IK-03-00823,IK02,IK03,telecom,0.353,0.77,partial,0,10.2,0
E-001177,IK-01-00225,IK-03-00824,IK01,IK03,electricity,0.324,0.0,partial,0,8.4,1
E-001178,IK-01-00140,IK-03-00824,IK01,IK03,electricity,0.324,0.0,partial,0,8.5,0
E-001179,IK-02-00465,IK-03-00824,IK02,IK03,telecom,0.389,0.32,partial,0,8.7,1
E-001180,IK-02-00462,IK-03-00824,IK02,IK03,telecom,0.389,0.53,partial,0,1.2,0
E-001181,IK-01-00209,IK-03-00825,IK01,IK03,electricity,0.286,0.0,partial,0,8.8,1
E-001182,IK-01-00191,IK-03-00825,IK01,IK03,electricity,0.286,0.0,partial,0,10.7,0
E-001183,IK-02-00440,IK-03-00825,IK02,IK03,telecom,0.609,0.72,none,0,4.3,1
E-001184,IK-01-00093,IK-03-00826,IK01,IK03,electricity,0.335,0.0,partial,0,7.4,1
E-001185,IK-01-00158,IK-03-00826,IK01,IK03,electricity,0.335,0.0,partial,0,3.0,0
E-001186,IK-02-00468,IK-03-00826,IK02,IK03,telecom,0.603,0.4,none,0,13.6,0
E-001187,IK-01-00149,IK-03-00827,IK01,IK03,electricity,0.643,0.0,none,0,8.0,0
E-001188,IK-02-00457,IK-03-00827,IK02,IK03,telecom,0.368,0.62,partial,0,8.2,1
E-001189,IK-02-00441,IK-03-00827,IK02,IK03,telecom,0.368,0.69,partial,0,15.5,0
E-001190,IK-01-00142,IK-03-00828,IK01,IK03,electricity,0.311,0.0,partial,0,5.8,0
E-001191,IK-01-00135,IK-03-00828,IK01,IK03,electricity,0.311,0.0,partial,0,9.1,0
E-001192,IK-02-00444,IK-03-00828,IK02,IK03,telecom,0.686,0.37,none,0,8.1,0
E-001193,IK-01-00171,IK-03-00829,IK01,IK03,electricity,0.288,0.0,partial,0,8.6,1
E-001194,IK-01-00045,IK-03-00829,IK01,IK03,electricity,0.288,0.0,partial,0,13.0,0
E-001195,IK-02-00431,IK-03-00829,IK02,IK03,telecom,0.605,0.44,none,0,14.0,0
E-001196,IK-01-00168,IK-03-00830,IK01,IK03,electricity,0.634,0.0,none,0,9.7,0
E-001197,IK-02-00464,IK-03-00830,IK02,IK03,telecom,0.316,0.53,full,0,6.9,0
E-001198,IK-02-00472,IK-03-00830,IK02,IK03,telecom,0.316,0.43,full,0,15.3,0
E-001199,IK-01-00227,IK-04-00831,IK01,IK04,electricity,0.295,0.0,full,0,15.8,0
E-001200,IK-01-00158,IK-04-00831,IK01,IK04,electricity,0.295,0.0,full,0,1.1,0
E-001201,IK-02-00457,IK-04-00831,IK02,IK04,telecom,0.377,0.38,partial,0,9.8,1
E-001202,IK-02-00441,IK-04-00831,IK02,IK04,telecom,0.377,0.69,partial,0,9.6,1
E-001203,IK-03-00687,IK-04-00831,IK03,IK04,ict,0.62,0.59,none,0,13.0,0
E-001204,IK-01-00096,IK-04-00832,IK01,IK04,electricity,0.302,0.0,full,0,6.7,0
E-001205,IK-01-00232,IK-04-00832,IK01,IK04,electricity,0.302,0.0,full,0,9.8,0
E-001206,IK-02-00447,IK-04-00832,IK02,IK04,telecom,0.448,0.74,full,0,6.2,1
E-001207,IK-02-00434,IK-04-00832,IK02,IK04,telecom,0.448,0.42,full,0,9.7,0
E-001208,IK-03-00729,IK-04-00832,IK03,IK04,ict,0.288,0.51,partial,0,3.9,1
E-001209,IK-03-00808,IK-04-00832,IK03,IK04,ict,0.288,0.75,partial,0,5.3,0
E-001210,IK-01-00151,IK-04-00833,IK01,IK04,electricity,0.279,0.0,partial,0,12.2,0
E-001211,IK-01-00077,IK-04-00833,IK01,IK04,electricity,0.279,0.0,partial,0,9.6,1
E-001212,IK-02-00471,IK-04-00833,IK02,IK04,telecom,0.879,0.47,none,0,12.1,1
E-001213,IK-03-00773,IK-04-00833,IK03,IK04,ict,0.616,1.03,none,0,4.6,0
E-001214,IK-01-00063,IK-04-00834,IK01,IK04,electricity,0.26,0.0,full,0,6.4,0
E-001215,IK-01-00195,IK-04-00834,IK01,IK04,electricity,0.26,0.0,full,0,3.5,1
E-001216,IK-02-00474,IK-04-00834,IK02,IK04,telecom,0.859,0.52,none,0,1.0,1
E-001217,IK-03-00778,IK-04-00834,IK03,IK04,ict,0.56,0.62,none,0,10.7,0
E-001218,IK-01-00235,IK-04-00835,IK01,IK04,electricity,0.254,0.0,partial,0,10.6,0
E-001219,IK-01-00203,IK-04-00835,IK01,IK04,electricity,0.254,0.0,partial,0,11.1,0
E-001220,IK-02-00424,IK-04-00835,IK02,IK04,telecom,0.787,0.21,none,0,11.7,0
E-001221,IK-03-00769,IK-04-00835,IK03,IK04,ict,0.322,1.09,partial,0,3.2,0
E-001222,IK-03-00816,IK-04-00835,IK03,IK04,ict,0.322,0.98,partial,0,7.5,0
E-001223,IK-01-00228,IK-04-00836,IK01,IK04,electricity,0.235,0.0,partial,0,7.6,1
E-001224,IK-01-00064,IK-04-00836,IK01,IK04,electricity,0.235,0.0,partial,0,1.0,0
E-001225,IK-02-00430,IK-04-00836,IK02,IK04,telecom,0.464,0.24,full,0,12.4,0
E-001226,IK-02-00428,IK-04-00836,IK02,IK04,telecom,0.464,0.46,full,0,3.8,0
E-001227,IK-03-00775,IK-04-00836,IK03,IK04,ict,0.538,1.07,none,0,4.1,1
E-001228,IK-01-00170,IK-04-00837,IK01,IK04,electricity,0.26,0.0,partial,0,5.4,1
E-001229,IK-01-00140,IK-04-00837,IK01,IK04,electricity,0.26,0.0,partial,0,6.2,0
E-001230,IK-02-00476,IK-04-00837,IK02,IK04,telecom,0.393,0.55,partial,0,3.6,0
E-001231,IK-02-00455,IK-04-00837,IK02,IK04,telecom,0.393,0.72,partial,0,8.8,0
E-001232,IK-03-00793,IK-04-00837,IK03,IK04,ict,0.321,0.89,partial,0,7.8,1
E-001233,IK-03-00763,IK-04-00837,IK03,IK04,ict,0.321,0.67,partial,0,2.2,0
E-001234,IK-01-00091,IK-04-00838,IK01,IK04,electricity,0.281,0.0,partial,0,7.3,0
E-001235,IK-01-00119,IK-04-00838,IK01,IK04,electricity,0.281,0.0,partial,0,19.3,0
E-001236,IK-02-00472,IK-04-00838,IK02,IK04,telecom,0.786,0.79,none,0,8.8,0
E-001237,IK-03-00749,IK-04-00838,IK03,IK04,ict,0.514,0.8,none,0,6.0,0
E-001238,IK-01-00215,IK-04-00839,IK01,IK04,electricity,0.301,0.0,full,0,6.8,0
E-001239,IK-01-00234,IK-04-00839,IK01,IK04,electricity,0.301,0.0,full,0,9.9,0
E-001240,IK-02-00470,IK-04-00839,IK02,IK04,telecom,0.735,0.26,none,0,7.0,1
E-001241,IK-03-00744,IK-04-00839,IK03,IK04,ict,0.6,0.81,none,0,14.8,0
E-001242,IK-01-00049,IK-04-00840,IK01,IK04,electricity,0.269,0.0,partial,0,9.7,1
E-001243,IK-01-00193,IK-04-00840,IK01,IK04,electricity,0.269,0.0,partial,0,4.4,0
E-001244,IK-02-00479,IK-04-00840,IK02,IK04,telecom,0.377,0.63,full,0,9.0,0
E-001245,IK-02-00462,IK-04-00840,IK02,IK04,telecom,0.377,0.29,full,0,11.5,1
E-001246,IK-03-00764,IK-04-00840,IK03,IK04,ict,0.604,0.7,none,0,12.8,1
E-001247,IK-01-00059,IK-04-00841,IK01,IK04,electricity,0.549,0.0,none,0,1.7,0
E-001248,IK-02-00480,IK-04-00841,IK02,IK04,telecom,0.444,0.31,partial,0,7.2,0
E-001249,IK-02-00423,IK-04-00841,IK02,IK04,telecom,0.444,0.56,partial,1,11.3,0
E-001250,IK-03-00738,IK-04-00841,IK03,IK04,ict,0.293,0.64,full,0,3.5,0
E-001251,IK-03-00689,IK-04-00841,IK03,IK04,ict,0.293,0.5,full,0,11.6,0
E-001252,IK-01-00071,IK-04-00842,IK01,IK04,electricity,0.249,0.0,partial,0,3.7,0
E-001253,IK-01-00238,IK-04-00842,IK01,IK04,electricity,0.249,0.0,partial,0,3.9,0
E-001254,IK-02-00464,IK-04-00842,IK02,IK04,telecom,0.922,0.34,none,0,17.3,0
E-001255,IK-03-00830,IK-04-00842,IK03,IK04,ict,0.516,0.76,none,0,11.4,1
E-001256,IK-01-00202,IK-04-00843,IK01,IK04,electricity,0.239,0.0,partial,0,7.5,1
E-001257,IK-01-00069,IK-04-00843,IK01,IK04,electricity,0.239,0.0,partial,0,5.7,1
E-001258,IK-02-00476,IK-04-00843,IK02,IK04,telecom,0.445,0.42,partial,0,1.0,0
E-001259,IK-02-00465,IK-04-00843,IK02,IK04,telecom,0.445,0.74,partial,0,8.1,1
E-001260,IK-03-00699,IK-04-00843,IK03,IK04,ict,0.598,0.71,none,0,3.1,0
E-001261,IK-01-00148,IK-04-00844,IK01,IK04,electricity,0.552,0.0,none,0,10.6,0
E-001262,IK-02-00443,IK-04-00844,IK02,IK04,telecom,0.413,0.77,partial,0,14.1,0
E-001263,IK-02-00438,IK-04-00844,IK02,IK04,telecom,0.413,0.64,partial,0,11.0,1
E-001264,IK-03-00719,IK-04-00844,IK03,IK04,ict,0.584,0.62,none,0,4.7,0
E-001265,IK-01-00218,IK-04-00845,IK01,IK04,electricity,0.291,0.0,partial,0,7.8,1
E-001266,IK-01-00047,IK-04-00845,IK01,IK04,electricity,0.291,0.0,partial,0,1.6,0
E-001267,IK-02-00478,IK-04-00845,IK02,IK04,telecom,0.375,0.56,partial,0,1.0,1
E-001268,IK-02-00439,IK-04-00845,IK02,IK04,telecom,0.375,0.76,partial,0,6.7,0
E-001269,IK-03-00750,IK-04-00845,IK03,IK04,ict,0.283,0.72,partial,0,8.6,0
E-001270,IK-03-00740,IK-04-00845,IK03,IK04,ict,0.283,0.99,partial,0,10.4,0
E-001271,IK-01-00151,IK-04-00846,IK01,IK04,electricity,0.295,0.0,partial,0,1.0,0
E-001272,IK-01-00134,IK-04-00846,IK01,IK04,electricity,0.295,0.0,partial,0,13.8,0
E-001273,IK-02-00458,IK-04-00846,IK02,IK04,telecom,0.402,0.7,full,0,3.7,1
E-001274,IK-02-00471,IK-04-00846,IK02,IK04,telecom,0.402,0.79,full,0,8.5,0
E-001275,IK-03-00773,IK-04-00846,IK03,IK04,ict,0.33,0.94,partial,0,1.0,0
E-001276,IK-03-00765,IK-04-00846,IK03,IK04,ict,0.33,0.74,partial,0,7.2,0
E-001277,IK-01-00156,IK-04-00847,IK01,IK04,electricity,0.529,0.0,none,0,9.5,0
E-001278,IK-02-00438,IK-04-00847,IK02,IK04,telecom,0.755,0.65,none,0,8.3,0
E-001279,IK-03-00806,IK-04-00847,IK03,IK04,ict,0.511,0.96,none,0,9.6,0
E-001280,IK-01-00227,IK-04-00848,IK01,IK04,electricity,0.604,0.0,none,0,8.4,0
E-001281,IK-02-00457,IK-04-00848,IK02,IK04,telecom,0.911,0.39,none,0,1.0,1
E-001282,IK-03-00755,IK-04-00848,IK03,IK04,ict,0.656,0.67,none,0,13.6,1
E-001283,IK-01-00168,IK-04-00849,IK01,IK04,electricity,0.237,0.0,partial,0,5.1,1
E-001284,IK-01-00238,IK-04-00849,IK01,IK04,electricity,0.237,0.0,partial,0,9.0,0
E-001285,IK-02-00472,IK-04-00849,IK02,IK04,telecom,0.424,0.77,partial,0,4.9,1
E-001286,IK-02-00464,IK-04-00849,IK02,IK04,telecom,0.424,0.32,partial,0,8.8,1
E-001287,IK-03-00830,IK-04-00849,IK03,IK04,ict,0.548,1.0,none,0,7.8,0
E-001288,IK-01-00102,IK-04-00850,IK01,IK04,electricity,0.481,0.0,none,0,12.5,0
E-001289,IK-02-00434,IK-04-00850,IK02,IK04,telecom,0.741,0.75,none,0,8.3,1
E-001290,IK-03-00701,IK-04-00850,IK03,IK04,ict,0.313,0.66,partial,0,8.5,0
E-001291,IK-03-00821,IK-04-00850,IK03,IK04,ict,0.313,0.67,partial,0,7.8,0
E-001292,IK-01-00109,IK-04-00851,IK01,IK04,electricity,0.302,0.0,partial,0,13.8,1
E-001293,IK-01-00114,IK-04-00851,IK01,IK04,electricity,0.302,0.0,partial,0,2.6,0
E-001294,IK-02-00426,IK-04-00851,IK02,IK04,telecom,0.736,0.32,none,0,10.8,1
E-001295,IK-03-00690,IK-04-00851,IK03,IK04,ict,0.56,0.71,none,0,9.3,0
E-001296,IK-01-00103,IK-04-00852,IK01,IK04,electricity,0.261,0.0,partial,0,5.9,0
E-001297,IK-01-00164,IK-04-00852,IK01,IK04,electricity,0.261,0.0,partial,0,8.4,0
E-001298,IK-02-00477,IK-04-00852,IK02,IK04,telecom,0.375,0.21,partial,0,8.0,0
E-001299,IK-02-00423,IK-04-00852,IK02,IK04,telecom,0.375,0.22,partial,0,9.1,1
E-001300,IK-03-00721,IK-04-00852,IK03,IK04,ict,0.64,0.96,none,0,7.8,0
E-001301,IK-01-00205,IK-04-00853,IK01,IK04,electricity,0.564,0.0,none,0,18.9,1
E-001302,IK-02-00439,IK-04-00853,IK02,IK04,telecom,0.938,0.39,none,0,7.2,1
E-001303,IK-03-00752,IK-04-00853,IK03,IK04,ict,0.598,1.08,none,0,1.0,1
E-001304,IK-01-00151,IK-04-00854,IK01,IK04,electricity,0.245,0.0,partial,0,4.5,0
E-001305,IK-01-00077,IK-04-00854,IK01,IK04,electricity,0.245,0.0,partial,0,5.6,0
E-001306,IK-02-00458,IK-04-00854,IK02,IK04,telecom,0.462,0.31,partial,0,6.1,0
E-001307,IK-02-00471,IK-04-00854,IK02,IK04,telecom,0.462,0.58,partial,0,12.3,1
E-001308,IK-03-00773,IK-04-00854,IK03,IK04,ict,0.656,0.81,none,0,9.1,0
E-001309,IK-01-00162,IK-04-00855,IK01,IK04,electricity,0.567,0.0,none,0,3.2,0
E-001310,IK-02-00424,IK-04-00855,IK02,IK04,telecom,0.766,0.3,none,0,13.1,0
E-001311,IK-03-00759,IK-04-00855,IK03,IK04,ict,0.305,1.06,partial,0,13.6,1
E-001312,IK-03-00800,IK-04-00855,IK03,IK04,ict,0.305,1.03,partial,0,8.0,1
E-001313,IK-01-00071,IK-04-00856,IK01,IK04,electricity,0.236,0.0,partial,0,10.3,0
E-001314,IK-01-00078,IK-04-00856,IK01,IK04,electricity,0.236,0.0,partial,0,7.6,1
E-001315,IK-02-00464,IK-04-00856,IK02,IK04,telecom,0.898,0.68,none,0,8.3,1
E-001316,IK-03-00830,IK-04-00856,IK03,IK04,ict,0.601,0.76,none,0,6.3,0
E-001317,IK-01-00135,IK-04-00857,IK01,IK04,electricity,0.274,0.0,partial,0,4.6,0
E-001318,IK-01-00142,IK-04-00857,IK01,IK04,electricity,0.274,0.0,partial,0,10.5,0
E-001319,IK-02-00444,IK-04-00857,IK02,IK04,telecom,0.813,0.75,none,0,10.0,0
E-001320,IK-03-00820,IK-04-00857,IK03,IK04,ict,0.319,1.04,partial,0,7.0,0
E-001321,IK-03-00783,IK-04-00857,IK03,IK04,ict,0.319,0.59,partial,0,1.0,0
E-001322,IK-01-00117,IK-04-00858,IK01,IK04,electricity,0.28,0.0,partial,0,8.2,0
E-001323,IK-01-00074,IK-04-00858,IK01,IK04,electricity,0.28,0.0,partial,0,9.5,0
E-001324,IK-02-00477,IK-04-00858,IK02,IK04,telecom,0.472,0.71,partial,0,2.4,1
E-001325,IK-02-00423,IK-04-00858,IK02,IK04,telecom,0.472,0.49,partial,0,3.2,0
E-001326,IK-03-00683,IK-04-00858,IK03,IK04,ict,0.274,0.63,partial,0,9.7,0
E-001327,IK-03-00705,IK-04-00858,IK03,IK04,ict,0.274,1.0,partial,0,10.4,1
E-001328,IK-01-00110,IK-04-00859,IK01,IK04,electricity,0.261,0.0,partial,0,5.1,0
E-001329,IK-01-00113,IK-04-00859,IK01,IK04,electricity,0.261,0.0,partial,0,9.8,1
E-001330,IK-02-00423,IK-04-00859,IK02,IK04,telecom,0.855,0.44,none,1,17.3,1
E-001331,IK-03-00738,IK-04-00859,IK03,IK04,ict,0.31,0.93,partial,0,15.2,0
E-001332,IK-03-00689,IK-04-00859,IK03,IK04,ict,0.31,0.59,partial,0,9.2,1
E-001333,IK-01-00069,IK-04-00860,IK01,IK04,electricity,0.307,0.0,partial,0,2.6,1
E-001334,IK-01-00203,IK-04-00860,IK01,IK04,electricity,0.307,0.0,partial,0,10.2,1
E-001335,IK-02-00476,IK-04-00860,IK02,IK04,telecom,0.387,0.28,partial,0,4.8,0
E-001336,IK-02-00453,IK-04-00860,IK02,IK04,telecom,0.387,0.46,partial,0,9.1,0
E-001337,IK-03-00699,IK-04-00860,IK03,IK04,ict,0.29,0.58,partial,0,6.0,0
E-001338,IK-03-00745,IK-04-00860,IK03,IK04,ict,0.29,0.59,partial,0,6.7,0
E-001339,IK-01-00207,IK-04-00861,IK01,IK04,electricity,0.54,0.0,none,0,10.5,1
E-001340,IK-02-00435,IK-04-00861,IK02,IK04,telecom,0.394,0.4,partial,0,8.0,0
E-001341,IK-02-00427,IK-04-00861,IK02,IK04,telecom,0.394,0.68,partial,1,9.7,0
E-001342,IK-03-00791,IK-04-00861,IK03,IK04,ict,0.321,0.87,partial,0,11.3,1
E-001343,IK-03-00794,IK-04-00861,IK03,IK04,ict,0.321,0.93,partial,0,9.6,0
E-001344,IK-01-00118,IK-04-00862,IK01,IK04,electricity,0.269,0.0,full,0,5.8,1
E-001345,IK-01-00116,IK-04-00862,IK01,IK04,electricity,0.269,0.0,full,0,14.3,0
E-001346,IK-02-00467,IK-04-00862,IK02,IK04,telecom,0.415,0.78,full,0,3.1,0
E-001347,IK-02-00471,IK-04-00862,IK02,IK04,telecom,0.415,0.47,full,0,10.5,1
E-001348,IK-03-00696,IK-04-00862,IK03,IK04,ict,0.281,0.72,partial,0,3.6,0
E-001349,IK-03-00811,IK-04-00862,IK03,IK04,ict,0.281,0.87,partial,0,1.0,0
E-001350,IK-01-00068,IK-04-00863,IK01,IK04,electricity,0.255,0.0,partial,0,11.4,0
E-001351,IK-01-00124,IK-04-00863,IK01,IK04,electricity,0.255,0.0,partial,0,5.5,0
E-001352,IK-02-00474,IK-04-00863,IK02,IK04,telecom,0.765,0.73,none,0,8.5,0
E-001353,IK-03-00781,IK-04-00863,IK03,IK04,ict,0.317,0.76,partial,0,1.4,0
E-001354,IK-03-00767,IK-04-00863,IK03,IK04,ict,0.317,0.97,partial,0,9.9,0
E-001355,IK-01-00110,IK-04-00864,IK01,IK04,electricity,0.528,0.0,none,0,3.6,0
E-001356,IK-02-00423,IK-04-00864,IK02,IK04,telecom,0.376,0.23,partial,1,4.7,0
E-001357,IK-02-00421,IK-04-00864,IK02,IK04,telecom,0.376,0.22,partial,1,3.8,0
E-001358,IK-03-00738,IK-04-00864,IK03,IK04,ict,0.595,0.64,none,0,13.9,0
E-001359,IK-01-00073,IK-04-00865,IK01,IK04,electricity,0.598,0.0,none,0,4.9,1
E-001360,IK-02-00480,IK-04-00865,IK02,IK04,telecom,0.941,0.77,none,0,1.0,1
E-001361,IK-03-00689,IK-04-00865,IK03,IK04,ict,0.518,0.51,none,0,9.6,1
E-001362,IK-01-00218,IK-04-00866,IK01,IK04,electricity,0.235,0.0,partial,0,1.0,1
E-001363,IK-01-00047,IK-04-00866,IK01,IK04,electricity,0.235,0.0,partial,0,6.2,1
E-001364,IK-02-00478,IK-04-00866,IK02,IK04,telecom,0.871,0.2,none,0,10.6,1
E-001365,IK-03-00750,IK-04-00866,IK03,IK04,ict,0.668,1.04,none,0,10.5,0
E-001366,IK-01-00167,IK-04-00867,IK01,IK04,electricity,0.303,0.0,partial,0,6.6,0
E-001367,IK-01-00201,IK-04-00867,IK01,IK04,electricity,0.303,0.0,partial,0,10.8,0
E-001368,IK-02-00421,IK-04-00867,IK02,IK04,telecom,0.798,0.3,none,0,6.0,0
E-001369,IK-03-00768,IK-04-00867,IK03,IK04,ict,0.314,0.81,partial,0,13.1,1
E-001370,IK-03-00772,IK-04-00867,IK03,IK04,ict,0.314,0.93,partial,0,8.3,0
E-001371,IK-01-00056,IK-04-00868,IK01,IK04,electricity,0.278,0.0,partial,0,9.5,0
E-001372,IK-01-00174,IK-04-00868,IK01,IK04,electricity,0.278,0.0,partial,0,3.5,1
E-001373,IK-02-00471,IK-04-00868,IK02,IK04,telecom,0.857,0.55,none,0,11.1,1
E-001374,IK-03-00784,IK-04-00868,IK03,IK04,ict,0.258,0.63,partial,0,9.5,0
E-001375,IK-03-00708,IK-04-00868,IK03,IK04,ict,0.258,0.56,partial,0,4.2,0
E-001376,IK-01-00186,IK-04-00869,IK01,IK04,electricity,0.551,0.0,none,0,6.5,0
E-001377,IK-02-00471,IK-04-00869,IK02,IK04,telecom,0.426,0.75,partial,0,2.3,0
E-001378,IK-02-00467,IK-04-00869,IK02,IK04,telecom,0.426,0.33,partial,0,9.2,1
E-001379,IK-03-00799,IK-04-00869,IK03,IK04,ict,0.256,1.06,partial,0,9.9,0
E-001380,IK-03-00696,IK-04-00869,IK03,IK04,ict,0.256,1.02,partial,0,2.5,0
E-001381,IK-01-00121,IK-04-00870,IK01,IK04,electricity,0.284,0.0,partial,0,11.2,0
E-001382,IK-01-00069,IK-04-00870,IK01,IK04,electricity,0.284,0.0,partial,0,9.1,0
E-001383,IK-02-00472,IK-04-00870,IK02,IK04,telecom,0.393,0.69,full,0,11.9,0
E-001384,IK-02-00465,IK-04-00870,IK02,IK04,telecom,0.393,0.44,full,0,6.3,0
E-001385,IK-03-00745,IK-04-00870,IK03,IK04,ict,0.572,1.0,none,0,17.5,0
E-001386,IK-01-00215,IK-04-00871,IK01,IK04,electricity,0.557,0.0,none,0,6.0,0
E-001387,IK-02-00470,IK-04-00871,IK02,IK04,telecom,0.938,0.64,none,0,6.5,0
E-001388,IK-03-00734,IK-04-00871,IK03,IK04,ict,0.276,0.94,partial,0,9.2,0
E-001389,IK-03-00744,IK-04-00871,IK03,IK04,ict,0.276,0.69,partial,0,5.1,0
E-001390,IK-01-00227,IK-04-00872,IK01,IK04,electricity,0.277,0.0,partial,0,1.0,0
E-001391,IK-01-00158,IK-04-00872,IK01,IK04,electricity,0.277,0.0,partial,0,9.4,0
E-001392,IK-02-00457,IK-04-00872,IK02,IK04,telecom,0.44,0.74,partial,0,6.2,0
E-001393,IK-02-00441,IK-04-00872,IK02,IK04,telecom,0.44,0.64,partial,0,1.9,0
E-001394,IK-03-00760,IK-04-00872,IK03,IK04,ict,0.574,0.56,none,0,1.0,1
E-001395,IK-01-00118,IK-04-00873,IK01,IK04,electricity,0.267,0.0,partial,0,3.9,1
E-001396,IK-01-00116,IK-04-00873,IK01,IK04,electricity,0.267,0.0,partial,0,5.7,0
E-001397,IK-02-00467,IK-04-00873,IK02,IK04,telecom,0.364,0.25,partial,0,6.7,0
E-001398,IK-02-00427,IK-04-00873,IK02,IK04,telecom,0.364,0.58,partial,0,2.7,1
E-001399,IK-03-00811,IK-04-00873,IK03,IK04,ict,0.326,0.74,partial,0,1.2,0
E-001400,IK-03-00696,IK-04-00873,IK03,IK04,ict,0.326,0.66,partial,0,7.7,0
E-001401,IK-01-00089,IK-04-00874,IK01,IK04,electricity,0.6,0.0,none,0,6.3,1
E-001402,IK-02-00457,IK-04-00874,IK02,IK04,telecom,0.389,0.78,partial,0,5.5,1
E-001403,IK-02-00441,IK-04-00874,IK02,IK04,telecom,0.389,0.22,partial,0,4.5,0
E-001404,IK-03-00687,IK-04-00874,IK03,IK04,ict,0.287,0.56,partial,0,10.7,0
E-001405,IK-03-00743,IK-04-00874,IK03,IK04,ict,0.287,0.92,partial,0,8.7,0
E-001406,IK-01-00121,IK-04-00875,IK01,IK04,electricity,0.291,0.0,partial,0,5.3,0
E-001407,IK-01-00069,IK-04-00875,IK01,IK04,electricity,0.291,0.0,partial,0,4.3,1
E-001408,IK-02-00472,IK-04-00875,IK02,IK04,telecom,0.46,0.76,partial,0,11.5,1
E-001409,IK-02-00465,IK-04-00875,IK02,IK04,telecom,0.46,0.6,partial,0,8.9,0
E-001410,IK-03-00749,IK-04-00875,IK03,IK04,ict,0.651,0.58,none,0,8.2,1
E-001411,IK-01-00158,IK-04-00876,IK01,IK04,electricity,0.55,0.0,none,0,12.5,0
E-001412,IK-02-00457,IK-04-00876,IK02,IK04,telecom,0.751,0.27,none,0,5.6,0
E-001413,IK-03-00743,IK-04-00876,IK03,IK04,ict,0.562,0.87,none,0,4.9,1
E-001414,IK-01-00157,IK-04-00877,IK01,IK04,electricity,0.302,0.0,partial,0,7.5,0
E-001415,IK-01-00144,IK-04-00877,IK01,IK04,electricity,0.302,0.0,partial,0,9.4,0
E-001416,IK-02-00466,IK-04-00877,IK02,IK04,telecom,0.412,0.48,partial,0,1.0,0
E-001417,IK-02-00428,IK-04-00877,IK02,IK04,telecom,0.412,0.57,partial,0,7.1,0
E-001418,IK-03-00710,IK-04-00877,IK03,IK04,ict,0.264,0.75,partial,0,6.6,1
E-001419,IK-03-00730,IK-04-00877,IK03,IK04,ict,0.264,0.69,partial,0,7.2,0
E-001420,IK-01-00078,IK-04-00878,IK01,IK04,electricity,0.249,0.0,partial,0,4.2,1
E-001421,IK-01-00071,IK-04-00878,IK01,IK04,electricity,0.249,0.0,partial,0,7.6,0
E-001422,IK-02-00464,IK-04-00878,IK02,IK04,telecom,0.821,0.56,none,0,10.6,0
E-001423,IK-03-00712,IK-04-00878,IK03,IK04,ict,0.625,0.61,none,0,5.8,1
E-001424,IK-01-00135,IK-04-00879,IK01,IK04,electricity,0.582,0.0,none,0,11.9,0
E-001425,IK-02-00444,IK-04-00879,IK02,IK04,telecom,0.884,0.39,none,0,3.3,1
E-001426,IK-03-00820,IK-04-00879,IK03,IK04,ict,0.644,0.95,none,0,7.9,0
E-001427,IK-01-00092,IK-04-00880,IK01,IK04,electricity,0.266,0.0,partial,0,16.6,0
E-001428,IK-01-00097,IK-04-00880,IK01,IK04,electricity,0.266,0.0,partial,0,10.3,1
E-001429,IK-02-00441,IK-04-00880,IK02,IK04,telecom,0.771,0.5,none,0,8.6,1
E-001430,IK-03-00709,IK-04-00880,IK03,IK04,ict,0.58,0.79,none,0,11.3,0
E-001431,IK-01-00134,IK-04-00881,IK01,IK04,electricity,0.294,0.0,partial,0,7.1,0
E-001432,IK-01-00056,IK-04-00881,IK01,IK04,electricity,0.294,0.0,partial,0,3.4,0
E-001433,IK-02-00446,IK-04-00881,IK02,IK04,telecom,0.737,0.37,none,0,6.3,1
E-001434,IK-03-00773,IK-04-00881,IK03,IK04,ict,0.513,0.8,none,0,8.7,0
E-001435,IK-01-00125,IK-04-00882,IK01,IK04,electricity,0.234,0.0,partial,0,10.4,0
E-001436,IK-01-00076,IK-04-00882,IK01,IK04,electricity,0.234,0.0,partial,0,1.0,0
E-001437,IK-02-00454,IK-04-00882,IK02,IK04,telecom,0.409,0.71,partial,0,11.7,0
E-001438,IK-02-00452,IK-04-00882,IK02,IK04,telecom,0.409,0.74,partial,1,9.1,0
E-001439,IK-03-00801,IK-04-00882,IK03,IK04,ict,0.33,0.68,partial,0,14.0,0
E-001440,IK-03-00774,IK-04-00882,IK03,IK04,ict,0.33,1.05,partial,0,9.0,0
E-001441,IK-01-00211,IK-04-00883,IK01,IK04,electricity,0.55,0.0,none,0,8.3,1
E-001442,IK-02-00424,IK-04-00883,IK02,IK04,telecom,0.392,0.77,partial,0,5.5,0
E-001443,IK-02-00443,IK-04-00883,IK02,IK04,telecom,0.392,0.22,partial,0,10.4,0
E-001444,IK-03-00788,IK-04-00883,IK03,IK04,ict,0.328,1.03,partial,0,1.0,0
E-001445,IK-03-00704,IK-04-00883,IK03,IK04,ict,0.328,0.61,partial,0,4.6,1
E-001446,IK-01-00151,IK-04-00884,IK01,IK04,electricity,0.264,0.0,partial,0,5.6,0
E-001447,IK-01-00077,IK-04-00884,IK01,IK04,electricity,0.264,0.0,partial,0,7.8,0
E-001448,IK-02-00458,IK-04-00884,IK02,IK04,telecom,0.778,0.25,none,0,1.0,0
E-001449,IK-03-00765,IK-04-00884,IK03,IK04,ict,0.294,0.84,partial,0,9.8,0
E-001450,IK-03-00773,IK-04-00884,IK03,IK04,ict,0.294,0.79,partial,0,9.4,0
E-001451,IK-01-00210,IK-04-00885,IK01,IK04,electricity,0.305,0.0,partial,0,7.2,0
E-001452,IK-01-00090,IK-04-00885,IK01,IK04,electricity,0.305,0.0,partial,0,5.8,0
E-001453,IK-02-00454,IK-04-00885,IK02,IK04,telecom,0.87,0.68,none,0,1.1,0
E-001454,IK-03-00801,IK-04-00885,IK03,IK04,ict,0.554,0.64,none,0,5.3,1
E-001455,IK-01-00198,IK-04-00886,IK01,IK04,electricity,0.239,0.0,partial,0,6.4,0
E-001456,IK-01-00143,IK-04-00886,IK01,IK04,electricity,0.239,0.0,partial,0,8.1,0
E-001457,IK-02-00469,IK-04-00886,IK02,IK04,telecom,0.418,0.75,partial,0,8.4,0
E-001458,IK-02-00436,IK-04-00886,IK02,IK04,telecom,0.418,0.55,partial,0,6.0,0
E-001459,IK-03-00785,IK-04-00886,IK03,IK04,ict,0.293,1.07,partial,0,11.9,0
E-001460,IK-03-00796,IK-04-00886,IK03,IK04,ict,0.293,0.92,partial,0,2.5,0
E-001461,IK-01-00210,IK-04-00887,IK01,IK04,electricity,0.559,0.0,none,0,3.5,1
E-001462,IK-02-00422,IK-04-00887,IK02,IK04,telecom,0.806,0.23,none,1,9.8,0
E-001463,IK-03-00801,IK-04-00887,IK03,IK04,ict,0.523,0.53,none,0,5.1,1
E-001464,IK-01-00071,IK-04-00888,IK01,IK04,electricity,0.237,0.0,partial,0,1.8,1
E-001465,IK-01-00078,IK-04-00888,IK01,IK04,electricity,0.237,0.0,partial,0,11.0,0
E-001466,IK-02-00464,IK-04-00888,IK02,IK04,telecom,0.907,0.34,none,0,5.4,0
E-001467,IK-03-00712,IK-04-00888,IK03,IK04,ict,0.617,0.98,none,0,14.5,0
E-001468,IK-01-00127,IK-04-00889,IK01,IK04,electricity,0.475,0.0,none,0,1.1,0
E-001469,IK-02-00423,IK-04-00889,IK02,IK04,telecom,0.408,0.58,partial,0,5.0,0
E-001470,IK-02-00477,IK-04-00889,IK02,IK04,telecom,0.408,0.36,partial,0,5.0,1
E-001471,IK-03-00751,IK-04-00889,IK03,IK04,ict,0.55,0.8,none,0,10.4,1
E-001472,IK-01-00207,IK-04-00890,IK01,IK04,electricity,0.542,0.0,none,0,7.6,0
E-001473,IK-02-00431,IK-04-00890,IK02,IK04,telecom,0.437,0.31,partial,1,10.9,0
E-001474,IK-02-00447,IK-04-00890,IK02,IK04,telecom,0.437,0.28,partial,1,9.1,0
E-001475,IK-03-00791,IK-04-00890,IK03,IK04,ict,0.306,1.1,partial,0,2.5,0
E-001476,IK-03-00747,IK-04-00890,IK03,IK04,ict,0.306,1.05,partial,0,5.0,1
E-001477,IK-01-00061,IK-04-00891,IK01,IK04,electricity,0.503,0.0,none,0,1.8,1
E-001478,IK-02-00448,IK-04-00891,IK02,IK04,telecom,0.415,0.31,partial,0,11.3,0
E-001479,IK-02-00444,IK-04-00891,IK02,IK04,telecom,0.415,0.78,partial,1,7.0,0
E-001480,IK-03-00684,IK-04-00891,IK03,IK04,ict,0.336,0.8,partial,0,5.2,0
E-001481,IK-03-00780,IK-04-00891,IK03,IK04,ict,0.336,0.69,partial,0,10.2,1
E-001482,IK-01-00170,IK-04-00892,IK01,IK04,electricity,0.255,0.0,partial,0,9.5,1
E-001483,IK-01-00217,IK-04-00892,IK01,IK04,electricity,0.255,0.0,partial,0,7.0,1
E-001484,IK-02-00476,IK-04-00892,IK02,IK04,telecom,0.374,0.22,partial,0,6.9,0
E-001485,IK-02-00455,IK-04-00892,IK02,IK04,telecom,0.374,0.21,partial,0,4.5,0
E-001486,IK-03-00793,IK-04-00892,IK03,IK04,ict,0.527,1.04,none,0,9.6,0
E-001487,IK-01-00131,IK-04-00893,IK01,IK04,electricity,0.293,0.0,partial,0,16.4,0
E-001488,IK-01-00108,IK-04-00893,IK01,IK04,electricity,0.293,0.0,partial,0,12.6,0
E-001489,IK-02-00448,IK-04-00893,IK02,IK04,telecom,0.438,0.7,partial,0,16.0,1
E-001490,IK-02-00442,IK-04-00893,IK02,IK04,telecom,0.438,0.67,partial,1,4.6,1
E-001491,IK-03-00684,IK-04-00893,IK03,IK04,ict,0.298,0.94,partial,0,8.1,1
E-001492,IK-03-00780,IK-04-00893,IK03,IK04,ict,0.298,0.84,partial,0,6.3,1
E-001493,IK-01-00228,IK-04-00894,IK01,IK04,electricity,0.293,0.0,partial,0,6.6,1
E-001494,IK-01-00144,IK-04-00894,IK01,IK04,electricity,0.293,0.0,partial,0,5.2,0
E-001495,IK-02-00428,IK-04-00894,IK02,IK04,telecom,0.912,0.53,none,0,11.2,0
E-001496,IK-03-00746,IK-04-00894,IK03,IK04,ict,0.309,1.07,partial,0,10.2,0
E-001497,IK-03-00733,IK-04-00894,IK03,IK04,ict,0.309,0.61,partial,0,5.6,0
E-001498,IK-01-00192,IK-04-00895,IK01,IK04,electricity,0.612,0.0,none,0,3.7,0
E-001499,IK-02-00453,IK-04-00895,IK02,IK04,telecom,0.892,0.51,none,0,9.1,0
E-001500,IK-03-00769,IK-04-00895,IK03,IK04,ict,0.594,0.71,none,0,9.8,1
E-001501,IK-01-00158,IK-04-00896,IK01,IK04,electricity,0.528,0.0,none,0,11.6,1
E-001502,IK-02-00457,IK-04-00896,IK02,IK04,telecom,0.897,0.74,none,0,13.4,1
E-001503,IK-03-00720,IK-04-00896,IK03,IK04,ict,0.324,1.01,partial,0,18.7,1
E-001504,IK-03-00723,IK-04-00896,IK03,IK04,ict,0.324,0.9,partial,0,7.8,0
E-001505,IK-01-00078,IK-04-00897,IK01,IK04,electricity,0.307,0.0,partial,0,6.5,0
E-001506,IK-01-00071,IK-04-00897,IK01,IK04,electricity,0.307,0.0,partial,0,6.2,1
E-001507,IK-02-00464,IK-04-00897,IK02,IK04,telecom,0.406,0.77,partial,0,5.2,0
E-001508,IK-02-00472,IK-04-00897,IK02,IK04,telecom,0.406,0.61,partial,0,4.3,0
E-001509,IK-03-00804,IK-04-00897,IK03,IK04,ict,0.654,0.83,none,0,14.2,0
E-001510,IK-01-00043,IK-04-00898,IK01,IK04,electricity,0.544,0.0,none,0,1.9,0
E-001511,IK-02-00449,IK-04-00898,IK02,IK04,telecom,0.792,0.64,none,0,7.8,1
E-001512,IK-03-00819,IK-04-00898,IK03,IK04,ict,0.266,0.71,partial,0,10.3,0
E-001513,IK-03-00739,IK-04-00898,IK03,IK04,ict,0.266,0.68,partial,0,1.0,0
E-001514,IK-01-00221,IK-04-00899,IK01,IK04,electricity,0.293,0.0,partial,0,8.2,0
E-001515,IK-01-00100,IK-04-00899,IK01,IK04,electricity,0.293,0.0,partial,0,6.5,1
E-001516,IK-02-00467,IK-04-00899,IK02,IK04,telecom,0.463,0.21,partial,0,11.8,0
E-001517,IK-02-00471,IK-04-00899,IK02,IK04,telecom,0.463,0.4,partial,0,7.8,1
E-001518,IK-03-00771,IK-04-00899,IK03,IK04,ict,0.329,0.53,partial,0,3.5,1
E-001519,IK-03-00761,IK-04-00899,IK03,IK04,ict,0.329,0.92,partial,0,13.8,1
E-001520,IK-01-00128,IK-04-00900,IK01,IK04,electricity,0.301,0.0,partial,0,8.8,1
E-001521,IK-01-00160,IK-04-00900,IK01,IK04,electricity,0.301,0.0,partial,0,7.9,0
E-001522,IK-02-00451,IK-04-00900,IK02,IK04,telecom,0.474,0.34,partial,0,10.2,0
E-001523,IK-02-00444,IK-04-00900,IK02,IK04,telecom,0.474,0.51,partial,0,9.9,1
E-001524,IK-03-00758,IK-04-00900,IK03,IK04,ict,0.289,1.05,partial,0,11.8,0
E-001525,IK-03-00828,IK-04-00900,IK03,IK04,ict,0.289,0.54,partial,0,7.2,1
E-001526,IK-01-00060,IK-04-00901,IK01,IK04,electricity,0.496,0.0,none,0,11.5,1
E-001527,IK-02-00422,IK-04-00901,IK02,IK04,telecom,0.842,0.32,none,0,1.0,1
E-001528,IK-03-00772,IK-04-00901,IK03,IK04,ict,0.321,0.96,partial,0,9.8,0
E-001529,IK-03-00768,IK-04-00901,IK03,IK04,ict,0.321,0.7,partial,0,8.7,0
E-001530,IK-01-00110,IK-04-00902,IK01,IK04,electricity,0.517,0.0,none,0,3.7,1
E-001531,IK-02-00423,IK-04-00902,IK02,IK04,telecom,0.415,0.65,partial,1,11.8,0
E-001532,IK-02-00421,IK-04-00902,IK02,IK04,telecom,0.415,0.78,partial,1,11.9,0
E-001533,IK-03-00738,IK-04-00902,IK03,IK04,ict,0.304,1.03,partial,0,7.4,0
E-001534,IK-03-00689,IK-04-00902,IK03,IK04,ict,0.304,0.95,partial,0,7.6,0
E-001535,IK-01-00219,IK-04-00903,IK01,IK04,electricity,0.573,0.0,none,0,5.7,1
E-001536,IK-02-00448,IK-04-00903,IK02,IK04,telecom,0.727,0.51,none,0,11.5,0
E-001537,IK-03-00684,IK-04-00903,IK03,IK04,ict,0.522,0.91,none,0,10.4,1
E-001538,IK-01-00098,IK-04-00904,IK01,IK04,electricity,0.282,0.0,partial,0,5.2,1
E-001539,IK-01-00129,IK-04-00904,IK01,IK04,electricity,0.282,0.0,partial,0,3.6,0
E-001540,IK-02-00459,IK-04-00904,IK02,IK04,telecom,0.411,0.51,partial,0,11.6,0
E-001541,IK-02-00475,IK-04-00904,IK02,IK04,telecom,0.411,0.29,partial,0,15.5,1
E-001542,IK-03-00798,IK-04-00904,IK03,IK04,ict,0.58,0.54,none,0,11.9,1
E-001543,IK-01-00231,IK-04-00905,IK01,IK04,electricity,0.24,0.0,partial,0,5.9,0
E-001544,IK-01-00043,IK-04-00905,IK01,IK04,electricity,0.24,0.0,partial,0,9.2,1
E-001545,IK-02-00449,IK-04-00905,IK02,IK04,telecom,0.733,0.4,none,0,9.1,1
E-001546,IK-03-00819,IK-04-00905,IK03,IK04,ict,0.534,0.98,none,0,3.8,0
E-001547,IK-01-00060,IK-04-00906,IK01,IK04,electricity,0.257,0.0,partial,0,12.9,0
E-001548,IK-01-00167,IK-04-00906,IK01,IK04,electricity,0.257,0.0,partial,0,8.4,0
E-001549,IK-02-00422,IK-04-00906,IK02,IK04,telecom,0.87,0.38,none,0,7.7,0
E-001550,IK-03-00772,IK-04-00906,IK03,IK04,ict,0.258,0.93,partial,0,8.7,0
E-001551,IK-03-00768,IK-04-00906,IK03,IK04,ict,0.258,0.91,partial,0,8.9,1
E-001552,IK-01-00060,IK-04-00907,IK01,IK04,electricity,0.271,0.0,partial,0,10.7,0
E-001553,IK-01-00167,IK-04-00907,IK01,IK04,electricity,0.271,0.0,partial,0,10.0,0
E-001554,IK-02-00421,IK-04-00907,IK02,IK04,telecom,0.852,0.55,none,0,8.2,0
E-001555,IK-03-00768,IK-04-00907,IK03,IK04,ict,0.329,0.84,partial,0,10.7,1
E-001556,IK-03-00772,IK-04-00907,IK03,IK04,ict,0.329,0.67,partial,0,12.8,1
E-001557,IK-01-00043,IK-04-00908,IK01,IK04,electricity,0.253,0.0,partial,0,4.7,0
E-001558,IK-01-00213,IK-04-00908,IK01,IK04,electricity,0.253,0.0,partial,0,1.4,0
E-001559,IK-02-00449,IK-04-00908,IK02,IK04,telecom,0.807,0.77,none,0,4.8,0
E-001560,IK-03-00819,IK-04-00908,IK03,IK04,ict,0.643,0.69,none,0,4.6,1
E-001561,IK-01-00218,IK-04-00909,IK01,IK04,electricity,0.244,0.0,partial,0,15.9,1
E-001562,IK-01-00047,IK-04-00909,IK01,IK04,electricity,0.244,0.0,partial,0,7.2,1
E-001563,IK-02-00478,IK-04-00909,IK02,IK04,telecom,0.458,0.69,partial,0,8.6,0
E-001564,IK-02-00463,IK-04-00909,IK02,IK04,telecom,0.458,0.68,partial,0,8.1,0
E-001565,IK-03-00750,IK-04-00909,IK03,IK04,ict,0.274,1.06,partial,0,7.5,0
E-001566,IK-03-00718,IK-04-00909,IK03,IK04,ict,0.274,0.52,partial,0,1.3,0
E-001567,IK-01-00170,IK-04-00910,IK01,IK04,electricity,0.574,0.0,none,0,9.2,1
E-001568,IK-02-00453,IK-04-00910,IK02,IK04,telecom,0.392,0.54,partial,0,6.3,0
E-001569,IK-02-00476,IK-04-00910,IK02,IK04,telecom,0.392,0.38,partial,0,12.5,1
E-001570,IK-03-00793,IK-04-00910,IK03,IK04,ict,0.641,0.97,none,0,8.7,0
E-001571,IK-01-00129,IK-04-00911,IK01,IK04,electricity,0.609,0.0,none,0,5.3,1
E-001572,IK-02-00459,IK-04-00911,IK02,IK04,telecom,0.37,0.27,partial,0,12.5,0
E-001573,IK-02-00437,IK-04-00911,IK02,IK04,telecom,0.37,0.31,partial,0,3.8,1
E-001574,IK-03-00702,IK-04-00911,IK03,IK04,ict,0.54,0.52,none,0,18.8,1
E-001575,IK-01-00071,IK-04-00912,IK01,IK04,electricity,0.53,0.0,none,0,4.8,0
E-001576,IK-02-00464,IK-04-00912,IK02,IK04,telecom,0.381,0.48,partial,0,5.1,1
E-001577,IK-02-00472,IK-04-00912,IK02,IK04,telecom,0.381,0.39,partial,0,9.7,0
E-001578,IK-03-00830,IK-04-00912,IK03,IK04,ict,0.661,0.77,none,0,5.5,1
E-001579,IK-01-00195,IK-04-00913,IK01,IK04,electricity,0.247,0.0,partial,0,2.2,0
E-001580,IK-01-00063,IK-04-00913,IK01,IK04,electricity,0.247,0.0,partial,0,5.3,1
E-001581,IK-02-00474,IK-04-00913,IK02,IK04,telecom,0.781,0.74,none,0,10.7,1
E-001582,IK-03-00781,IK-04-00913,IK03,IK04,ict,0.335,0.99,partial,0,5.4,1
E-001583,IK-03-00767,IK-04-00913,IK03,IK04,ict,0.335,0.86,partial,0,7.2,1
E-001584,IK-01-00046,IK-04-00914,IK01,IK04,electricity,0.289,0.0,partial,0,9.3,0
E-001585,IK-01-00079,IK-04-00914,IK01,IK04,electricity,0.289,0.0,partial,0,3.4,0
E-001586,IK-02-00452,IK-04-00914,IK02,IK04,telecom,0.47,0.61,partial,1,5.3,0
E-001587,IK-02-00460,IK-04-00914,IK02,IK04,telecom,0.47,0.54,partial,1,12.1,1
E-001588,IK-03-00685,IK-04-00914,IK03,IK04,ict,0.672,0.85,none,0,10.0,1
E-001589,IK-01-00236,IK-04-00915,IK01,IK04,electricity,0.279,0.0,partial,0,9.4,1
E-001590,IK-01-00186,IK-04-00915,IK01,IK04,electricity,0.279,0.0,partial,0,5.1,0
E-001591,IK-02-00471,IK-04-00915,IK02,IK04,telecom,0.409,0.52,partial,0,12.7,0
E-001592,IK-02-00467,IK-04-00915,IK02,IK04,telecom,0.409,0.23,partial,0,9.1,0
E-001593,IK-03-00799,IK-04-00915,IK03,IK04,ict,0.312,0.55,partial,0,6.3,0
E-001594,IK-03-00815,IK-04-00915,IK03,IK04,ict,0.312,0.99,partial,0,4.7,0
E-001595,IK-01-00049,IK-04-00916,IK01,IK04,electricity,0.5,0.0,none,0,12.0,1
E-001596,IK-02-00462,IK-04-00916,IK02,IK04,telecom,0.476,0.44,partial,0,9.1,0
E-001597,IK-02-00479,IK-04-00916,IK02,IK04,telecom,0.476,0.21,partial,0,3.5,1
E-001598,IK-03-00764,IK-04-00916,IK03,IK04,ict,0.611,0.5,none,0,7.2,0
E-001599,IK-01-00133,IK-04-00917,IK01,IK04,electricity,0.305,0.0,partial,0,3.4,1
E-001600,IK-01-00220,IK-04-00917,IK01,IK04,electricity,0.305,0.0,partial,0,9.8,0
E-001601,IK-02-00442,IK-04-00917,IK02,IK04,telecom,0.897,0.36,none,0,6.6,1
E-001602,IK-03-00757,IK-04-00917,IK03,IK04,ict,0.653,0.72,none,0,10.4,0
E-001603,IK-01-00083,IK-04-00918,IK01,IK04,electricity,0.534,0.0,none,0,1.5,1
E-001604,IK-02-00448,IK-04-00918,IK02,IK04,telecom,0.364,0.49,partial,0,5.1,1
E-001605,IK-02-00456,IK-04-00918,IK02,IK04,telecom,0.364,0.31,partial,1,9.5,0
E-001606,IK-03-00684,IK-04-00918,IK03,IK04,ict,0.295,0.97,partial,0,15.0,0
E-001607,IK-03-00780,IK-04-00918,IK03,IK04,ict,0.295,0.66,partial,0,16.2,1
E-001608,IK-01-00079,IK-04-00919,IK01,IK04,electricity,0.512,0.0,none,0,12.1,1
E-001609,IK-02-00452,IK-04-00919,IK02,IK04,telecom,0.4,0.41,partial,1,5.2,0
E-001610,IK-02-00454,IK-04-00919,IK02,IK04,telecom,0.4,0.27,partial,0,8.9,0
E-001611,IK-03-00685,IK-04-00919,IK03,IK04,ict,0.534,0.87,none,0,9.2,1
E-001612,IK-01-00125,IK-04-00920,IK01,IK04,electricity,0.308,0.0,partial,0,8.4,0
E-001613,IK-01-00076,IK-04-00920,IK01,IK04,electricity,0.308,0.0,partial,0,12.8,0
E-001614,IK-02-00454,IK-04-00920,IK02,IK04,telecom,0.446,0.24,partial,0,7.1,0
E-001615,IK-02-00452,IK-04-00920,IK02,IK04,telecom,0.446,0.44,partial,1,10.4,0
E-001616,IK-03-00801,IK-04-00920,IK03,IK04,ict,0.571,0.87,none,0,5.1,0
E-001617,IK-01-00223,IK-05-00921,IK01,IK05,electricity,0.919,0.0,none,0,6.3,1
E-001618,IK-08-01761,IK-05-00921,IK08,IK05,transport,0.411,8.34,none,0,8.1,1
E-001619,IK-06-01190,IK-05-00921,IK06,IK05,water,0.311,4.53,none,0,12.7,0
E-001620,IK-01-00224,IK-05-00922,IK01,IK05,electricity,0.852,0.0,none,0,6.9,0
E-001621,IK-08-01652,IK-05-00922,IK08,IK05,transport,0.19,8.43,partial,0,7.8,0
E-001622,IK-08-01648,IK-05-00922,IK08,IK05,transport,0.19,8.58,partial,0,7.8,1
E-001623,IK-06-01176,IK-05-00922,IK06,IK05,water,0.313,4.27,none,0,3.9,1
E-001624,IK-01-00240,IK-05-00923,IK01,IK05,electricity,0.936,0.0,none,0,11.5,0
E-001625,IK-08-01747,IK-05-00923,IK08,IK05,transport,0.391,8.59,none,0,10.5,1
E-001626,IK-06-01150,IK-05-00923,IK06,IK05,water,0.31,4.21,none,0,8.3,1
E-001627,IK-01-00156,IK-05-00924,IK01,IK05,electricity,0.415,0.0,partial,0,3.5,1
E-001628,IK-01-00087,IK-05-00924,IK01,IK05,electricity,0.415,0.0,partial,0,4.0,0
E-001629,IK-08-01617,IK-05-00924,IK08,IK05,transport,0.17,8.57,partial,0,7.4,1
E-001630,IK-08-01725,IK-05-00924,IK08,IK05,transport,0.17,8.53,partial,0,2.0,0
E-001631,IK-06-01116,IK-05-00924,IK06,IK05,water,0.353,4.58,none,0,3.9,0
E-001632,IK-01-00193,IK-05-00925,IK01,IK05,electricity,0.468,0.0,partial,0,5.7,1
E-001633,IK-01-00049,IK-05-00925,IK01,IK05,electricity,0.468,0.0,partial,0,7.7,0
E-001634,IK-08-01753,IK-05-00925,IK08,IK05,transport,0.419,8.59,none,0,13.8,0
E-001635,IK-06-01106,IK-05-00925,IK06,IK05,water,0.317,4.13,none,0,9.1,0
E-001636,IK-01-00238,IK-05-00926,IK01,IK05,electricity,0.877,0.0,none,0,10.0,1
E-001637,IK-08-01665,IK-05-00926,IK08,IK05,transport,0.202,8.37,partial,0,3.8,0
E-001638,IK-08-01682,IK-05-00926,IK08,IK05,transport,0.202,8.46,partial,0,6.0,0
E-001639,IK-06-01159,IK-05-00926,IK06,IK05,water,0.384,4.18,none,0,10.2,0
E-001640,IK-01-00184,IK-05-00927,IK01,IK05,electricity,0.975,0.0,none,0,5.9,1
E-001641,IK-08-01666,IK-05-00927,IK08,IK05,transport,0.189,8.41,partial,0,12.5,0
E-001642,IK-08-01631,IK-05-00927,IK08,IK05,transport,0.189,8.31,partial,0,3.3,0
E-001643,IK-06-01130,IK-05-00927,IK06,IK05,water,0.307,4.26,none,0,10.8,1
E-001644,IK-01-00160,IK-05-00928,IK01,IK05,electricity,0.877,0.0,none,0,10.8,0
E-001645,IK-08-01717,IK-05-00928,IK08,IK05,transport,0.397,8.48,none,0,2.5,0
E-001646,IK-06-01122,IK-05-00928,IK06,IK05,water,0.366,4.53,none,0,9.8,1
E-001647,IK-01-00069,IK-05-00929,IK01,IK05,electricity,0.946,0.0,none,0,9.3,1
E-001648,IK-08-01703,IK-05-00929,IK08,IK05,transport,0.374,8.04,none,0,8.6,0
E-001649,IK-06-01228,IK-05-00929,IK06,IK05,water,0.391,4.51,none,0,10.4,0
E-001650,IK-01-00042,IK-05-00930,IK01,IK05,electricity,0.942,0.0,none,0,11.6,1
E-001651,IK-08-01621,IK-05-00930,IK08,IK05,transport,0.36,8.01,none,0,5.0,1
E-001652,IK-06-01206,IK-05-00930,IK06,IK05,water,0.155,4.38,partial,0,10.7,0
E-001653,IK-06-01064,IK-05-00930,IK06,IK05,water,0.155,4.15,partial,0,2.9,0
E-001654,IK-01-00096,IK-05-00931,IK01,IK05,electricity,0.962,0.0,none,0,11.7,1
E-001655,IK-08-01685,IK-05-00931,IK08,IK05,transport,0.188,8.14,partial,0,16.4,1
E-001656,IK-08-01639,IK-05-00931,IK08,IK05,transport,0.188,8.03,partial,0,1.0,0
E-001657,IK-06-01132,IK-05-00931,IK06,IK05,water,0.342,4.29,none,0,5.8,1
E-001658,IK-01-00151,IK-05-00932,IK01,IK05,electricity,0.895,0.0,none,0,12.2,0
E-001659,IK-08-01775,IK-05-00932,IK08,IK05,transport,0.403,8.01,none,0,7.0,0
E-001660,IK-06-01160,IK-05-00932,IK06,IK05,water,0.165,4.17,full,0,10.1,1
E-001661,IK-06-01178,IK-05-00932,IK06,IK05,water,0.165,4.54,full,0,5.6,1
E-001662,IK-01-00156,IK-05-00933,IK01,IK05,electricity,0.474,0.0,partial,0,1.4,1
E-001663,IK-01-00087,IK-05-00933,IK01,IK05,electricity,0.474,0.0,partial,0,1.0,1
E-001664,IK-08-01785,IK-05-00933,IK08,IK05,transport,0.186,8.58,partial,0,10.2,0
E-001665,IK-08-01617,IK-05-00933,IK08,IK05,transport,0.186,8.3,partial,0,12.8,1
E-001666,IK-06-01116,IK-05-00933,IK06,IK05,water,0.379,4.41,none,0,6.3,0
E-001667,IK-01-00232,IK-05-00934,IK01,IK05,electricity,0.427,0.0,full,0,13.2,1
E-001668,IK-01-00096,IK-05-00934,IK01,IK05,electricity,0.427,0.0,full,0,10.6,1
E-001669,IK-08-01685,IK-05-00934,IK08,IK05,transport,0.377,8.41,none,0,11.6,0
E-001670,IK-06-01132,IK-05-00934,IK06,IK05,water,0.161,4.48,full,0,12.9,1
E-001671,IK-06-01202,IK-05-00934,IK06,IK05,water,0.161,4.23,full,0,8.3,0
E-001672,IK-01-00076,IK-05-00935,IK01,IK05,electricity,1.0,0.0,none,0,7.2,1
E-001673,IK-08-01651,IK-05-00935,IK08,IK05,transport,0.438,8.22,none,0,10.1,0
E-001674,IK-06-01209,IK-05-00935,IK06,IK05,water,0.345,4.52,none,0,5.8,1
E-001675,IK-01-00149,IK-05-00936,IK01,IK05,electricity,0.777,0.0,none,0,9.7,1
E-001676,IK-08-01730,IK-05-00936,IK08,IK05,transport,0.43,8.33,none,0,1.3,1
E-001677,IK-06-01166,IK-05-00936,IK06,IK05,water,0.325,4.08,none,0,13.6,0
E-001678,IK-01-00142,IK-05-00937,IK01,IK05,electricity,0.898,0.0,none,0,6.8,1
E-001679,IK-08-01717,IK-05-00937,IK08,IK05,transport,0.375,8.29,none,0,10.7,1
E-001680,IK-06-01204,IK-05-00937,IK06,IK05,water,0.192,4.31,full,0,5.9,0
E-001681,IK-06-01143,IK-05-00937,IK06,IK05,water,0.192,4.16,full,0,1.0,0
E-001682,IK-01-00066,IK-05-00938,IK01,IK05,electricity,0.932,0.0,none,0,7.4,0
E-001683,IK-08-01734,IK-05-00938,IK08,IK05,transport,0.362,8.1,none,0,8.3,0
E-001684,IK-06-01072,IK-05-00938,IK06,IK05,water,0.389,4.45,none,0,5.7,1
E-001685,IK-01-00106,IK-05-00939,IK01,IK05,electricity,0.86,0.0,none,0,3.8,0
E-001686,IK-08-01653,IK-05-00939,IK08,IK05,transport,0.424,8.53,none,0,15.2,0
E-001687,IK-06-01127,IK-05-00939,IK06,IK05,water,0.355,4.32,none,0,8.5,1
E-001688,IK-01-00151,IK-05-00940,IK01,IK05,electricity,0.943,0.0,none,0,19.2,1
E-001689,IK-08-01650,IK-05-00940,IK08,IK05,transport,0.177,8.09,full,0,3.6,1
E-001690,IK-08-01775,IK-05-00940,IK08,IK05,transport,0.177,8.01,full,0,2.4,0
E-001691,IK-06-01160,IK-05-00940,IK06,IK05,water,0.391,4.29,none,0,5.6,1
E-001692,IK-01-00228,IK-05-00941,IK01,IK05,electricity,0.845,0.0,none,0,13.8,0
E-001693,IK-08-01774,IK-05-00941,IK08,IK05,transport,0.179,8.35,partial,0,10.8,0
E-001694,IK-08-01704,IK-05-00941,IK08,IK05,transport,0.179,8.1,partial,0,7.6,1
E-001695,IK-06-01179,IK-05-00941,IK06,IK05,water,0.155,4.26,partial,0,3.3,0
E-001696,IK-06-01232,IK-05-00941,IK06,IK05,water,0.155,4.29,partial,0,8.3,1
E-001697,IK-01-00060,IK-05-00942,IK01,IK05,electricity,0.968,0.0,none,0,4.0,1
E-001698,IK-08-01770,IK-05-00942,IK08,IK05,transport,0.377,8.15,none,0,13.1,0
E-001699,IK-06-01191,IK-05-00942,IK06,IK05,water,0.313,4.24,none,0,7.7,1
E-001700,IK-01-00120,IK-05-00943,IK01,IK05,electricity,0.873,0.0,none,0,14.4,0
E-001701,IK-08-01716,IK-05-00943,IK08,IK05,transport,0.184,8.43,full,0,7.6,0
E-001702,IK-08-01731,IK-05-00943,IK08,IK05,transport,0.184,8.01,full,0,8.2,0
E-001703,IK-06-01108,IK-05-00943,IK06,IK05,water,0.194,4.56,partial,0,13.8,1
E-001704,IK-06-01167,IK-05-00943,IK06,IK05,water,0.194,4.29,partial,0,12.2,0
E-001705,IK-01-00206,IK-05-00944,IK01,IK05,electricity,0.835,0.0,none,0,7.5,1
E-001706,IK-08-01720,IK-05-00944,IK08,IK05,transport,0.383,8.52,none,0,4.1,1
E-001707,IK-06-01084,IK-05-00944,IK06,IK05,water,0.32,4.48,none,0,1.0,0
E-001708,IK-01-00181,IK-05-00945,IK01,IK05,electricity,0.831,0.0,none,0,3.6,0
E-001709,IK-08-01771,IK-05-00945,IK08,IK05,transport,0.367,8.33,none,0,10.2,0
E-001710,IK-06-01182,IK-05-00945,IK06,IK05,water,0.312,4.11,none,0,5.2,0
E-001711,IK-01-00105,IK-05-00946,IK01,IK05,electricity,1.0,0.0,none,0,6.1,1
E-001712,IK-08-01779,IK-05-00946,IK08,IK05,transport,0.367,8.43,none,0,11.4,1
E-001713,IK-06-01224,IK-05-00946,IK06,IK05,water,0.35,4.21,none,0,9.1,1
E-001714,IK-01-00237,IK-05-00947,IK01,IK05,electricity,0.468,0.0,full,0,5.3,0
E-001715,IK-01-00161,IK-05-00947,IK01,IK05,electricity,0.468,0.0,full,0,8.5,0
E-001716,IK-08-01699,IK-05-00947,IK08,IK05,transport,0.349,8.09,none,0,3.1,0
E-001717,IK-06-01237,IK-05-00947,IK06,IK05,water,0.329,4.36,none,0,6.5,0
E-001718,IK-01-00102,IK-05-00948,IK01,IK05,electricity,0.872,0.0,none,0,8.0,0
E-001719,IK-08-01812,IK-05-00948,IK08,IK05,transport,0.176,8.23,partial,0,6.2,0
E-001720,IK-08-01742,IK-05-00948,IK08,IK05,transport,0.176,8.31,partial,0,10.2,0
E-001721,IK-06-01196,IK-05-00948,IK06,IK05,water,0.162,4.23,partial,0,3.7,0
E-001722,IK-06-01132,IK-05-00948,IK06,IK05,water,0.162,4.59,partial,0,7.7,0
E-001723,IK-01-00129,IK-05-00949,IK01,IK05,electricity,0.833,0.0,none,0,1.5,0
E-001724,IK-08-01769,IK-05-00949,IK08,IK05,transport,0.436,8.34,none,0,12.5,1
E-001725,IK-06-01231,IK-05-00949,IK06,IK05,water,0.318,4.03,none,0,16.1,0
E-001726,IK-01-00217,IK-05-00950,IK01,IK05,electricity,0.8,0.0,none,0,8.2,0
E-001727,IK-08-01768,IK-05-00950,IK08,IK05,transport,0.398,8.52,none,0,12.4,0
E-001728,IK-06-01234,IK-05-00950,IK06,IK05,water,0.379,4.23,none,0,9.4,1
E-001729,IK-01-00062,IK-05-00951,IK01,IK05,electricity,0.993,0.0,none,0,6.9,0
E-001730,IK-08-01715,IK-05-00951,IK08,IK05,transport,0.199,8.51,partial,0,11.0,0
E-001731,IK-08-01709,IK-05-00951,IK08,IK05,transport,0.199,8.29,partial,0,5.3,0
E-001732,IK-06-01074,IK-05-00951,IK06,IK05,water,0.389,4.15,none,0,8.2,1
E-001733,IK-01-00093,IK-05-00952,IK01,IK05,electricity,0.778,0.0,none,0,6.4,0
E-001734,IK-08-01667,IK-05-00952,IK08,IK05,transport,0.421,8.25,none,0,6.1,0
E-001735,IK-06-01193,IK-05-00952,IK06,IK05,water,0.3,4.14,none,0,11.2,1
E-001736,IK-01-00224,IK-05-00953,IK01,IK05,electricity,0.952,0.0,none,0,7.9,0
E-001737,IK-08-01648,IK-05-00953,IK08,IK05,transport,0.353,8.28,none,0,1.0,0
E-001738,IK-06-01076,IK-05-00953,IK06,IK05,water,0.337,4.15,none,0,7.0,0
E-001739,IK-01-00228,IK-05-00954,IK01,IK05,electricity,0.794,0.0,none,0,7.1,0
E-001740,IK-08-01662,IK-05-00954,IK08,IK05,transport,0.383,8.31,none,0,11.1,0
E-001741,IK-06-01179,IK-05-00954,IK06,IK05,water,0.315,4.52,none,0,5.9,0
E-001742,IK-01-00218,IK-05-00955,IK01,IK05,electricity,0.487,0.0,partial,0,3.9,0
E-001743,IK-01-00047,IK-05-00955,IK01,IK05,electricity,0.487,0.0,partial,0,9.0,1
E-001744,IK-08-01743,IK-05-00955,IK08,IK05,transport,0.393,8.26,none,0,7.5,1
E-001745,IK-06-01211,IK-05-00955,IK06,IK05,water,0.324,4.57,none,0,4.2,1
E-001746,IK-01-00161,IK-05-00956,IK01,IK05,electricity,1.0,0.0,none,0,13.3,1
E-001747,IK-08-01677,IK-05-00956,IK08,IK05,transport,0.195,8.06,partial,0,6.3,0
E-001748,IK-08-01699,IK-05-00956,IK08,IK05,transport,0.195,8.39,partial,0,8.6,0
E-001749,IK-06-01237,IK-05-00956,IK06,IK05,water,0.156,4.46,partial,0,5.1,0
E-001750,IK-06-01236,IK-05-00956,IK06,IK05,water,0.156,4.11,partial,0,2.1,1
E-001751,IK-01-00183,IK-05-00957,IK01,IK05,electricity,0.981,0.0,none,0,1.0,0
E-001752,IK-08-01814,IK-05-00957,IK08,IK05,transport,0.404,8.18,none,0,1.5,1
E-001753,IK-06-01097,IK-05-00957,IK06,IK05,water,0.373,4.3,none,0,8.1,1
E-001754,IK-01-00164,IK-05-00958,IK01,IK05,electricity,0.422,0.0,partial,0,12.5,1
E-001755,IK-01-00166,IK-05-00958,IK01,IK05,electricity,0.422,0.0,partial,0,9.5,0
E-001756,IK-08-01646,IK-05-00958,IK08,IK05,transport,0.353,8.04,none,0,6.2,0
E-001757,IK-06-01152,IK-05-00958,IK06,IK05,water,0.325,4.01,none,0,8.6,0
E-001758,IK-01-00203,IK-05-00959,IK01,IK05,electricity,0.803,0.0,none,0,5.7,1
E-001759,IK-08-01703,IK-05-00959,IK08,IK05,transport,0.395,8.43,none,0,6.7,0
E-001760,IK-06-01107,IK-05-00959,IK06,IK05,water,0.314,4.08,none,0,17.3,0
E-001761,IK-01-00240,IK-05-00960,IK01,IK05,electricity,0.767,0.0,none,0,9.4,0
E-001762,IK-08-01747,IK-05-00960,IK08,IK05,transport,0.174,8.11,partial,0,2.4,1
E-001763,IK-08-01793,IK-05-00960,IK08,IK05,transport,0.174,8.32,partial,0,11.6,1
E-001764,IK-06-01192,IK-05-00960,IK06,IK05,water,0.161,4.09,partial,0,11.1,0
E-001765,IK-06-01150,IK-05-00960,IK06,IK05,water,0.161,4.49,partial,0,6.5,1
E-001766,IK-01-00221,IK-05-00961,IK01,IK05,electricity,0.882,0.0,none,0,9.0,0
E-001767,IK-08-01712,IK-05-00961,IK08,IK05,transport,0.405,8.18,none,0,7.2,1
E-001768,IK-06-01220,IK-05-00961,IK06,IK05,water,0.381,4.06,none,0,16.8,0
E-001769,IK-01-00162,IK-05-00962,IK01,IK05,electricity,0.794,0.0,none,0,8.4,0
E-001770,IK-08-01687,IK-05-00962,IK08,IK05,transport,0.442,8.45,none,0,1.0,1
E-001771,IK-06-01064,IK-05-00962,IK06,IK05,water,0.316,4.57,none,0,11.8,0
E-001772,IK-01-00228,IK-05-00963,IK01,IK05,electricity,0.798,0.0,none,0,7.7,0
E-001773,IK-08-01774,IK-05-00963,IK08,IK05,transport,0.4,8.41,none,0,1.0,1
E-001774,IK-06-01179,IK-05-00963,IK06,IK05,water,0.304,4.42,none,0,6.2,0
E-001775,IK-01-00060,IK-05-00964,IK01,IK05,electricity,0.888,0.0,none,0,12.6,0
E-001776,IK-08-01688,IK-05-00964,IK08,IK05,transport,0.347,8.43,none,0,10.1,1
E-001777,IK-06-01191,IK-05-00964,IK06,IK05,water,0.309,4.2,none,0,8.9,0
E-001778,IK-01-00098,IK-05-00965,IK01,IK05,electricity,0.955,0.0,none,0,2.3,0
E-001779,IK-08-01706,IK-05-00965,IK08,IK05,transport,0.175,8.19,partial,0,8.9,1
E-001780,IK-08-01702,IK-05-00965,IK08,IK05,transport,0.175,8.28,partial,0,4.9,0
E-001781,IK-06-01125,IK-05-00965,IK06,IK05,water,0.32,4.16,none,0,4.5,0
E-001782,IK-01-00069,IK-05-00966,IK01,IK05,electricity,0.47,0.0,partial,0,4.0,1
E-001783,IK-01-00203,IK-05-00966,IK01,IK05,electricity,0.47,0.0,partial,0,12.8,0
E-001784,IK-08-01674,IK-05-00966,IK08,IK05,transport,0.392,8.43,none,0,9.3,1
E-001785,IK-06-01214,IK-05-00966,IK06,IK05,water,0.303,4.54,none,0,10.0,0
E-001786,IK-01-00042,IK-05-00967,IK01,IK05,electricity,0.962,0.0,none,0,9.5,0
E-001787,IK-08-01621,IK-05-00967,IK08,IK05,transport,0.205,8.4,partial,0,3.2,1
E-001788,IK-08-01713,IK-05-00967,IK08,IK05,transport,0.205,8.35,partial,0,4.1,0
E-001789,IK-06-01206,IK-05-00967,IK06,IK05,water,0.386,4.49,none,0,4.2,0
E-001790,IK-01-00214,IK-05-00968,IK01,IK05,electricity,0.829,0.0,none,0,5.0,1
E-001791,IK-08-01643,IK-05-00968,IK08,IK05,transport,0.434,8.33,none,0,7.0,1
E-001792,IK-06-01144,IK-05-00968,IK06,IK05,water,0.319,4.02,none,0,11.5,0
E-001793,IK-01-00182,IK-05-00969,IK01,IK05,electricity,0.806,0.0,none,0,2.4,0
E-001794,IK-08-01638,IK-05-00969,IK08,IK05,transport,0.434,8.05,none,0,7.0,1
E-001795,IK-06-01132,IK-05-00969,IK06,IK05,water,0.178,4.4,partial,0,14.8,0
E-001796,IK-06-01202,IK-05-00969,IK06,IK05,water,0.178,4.48,partial,0,13.2,0
E-001797,IK-01-00103,IK-05-00970,IK01,IK05,electricity,0.922,0.0,none,0,10.3,0
E-001798,IK-08-01646,IK-05-00970,IK08,IK05,transport,0.425,8.29,none,0,5.5,0
E-001799,IK-06-01099,IK-05-00970,IK06,IK05,water,0.172,4.33,partial,0,11.7,0
E-001800,IK-06-01152,IK-05-00970,IK06,IK05,water,0.172,4.51,partial,0,13.3,1
E-001801,IK-01-00207,IK-05-00971,IK01,IK05,electricity,0.974,0.0,none,0,1.0,1
E-001802,IK-08-01781,IK-05-00971,IK08,IK05,transport,0.173,8.28,partial,0,5.4,1
E-001803,IK-08-01745,IK-05-00971,IK08,IK05,transport,0.173,8.41,partial,0,5.5,1
E-001804,IK-06-01094,IK-05-00971,IK06,IK05,water,0.354,4.17,none,0,5.6,1
E-001805,IK-01-00170,IK-05-00972,IK01,IK05,electricity,0.976,0.0,none,0,8.6,0
E-001806,IK-08-01723,IK-05-00972,IK08,IK05,transport,0.351,8.29,none,0,8.9,0
E-001807,IK-06-01241,IK-05-00972,IK06,IK05,water,0.348,4.55,none,0,7.7,0
E-001808,IK-01-00074,IK-05-00973,IK01,IK05,electricity,0.838,0.0,none,0,8.1,1
E-001809,IK-08-01732,IK-05-00973,IK08,IK05,transport,0.403,8.11,none,0,11.4,1
E-001810,IK-06-01081,IK-05-00973,IK06,IK05,water,0.305,4.58,none,0,4.4,0
E-001811,IK-01-00213,IK-05-00974,IK01,IK05,electricity,0.429,0.0,partial,0,9.5,0
E-001812,IK-01-00224,IK-05-00974,IK01,IK05,electricity,0.429,0.0,partial,0,11.7,0
E-001813,IK-08-01652,IK-05-00974,IK08,IK05,transport,0.184,8.44,partial,0,10.5,0
E-001814,IK-08-01782,IK-05-00974,IK08,IK05,transport,0.184,8.0,partial,0,14.7,1
E-001815,IK-06-01226,IK-05-00974,IK06,IK05,water,0.304,4.41,none,0,9.3,0
E-001816,IK-01-00062,IK-05-00975,IK01,IK05,electricity,0.814,0.0,none,0,7.7,0
E-001817,IK-08-01715,IK-05-00975,IK08,IK05,transport,0.182,8.16,partial,0,12.1,0
E-001818,IK-08-01709,IK-05-00975,IK08,IK05,transport,0.182,8.29,partial,0,2.6,0
E-001819,IK-06-01074,IK-05-00975,IK06,IK05,water,0.325,4.38,none,0,10.9,0
E-001820,IK-01-00096,IK-05-00976,IK01,IK05,electricity,0.792,0.0,none,0,5.4,0
E-001821,IK-08-01742,IK-05-00976,IK08,IK05,transport,0.174,8.11,partial,0,6.8,1
E-001822,IK-08-01639,IK-05-00976,IK08,IK05,transport,0.174,8.14,partial,0,3.9,1
E-001823,IK-06-01132,IK-05-00976,IK06,IK05,water,0.339,4.25,none,0,7.0,1
E-001824,IK-01-00142,IK-05-00977,IK01,IK05,electricity,0.435,0.0,partial,0,3.6,0
E-001825,IK-01-00128,IK-05-00977,IK01,IK05,electricity,0.435,0.0,partial,0,4.7,0
E-001826,IK-08-01717,IK-05-00977,IK08,IK05,transport,0.179,8.33,partial,0,10.9,1
E-001827,IK-08-01786,IK-05-00977,IK08,IK05,transport,0.179,8.22,partial,0,3.5,0
E-001828,IK-06-01143,IK-05-00977,IK06,IK05,water,0.175,4.01,partial,0,1.0,0
E-001829,IK-06-01123,IK-05-00977,IK06,IK05,water,0.175,4.34,partial,0,11.9,1
E-001830,IK-01-00218,IK-05-00978,IK01,IK05,electricity,0.484,0.0,partial,0,1.1,1
E-001831,IK-01-00047,IK-05-00978,IK01,IK05,electricity,0.484,0.0,partial,0,10.0,0
E-001832,IK-08-01743,IK-05-00978,IK08,IK05,transport,0.215,8.22,partial,0,9.4,0
E-001833,IK-08-01701,IK-05-00978,IK08,IK05,transport,0.215,8.55,partial,0,16.3,1
E-001834,IK-06-01147,IK-05-00978,IK06,IK05,water,0.17,4.06,partial,0,9.0,0
E-001835,IK-06-01211,IK-05-00978,IK06,IK05,water,0.17,4.12,partial,0,4.9,1
E-001836,IK-01-00101,IK-05-00979,IK01,IK05,electricity,0.394,0.0,partial,0,4.2,1
E-001837,IK-01-00141,IK-05-00979,IK01,IK05,electricity,0.394,0.0,partial,0,6.2,0
E-001838,IK-08-01745,IK-05-00979,IK08,IK05,transport,0.174,8.58,partial,0,11.1,1
E-001839,IK-08-01781,IK-05-00979,IK08,IK05,transport,0.174,8.51,partial,0,10.7,1
E-001840,IK-06-01094,IK-05-00979,IK06,IK05,water,0.333,4.35,none,0,15.0,0
E-001841,IK-01-00164,IK-05-00980,IK01,IK05,electricity,0.766,0.0,none,0,6.0,1
E-001842,IK-08-01689,IK-05-00980,IK08,IK05,transport,0.355,8.2,none,0,6.8,1
E-001843,IK-06-01152,IK-05-00980,IK06,IK05,water,0.37,4.43,none,0,1.4,0
E-001844,IK-01-00047,IK-05-00981,IK01,IK05,electricity,0.981,0.0,none,0,4.7,0
E-001845,IK-08-01757,IK-05-00981,IK08,IK05,transport,0.373,8.27,none,0,6.0,0
E-001846,IK-06-01147,IK-05-00981,IK06,IK05,water,0.313,4.37,none,0,7.4,0
E-001847,IK-01-00057,IK-05-00982,IK01,IK05,electricity,0.492,0.0,partial,0,4.8,0
E-001848,IK-01-00214,IK-05-00982,IK01,IK05,electricity,0.492,0.0,partial,0,13.8,0
E-001849,IK-08-01643,IK-05-00982,IK08,IK05,transport,0.389,8.01,none,0,8.9,0
E-001850,IK-06-01144,IK-05-00982,IK06,IK05,water,0.331,4.04,none,0,15.6,0
E-001851,IK-01-00060,IK-05-00983,IK01,IK05,electricity,0.971,0.0,none,0,8.8,0
E-001852,IK-08-01773,IK-05-00983,IK08,IK05,transport,0.374,8.26,none,0,5.0,1
E-001853,IK-06-01162,IK-05-00983,IK06,IK05,water,0.332,4.03,none,0,8.2,1
E-001854,IK-01-00097,IK-05-00984,IK01,IK05,electricity,0.867,0.0,none,0,7.1,1
E-001855,IK-08-01667,IK-05-00984,IK08,IK05,transport,0.38,8.15,none,0,15.3,0
E-001856,IK-06-01193,IK-05-00984,IK06,IK05,water,0.386,4.03,none,0,8.8,0
E-001857,IK-01-00135,IK-05-00985,IK01,IK05,electricity,0.954,0.0,none,0,6.2,0
E-001858,IK-08-01786,IK-05-00985,IK08,IK05,transport,0.426,8.1,none,0,10.8,0
E-001859,IK-06-01210,IK-05-00985,IK06,IK05,water,0.376,4.37,none,0,4.6,0
E-001860,IK-01-00083,IK-05-00986,IK01,IK05,electricity,0.992,0.0,none,0,12.4,1
E-001861,IK-08-01636,IK-05-00986,IK08,IK05,transport,0.384,8.25,none,0,7.7,0
E-001862,IK-06-01229,IK-05-00986,IK06,IK05,water,0.3,4.09,none,0,3.5,0
E-001863,IK-01-00071,IK-05-00987,IK01,IK05,electricity,0.887,0.0,none,0,10.3,0
E-001864,IK-08-01682,IK-05-00987,IK08,IK05,transport,0.202,8.49,partial,0,8.8,1
E-001865,IK-08-01728,IK-05-00987,IK08,IK05,transport,0.202,8.4,partial,0,5.0,0
E-001866,IK-06-01070,IK-05-00987,IK06,IK05,water,0.303,4.55,none,0,7.0,0
E-001867,IK-01-00057,IK-05-00988,IK01,IK05,electricity,0.469,0.0,partial,0,13.0,1
E-001868,IK-01-00137,IK-05-00988,IK01,IK05,electricity,0.469,0.0,partial,0,11.1,0
E-001869,IK-08-01697,IK-05-00988,IK08,IK05,transport,0.413,8.41,none,0,14.2,0
E-001870,IK-06-01144,IK-05-00988,IK06,IK05,water,0.324,4.1,none,0,7.6,1
E-001871,IK-01-00119,IK-05-00989,IK01,IK05,electricity,0.973,0.0,none,0,7.6,0
E-001872,IK-08-01749,IK-05-00989,IK08,IK05,transport,0.37,8.13,none,0,11.0,0
E-001873,IK-06-01238,IK-05-00989,IK06,IK05,water,0.33,4.17,none,0,8.8,0
E-001874,IK-01-00045,IK-05-00990,IK01,IK05,electricity,0.872,0.0,none,0,10.7,0
E-001875,IK-08-01648,IK-05-00990,IK08,IK05,transport,0.173,8.0,partial,0,1.0,0
E-001876,IK-08-01626,IK-05-00990,IK08,IK05,transport,0.173,8.4,partial,0,13.0,0
E-001877,IK-06-01176,IK-05-00990,IK06,IK05,water,0.352,4.53,none,0,7.4,0
E-001878,IK-01-00235,IK-05-00991,IK01,IK05,electricity,0.997,0.0,none,0,12.0,1
E-001879,IK-08-01791,IK-05-00991,IK08,IK05,transport,0.408,8.19,none,0,4.7,0
E-001880,IK-06-01119,IK-05-00991,IK06,IK05,water,0.337,4.09,none,0,8.6,0
E-001881,IK-01-00119,IK-05-00992,IK01,IK05,electricity,0.869,0.0,none,0,9.7,0
E-001882,IK-08-01759,IK-05-00992,IK08,IK05,transport,0.36,8.56,none,0,7.3,0
E-001883,IK-06-01172,IK-05-00992,IK06,IK05,water,0.357,4.22,none,0,7.9,0
E-001884,IK-01-00138,IK-05-00993,IK01,IK05,electricity,0.885,0.0,none,0,9.3,0
E-001885,IK-08-01644,IK-05-00993,IK08,IK05,transport,0.386,8.42,none,0,6.9,1
E-001886,IK-06-01084,IK-05-00993,IK06,IK05,water,0.35,4.19,none,0,6.3,0
E-001887,IK-01-00142,IK-05-00994,IK01,IK05,electricity,0.945,0.0,none,0,11.0,0
E-001888,IK-08-01717,IK-05-00994,IK08,IK05,transport,0.224,8.13,partial,0,14.1,0
E-001889,IK-08-01786,IK-05-00994,IK08,IK05,transport,0.224,8.3,partial,0,8.9,1
E-001890,IK-06-01204,IK-05-00994,IK06,IK05,water,0.333,4.45,none,0,12.7,0
E-001891,IK-01-00210,IK-05-00995,IK01,IK05,electricity,0.475,0.0,partial,0,4.5,0
E-001892,IK-01-00090,IK-05-00995,IK01,IK05,electricity,0.475,0.0,partial,0,9.7,0
E-001893,IK-08-01644,IK-05-00995,IK08,IK05,transport,0.391,8.18,none,0,6.8,1
E-001894,IK-06-01084,IK-05-00995,IK06,IK05,water,0.351,4.06,none,0,12.7,1
E-001895,IK-01-00116,IK-05-00996,IK01,IK05,electricity,0.819,0.0,none,0,7.6,1
E-001896,IK-08-01719,IK-05-00996,IK08,IK05,transport,0.408,8.41,none,0,9.4,0
E-001897,IK-06-01168,IK-05-00996,IK06,IK05,water,0.332,4.59,none,0,9.3,0
E-001898,IK-01-00073,IK-05-00997,IK01,IK05,electricity,0.885,0.0,none,0,11.1,1
E-001899,IK-08-01645,IK-05-00997,IK08,IK05,transport,0.438,8.58,none,0,8.6,0
E-001900,IK-06-01135,IK-05-00997,IK06,IK05,water,0.337,4.55,none,0,13.5,0
E-001901,IK-01-00066,IK-05-00998,IK01,IK05,electricity,0.954,0.0,none,0,1.0,0
E-001902,IK-08-01709,IK-05-00998,IK08,IK05,transport,0.224,8.04,partial,0,8.3,1
E-001903,IK-08-01715,IK-05-00998,IK08,IK05,transport,0.224,8.24,partial,0,8.3,1
E-001904,IK-06-01129,IK-05-00998,IK06,IK05,water,0.346,4.58,none,0,8.2,0
E-001905,IK-01-00082,IK-05-00999,IK01,IK05,electricity,0.827,0.0,none,0,11.6,0
E-001906,IK-08-01793,IK-05-00999,IK08,IK05,transport,0.446,8.13,none,0,9.2,0
E-001907,IK-06-01150,IK-05-00999,IK06,IK05,water,0.387,4.35,none,0,7.5,1
E-001908,IK-01-00055,IK-05-01000,IK01,IK05,electricity,0.953,0.0,none,0,9.6,1
E-001909,IK-08-01799,IK-05-01000,IK08,IK05,transport,0.2,8.36,partial,0,6.8,1
E-001910,IK-08-01654,IK-05-01000,IK08,IK05,transport,0.2,8.07,partial,0,8.9,0
E-001911,IK-06-01180,IK-05-01000,IK06,IK05,water,0.321,4.01,none,0,1.7,0
E-001912,IK-01-00102,IK-05-01001,IK01,IK05,electricity,0.943,0.0,none,0,7.3,0
E-001913,IK-08-01812,IK-05-01001,IK08,IK05,transport,0.363,8.17,none,0,6.5,0
E-001914,IK-06-01196,IK-05-01001,IK06,IK05,water,0.34,4.34,none,0,4.8,0
E-001915,IK-01-00122,IK-05-01002,IK01,IK05,electricity,0.809,0.0,none,0,8.3,0
E-001916,IK-08-01686,IK-05-01002,IK08,IK05,transport,0.397,8.48,none,0,10.1,1
E-001917,IK-06-01083,IK-05-01002,IK06,IK05,water,0.386,4.49,none,0,9.7,0
E-001918,IK-01-00110,IK-05-01003,IK01,IK05,electricity,0.785,0.0,none,0,14.1,0
E-001919,IK-08-01668,IK-05-01003,IK08,IK05,transport,0.185,8.09,partial,0,11.5,0
E-001920,IK-08-01816,IK-05-01003,IK08,IK05,transport,0.185,8.16,partial,0,6.4,1
E-001921,IK-06-01156,IK-05-01003,IK06,IK05,water,0.32,4.27,none,0,12.7,0
E-001922,IK-01-00057,IK-05-01004,IK01,IK05,electricity,1.0,0.0,none,0,13.1,0
E-001923,IK-08-01697,IK-05-01004,IK08,IK05,transport,0.422,8.44,none,0,11.7,1
E-001924,IK-06-01144,IK-05-01004,IK06,IK05,water,0.362,4.49,none,0,6.9,0
E-001925,IK-01-00144,IK-05-01005,IK01,IK05,electricity,0.85,0.0,none,0,11.0,1
E-001926,IK-08-01660,IK-05-01005,IK08,IK05,transport,0.394,8.07,none,0,10.6,1
E-001927,IK-06-01232,IK-05-01005,IK06,IK05,water,0.346,4.19,none,0,2.9,0
E-001928,IK-01-00119,IK-05-01006,IK01,IK05,electricity,0.865,0.0,none,0,8.7,0
E-001929,IK-08-01754,IK-05-01006,IK08,IK05,transport,0.354,8.17,none,0,6.5,0
E-001930,IK-06-01117,IK-05-01006,IK06,IK05,water,0.359,4.55,none,0,14.1,0
E-001931,IK-01-00041,IK-05-01007,IK01,IK05,electricity,0.788,0.0,none,0,10.6,0
E-001932,IK-08-01792,IK-05-01007,IK08,IK05,transport,0.396,8.36,none,0,9.1,1
E-001933,IK-06-01081,IK-05-01007,IK06,IK05,water,0.307,4.22,none,0,20.4,0
E-001934,IK-01-00213,IK-05-01008,IK01,IK05,electricity,0.915,0.0,none,0,1.5,0
E-001935,IK-08-01782,IK-05-01008,IK08,IK05,transport,0.356,8.04,none,0,1.7,0
E-001936,IK-06-01226,IK-05-01008,IK06,IK05,water,0.357,4.35,none,0,8.6,0
E-001937,IK-01-00070,IK-05-01009,IK01,IK05,electricity,0.766,0.0,none,0,9.4,0
E-001938,IK-08-01756,IK-05-01009,IK08,IK05,transport,0.415,8.51,none,0,11.1,0
E-001939,IK-06-01177,IK-05-01009,IK06,IK05,water,0.309,4.11,none,0,4.2,1
E-001940,IK-01-00130,IK-05-01010,IK01,IK05,electricity,0.967,0.0,none,0,10.1,1
E-001941,IK-08-01777,IK-05-01010,IK08,IK05,transport,0.222,8.55,partial,0,11.8,0
E-001942,IK-08-01705,IK-05-01010,IK08,IK05,transport,0.222,8.53,partial,0,4.9,1
E-001943,IK-06-01120,IK-05-01010,IK06,IK05,water,0.368,4.37,none,0,3.9,0
E-001944,IK-01-00072,IK-05-01011,IK01,IK05,electricity,0.443,0.0,partial,0,6.4,1
E-001945,IK-01-00107,IK-05-01011,IK01,IK05,electricity,0.443,0.0,partial,0,5.1,0
E-001946,IK-08-01809,IK-05-01011,IK08,IK05,transport,0.358,8.11,none,0,5.4,1
E-001947,IK-06-01109,IK-05-01011,IK06,IK05,water,0.192,4.48,partial,0,9.8,0
E-001948,IK-06-01189,IK-05-01011,IK06,IK05,water,0.192,4.26,partial,0,5.8,0
E-001949,IK-01-00216,IK-05-01012,IK01,IK05,electricity,0.92,0.0,none,0,7.0,0
E-001950,IK-08-01658,IK-05-01012,IK08,IK05,transport,0.193,8.38,partial,0,15.8,0
E-001951,IK-08-01651,IK-05-01012,IK08,IK05,transport,0.193,8.01,partial,0,6.3,1
E-001952,IK-06-01087,IK-05-01012,IK06,IK05,water,0.381,4.47,none,0,3.5,0
E-001953,IK-01-00193,IK-05-01013,IK01,IK05,electricity,0.398,0.0,partial,0,14.7,0
E-001954,IK-01-00112,IK-05-01013,IK01,IK05,electricity,0.398,0.0,partial,0,8.6,0
E-001955,IK-08-01753,IK-05-01013,IK08,IK05,transport,0.353,8.31,none,0,6.3,1
E-001956,IK-06-01106,IK-05-01013,IK06,IK05,water,0.31,4.23,none,0,7.3,1
E-001957,IK-01-00116,IK-05-01014,IK01,IK05,electricity,0.821,0.0,none,0,7.8,1
E-001958,IK-08-01625,IK-05-01014,IK08,IK05,transport,0.357,8.6,none,0,5.5,0
E-001959,IK-06-01073,IK-05-01014,IK06,IK05,water,0.305,4.01,none,0,9.4,0
E-001960,IK-01-00151,IK-05-01015,IK01,IK05,electricity,0.881,0.0,none,0,8.5,1
E-001961,IK-08-01806,IK-05-01015,IK08,IK05,transport,0.425,8.14,none,0,3.1,1
E-001962,IK-06-01178,IK-05-01015,IK06,IK05,water,0.374,4.41,none,0,7.9,1
E-001963,IK-01-00217,IK-05-01016,IK01,IK05,electricity,0.891,0.0,none,0,8.9,1
E-001964,IK-08-01768,IK-05-01016,IK08,IK05,transport,0.403,8.42,none,0,10.8,0
E-001965,IK-06-01234,IK-05-01016,IK06,IK05,water,0.304,4.04,none,0,5.5,0
E-001966,IK-01-00057,IK-05-01017,IK01,IK05,electricity,0.804,0.0,none,0,11.7,0
E-001967,IK-08-01643,IK-05-01017,IK08,IK05,transport,0.36,8.47,none,0,4.9,1
E-001968,IK-06-01144,IK-05-01017,IK06,IK05,water,0.364,4.53,none,0,4.8,0
E-001969,IK-01-00157,IK-05-01018,IK01,IK05,electricity,0.811,0.0,none,0,2.3,0
E-001970,IK-08-01660,IK-05-01018,IK08,IK05,transport,0.361,8.25,none,0,16.3,0
E-001971,IK-06-01232,IK-05-01018,IK06,IK05,water,0.358,4.06,none,0,8.7,1
E-001972,IK-01-00058,IK-05-01019,IK01,IK05,electricity,0.966,0.0,none,0,8.7,1
E-001973,IK-08-01698,IK-05-01019,IK08,IK05,transport,0.349,8.04,none,0,6.9,1
E-001974,IK-06-01086,IK-05-01019,IK06,IK05,water,0.386,4.13,none,0,9.4,0
E-001975,IK-01-00205,IK-05-01020,IK01,IK05,electricity,0.877,0.0,none,0,5.3,0
E-001976,IK-08-01790,IK-05-01020,IK08,IK05,transport,0.38,8.42,none,0,10.8,0
E-001977,IK-06-01146,IK-05-01020,IK06,IK05,water,0.165,4.2,partial,0,2.2,1
E-001978,IK-06-01221,IK-05-01020,IK06,IK05,water,0.165,4.32,partial,0,4.9,1
E-001979,IK-01-00105,IK-05-01021,IK01,IK05,electricity,0.799,0.0,none,0,10.9,1
E-001980,IK-08-01746,IK-05-01021,IK08,IK05,transport,0.374,8.57,none,0,8.3,0
E-001981,IK-06-01224,IK-05-01021,IK06,IK05,water,0.317,4.53,none,0,11.8,0
E-001982,IK-01-00219,IK-05-01022,IK01,IK05,electricity,0.867,0.0,none,0,1.8,0
E-001983,IK-08-01735,IK-05-01022,IK08,IK05,transport,0.436,8.46,none,0,9.1,0
E-001984,IK-06-01110,IK-05-01022,IK06,IK05,water,0.19,4.5,partial,0,15.6,0
E-001985,IK-06-01071,IK-05-01022,IK06,IK05,water,0.19,4.11,partial,0,6.1,1
E-001986,IK-01-00097,IK-05-01023,IK01,IK05,electricity,0.872,0.0,none,0,12.5,0
E-001987,IK-08-01718,IK-05-01023,IK08,IK05,transport,0.393,8.16,none,0,9.0,0
E-001988,IK-06-01166,IK-05-01023,IK06,IK05,water,0.336,4.23,none,0,11.7,1
E-001989,IK-01-00117,IK-05-01024,IK01,IK05,electricity,0.957,0.0,none,0,9.9,0
E-001990,IK-08-01663,IK-05-01024,IK08,IK05,transport,0.34,8.57,none,0,3.0,0
E-001991,IK-06-01081,IK-05-01024,IK06,IK05,water,0.38,4.13,none,0,11.2,0
E-001992,IK-01-00168,IK-05-01025,IK01,IK05,electricity,0.954,0.0,none,0,14.4,0
E-001993,IK-08-01750,IK-05-01025,IK08,IK05,transport,0.369,8.36,none,0,6.5,0
E-001994,IK-06-01159,IK-05-01025,IK06,IK05,water,0.185,4.12,partial,0,6.5,0
E-001995,IK-06-01167,IK-05-01025,IK06,IK05,water,0.185,4.26,partial,0,6.6,0
E-001996,IK-01-00195,IK-05-01026,IK01,IK05,electricity,0.465,0.0,partial,0,9.5,0
E-001997,IK-01-00063,IK-05-01026,IK01,IK05,electricity,0.465,0.0,partial,0,8.0,0
E-001998,IK-08-01807,IK-05-01026,IK08,IK05,transport,0.192,8.33,partial,0,8.1,0
E-001999,IK-08-01780,IK-05-01026,IK08,IK05,transport,0.192,8.43,partial,0,8.3,1
E-002000,IK-06-01102,IK-05-01026,IK06,IK05,water,0.332,4.13,none,0,6.4,0
E-002001,IK-01-00068,IK-05-01027,IK01,IK05,electricity,0.969,0.0,none,0,6.7,0
E-002002,IK-08-01737,IK-05-01027,IK08,IK05,transport,0.173,8.2,partial,0,12.9,0
E-002003,IK-08-01813,IK-05-01027,IK08,IK05,transport,0.173,8.25,partial,0,4.5,1
E-002004,IK-06-01142,IK-05-01027,IK06,IK05,water,0.177,4.49,partial,0,5.7,1
E-002005,IK-06-01164,IK-05-01027,IK06,IK05,water,0.177,4.26,partial,0,8.8,0
E-002006,IK-01-00060,IK-05-01028,IK01,IK05,electricity,0.797,0.0,none,0,7.0,1
E-002007,IK-08-01773,IK-05-01028,IK08,IK05,transport,0.405,8.3,none,0,4.7,0
E-002008,IK-06-01079,IK-05-01028,IK06,IK05,water,0.168,4.03,partial,0,7.4,0
E-002009,IK-06-01162,IK-05-01028,IK06,IK05,water,0.168,4.12,partial,0,5.9,0
E-002010,IK-01-00104,IK-05-01029,IK01,IK05,electricity,0.925,0.0,none,0,14.0,0
E-002011,IK-08-01712,IK-05-01029,IK08,IK05,transport,0.202,8.5,partial,0,5.3,1
E-002012,IK-08-01719,IK-05-01029,IK08,IK05,transport,0.202,8.22,partial,0,8.4,1
E-002013,IK-06-01220,IK-05-01029,IK06,IK05,water,0.388,4.06,none,0,6.4,0
E-002014,IK-01-00149,IK-05-01030,IK01,IK05,electricity,0.778,0.0,none,0,7.5,1
E-002015,IK-08-01730,IK-05-01030,IK08,IK05,transport,0.413,8.37,none,0,2.8,1
E-002016,IK-06-01166,IK-05-01030,IK06,IK05,water,0.308,4.1,none,0,13.2,0
E-002017,IK-01-00144,IK-05-01031,IK01,IK05,electricity,0.792,0.0,none,0,2.9,0
E-002018,IK-08-01704,IK-05-01031,IK08,IK05,transport,0.4,8.24,none,0,13.6,0
E-002019,IK-06-01236,IK-05-01031,IK06,IK05,water,0.177,4.32,partial,0,11.7,0
E-002020,IK-06-01212,IK-05-01031,IK06,IK05,water,0.177,4.25,partial,0,8.6,1
E-002021,IK-01-00205,IK-05-01032,IK01,IK05,electricity,0.785,0.0,none,0,6.2,0
E-002022,IK-08-01763,IK-05-01032,IK08,IK05,transport,0.441,8.07,none,0,6.9,0
E-002023,IK-06-01151,IK-05-01032,IK06,IK05,water,0.18,4.45,partial,0,7.9,1
E-002024,IK-06-01211,IK-05-01032,IK06,IK05,water,0.18,4.06,partial,0,1.0,0
E-002025,IK-01-00081,IK-05-01033,IK01,IK05,electricity,0.81,0.0,none,0,4.5,0
E-002026,IK-08-01626,IK-05-01033,IK08,IK05,transport,0.222,8.57,partial,0,8.7,1
E-002027,IK-08-01806,IK-05-01033,IK08,IK05,transport,0.222,8.22,partial,0,4.9,0
E-002028,IK-06-01171,IK-05-01033,IK06,IK05,water,0.342,4.11,none,0,7.4,0
E-002029,IK-01-00167,IK-05-01034,IK01,IK05,electricity,0.989,0.0,none,0,11.6,0
E-002030,IK-08-01670,IK-05-01034,IK08,IK05,transport,0.419,8.15,none,0,7.6,0
E-002031,IK-06-01079,IK-05-01034,IK06,IK05,water,0.313,4.21,none,0,6.3,0
E-002032,IK-01-00235,IK-05-01035,IK01,IK05,electricity,0.394,0.0,partial,0,3.4,1
E-002033,IK-01-00203,IK-05-01035,IK01,IK05,electricity,0.394,0.0,partial,0,7.0,1
E-002034,IK-08-01791,IK-05-01035,IK08,IK05,transport,0.443,8.44,none,0,6.0,0
E-002035,IK-06-01119,IK-05-01035,IK06,IK05,water,0.388,4.05,none,0,2.8,1
E-002036,IK-01-00102,IK-05-01036,IK01,IK05,electricity,1.0,0.0,none,0,11.3,0
E-002037,IK-08-01742,IK-05-01036,IK08,IK05,transport,0.389,8.24,none,0,7.3,1
E-002038,IK-06-01196,IK-05-01036,IK06,IK05,water,0.309,4.54,none,0,1.0,1
E-002039,IK-01-00135,IK-05-01037,IK01,IK05,electricity,0.949,0.0,none,0,17.0,1
E-002040,IK-08-01786,IK-05-01037,IK08,IK05,transport,0.37,8.51,none,0,8.0,1
E-002041,IK-06-01121,IK-05-01037,IK06,IK05,water,0.307,4.24,none,0,7.6,0
E-002042,IK-01-00119,IK-05-01038,IK01,IK05,electricity,0.895,0.0,none,0,2.9,0
E-002043,IK-08-01759,IK-05-01038,IK08,IK05,transport,0.425,8.38,none,0,1.6,1
E-002044,IK-06-01181,IK-05-01038,IK06,IK05,water,0.313,4.07,none,0,6.4,0
E-002045,IK-01-00203,IK-05-01039,IK01,IK05,electricity,0.959,0.0,none,0,8.3,0
E-002046,IK-08-01791,IK-05-01039,IK08,IK05,transport,0.446,8.34,none,0,11.6,0
E-002047,IK-06-01107,IK-05-01039,IK06,IK05,water,0.299,4.14,none,0,17.0,1
E-002048,IK-01-00060,IK-05-01040,IK01,IK05,electricity,0.813,0.0,none,0,9.9,0
E-002049,IK-08-01800,IK-05-01040,IK08,IK05,transport,0.199,8.24,partial,0,15.2,1
E-002050,IK-08-01773,IK-05-01040,IK08,IK05,transport,0.199,8.5,partial,0,23.5,1
E-002051,IK-06-01162,IK-05-01040,IK06,IK05,water,0.315,4.35,none,0,2.6,1
E-002052,IK-01-00228,IK-05-01041,IK01,IK05,electricity,0.941,0.0,none,0,11.3,0
E-002053,IK-08-01704,IK-05-01041,IK08,IK05,transport,0.405,8.04,none,0,10.2,0
E-002054,IK-06-01236,IK-05-01041,IK06,IK05,water,0.174,4.28,partial,0,13.1,0
E-002055,IK-06-01212,IK-05-01041,IK06,IK05,water,0.174,4.24,partial,0,10.1,1
E-002056,IK-01-00197,IK-05-01042,IK01,IK05,electricity,0.869,0.0,none,0,15.7,0
E-002057,IK-08-01794,IK-05-01042,IK08,IK05,transport,0.345,8.3,none,0,13.3,0
E-002058,IK-06-01189,IK-05-01042,IK06,IK05,water,0.304,4.2,none,0,8.9,0
E-002059,IK-01-00186,IK-05-01043,IK01,IK05,electricity,1.0,0.0,none,0,2.6,1
E-002060,IK-08-01657,IK-05-01043,IK08,IK05,transport,0.364,8.15,none,0,6.8,0
E-002061,IK-06-01090,IK-05-01043,IK06,IK05,water,0.391,4.5,none,0,1.6,1
E-002062,IK-01-00119,IK-05-01044,IK01,IK05,electricity,0.464,0.0,partial,0,6.9,0
E-002063,IK-01-00091,IK-05-01044,IK01,IK05,electricity,0.464,0.0,partial,0,5.8,0
E-002064,IK-08-01749,IK-05-01044,IK08,IK05,transport,0.397,8.43,none,0,13.6,1
E-002065,IK-06-01117,IK-05-01044,IK06,IK05,water,0.364,4.07,none,0,7.2,1
E-002066,IK-01-00155,IK-05-01045,IK01,IK05,electricity,0.455,0.0,partial,0,6.5,0
E-002067,IK-01-00186,IK-05-01045,IK01,IK05,electricity,0.455,0.0,partial,0,10.0,0
E-002068,IK-08-01625,IK-05-01045,IK08,IK05,transport,0.358,8.23,none,0,9.1,0
E-002069,IK-06-01090,IK-05-01045,IK06,IK05,water,0.39,4.08,none,0,13.9,0
E-002070,IK-01-00160,IK-05-01046,IK01,IK05,electricity,0.78,0.0,none,0,6.3,0
E-002071,IK-08-01717,IK-05-01046,IK08,IK05,transport,0.218,8.26,partial,0,14.6,0
E-002072,IK-08-01616,IK-05-01046,IK08,IK05,transport,0.218,8.54,partial,0,7.9,0
E-002073,IK-06-01239,IK-05-01046,IK06,IK05,water,0.178,4.32,partial,0,6.0,1
E-002074,IK-06-01114,IK-05-01046,IK06,IK05,water,0.178,4.04,partial,0,8.7,0
E-002075,IK-01-00082,IK-05-01047,IK01,IK05,electricity,0.942,0.0,none,0,8.0,0
E-002076,IK-08-01793,IK-05-01047,IK08,IK05,transport,0.402,8.57,none,0,6.6,1
E-002077,IK-06-01150,IK-05-01047,IK06,IK05,water,0.361,4.45,none,0,13.0,0
E-002078,IK-01-00060,IK-05-01048,IK01,IK05,electricity,1.0,0.0,none,0,14.8,0
E-002079,IK-08-01770,IK-05-01048,IK08,IK05,transport,0.418,8.02,none,0,4.2,0
E-002080,IK-06-01191,IK-05-01048,IK06,IK05,water,0.301,4.34,none,0,3.8,0
E-002081,IK-01-00118,IK-05-01049,IK01,IK05,electricity,0.89,0.0,none,0,9.0,1
E-002082,IK-08-01624,IK-05-01049,IK08,IK05,transport,0.19,8.46,partial,0,13.6,0
E-002083,IK-08-01729,IK-05-01049,IK08,IK05,transport,0.19,8.02,partial,0,9.6,1
E-002084,IK-06-01111,IK-05-01049,IK06,IK05,water,0.315,4.53,none,0,10.7,0
E-002085,IK-01-00195,IK-05-01050,IK01,IK05,electricity,0.827,0.0,none,0,16.9,0
E-002086,IK-08-01780,IK-05-01050,IK08,IK05,transport,0.173,8.47,partial,0,9.4,1
E-002087,IK-08-01737,IK-05-01050,IK08,IK05,transport,0.173,8.25,partial,0,5.6,0
E-002088,IK-06-01142,IK-05-01050,IK06,IK05,water,0.38,4.11,none,0,5.8,0
E-002089,IK-01-00210,IK-05-01051,IK01,IK05,electricity,0.941,0.0,none,0,7.5,0
E-002090,IK-08-01651,IK-05-01051,IK08,IK05,transport,0.403,8.0,none,0,7.7,0
E-002091,IK-06-01209,IK-05-01051,IK06,IK05,water,0.364,4.45,none,0,2.5,1
E-002092,IK-01-00085,IK-05-01052,IK01,IK05,electricity,0.828,0.0,none,0,4.8,0
E-002093,IK-08-01693,IK-05-01052,IK08,IK05,transport,0.354,8.42,none,0,12.7,1
E-002094,IK-06-01109,IK-05-01052,IK06,IK05,water,0.318,4.18,none,0,9.6,1
E-002095,IK-01-00083,IK-05-01053,IK01,IK05,electricity,0.861,0.0,none,0,6.8,1
E-002096,IK-08-01636,IK-05-01053,IK08,IK05,transport,0.404,8.29,none,0,6.1,0
E-002097,IK-06-01229,IK-05-01053,IK06,IK05,water,0.164,4.37,partial,0,11.7,1
E-002098,IK-06-01189,IK-05-01053,IK06,IK05,water,0.164,4.27,partial,0,5.2,0
E-002099,IK-01-00211,IK-05-01054,IK01,IK05,electricity,0.775,0.0,none,0,1.0,0
E-002100,IK-08-01678,IK-05-01054,IK08,IK05,transport,0.346,8.53,none,0,6.5,1
E-002101,IK-06-01064,IK-05-01054,IK06,IK05,water,0.326,4.18,none,0,9.1,0
E-002102,IK-01-00170,IK-05-01055,IK01,IK05,electricity,0.914,0.0,none,0,8.2,1
E-002103,IK-08-01723,IK-05-01055,IK08,IK05,transport,0.411,8.03,none,0,6.5,0
E-002104,IK-06-01234,IK-05-01055,IK06,IK05,water,0.351,4.41,none,0,5.8,0
E-002105,IK-01-00184,IK-05-01056,IK01,IK05,electricity,0.402,0.0,partial,0,11.4,0
E-002106,IK-01-00061,IK-05-01056,IK01,IK05,electricity,0.402,0.0,partial,0,13.1,1
E-002107,IK-08-01666,IK-05-01056,IK08,IK05,transport,0.196,8.54,partial,0,5.9,1
E-002108,IK-08-01631,IK-05-01056,IK08,IK05,transport,0.196,8.5,partial,0,9.2,0
E-002109,IK-06-01130,IK-05-01056,IK06,IK05,water,0.361,4.44,none,0,1.0,0
E-002110,IK-01-00240,IK-05-01057,IK01,IK05,electricity,0.809,0.0,none,0,14.3,1
E-002111,IK-08-01747,IK-05-01057,IK08,IK05,transport,0.447,8.06,none,0,5.5,0
E-002112,IK-06-01192,IK-05-01057,IK06,IK05,water,0.17,4.48,partial,0,6.4,0
E-002113,IK-06-01150,IK-05-01057,IK06,IK05,water,0.17,4.36,partial,0,1.9,1
E-002114,IK-01-00221,IK-05-01058,IK01,IK05,electricity,0.385,0.0,partial,0,14.3,1
E-002115,IK-01-00126,IK-05-01058,IK01,IK05,electricity,0.385,0.0,partial,0,9.2,0
E-002116,IK-08-01712,IK-05-01058,IK08,IK05,transport,0.427,8.22,none,0,9.9,1
E-002117,IK-06-01220,IK-05-01058,IK06,IK05,water,0.344,4.2,none,0,12.3,1
E-002118,IK-01-00178,IK-05-01059,IK01,IK05,electricity,0.871,0.0,none,0,6.1,0
E-002119,IK-08-01642,IK-05-01059,IK08,IK05,transport,0.396,8.41,none,0,11.4,0
E-002120,IK-06-01127,IK-05-01059,IK06,IK05,water,0.335,4.43,none,0,7.4,0
E-002121,IK-01-00113,IK-05-01060,IK01,IK05,electricity,0.939,0.0,none,0,12.0,0
E-002122,IK-08-01798,IK-05-01060,IK08,IK05,transport,0.177,8.49,partial,0,16.4,1
E-002123,IK-08-01783,IK-05-01060,IK08,IK05,transport,0.177,8.06,partial,0,6.3,0
E-002124,IK-06-01227,IK-05-01060,IK06,IK05,water,0.184,4.06,partial,0,8.5,0
E-002125,IK-06-01153,IK-05-01060,IK06,IK05,water,0.184,4.55,partial,0,3.8,0
E-002126,IK-01-00043,IK-06-01061,IK01,IK06,electricity,1.0,0.0,none,0,8.9,1
E-002127,IK-02-00666,IK-06-01061,IK02,IK06,telecom,0.255,2.58,none,0,12.8,1
E-002128,IK-01-00226,IK-06-01062,IK01,IK06,electricity,0.44,0.0,partial,0,4.5,0
E-002129,IK-01-00212,IK-06-01062,IK01,IK06,electricity,0.44,0.0,partial,0,1.0,1
E-002130,IK-02-00442,IK-06-01062,IK02,IK06,telecom,0.133,2.22,partial,0,6.0,0
E-002131,IK-02-00583,IK-06-01062,IK02,IK06,telecom,0.133,2.0,partial,0,10.5,0
E-002132,IK-01-00096,IK-06-01063,IK01,IK06,electricity,0.512,0.0,partial,0,10.7,1
E-002133,IK-01-00232,IK-06-01063,IK01,IK06,electricity,0.512,0.0,partial,0,3.5,1
E-002134,IK-02-00558,IK-06-01063,IK02,IK06,telecom,0.118,2.54,partial,0,13.9,0
E-002135,IK-02-00665,IK-06-01063,IK02,IK06,telecom,0.118,2.33,partial,0,8.2,0
E-002136,IK-01-00162,IK-06-01064,IK01,IK06,electricity,1.0,0.0,none,0,7.9,0
E-002137,IK-02-00424,IK-06-01064,IK02,IK06,telecom,0.111,2.09,partial,0,3.2,1
E-002138,IK-02-00443,IK-06-01064,IK02,IK06,telecom,0.111,2.5,partial,0,7.9,0
E-002139,IK-01-00118,IK-06-01065,IK01,IK06,electricity,0.981,0.0,none,0,8.8,0
E-002140,IK-02-00613,IK-06-01065,IK02,IK06,telecom,0.112,2.33,partial,0,11.7,1
E-002141,IK-02-00511,IK-06-01065,IK02,IK06,telecom,0.112,2.43,partial,0,12.4,1
E-002142,IK-01-00226,IK-06-01066,IK01,IK06,electricity,0.407,0.0,partial,0,1.0,0
E-002143,IK-01-00212,IK-06-01066,IK01,IK06,electricity,0.407,0.0,partial,0,10.5,1
E-002144,IK-02-00442,IK-06-01066,IK02,IK06,telecom,0.227,2.21,none,0,1.0,0
E-002145,IK-01-00182,IK-06-01067,IK01,IK06,electricity,0.828,0.0,none,0,5.6,0
E-002146,IK-02-00447,IK-06-01067,IK02,IK06,telecom,0.112,2.3,partial,0,1.0,1
E-002147,IK-02-00638,IK-06-01067,IK02,IK06,telecom,0.112,2.52,partial,0,1.4,0
E-002148,IK-01-00192,IK-06-01068,IK01,IK06,electricity,0.434,0.0,partial,0,1.0,0
E-002149,IK-01-00190,IK-06-01068,IK01,IK06,electricity,0.434,0.0,partial,0,3.7,1
E-002150,IK-02-00585,IK-06-01068,IK02,IK06,telecom,0.238,2.55,none,0,6.9,0
E-002151,IK-01-00207,IK-06-01069,IK01,IK06,electricity,0.438,0.0,partial,0,4.8,0
E-002152,IK-01-00101,IK-06-01069,IK01,IK06,electricity,0.438,0.0,partial,0,14.1,0
E-002153,IK-02-00485,IK-06-01069,IK02,IK06,telecom,0.133,2.04,partial,0,7.8,0
E-002154,IK-02-00554,IK-06-01069,IK02,IK06,telecom,0.133,2.36,partial,0,6.5,0
E-002155,IK-01-00071,IK-06-01070,IK01,IK06,electricity,1.0,0.0,none,0,8.8,1
E-002156,IK-02-00590,IK-06-01070,IK02,IK06,telecom,0.218,2.56,none,0,18.6,0
E-002157,IK-01-00061,IK-06-01071,IK01,IK06,electricity,0.977,0.0,none,0,5.9,1
E-002158,IK-02-00537,IK-06-01071,IK02,IK06,telecom,0.235,2.59,none,0,5.8,1
E-002159,IK-01-00215,IK-06-01072,IK01,IK06,electricity,1.0,0.0,none,0,7.6,0
E-002160,IK-02-00589,IK-06-01072,IK02,IK06,telecom,0.129,2.24,partial,0,14.1,0
E-002161,IK-02-00531,IK-06-01072,IK02,IK06,telecom,0.129,2.16,partial,0,8.0,1
E-002162,IK-01-00116,IK-06-01073,IK01,IK06,electricity,0.882,0.0,none,0,10.7,1
E-002163,IK-02-00511,IK-06-01073,IK02,IK06,telecom,0.126,2.36,partial,0,3.3,0
E-002164,IK-02-00613,IK-06-01073,IK02,IK06,telecom,0.126,2.39,partial,0,13.4,0
E-002165,IK-01-00062,IK-06-01074,IK01,IK06,electricity,1.0,0.0,none,0,4.0,1
E-002166,IK-02-00669,IK-06-01074,IK02,IK06,telecom,0.116,2.41,partial,0,9.9,1
E-002167,IK-02-00602,IK-06-01074,IK02,IK06,telecom,0.116,2.27,partial,0,11.2,0
E-002168,IK-01-00234,IK-06-01075,IK01,IK06,electricity,0.868,0.0,none,0,3.7,1
E-002169,IK-02-00602,IK-06-01075,IK02,IK06,telecom,0.242,2.32,none,0,5.9,1
E-002170,IK-01-00213,IK-06-01076,IK01,IK06,electricity,0.519,0.0,partial,0,20.3,1
E-002171,IK-01-00224,IK-06-01076,IK01,IK06,electricity,0.519,0.0,partial,0,4.6,0
E-002172,IK-02-00652,IK-06-01076,IK02,IK06,telecom,0.266,2.03,none,0,17.3,1
E-002173,IK-01-00079,IK-06-01077,IK01,IK06,electricity,0.901,0.0,none,0,11.2,0
E-002174,IK-02-00639,IK-06-01077,IK02,IK06,telecom,0.23,2.22,none,0,10.0,1
E-002175,IK-01-00226,IK-06-01078,IK01,IK06,electricity,0.977,0.0,none,0,7.1,1
E-002176,IK-02-00442,IK-06-01078,IK02,IK06,telecom,0.235,2.58,none,0,7.2,0
E-002177,IK-01-00060,IK-06-01079,IK01,IK06,electricity,1.0,0.0,none,0,10.1,0
E-002178,IK-02-00644,IK-06-01079,IK02,IK06,telecom,0.124,2.39,partial,0,9.3,0
E-002179,IK-02-00616,IK-06-01079,IK02,IK06,telecom,0.124,2.27,partial,0,4.3,0
E-002180,IK-01-00046,IK-06-01080,IK01,IK06,electricity,0.834,0.0,none,0,2.6,0
E-002181,IK-02-00582,IK-06-01080,IK02,IK06,telecom,0.224,2.36,none,0,9.5,0
E-002182,IK-01-00041,IK-06-01081,IK01,IK06,electricity,1.0,0.0,none,0,4.2,0
E-002183,IK-02-00520,IK-06-01081,IK02,IK06,telecom,0.256,2.17,none,0,10.2,0
E-002184,IK-01-00096,IK-06-01082,IK01,IK06,electricity,1.0,0.0,none,0,7.6,1
E-002185,IK-02-00558,IK-06-01082,IK02,IK06,telecom,0.238,2.2,none,0,3.5,1
E-002186,IK-01-00122,IK-06-01083,IK01,IK06,electricity,0.495,0.0,partial,0,6.6,0
E-002187,IK-01-00129,IK-06-01083,IK01,IK06,electricity,0.495,0.0,partial,0,17.4,1
E-002188,IK-02-00620,IK-06-01083,IK02,IK06,telecom,0.236,2.4,none,0,4.6,0
E-002189,IK-01-00090,IK-06-01084,IK01,IK06,electricity,0.865,0.0,none,0,9.6,0
E-002190,IK-02-00454,IK-06-01084,IK02,IK06,telecom,0.125,2.25,partial,0,10.8,1
E-002191,IK-02-00655,IK-06-01084,IK02,IK06,telecom,0.125,2.53,partial,0,11.4,0
E-002192,IK-01-00043,IK-06-01085,IK01,IK06,electricity,0.415,0.0,partial,0,13.4,0
E-002193,IK-01-00213,IK-06-01085,IK01,IK06,electricity,0.415,0.0,partial,0,10.2,0
E-002194,IK-02-00449,IK-06-01085,IK02,IK06,telecom,0.28,2.43,none,0,1.0,0
E-002195,IK-01-00059,IK-06-01086,IK01,IK06,electricity,0.942,0.0,none,0,10.8,0
E-002196,IK-02-00521,IK-06-01086,IK02,IK06,telecom,0.271,2.24,none,0,12.9,1
E-002197,IK-01-00216,IK-06-01087,IK01,IK06,electricity,1.0,0.0,none,0,11.8,1
E-002198,IK-02-00500,IK-06-01087,IK02,IK06,telecom,0.265,2.23,none,0,9.9,0
E-002199,IK-01-00046,IK-06-01088,IK01,IK06,electricity,0.51,0.0,partial,0,12.2,0
E-002200,IK-01-00216,IK-06-01088,IK01,IK06,electricity,0.51,0.0,partial,0,4.7,0
E-002201,IK-02-00500,IK-06-01088,IK02,IK06,telecom,0.249,2.11,none,0,11.1,0
E-002202,IK-01-00213,IK-06-01089,IK01,IK06,electricity,0.832,0.0,none,0,7.1,0
E-002203,IK-02-00446,IK-06-01089,IK02,IK06,telecom,0.115,2.2,partial,0,10.4,0
E-002204,IK-02-00449,IK-06-01089,IK02,IK06,telecom,0.115,2.18,partial,0,9.3,0
E-002205,IK-01-00155,IK-06-01090,IK01,IK06,electricity,0.938,0.0,none,0,8.5,1
E-002206,IK-02-00552,IK-06-01090,IK02,IK06,telecom,0.261,2.51,none,0,11.2,0
E-002207,IK-01-00198,IK-06-01091,IK01,IK06,electricity,1.0,0.0,none,0,4.7,0
E-002208,IK-02-00469,IK-06-01091,IK02,IK06,telecom,0.231,2.34,none,0,16.6,1
E-002209,IK-01-00207,IK-06-01092,IK01,IK06,electricity,0.808,0.0,none,0,15.3,0
E-002210,IK-02-00566,IK-06-01092,IK02,IK06,telecom,0.132,2.38,partial,0,6.9,1
E-002211,IK-02-00554,IK-06-01092,IK02,IK06,telecom,0.132,2.15,partial,0,8.8,0
E-002212,IK-01-00194,IK-06-01093,IK01,IK06,electricity,0.822,0.0,none,0,11.9,0
E-002213,IK-02-00500,IK-06-01093,IK02,IK06,telecom,0.263,2.17,none,0,6.7,0
E-002214,IK-01-00101,IK-06-01094,IK01,IK06,electricity,0.981,0.0,none,0,10.3,0
E-002215,IK-02-00540,IK-06-01094,IK02,IK06,telecom,0.278,2.52,none,0,12.4,0
E-002216,IK-01-00200,IK-06-01095,IK01,IK06,electricity,0.86,0.0,none,0,7.7,1
E-002217,IK-02-00484,IK-06-01095,IK02,IK06,telecom,0.255,2.16,none,0,10.5,0
E-002218,IK-01-00096,IK-06-01096,IK01,IK06,electricity,0.866,0.0,none,0,6.8,0
E-002219,IK-02-00558,IK-06-01096,IK02,IK06,telecom,0.25,2.01,none,0,17.4,0
E-002220,IK-01-00221,IK-06-01097,IK01,IK06,electricity,0.423,0.0,partial,0,13.1,0
E-002221,IK-01-00239,IK-06-01097,IK01,IK06,electricity,0.423,0.0,partial,0,3.7,1
E-002222,IK-02-00567,IK-06-01097,IK02,IK06,telecom,0.225,2.55,none,0,9.9,0
E-002223,IK-01-00070,IK-06-01098,IK01,IK06,electricity,0.952,0.0,none,0,10.0,0
E-002224,IK-02-00467,IK-06-01098,IK02,IK06,telecom,0.223,2.47,none,0,8.5,0
E-002225,IK-01-00103,IK-06-01099,IK01,IK06,electricity,1.0,0.0,none,0,11.4,0
E-002226,IK-02-00581,IK-06-01099,IK02,IK06,telecom,0.278,2.01,none,0,7.4,0
E-002227,IK-01-00091,IK-06-01100,IK01,IK06,electricity,0.921,0.0,none,0,8.7,0
E-002228,IK-02-00575,IK-06-01100,IK02,IK06,telecom,0.13,2.2,partial,0,4.4,0
E-002229,IK-02-00635,IK-06-01100,IK02,IK06,telecom,0.13,2.19,partial,0,4.5,1
E-002230,IK-01-00157,IK-06-01101,IK01,IK06,electricity,0.511,0.0,partial,0,10.5,1
E-002231,IK-01-00161,IK-06-01101,IK01,IK06,electricity,0.511,0.0,partial,0,2.3,1
E-002232,IK-02-00544,IK-06-01101,IK02,IK06,telecom,0.268,2.53,none,0,11.5,0
E-002233,IK-01-00195,IK-06-01102,IK01,IK06,electricity,0.98,0.0,none,0,6.1,0
E-002234,IK-02-00672,IK-06-01102,IK02,IK06,telecom,0.271,2.04,none,0,7.9,1
E-002235,IK-01-00142,IK-06-01103,IK01,IK06,electricity,1.0,0.0,none,0,3.6,1
E-002236,IK-02-00543,IK-06-01103,IK02,IK06,telecom,0.113,2.32,partial,0,3.9,1
E-002237,IK-02-00432,IK-06-01103,IK02,IK06,telecom,0.113,2.44,partial,0,1.0,0
E-002238,IK-01-00234,IK-06-01104,IK01,IK06,electricity,0.434,0.0,partial,0,2.5,1
E-002239,IK-01-00215,IK-06-01104,IK01,IK06,electricity,0.434,0.0,partial,0,9.8,0
E-002240,IK-02-00669,IK-06-01104,IK02,IK06,telecom,0.23,2.38,none,0,3.8,1
E-002241,IK-01-00174,IK-06-01105,IK01,IK06,electricity,0.869,0.0,none,0,4.7,0
E-002242,IK-02-00555,IK-06-01105,IK02,IK06,telecom,0.111,2.16,partial,0,7.3,0
E-002243,IK-02-00629,IK-06-01105,IK02,IK06,telecom,0.111,2.42,partial,0,9.9,0
E-002244,IK-01-00193,IK-06-01106,IK01,IK06,electricity,0.837,0.0,none,0,1.0,0
E-002245,IK-02-00479,IK-06-01106,IK02,IK06,telecom,0.262,2.4,none,0,9.5,0
E-002246,IK-01-00203,IK-06-01107,IK01,IK06,electricity,0.809,0.0,none,0,9.0,0
E-002247,IK-02-00522,IK-06-01107,IK02,IK06,telecom,0.235,2.45,none,0,6.1,0
E-002248,IK-01-00120,IK-06-01108,IK01,IK06,electricity,0.463,0.0,partial,0,15.6,1
E-002249,IK-01-00082,IK-06-01108,IK01,IK06,electricity,0.463,0.0,partial,0,5.3,0
E-002250,IK-02-00509,IK-06-01108,IK02,IK06,telecom,0.22,2.19,none,0,4.3,1
E-002251,IK-01-00197,IK-06-01109,IK01,IK06,electricity,0.889,0.0,none,0,9.8,0
E-002252,IK-02-00528,IK-06-01109,IK02,IK06,telecom,0.124,2.56,partial,0,7.5,1
E-002253,IK-02-00656,IK-06-01109,IK02,IK06,telecom,0.124,2.09,partial,0,6.7,0
E-002254,IK-01-00145,IK-06-01110,IK01,IK06,electricity,0.967,0.0,none,0,12.1,1
E-002255,IK-02-00501,IK-06-01110,IK02,IK06,telecom,0.24,2.13,none,0,6.0,0
E-002256,IK-01-00118,IK-06-01111,IK01,IK06,electricity,0.977,0.0,none,0,4.9,0
E-002257,IK-02-00613,IK-06-01111,IK02,IK06,telecom,0.257,2.36,none,0,9.6,1
E-002258,IK-01-00167,IK-06-01112,IK01,IK06,electricity,1.0,0.0,none,0,17.6,0
E-002259,IK-02-00644,IK-06-01112,IK02,IK06,telecom,0.269,2.31,none,0,8.6,1
E-002260,IK-01-00215,IK-06-01113,IK01,IK06,electricity,0.446,0.0,partial,0,11.1,0
E-002261,IK-01-00150,IK-06-01113,IK01,IK06,electricity,0.446,0.0,partial,0,5.9,1
E-002262,IK-02-00470,IK-06-01113,IK02,IK06,telecom,0.213,2.56,none,0,8.2,0
E-002263,IK-01-00160,IK-06-01114,IK01,IK06,electricity,1.0,0.0,none,0,7.9,0
E-002264,IK-02-00674,IK-06-01114,IK02,IK06,telecom,0.261,2.04,none,0,11.7,1
E-002265,IK-01-00113,IK-06-01115,IK01,IK06,electricity,0.944,0.0,none,0,6.7,1
E-002266,IK-02-00489,IK-06-01115,IK02,IK06,telecom,0.129,2.27,partial,0,8.8,0
E-002267,IK-02-00597,IK-06-01115,IK02,IK06,telecom,0.129,2.07,partial,0,6.8,1
E-002268,IK-01-00156,IK-06-01116,IK01,IK06,electricity,0.951,0.0,none,0,11.9,0
E-002269,IK-02-00438,IK-06-01116,IK02,IK06,telecom,0.116,2.15,partial,0,5.3,1
E-002270,IK-02-00445,IK-06-01116,IK02,IK06,telecom,0.116,2.31,partial,0,6.2,0
E-002271,IK-01-00091,IK-06-01117,IK01,IK06,electricity,1.0,0.0,none,0,4.3,1
E-002272,IK-02-00575,IK-06-01117,IK02,IK06,telecom,0.266,2.14,none,0,8.7,1
E-002273,IK-01-00193,IK-06-01118,IK01,IK06,electricity,1.0,0.0,none,0,3.1,0
E-002274,IK-02-00479,IK-06-01118,IK02,IK06,telecom,0.246,2.28,none,0,9.0,0
E-002275,IK-01-00203,IK-06-01119,IK01,IK06,electricity,0.844,0.0,none,0,9.0,0
E-002276,IK-02-00642,IK-06-01119,IK02,IK06,telecom,0.239,2.23,none,0,9.4,0
E-002277,IK-01-00215,IK-06-01120,IK01,IK06,electricity,0.992,0.0,none,0,9.7,0
E-002278,IK-02-00669,IK-06-01120,IK02,IK06,telecom,0.123,2.39,partial,0,12.6,0
E-002279,IK-02-00470,IK-06-01120,IK02,IK06,telecom,0.123,2.16,partial,0,7.5,0
E-002280,IK-01-00050,IK-06-01121,IK01,IK06,electricity,0.872,0.0,none,0,11.3,1
E-002281,IK-02-00456,IK-06-01121,IK02,IK06,telecom,0.233,2.6,none,0,9.7,1
E-002282,IK-01-00160,IK-06-01122,IK01,IK06,electricity,0.808,0.0,none,0,8.0,1
E-002283,IK-02-00674,IK-06-01122,IK02,IK06,telecom,0.132,2.52,partial,0,6.6,0
E-002284,IK-02-00432,IK-06-01122,IK02,IK06,telecom,0.132,2.37,partial,0,1.8,0
E-002285,IK-01-00142,IK-06-01123,IK01,IK06,electricity,0.861,0.0,none,0,4.5,1
E-002286,IK-02-00444,IK-06-01123,IK02,IK06,telecom,0.271,2.21,none,0,12.2,1
E-002287,IK-01-00181,IK-06-01124,IK01,IK06,electricity,0.928,0.0,none,0,7.1,1
E-002288,IK-02-00561,IK-06-01124,IK02,IK06,telecom,0.139,2.29,partial,0,10.8,0
E-002289,IK-02-00622,IK-06-01124,IK02,IK06,telecom,0.139,2.57,partial,0,1.3,1
E-002290,IK-01-00044,IK-06-01125,IK01,IK06,electricity,0.812,0.0,none,0,12.6,0
E-002291,IK-02-00518,IK-06-01125,IK02,IK06,telecom,0.237,2.2,none,0,13.6,0
E-002292,IK-01-00192,IK-06-01126,IK01,IK06,electricity,0.422,0.0,partial,0,9.4,1
E-002293,IK-01-00203,IK-06-01126,IK01,IK06,electricity,0.422,0.0,partial,0,5.8,1
E-002294,IK-02-00585,IK-06-01126,IK02,IK06,telecom,0.234,2.2,none,0,10.6,1
E-002295,IK-01-00106,IK-06-01127,IK01,IK06,electricity,0.957,0.0,none,0,4.6,0
E-002296,IK-02-00566,IK-06-01127,IK02,IK06,telecom,0.267,2.01,none,0,12.3,0
E-002297,IK-01-00116,IK-06-01128,IK01,IK06,electricity,0.971,0.0,none,0,3.5,1
E-002298,IK-02-00613,IK-06-01128,IK02,IK06,telecom,0.242,2.24,none,0,6.6,1
E-002299,IK-01-00234,IK-06-01129,IK01,IK06,electricity,1.0,0.0,none,0,11.1,0
E-002300,IK-02-00602,IK-06-01129,IK02,IK06,telecom,0.113,2.35,partial,0,12.6,0
E-002301,IK-02-00609,IK-06-01129,IK02,IK06,telecom,0.113,2.42,partial,0,8.5,1
E-002302,IK-01-00061,IK-06-01130,IK01,IK06,electricity,0.438,0.0,partial,0,8.7,1
E-002303,IK-01-00188,IK-06-01130,IK01,IK06,electricity,0.438,0.0,partial,0,6.3,1
E-002304,IK-02-00448,IK-06-01130,IK02,IK06,telecom,0.236,2.58,none,0,8.1,0
E-002305,IK-01-00230,IK-06-01131,IK01,IK06,electricity,1.0,0.0,none,0,1.6,0
E-002306,IK-02-00519,IK-06-01131,IK02,IK06,telecom,0.245,2.13,none,0,7.1,0
E-002307,IK-01-00232,IK-06-01132,IK01,IK06,electricity,0.871,0.0,none,0,10.1,1
E-002308,IK-02-00677,IK-06-01132,IK02,IK06,telecom,0.245,2.13,none,0,5.4,0
E-002309,IK-01-00108,IK-06-01133,IK01,IK06,electricity,1.0,0.0,none,0,12.5,0
E-002310,IK-02-00528,IK-06-01133,IK02,IK06,telecom,0.221,2.21,none,0,10.8,0
E-002311,IK-01-00058,IK-06-01134,IK01,IK06,electricity,1.0,0.0,none,0,7.2,1
E-002312,IK-02-00648,IK-06-01134,IK02,IK06,telecom,0.135,2.51,partial,0,5.7,0
E-002313,IK-02-00570,IK-06-01134,IK02,IK06,telecom,0.135,2.11,partial,0,7.0,1
E-002314,IK-01-00073,IK-06-01135,IK01,IK06,electricity,1.0,0.0,none,0,2.5,0
E-002315,IK-02-00597,IK-06-01135,IK02,IK06,telecom,0.231,2.02,none,0,9.0,0
E-002316,IK-01-00129,IK-06-01136,IK01,IK06,electricity,0.943,0.0,none,0,8.5,0
E-002317,IK-02-00545,IK-06-01136,IK02,IK06,telecom,0.268,2.01,none,0,8.6,0
E-002318,IK-01-00087,IK-06-01137,IK01,IK06,electricity,0.899,0.0,none,0,9.2,0
E-002319,IK-02-00532,IK-06-01137,IK02,IK06,telecom,0.114,2.06,partial,0,8.5,0
E-002320,IK-02-00445,IK-06-01137,IK02,IK06,telecom,0.114,2.11,partial,0,4.7,0
E-002321,IK-01-00198,IK-06-01138,IK01,IK06,electricity,1.0,0.0,none,0,4.0,1
E-002322,IK-02-00536,IK-06-01138,IK02,IK06,telecom,0.251,2.09,none,0,5.6,1
E-002323,IK-01-00195,IK-06-01139,IK01,IK06,electricity,0.879,0.0,none,0,8.1,0
E-002324,IK-02-00672,IK-06-01139,IK02,IK06,telecom,0.132,2.03,partial,0,1.0,0
E-002325,IK-02-00564,IK-06-01139,IK02,IK06,telecom,0.132,2.26,partial,0,8.5,1
E-002326,IK-01-00049,IK-06-01140,IK01,IK06,electricity,0.478,0.0,partial,0,2.5,0
E-002327,IK-01-00193,IK-06-01140,IK01,IK06,electricity,0.478,0.0,partial,0,2.9,0
E-002328,IK-02-00462,IK-06-01140,IK02,IK06,telecom,0.131,2.07,partial,0,7.6,0
E-002329,IK-02-00479,IK-06-01140,IK02,IK06,telecom,0.131,2.21,partial,0,8.7,0
E-002330,IK-01-00198,IK-06-01141,IK01,IK06,electricity,0.954,0.0,none,0,7.5,0
E-002331,IK-02-00469,IK-06-01141,IK02,IK06,telecom,0.125,2.39,partial,0,6.3,1
E-002332,IK-02-00630,IK-06-01141,IK02,IK06,telecom,0.125,2.4,partial,0,10.4,0
E-002333,IK-01-00094,IK-06-01142,IK01,IK06,electricity,1.0,0.0,none,0,2.3,0
E-002334,IK-02-00625,IK-06-01142,IK02,IK06,telecom,0.227,2.43,none,0,5.4,1
E-002335,IK-01-00128,IK-06-01143,IK01,IK06,electricity,1.0,0.0,none,0,7.3,1
E-002336,IK-02-00451,IK-06-01143,IK02,IK06,telecom,0.278,2.2,none,0,7.7,0
E-002337,IK-01-00057,IK-06-01144,IK01,IK06,electricity,0.422,0.0,partial,0,13.8,0
E-002338,IK-01-00214,IK-06-01144,IK01,IK06,electricity,0.422,0.0,partial,0,8.0,1
E-002339,IK-02-00653,IK-06-01144,IK02,IK06,telecom,0.217,2.54,none,0,13.1,1
E-002340,IK-01-00201,IK-06-01145,IK01,IK06,electricity,0.835,0.0,none,0,9.6,0
E-002341,IK-02-00574,IK-06-01145,IK02,IK06,telecom,0.274,2.41,none,0,8.8,0
E-002342,IK-01-00205,IK-06-01146,IK01,IK06,electricity,0.914,0.0,none,0,3.3,0
E-002343,IK-02-00551,IK-06-01146,IK02,IK06,telecom,0.268,2.56,none,0,4.5,0
E-002344,IK-01-00218,IK-06-01147,IK01,IK06,electricity,0.894,0.0,none,0,6.1,0
E-002345,IK-02-00568,IK-06-01147,IK02,IK06,telecom,0.126,2.25,partial,0,1.3,0
E-002346,IK-02-00478,IK-06-01147,IK02,IK06,telecom,0.126,2.53,partial,0,5.9,0
E-002347,IK-01-00197,IK-06-01148,IK01,IK06,electricity,0.478,0.0,partial,0,9.9,0
E-002348,IK-01-00083,IK-06-01148,IK01,IK06,electricity,0.478,0.0,partial,0,11.0,0
E-002349,IK-02-00448,IK-06-01148,IK02,IK06,telecom,0.224,2.23,none,0,6.1,1
E-002350,IK-01-00047,IK-06-01149,IK01,IK06,electricity,0.914,0.0,none,0,8.7,0
E-002351,IK-02-00536,IK-06-01149,IK02,IK06,telecom,0.118,2.52,partial,0,1.0,0
E-002352,IK-02-00436,IK-06-01149,IK02,IK06,telecom,0.118,2.42,partial,0,6.2,1
E-002353,IK-01-00082,IK-06-01150,IK01,IK06,electricity,0.81,0.0,none,0,9.0,0
E-002354,IK-02-00509,IK-06-01150,IK02,IK06,telecom,0.232,2.23,none,0,8.5,0
E-002355,IK-01-00148,IK-06-01151,IK01,IK06,electricity,1.0,0.0,none,0,6.8,1
E-002356,IK-02-00519,IK-06-01151,IK02,IK06,telecom,0.107,2.17,partial,0,4.0,0
E-002357,IK-02-00551,IK-06-01151,IK02,IK06,telecom,0.107,2.38,partial,0,1.7,0
E-002358,IK-01-00166,IK-06-01152,IK01,IK06,electricity,1.0,0.0,none,0,5.5,0
E-002359,IK-02-00423,IK-06-01152,IK02,IK06,telecom,0.263,2.27,none,0,15.7,0
E-002360,IK-01-00113,IK-06-01153,IK01,IK06,electricity,0.845,0.0,none,0,2.3,1
E-002361,IK-02-00489,IK-06-01153,IK02,IK06,telecom,0.13,2.37,partial,0,2.5,0
E-002362,IK-02-00597,IK-06-01153,IK02,IK06,telecom,0.13,2.48,partial,0,15.1,0
E-002363,IK-01-00128,IK-06-01154,IK01,IK06,electricity,0.867,0.0,none,0,16.3,1
E-002364,IK-02-00451,IK-06-01154,IK02,IK06,telecom,0.24,2.55,none,0,8.0,1
E-002365,IK-01-00087,IK-06-01155,IK01,IK06,electricity,1.0,0.0,none,0,6.9,0
E-002366,IK-02-00532,IK-06-01155,IK02,IK06,telecom,0.12,2.09,partial,0,2.7,0
E-002367,IK-02-00445,IK-06-01155,IK02,IK06,telecom,0.12,2.37,partial,0,7.8,0
E-002368,IK-01-00110,IK-06-01156,IK01,IK06,electricity,0.934,0.0,none,0,7.4,1
E-002369,IK-02-00514,IK-06-01156,IK02,IK06,telecom,0.112,2.03,partial,0,8.7,1
E-002370,IK-02-00648,IK-06-01156,IK02,IK06,telecom,0.112,2.25,partial,0,6.6,1
E-002371,IK-01-00130,IK-06-01157,IK01,IK06,electricity,0.46,0.0,partial,0,4.6,0
E-002372,IK-01-00215,IK-06-01157,IK01,IK06,electricity,0.46,0.0,partial,0,3.3,1
E-002373,IK-02-00559,IK-06-01157,IK02,IK06,telecom,0.256,2.02,none,0,10.2,0
E-002374,IK-01-00237,IK-06-01158,IK01,IK06,electricity,0.863,0.0,none,0,5.2,0
E-002375,IK-02-00618,IK-06-01158,IK02,IK06,telecom,0.13,2.1,full,0,8.9,1
E-002376,IK-02-00466,IK-06-01158,IK02,IK06,telecom,0.13,2.05,full,0,6.5,0
E-002377,IK-01-00168,IK-06-01159,IK01,IK06,electricity,0.826,0.0,none,0,2.8,1
E-002378,IK-02-00572,IK-06-01159,IK02,IK06,telecom,0.139,2.16,partial,0,6.5,1
E-002379,IK-02-00494,IK-06-01159,IK02,IK06,telecom,0.139,2.47,partial,0,10.2,0
E-002380,IK-01-00134,IK-06-01160,IK01,IK06,electricity,0.986,0.0,none,0,12.3,1
E-002381,IK-02-00641,IK-06-01160,IK02,IK06,telecom,0.268,2.3,none,0,8.0,0
E-002382,IK-01-00118,IK-06-01161,IK01,IK06,electricity,0.894,0.0,none,0,6.0,1
E-002383,IK-02-00613,IK-06-01161,IK02,IK06,telecom,0.111,2.4,partial,0,8.8,1
E-002384,IK-02-00507,IK-06-01161,IK02,IK06,telecom,0.111,2.2,partial,0,7.6,0
E-002385,IK-01-00060,IK-06-01162,IK01,IK06,electricity,1.0,0.0,none,0,11.5,0
E-002386,IK-02-00644,IK-06-01162,IK02,IK06,telecom,0.132,2.44,partial,0,11.7,0
E-002387,IK-02-00616,IK-06-01162,IK02,IK06,telecom,0.132,2.55,partial,0,16.7,0
E-002388,IK-01-00122,IK-06-01163,IK01,IK06,electricity,0.865,0.0,none,0,3.6,0
E-002389,IK-02-00620,IK-06-01163,IK02,IK06,telecom,0.276,2.26,none,0,4.3,0
E-002390,IK-01-00172,IK-06-01164,IK01,IK06,electricity,0.918,0.0,none,0,6.5,0
E-002391,IK-02-00646,IK-06-01164,IK02,IK06,telecom,0.121,2.41,partial,0,11.7,0
E-002392,IK-02-00625,IK-06-01164,IK02,IK06,telecom,0.121,2.04,partial,0,8.1,1
E-002393,IK-01-00117,IK-06-01165,IK01,IK06,electricity,0.511,0.0,partial,0,7.4,0
E-002394,IK-01-00074,IK-06-01165,IK01,IK06,electricity,0.511,0.0,partial,0,1.0,0
E-002395,IK-02-00546,IK-06-01165,IK02,IK06,telecom,0.249,2.01,none,0,15.4,0
E-002396,IK-01-00092,IK-06-01166,IK01,IK06,electricity,1.0,0.0,none,0,9.2,0
E-002397,IK-02-00664,IK-06-01166,IK02,IK06,telecom,0.129,2.41,partial,0,4.6,0
E-002398,IK-02-00640,IK-06-01166,IK02,IK06,telecom,0.129,2.14,partial,0,10.8,0
E-002399,IK-01-00168,IK-06-01167,IK01,IK06,electricity,0.899,0.0,none,0,7.5,0
E-002400,IK-02-00572,IK-06-01167,IK02,IK06,telecom,0.108,2.53,partial,0,3.1,0
E-002401,IK-02-00509,IK-06-01167,IK02,IK06,telecom,0.108,2.3,partial,0,1.0,1
E-002402,IK-01-00118,IK-06-01168,IK01,IK06,electricity,0.84,0.0,none,0,13.6,0
E-002403,IK-02-00613,IK-06-01168,IK02,IK06,telecom,0.238,2.39,none,0,5.7,0
E-002404,IK-01-00173,IK-06-01169,IK01,IK06,electricity,0.883,0.0,none,0,3.5,0
E-002405,IK-02-00450,IK-06-01169,IK02,IK06,telecom,0.277,2.35,none,0,8.8,0
E-002406,IK-01-00049,IK-06-01170,IK01,IK06,electricity,0.816,0.0,none,0,10.1,1
E-002407,IK-02-00479,IK-06-01170,IK02,IK06,telecom,0.251,2.25,none,0,3.7,1
E-002408,IK-01-00152,IK-06-01171,IK01,IK06,electricity,0.831,0.0,none,0,3.6,1
E-002409,IK-02-00527,IK-06-01171,IK02,IK06,telecom,0.125,2.21,partial,0,5.8,0
E-002410,IK-02-00562,IK-06-01171,IK02,IK06,telecom,0.125,2.41,partial,0,10.6,0
E-002411,IK-01-00119,IK-06-01172,IK01,IK06,electricity,0.926,0.0,none,0,1.0,0
E-002412,IK-02-00494,IK-06-01172,IK02,IK06,telecom,0.235,2.17,none,0,3.8,1
E-002413,IK-01-00135,IK-06-01173,IK01,IK06,electricity,0.497,0.0,partial,0,1.1,0
E-002414,IK-01-00142,IK-06-01173,IK01,IK06,electricity,0.497,0.0,partial,0,10.2,1
E-002415,IK-02-00444,IK-06-01173,IK02,IK06,telecom,0.225,2.13,none,0,9.3,0
E-002416,IK-01-00167,IK-06-01174,IK01,IK06,electricity,0.905,0.0,none,0,3.6,0
E-002417,IK-02-00644,IK-06-01174,IK02,IK06,telecom,0.113,2.24,partial,0,4.0,0
E-002418,IK-02-00574,IK-06-01174,IK02,IK06,telecom,0.113,2.21,partial,0,12.7,1
E-002419,IK-01-00099,IK-06-01175,IK01,IK06,electricity,0.872,0.0,none,0,1.0,0
E-002420,IK-02-00532,IK-06-01175,IK02,IK06,telecom,0.118,2.45,partial,0,9.8,1
E-002421,IK-02-00453,IK-06-01175,IK02,IK06,telecom,0.118,2.07,partial,0,4.7,0
E-002422,IK-01-00224,IK-06-01176,IK01,IK06,electricity,0.887,0.0,none,0,12.2,1
E-002423,IK-02-00652,IK-06-01176,IK02,IK06,telecom,0.26,2.23,none,0,10.0,0
E-002424,IK-01-00070,IK-06-01177,IK01,IK06,electricity,0.906,0.0,none,0,7.7,1
E-002425,IK-02-00427,IK-06-01177,IK02,IK06,telecom,0.217,2.02,none,0,2.5,0
E-002426,IK-01-00151,IK-06-01178,IK01,IK06,electricity,1.0,0.0,none,0,4.3,0
E-002427,IK-02-00657,IK-06-01178,IK02,IK06,telecom,0.275,2.16,none,0,5.6,0
E-002428,IK-01-00228,IK-06-01179,IK01,IK06,electricity,0.968,0.0,none,0,3.7,0
E-002429,IK-02-00649,IK-06-01179,IK02,IK06,telecom,0.215,2.39,none,0,14.6,1
E-002430,IK-01-00055,IK-06-01180,IK01,IK06,electricity,1.0,0.0,none,0,8.1,0
E-002431,IK-02-00512,IK-06-01180,IK02,IK06,telecom,0.113,2.29,partial,0,12.3,0
E-002432,IK-02-00634,IK-06-01180,IK02,IK06,telecom,0.113,2.16,partial,0,7.1,1
E-002433,IK-01-00119,IK-06-01181,IK01,IK06,electricity,0.91,0.0,none,0,3.2,1
E-002434,IK-02-00635,IK-06-01181,IK02,IK06,telecom,0.274,2.31,none,0,4.1,0
E-002435,IK-01-00181,IK-06-01182,IK01,IK06,electricity,0.981,0.0,none,0,5.9,0
E-002436,IK-02-00561,IK-06-01182,IK02,IK06,telecom,0.226,2.09,none,0,9.7,0
E-002437,IK-01-00096,IK-06-01183,IK01,IK06,electricity,0.938,0.0,none,0,8.1,0
E-002438,IK-02-00558,IK-06-01183,IK02,IK06,telecom,0.118,2.2,partial,0,11.9,0
E-002439,IK-02-00665,IK-06-01183,IK02,IK06,telecom,0.118,2.3,partial,0,7.0,0
E-002440,IK-01-00133,IK-06-01184,IK01,IK06,electricity,1.0,0.0,none,0,10.1,1
E-002441,IK-02-00512,IK-06-01184,IK02,IK06,telecom,0.121,2.04,partial,0,4.8,1
E-002442,IK-02-00505,IK-06-01184,IK02,IK06,telecom,0.121,2.02,partial,0,9.3,1
E-002443,IK-01-00173,IK-06-01185,IK01,IK06,electricity,0.521,0.0,partial,0,1.5,0
E-002444,IK-01-00063,IK-06-01185,IK01,IK06,electricity,0.521,0.0,partial,0,9.3,0
E-002445,IK-02-00450,IK-06-01185,IK02,IK06,telecom,0.246,2.4,none,0,9.2,1
E-002446,IK-01-00125,IK-06-01186,IK01,IK06,electricity,1.0,0.0,none,0,6.8,1
E-002447,IK-02-00454,IK-06-01186,IK02,IK06,telecom,0.121,2.29,full,0,1.0,0
E-002448,IK-02-00655,IK-06-01186,IK02,IK06,telecom,0.121,2.43,full,0,5.2,1
E-002449,IK-01-00190,IK-06-01187,IK01,IK06,electricity,1.0,0.0,none,0,4.3,0
E-002450,IK-02-00585,IK-06-01187,IK02,IK06,telecom,0.223,2.09,none,0,8.9,0
E-002451,IK-01-00181,IK-06-01188,IK01,IK06,electricity,0.953,0.0,none,0,7.6,0
E-002452,IK-02-00496,IK-06-01188,IK02,IK06,telecom,0.261,2.22,none,0,9.7,1
E-002453,IK-01-00083,IK-06-01189,IK01,IK06,electricity,0.874,0.0,none,0,10.1,0
E-002454,IK-02-00528,IK-06-01189,IK02,IK06,telecom,0.106,2.05,partial,0,9.6,1
E-002455,IK-02-00656,IK-06-01189,IK02,IK06,telecom,0.106,2.45,partial,0,8.7,0
E-002456,IK-01-00223,IK-06-01190,IK01,IK06,electricity,0.89,0.0,none,0,11.4,1
E-002457,IK-02-00505,IK-06-01190,IK02,IK06,telecom,0.273,2.1,none,0,4.0,0
E-002458,IK-01-00060,IK-06-01191,IK01,IK06,electricity,0.473,0.0,partial,0,7.8,0
E-002459,IK-01-00167,IK-06-01191,IK01,IK06,electricity,0.473,0.0,partial,0,11.6,0
E-002460,IK-02-00542,IK-06-01191,IK02,IK06,telecom,0.262,2.13,none,0,9.4,1
E-002461,IK-01-00240,IK-06-01192,IK01,IK06,electricity,0.909,0.0,none,0,3.7,1
E-002462,IK-02-00578,IK-06-01192,IK02,IK06,telecom,0.243,2.27,none,0,5.7,1
E-002463,IK-01-00093,IK-06-01193,IK01,IK06,electricity,0.978,0.0,none,0,10.9,1
E-002464,IK-02-00468,IK-06-01193,IK02,IK06,telecom,0.218,2.41,none,0,16.8,1
E-002465,IK-01-00150,IK-06-01194,IK01,IK06,electricity,0.476,0.0,partial,0,5.9,0
E-002466,IK-01-00215,IK-06-01194,IK01,IK06,electricity,0.476,0.0,partial,0,6.4,0
E-002467,IK-02-00589,IK-06-01194,IK02,IK06,telecom,0.276,2.49,none,0,6.7,0
E-002468,IK-01-00193,IK-06-01195,IK01,IK06,electricity,0.525,0.0,partial,0,5.4,0
E-002469,IK-01-00049,IK-06-01195,IK01,IK06,electricity,0.525,0.0,partial,0,16.8,1
E-002470,IK-02-00479,IK-06-01195,IK02,IK06,telecom,0.239,2.08,none,0,7.3,0
E-002471,IK-01-00102,IK-06-01196,IK01,IK06,electricity,0.446,0.0,partial,0,10.6,1
E-002472,IK-01-00096,IK-06-01196,IK01,IK06,electricity,0.446,0.0,partial,0,4.2,0
E-002473,IK-02-00503,IK-06-01196,IK02,IK06,telecom,0.225,2.11,none,0,8.6,0
E-002474,IK-01-00110,IK-06-01197,IK01,IK06,electricity,0.415,0.0,partial,0,24.3,0
E-002475,IK-01-00058,IK-06-01197,IK01,IK06,electricity,0.415,0.0,partial,0,19.8,1
E-002476,IK-02-00570,IK-06-01197,IK02,IK06,telecom,0.232,2.25,none,0,9.4,0
E-002477,IK-01-00108,IK-06-01198,IK01,IK06,electricity,1.0,0.0,none,0,4.0,0
E-002478,IK-02-00528,IK-06-01198,IK02,IK06,telecom,0.242,2.35,none,0,10.0,0
E-002479,IK-01-00136,IK-06-01199,IK01,IK06,electricity,0.965,0.0,none,0,12.7,0
E-002480,IK-02-00668,IK-06-01199,IK02,IK06,telecom,0.221,2.41,none,0,4.4,0
E-002481,IK-01-00065,IK-06-01200,IK01,IK06,electricity,0.845,0.0,none,0,5.5,1
E-002482,IK-02-00566,IK-06-01200,IK02,IK06,telecom,0.238,2.03,none,0,3.9,0
E-002483,IK-01-00078,IK-06-01201,IK01,IK06,electricity,1.0,0.0,none,0,3.7,1
E-002484,IK-02-00464,IK-06-01201,IK02,IK06,telecom,0.114,2.13,partial,0,5.2,1
E-002485,IK-02-00673,IK-06-01201,IK02,IK06,telecom,0.114,2.22,partial,0,4.6,0
E-002486,IK-01-00232,IK-06-01202,IK01,IK06,electricity,0.984,0.0,none,0,6.7,1
E-002487,IK-02-00447,IK-06-01202,IK02,IK06,telecom,0.12,2.35,partial,0,12.1,1
E-002488,IK-02-00638,IK-06-01202,IK02,IK06,telecom,0.12,2.15,partial,0,9.7,0
E-002489,IK-01-00131,IK-06-01203,IK01,IK06,electricity,0.903,0.0,none,0,1.3,1
E-002490,IK-02-00524,IK-06-01203,IK02,IK06,telecom,0.227,2.01,none,0,10.5,1
E-002491,IK-01-00142,IK-06-01204,IK01,IK06,electricity,0.433,0.0,partial,0,7.8,0
E-002492,IK-01-00135,IK-06-01204,IK01,IK06,electricity,0.433,0.0,partial,0,9.0,0
E-002493,IK-02-00444,IK-06-01204,IK02,IK06,telecom,0.236,2.12,none,0,6.4,0
E-002494,IK-01-00173,IK-06-01205,IK01,IK06,electricity,0.937,0.0,none,0,5.9,0
E-002495,IK-02-00425,IK-06-01205,IK02,IK06,telecom,0.25,2.58,none,0,12.4,1
E-002496,IK-01-00230,IK-06-01206,IK01,IK06,electricity,0.841,0.0,none,0,5.3,1
E-002497,IK-02-00600,IK-06-01206,IK02,IK06,telecom,0.214,2.52,none,0,11.5,0
E-002498,IK-01-00099,IK-06-01207,IK01,IK06,electricity,0.442,0.0,partial,0,11.7,1
E-002499,IK-01-00179,IK-06-01207,IK01,IK06,electricity,0.442,0.0,partial,0,11.7,1
E-002500,IK-02-00532,IK-06-01207,IK02,IK06,telecom,0.251,2.59,none,0,2.6,0
E-002501,IK-01-00181,IK-06-01208,IK01,IK06,electricity,0.425,0.0,partial,0,4.6,0
E-002502,IK-01-00226,IK-06-01208,IK01,IK06,electricity,0.425,0.0,partial,0,4.1,0
E-002503,IK-02-00561,IK-06-01208,IK02,IK06,telecom,0.248,2.36,none,0,11.8,0
E-002504,IK-01-00076,IK-06-01209,IK01,IK06,electricity,0.83,0.0,none,0,2.3,0
E-002505,IK-02-00603,IK-06-01209,IK02,IK06,telecom,0.123,2.58,full,0,1.0,0
E-002506,IK-02-00639,IK-06-01209,IK02,IK06,telecom,0.123,2.58,full,0,6.7,1
E-002507,IK-01-00139,IK-06-01210,IK01,IK06,electricity,0.96,0.0,none,0,5.1,0
E-002508,IK-02-00444,IK-06-01210,IK02,IK06,telecom,0.125,2.51,partial,0,5.1,0
E-002509,IK-02-00456,IK-06-01210,IK02,IK06,telecom,0.125,2.52,partial,0,6.0,1
E-002510,IK-01-00218,IK-06-01211,IK01,IK06,electricity,0.927,0.0,none,0,9.4,1
E-002511,IK-02-00568,IK-06-01211,IK02,IK06,telecom,0.124,2.5,partial,0,7.9,1
E-002512,IK-02-00605,IK-06-01211,IK02,IK06,telecom,0.124,2.56,partial,0,5.0,1
E-002513,IK-01-00161,IK-06-01212,IK01,IK06,electricity,0.909,0.0,none,0,1.6,0
E-002514,IK-02-00430,IK-06-01212,IK02,IK06,telecom,0.124,2.52,partial,0,8.1,0
E-002515,IK-02-00428,IK-06-01212,IK02,IK06,telecom,0.124,2.11,partial,0,11.5,0
E-002516,IK-01-00099,IK-06-01213,IK01,IK06,electricity,0.949,0.0,none,0,11.7,1
E-002517,IK-02-00532,IK-06-01213,IK02,IK06,telecom,0.268,2.08,none,0,8.1,1
E-002518,IK-01-00069,IK-06-01214,IK01,IK06,electricity,0.945,0.0,none,0,1.0,0
E-002519,IK-02-00522,IK-06-01214,IK02,IK06,telecom,0.116,2.24,partial,0,13.9,1
E-002520,IK-02-00541,IK-06-01214,IK02,IK06,telecom,0.116,2.2,partial,0,4.7,1
E-002521,IK-01-00170,IK-06-01215,IK01,IK06,electricity,1.0,0.0,none,0,11.9,1
E-002522,IK-02-00563,IK-06-01215,IK02,IK06,telecom,0.254,2.36,none,0,10.6,1
E-002523,IK-01-00043,IK-06-01216,IK01,IK06,electricity,0.936,0.0,none,0,9.7,0
E-002524,IK-02-00517,IK-06-01216,IK02,IK06,telecom,0.265,2.06,none,0,6.2,1
E-002525,IK-01-00181,IK-06-01217,IK01,IK06,electricity,0.877,0.0,none,0,8.1,0
E-002526,IK-02-00496,IK-06-01217,IK02,IK06,telecom,0.243,2.2,none,0,14.9,1
E-002527,IK-01-00059,IK-06-01218,IK01,IK06,electricity,1.0,0.0,none,0,13.4,1
E-002528,IK-02-00521,IK-06-01218,IK02,IK06,telecom,0.123,2.06,partial,0,9.8,0
E-002529,IK-02-00489,IK-06-01218,IK02,IK06,telecom,0.123,2.58,partial,0,13.4,0
E-002530,IK-01-00196,IK-06-01219,IK01,IK06,electricity,1.0,0.0,none,0,13.9,0
E-002531,IK-02-00473,IK-06-01219,IK02,IK06,telecom,0.125,2.28,partial,0,9.4,0
E-002532,IK-02-00588,IK-06-01219,IK02,IK06,telecom,0.125,2.05,partial,0,7.7,0
E-002533,IK-01-00221,IK-06-01220,IK01,IK06,electricity,0.497,0.0,partial,0,9.1,0
E-002534,IK-01-00126,IK-06-01220,IK01,IK06,electricity,0.497,0.0,partial,0,7.1,0
E-002535,IK-02-00631,IK-06-01220,IK02,IK06,telecom,0.238,2.4,none,0,7.3,1
E-002536,IK-01-00218,IK-06-01221,IK01,IK06,electricity,0.99,0.0,none,0,1.7,0
E-002537,IK-02-00478,IK-06-01221,IK02,IK06,telecom,0.112,2.3,partial,0,5.9,1
E-002538,IK-02-00605,IK-06-01221,IK02,IK06,telecom,0.112,2.18,partial,0,4.2,1
E-002539,IK-01-00044,IK-06-01222,IK01,IK06,electricity,0.869,0.0,none,0,8.6,1
E-002540,IK-02-00663,IK-06-01222,IK02,IK06,telecom,0.119,2.14,partial,0,5.8,1
E-002541,IK-02-00486,IK-06-01222,IK02,IK06,telecom,0.119,2.55,partial,0,3.2,1
E-002542,IK-01-00196,IK-06-01223,IK01,IK06,electricity,1.0,0.0,none,0,11.3,1
E-002543,IK-02-00473,IK-06-01223,IK02,IK06,telecom,0.258,2.23,none,0,7.6,1
E-002544,IK-01-00105,IK-06-01224,IK01,IK06,electricity,0.421,0.0,partial,0,1.0,0
E-002545,IK-01-00226,IK-06-01224,IK01,IK06,electricity,0.421,0.0,partial,0,13.9,1
E-002546,IK-02-00496,IK-06-01224,IK02,IK06,telecom,0.126,2.23,partial,0,9.2,0
E-002547,IK-02-00442,IK-06-01224,IK02,IK06,telecom,0.126,2.3,partial,0,3.8,0
E-002548,IK-01-00132,IK-06-01225,IK01,IK06,electricity,0.914,0.0,none,0,10.8,1
E-002549,IK-02-00623,IK-06-01225,IK02,IK06,telecom,0.131,2.11,partial,0,9.4,0
E-002550,IK-02-00657,IK-06-01225,IK02,IK06,telecom,0.131,2.02,partial,0,10.3,0
E-002551,IK-01-00213,IK-06-01226,IK01,IK06,electricity,0.846,0.0,none,0,10.4,1
E-002552,IK-02-00679,IK-06-01226,IK02,IK06,telecom,0.218,2.49,none,0,14.6,0
E-002553,IK-01-00113,IK-06-01227,IK01,IK06,electricity,0.905,0.0,none,0,11.2,1
E-002554,IK-02-00489,IK-06-01227,IK02,IK06,telecom,0.13,2.02,partial,0,9.8,1
E-002555,IK-02-00597,IK-06-01227,IK02,IK06,telecom,0.13,2.41,partial,0,2.4,0
E-002556,IK-01-00202,IK-06-01228,IK01,IK06,electricity,0.928,0.0,none,0,7.0,0
E-002557,IK-02-00522,IK-06-01228,IK02,IK06,telecom,0.112,2.08,partial,0,6.8,1
E-002558,IK-02-00643,IK-06-01228,IK02,IK06,telecom,0.112,2.24,partial,0,7.9,0
E-002559,IK-01-00131,IK-06-01229,IK01,IK06,electricity,0.881,0.0,none,0,4.2,0
E-002560,IK-02-00528,IK-06-01229,IK02,IK06,telecom,0.13,2.53,partial,0,2.2,1
E-002561,IK-02-00524,IK-06-01229,IK02,IK06,telecom,0.13,2.47,partial,0,13.4,0
E-002562,IK-01-00173,IK-06-01230,IK01,IK06,electricity,0.989,0.0,none,0,11.2,1
E-002563,IK-02-00425,IK-06-01230,IK02,IK06,telecom,0.126,2.21,partial,0,12.7,0
E-002564,IK-02-00502,IK-06-01230,IK02,IK06,telecom,0.126,2.42,partial,0,6.9,1
E-002565,IK-01-00129,IK-06-01231,IK01,IK06,electricity,0.462,0.0,partial,0,7.3,1
E-002566,IK-01-00044,IK-06-01231,IK01,IK06,electricity,0.462,0.0,partial,0,11.6,1
E-002567,IK-02-00678,IK-06-01231,IK02,IK06,telecom,0.217,2.05,none,0,15.8,1
E-002568,IK-01-00144,IK-06-01232,IK01,IK06,electricity,0.923,0.0,none,0,3.6,1
E-002569,IK-02-00586,IK-06-01232,IK02,IK06,telecom,0.217,2.38,none,0,15.6,1
E-002570,IK-01-00190,IK-06-01233,IK01,IK06,electricity,1.0,0.0,none,0,10.9,0
E-002571,IK-02-00585,IK-06-01233,IK02,IK06,telecom,0.236,2.35,none,0,11.0,1
E-002572,IK-01-00217,IK-06-01234,IK01,IK06,electricity,0.9,0.0,none,0,2.9,0
E-002573,IK-02-00563,IK-06-01234,IK02,IK06,telecom,0.256,2.38,none,0,5.6,1
E-002574,IK-01-00073,IK-06-01235,IK01,IK06,electricity,0.425,0.0,partial,0,11.3,0
E-002575,IK-01-00113,IK-06-01235,IK01,IK06,electricity,0.425,0.0,partial,0,3.4,0
E-002576,IK-02-00597,IK-06-01235,IK02,IK06,telecom,0.217,2.06,none,0,16.0,0
E-002577,IK-01-00161,IK-06-01236,IK01,IK06,electricity,1.0,0.0,none,0,7.1,0
E-002578,IK-02-00430,IK-06-01236,IK02,IK06,telecom,0.259,2.32,none,0,5.1,0
E-002579,IK-01-00161,IK-06-01237,IK01,IK06,electricity,0.476,0.0,partial,0,8.9,0
E-002580,IK-01-00237,IK-06-01237,IK01,IK06,electricity,0.476,0.0,partial,0,5.2,0
E-002581,IK-02-00430,IK-06-01237,IK02,IK06,telecom,0.249,2.11,none,0,9.1,1
E-002582,IK-01-00119,IK-06-01238,IK01,IK06,electricity,1.0,0.0,none,0,3.0,1
E-002583,IK-02-00465,IK-06-01238,IK02,IK06,telecom,0.132,2.04,partial,0,10.0,0
E-002584,IK-02-00635,IK-06-01238,IK02,IK06,telecom,0.132,2.45,partial,0,8.3,0
E-002585,IK-01-00160,IK-06-01239,IK01,IK06,electricity,1.0,0.0,none,0,2.7,0
E-002586,IK-02-00674,IK-06-01239,IK02,IK06,telecom,0.119,2.35,full,0,4.3,0
E-002587,IK-02-00451,IK-06-01239,IK02,IK06,telecom,0.119,2.17,full,0,9.7,0
E-002588,IK-01-00198,IK-06-01240,IK01,IK06,electricity,0.948,0.0,none,0,10.0,0
E-002589,IK-02-00630,IK-06-01240,IK02,IK06,telecom,0.107,2.18,partial,0,9.4,1
E-002590,IK-02-00536,IK-06-01240,IK02,IK06,telecom,0.107,2.04,partial,0,11.6,0
E-002591,IK-01-00170,IK-06-01241,IK01,IK06,electricity,0.499,0.0,partial,0,5.0,1
E-002592,IK-01-00217,IK-06-01241,IK01,IK06,electricity,0.499,0.0,partial,0,3.6,0
E-002593,IK-02-00563,IK-06-01241,IK02,IK06,telecom,0.224,2.34,none,0,6.5,0
E-002594,IK-01-00087,IK-06-01242,IK01,IK06,electricity,0.953,0.0,none,0,9.8,1
E-002595,IK-02-00445,IK-06-01242,IK02,IK06,telecom,0.277,2.54,none,0,11.4,1
E-002596,IK-01-00102,IK-06-01243,IK01,IK06,electricity,0.942,0.0,none,0,16.0,1
E-002597,IK-02-00434,IK-06-01243,IK02,IK06,telecom,0.226,2.57,none,0,12.3,0
E-002598,IK-01-00160,IK-06-01244,IK01,IK06,electricity,0.82,0.0,none,0,7.4,1
E-002599,IK-02-00674,IK-06-01244,IK02,IK06,telecom,0.12,2.55,partial,0,7.5,1
E-002600,IK-02-00451,IK-06-01244,IK02,IK06,telecom,0.12,2.31,partial,0,10.0,1
E-002601,IK-01-00161,IK-06-01245,IK01,IK06,electricity,0.406,0.0,partial,0,9.3,0
E-002602,IK-01-00237,IK-06-01245,IK01,IK06,electricity,0.406,0.0,partial,0,4.1,1
E-002603,IK-02-00466,IK-06-01245,IK02,IK06,telecom,0.24,2.03,none,0,9.6,0
E-002604,IK-01-00178,IK-06-01246,IK01,IK06,electricity,0.818,0.0,none,0,6.9,0
E-002605,IK-02-00566,IK-06-01246,IK02,IK06,telecom,0.256,2.0,none,0,7.4,1
E-002606,IK-01-00232,IK-06-01247,IK01,IK06,electricity,0.508,0.0,partial,0,2.5,0
E-002607,IK-01-00096,IK-06-01247,IK01,IK06,electricity,0.508,0.0,partial,0,6.6,1
E-002608,IK-02-00677,IK-06-01247,IK02,IK06,telecom,0.248,2.35,none,0,11.7,0
E-002609,IK-01-00049,IK-06-01248,IK01,IK06,electricity,0.852,0.0,none,0,5.0,0
E-002610,IK-02-00462,IK-06-01248,IK02,IK06,telecom,0.233,2.57,none,0,9.1,0
E-002611,IK-01-00129,IK-06-01249,IK01,IK06,electricity,0.96,0.0,none,0,7.9,0
E-002612,IK-02-00678,IK-06-01249,IK02,IK06,telecom,0.138,2.17,partial,0,9.7,0
E-002613,IK-02-00459,IK-06-01249,IK02,IK06,telecom,0.138,2.01,partial,0,6.3,0
E-002614,IK-01-00112,IK-06-01250,IK01,IK06,electricity,0.424,0.0,partial,0,6.2,0
E-002615,IK-01-00193,IK-06-01250,IK01,IK06,electricity,0.424,0.0,partial,0,5.8,1
E-002616,IK-02-00662,IK-06-01250,IK02,IK06,telecom,0.234,2.15,none,0,1.6,0
E-002617,IK-01-00211,IK-06-01251,IK01,IK06,electricity,0.808,0.0,none,0,9.7,1
E-002618,IK-02-00424,IK-06-01251,IK02,IK06,telecom,0.133,2.59,partial,0,1.4,0
E-002619,IK-02-00651,IK-06-01251,IK02,IK06,telecom,0.133,2.16,partial,0,5.2,0
E-002620,IK-01-00069,IK-06-01252,IK01,IK06,electricity,0.948,0.0,none,0,9.9,1
E-002621,IK-02-00522,IK-06-01252,IK02,IK06,telecom,0.129,2.6,partial,0,12.4,1
E-002622,IK-02-00643,IK-06-01252,IK02,IK06,telecom,0.129,2.24,partial,0,7.9,0
E-002623,IK-01-00230,IK-06-01253,IK01,IK06,electricity,0.419,0.0,partial,0,12.4,0
E-002624,IK-01-00042,IK-06-01253,IK01,IK06,electricity,0.419,0.0,partial,0,14.4,1
E-002625,IK-02-00523,IK-06-01253,IK02,IK06,telecom,0.253,2.03,none,0,4.9,0
E-002626,IK-01-00123,IK-06-01254,IK01,IK06,electricity,0.924,0.0,none,0,3.5,1
E-002627,IK-02-00467,IK-06-01254,IK02,IK06,telecom,0.131,2.36,partial,0,8.2,0
E-002628,IK-02-00567,IK-06-01254,IK02,IK06,telecom,0.131,2.57,partial,0,10.3,1
E-002629,IK-01-00057,IK-06-01255,IK01,IK06,electricity,0.868,0.0,none,0,6.3,0
E-002630,IK-02-00653,IK-06-01255,IK02,IK06,telecom,0.262,2.56,none,0,5.4,0
E-002631,IK-01-00173,IK-06-01256,IK01,IK06,electricity,0.958,0.0,none,0,7.7,0
E-002632,IK-02-00646,IK-06-01256,IK02,IK06,telecom,0.117,2.41,partial,0,9.8,0
E-002633,IK-02-00425,IK-06-01256,IK02,IK06,telecom,0.117,2.03,partial,0,7.0,1
E-002634,IK-01-00181,IK-06-01257,IK01,IK06,electricity,0.815,0.0,none,0,6.7,0
E-002635,IK-02-00496,IK-06-01257,IK02,IK06,telecom,0.275,2.11,none,0,16.9,0
E-002636,IK-01-00174,IK-06-01258,IK01,IK06,electricity,0.987,0.0,none,0,10.7,1
E-002637,IK-02-00555,IK-06-01258,IK02,IK06,telecom,0.136,2.31,partial,0,12.3,1
E-002638,IK-02-00584,IK-06-01258,IK02,IK06,telecom,0.136,2.46,partial,0,5.5,0
E-002639,IK-01-00171,IK-06-01259,IK01,IK06,electricity,0.43,0.0,partial,0,10.2,1
E-002640,IK-01-00196,IK-06-01259,IK01,IK06,electricity,0.43,0.0,partial,0,9.7,1
E-002641,IK-02-00530,IK-06-01259,IK02,IK06,telecom,0.248,2.21,none,0,12.9,0
E-002642,IK-01-00119,IK-06-01260,IK01,IK06,electricity,0.443,0.0,partial,0,6.9,1
E-002643,IK-01-00091,IK-06-01260,IK01,IK06,electricity,0.443,0.0,partial,0,4.5,1
E-002644,IK-02-00465,IK-06-01260,IK02,IK06,telecom,0.107,2.05,partial,0,14.9,1
E-002645,IK-02-00635,IK-06-01260,IK02,IK06,telecom,0.107,2.09,partial,0,10.0,1
E-002646,IK-01-00044,IK-06-01261,IK01,IK06,electricity,0.952,0.0,none,0,11.4,0
E-002647,IK-02-00680,IK-06-01261,IK02,IK06,telecom,0.121,2.25,partial,0,2.0,1
E-002648,IK-02-00678,IK-06-01261,IK02,IK06,telecom,0.121,2.43,partial,0,8.0,0
E-002649,IK-01-00218,IK-06-01262,IK01,IK06,electricity,1.0,0.0,none,0,4.1,1
E-002650,IK-02-00478,IK-06-01262,IK02,IK06,telecom,0.235,2.51,none,0,4.4,0
E-002651,IK-01-00160,IK-06-01263,IK01,IK06,electricity,0.476,0.0,partial,0,1.9,0
E-002652,IK-01-00142,IK-06-01263,IK01,IK06,electricity,0.476,0.0,partial,0,7.2,0
E-002653,IK-02-00543,IK-06-01263,IK02,IK06,telecom,0.214,2.14,none,0,3.6,0
E-002654,IK-01-00130,IK-06-01264,IK01,IK06,electricity,0.881,0.0,none,0,17.3,0
E-002655,IK-02-00559,IK-06-01264,IK02,IK06,telecom,0.216,2.39,none,0,5.7,0
E-002656,IK-01-00170,IK-06-01265,IK01,IK06,electricity,0.926,0.0,none,0,7.9,1
E-002657,IK-02-00541,IK-06-01265,IK02,IK06,telecom,0.273,2.59,none,0,4.8,0
E-002658,IK-01-00223,IK-06-01266,IK01,IK06,electricity,0.907,0.0,none,0,8.7,0
E-002659,IK-02-00505,IK-06-01266,IK02,IK06,telecom,0.224,2.3,none,0,16.0,1
E-002660,IK-01-00075,IK-06-01267,IK01,IK06,electricity,1.0,0.0,none,0,9.7,1
E-002661,IK-02-00624,IK-06-01267,IK02,IK06,telecom,0.249,2.21,none,0,10.2,1
E-002662,IK-01-00091,IK-06-01268,IK01,IK06,electricity,0.862,0.0,none,0,8.6,0
E-002663,IK-02-00575,IK-06-01268,IK02,IK06,telecom,0.218,2.11,none,0,6.6,0
E-002664,IK-01-00090,IK-06-01269,IK01,IK06,electricity,0.863,0.0,none,0,12.6,1
E-002665,IK-02-00655,IK-06-01269,IK02,IK06,telecom,0.235,2.46,none,0,12.3,1
E-002666,IK-01-00215,IK-06-01270,IK01,IK06,electricity,0.948,0.0,none,0,9.5,1
E-002667,IK-02-00470,IK-06-01270,IK02,IK06,telecom,0.253,2.19,none,0,7.0,0
E-002668,IK-01-00167,IK-06-01271,IK01,IK06,electricity,0.481,0.0,partial,0,8.1,0
E-002669,IK-01-00060,IK-06-01271,IK01,IK06,electricity,0.481,0.0,partial,0,4.1,1
E-002670,IK-02-00644,IK-06-01271,IK02,IK06,telecom,0.228,2.36,none,0,7.6,1
E-002671,IK-01-00113,IK-06-01272,IK01,IK06,electricity,0.43,0.0,partial,0,5.5,0
E-002672,IK-01-00073,IK-06-01272,IK01,IK06,electricity,0.43,0.0,partial,0,9.9,1
E-002673,IK-02-00533,IK-06-01272,IK02,IK06,telecom,0.255,2.52,none,0,3.3,1
E-002674,IK-01-00218,IK-06-01273,IK01,IK06,electricity,0.858,0.0,none,0,13.1,0
E-002675,IK-02-00568,IK-06-01273,IK02,IK06,telecom,0.23,2.44,none,0,11.7,1
E-002676,IK-01-00157,IK-06-01274,IK01,IK06,electricity,1.0,0.0,none,0,10.5,0
E-002677,IK-02-00593,IK-06-01274,IK02,IK06,telecom,0.124,2.59,partial,0,4.9,0
E-002678,IK-02-00586,IK-06-01274,IK02,IK06,telecom,0.124,2.22,partial,0,13.7,0
E-002679,IK-01-00062,IK-06-01275,IK01,IK06,electricity,0.41,0.0,partial,0,8.1,0
E-002680,IK-01-00234,IK-06-01275,IK01,IK06,electricity,0.41,0.0,partial,0,1.1,0
E-002681,IK-02-00602,IK-06-01275,IK02,IK06,telecom,0.139,2.16,partial,0,11.5,0
E-002682,IK-02-00669,IK-06-01275,IK02,IK06,telecom,0.139,2.3,partial,0,11.2,0
E-002683,IK-01-00085,IK-06-01276,IK01,IK06,electricity,0.947,0.0,none,0,5.1,1
E-002684,IK-02-00656,IK-06-01276,IK02,IK06,telecom,0.259,2.57,none,0,2.0,1
E-002685,IK-01-00203,IK-06-01277,IK01,IK06,electricity,0.826,0.0,none,0,8.6,1
E-002686,IK-02-00541,IK-06-01277,IK02,IK06,telecom,0.109,2.0,partial,0,5.3,0
E-002687,IK-02-00585,IK-06-01277,IK02,IK06,telecom,0.109,2.21,partial,0,9.7,0
E-002688,IK-01-00129,IK-06-01278,IK01,IK06,electricity,0.862,0.0,none,0,13.9,0
E-002689,IK-02-00545,IK-06-01278,IK02,IK06,telecom,0.218,2.14,none,0,6.1,1
E-002690,IK-01-00071,IK-06-01279,IK01,IK06,electricity,0.978,0.0,none,0,6.2,0
E-002691,IK-02-00590,IK-06-01279,IK02,IK06,telecom,0.238,2.21,none,0,6.9,0
E-002692,IK-01-00150,IK-06-01280,IK01,IK06,electricity,0.968,0.0,none,0,4.2,1
E-002693,IK-02-00589,IK-06-01280,IK02,IK06,telecom,0.225,2.2,none,0,1.0,1
E-002694,IK-01-00215,IK-06-01281,IK01,IK06,electricity,0.83,0.0,none,0,9.4,1
E-002695,IK-02-00470,IK-06-01281,IK02,IK06,telecom,0.231,2.01,none,0,9.6,1
E-002696,IK-01-00103,IK-06-01282,IK01,IK06,electricity,1.0,0.0,none,0,5.6,0
E-002697,IK-02-00581,IK-06-01282,IK02,IK06,telecom,0.238,2.39,none,0,10.2,0
E-002698,IK-01-00102,IK-06-01283,IK01,IK06,electricity,1.0,0.0,none,0,9.3,0
E-002699,IK-02-00434,IK-06-01283,IK02,IK06,telecom,0.245,2.3,none,0,8.4,0
E-002700,IK-01-00156,IK-06-01284,IK01,IK06,electricity,0.895,0.0,none,0,9.1,1
E-002701,IK-02-00600,IK-06-01284,IK02,IK06,telecom,0.28,2.52,none,0,11.6,1
E-002702,IK-01-00065,IK-06-01285,IK01,IK06,electricity,0.889,0.0,none,0,14.6,1
E-002703,IK-02-00595,IK-06-01285,IK02,IK06,telecom,0.24,2.39,none,0,10.2,0
E-002704,IK-01-00125,IK-06-01286,IK01,IK06,electricity,0.817,0.0,none,0,8.3,0
E-002705,IK-02-00655,IK-06-01286,IK02,IK06,telecom,0.254,2.23,none,0,3.8,0
E-002706,IK-01-00146,IK-06-01287,IK01,IK06,electricity,1.0,0.0,none,0,2.7,1
E-002707,IK-02-00504,IK-06-01287,IK02,IK06,telecom,0.138,2.36,partial,0,9.6,0
E-002708,IK-02-00582,IK-06-01287,IK02,IK06,telecom,0.138,2.15,partial,0,11.7,0
E-002709,IK-01-00218,IK-06-01288,IK01,IK06,electricity,1.0,0.0,none,0,4.5,0
E-002710,IK-02-00478,IK-06-01288,IK02,IK06,telecom,0.131,2.12,partial,0,8.7,0
E-002711,IK-02-00463,IK-06-01288,IK02,IK06,telecom,0.131,2.26,partial,0,14.9,0
E-002712,IK-01-00125,IK-06-01289,IK01,IK06,electricity,0.451,0.0,partial,0,13.8,1
E-002713,IK-01-00076,IK-06-01289,IK01,IK06,electricity,0.451,0.0,partial,0,2.4,1
E-002714,IK-02-00454,IK-06-01289,IK02,IK06,telecom,0.279,2.1,none,0,5.4,1
E-002715,IK-01-00146,IK-06-01290,IK01,IK06,electricity,0.858,0.0,none,0,6.7,0
E-002716,IK-02-00504,IK-06-01290,IK02,IK06,telecom,0.244,2.49,none,0,1.7,0
E-002717,IK-01-00074,IK-06-01291,IK01,IK06,electricity,0.419,0.0,partial,0,10.8,1
E-002718,IK-01-00117,IK-06-01291,IK01,IK06,electricity,0.419,0.0,partial,0,6.2,0
E-002719,IK-02-00477,IK-06-01291,IK02,IK06,telecom,0.216,2.13,none,0,7.3,1
E-002720,IK-01-00103,IK-06-01292,IK01,IK06,electricity,0.407,0.0,partial,0,9.9,0
E-002721,IK-01-00117,IK-06-01292,IK01,IK06,electricity,0.407,0.0,partial,0,4.6,0
E-002722,IK-02-00506,IK-06-01292,IK02,IK06,telecom,0.225,2.14,none,0,1.0,0
E-002723,IK-01-00119,IK-06-01293,IK01,IK06,electricity,0.855,0.0,none,0,14.6,0
E-002724,IK-02-00465,IK-06-01293,IK02,IK06,telecom,0.236,2.02,none,0,7.7,0
E-002725,IK-01-00057,IK-06-01294,IK01,IK06,electricity,0.9,0.0,none,0,4.7,0
E-002726,IK-02-00653,IK-06-01294,IK02,IK06,telecom,0.229,2.57,none,0,8.8,0
E-002727,IK-01-00189,IK-06-01295,IK01,IK06,electricity,0.989,0.0,none,0,3.9,1
E-002728,IK-02-00452,IK-06-01295,IK02,IK06,telecom,0.248,2.25,none,0,10.3,1
E-002729,IK-01-00171,IK-06-01296,IK01,IK06,electricity,0.856,0.0,none,0,15.6,1
E-002730,IK-02-00556,IK-06-01296,IK02,IK06,telecom,0.252,2.43,none,0,7.3,0
E-002731,IK-01-00170,IK-06-01297,IK01,IK06,electricity,0.988,0.0,none,0,3.9,0
E-002732,IK-02-00563,IK-06-01297,IK02,IK06,telecom,0.256,2.36,none,0,7.1,0
E-002733,IK-01-00118,IK-06-01298,IK01,IK06,electricity,0.962,0.0,none,0,7.4,0
E-002734,IK-02-00613,IK-06-01298,IK02,IK06,telecom,0.275,2.36,none,0,17.8,1
E-002735,IK-01-00205,IK-06-01299,IK01,IK06,electricity,0.904,0.0,none,0,7.3,1
E-002736,IK-02-00568,IK-06-01299,IK02,IK06,telecom,0.134,2.33,partial,0,8.0,0
E-002737,IK-02-00439,IK-06-01299,IK02,IK06,telecom,0.134,2.04,partial,0,10.6,1
E-002738,IK-01-00072,IK-06-01300,IK01,IK06,electricity,0.512,0.0,partial,0,5.1,0
E-002739,IK-01-00145,IK-06-01300,IK01,IK06,electricity,0.512,0.0,partial,0,4.0,1
E-002740,IK-02-00524,IK-06-01300,IK02,IK06,telecom,0.262,2.32,none,0,2.1,1
E-002741,IK-01-00065,IK-06-01301,IK01,IK06,electricity,0.409,0.0,partial,0,1.9,1
E-002742,IK-01-00178,IK-06-01301,IK01,IK06,electricity,0.409,0.0,partial,0,11.2,0
E-002743,IK-02-00566,IK-06-01301,IK02,IK06,telecom,0.255,2.11,none,0,1.0,1
E-002744,IK-01-00144,IK-06-01302,IK01,IK06,electricity,0.871,0.0,none,0,9.4,0
E-002745,IK-02-00428,IK-06-01302,IK02,IK06,telecom,0.118,2.26,partial,0,1.4,0
E-002746,IK-02-00586,IK-06-01302,IK02,IK06,telecom,0.118,2.05,partial,0,14.0,0
E-002747,IK-01-00135,IK-06-01303,IK01,IK06,electricity,0.487,0.0,partial,0,5.5,0
E-002748,IK-01-00142,IK-06-01303,IK01,IK06,electricity,0.487,0.0,partial,0,13.4,0
E-002749,IK-02-00433,IK-06-01303,IK02,IK06,telecom,0.229,2.36,none,0,5.8,0
E-002750,IK-01-00144,IK-06-01304,IK01,IK06,electricity,1.0,0.0,none,0,6.8,1
E-002751,IK-02-00593,IK-06-01304,IK02,IK06,telecom,0.279,2.48,none,0,11.9,0
E-002752,IK-01-00176,IK-06-01305,IK01,IK06,electricity,0.522,0.0,partial,0,14.1,0
E-002753,IK-01-00196,IK-06-01305,IK01,IK06,electricity,0.522,0.0,partial,0,9.9,0
E-002754,IK-02-00426,IK-06-01305,IK02,IK06,telecom,0.268,2.42,none,0,1.0,1
E-002755,IK-01-00113,IK-06-01306,IK01,IK06,electricity,0.923,0.0,none,0,10.8,1
E-002756,IK-02-00489,IK-06-01306,IK02,IK06,telecom,0.244,2.59,none,0,11.4,0
E-002757,IK-01-00212,IK-06-01307,IK01,IK06,electricity,0.467,0.0,partial,0,6.8,1
E-002758,IK-01-00226,IK-06-01307,IK01,IK06,electricity,0.467,0.0,partial,0,10.5,0
E-002759,IK-02-00442,IK-06-01307,IK02,IK06,telecom,0.262,2.08,none,0,16.6,0
E-002760,IK-01-00156,IK-06-01308,IK01,IK06,electricity,0.989,0.0,none,0,7.8,0
E-002761,IK-02-00600,IK-06-01308,IK02,IK06,telecom,0.251,2.09,none,0,9.7,0
E-002762,IK-01-00200,IK-06-01309,IK01,IK06,electricity,0.883,0.0,none,0,9.7,0
E-002763,IK-02-00484,IK-06-01309,IK02,IK06,telecom,0.12,2.31,partial,0,7.0,0
E-002764,IK-02-00502,IK-06-01309,IK02,IK06,telecom,0.12,2.07,partial,0,1.1,0
E-002765,IK-01-00164,IK-06-01310,IK01,IK06,electricity,1.0,0.0,none,0,10.4,0
E-002766,IK-02-00581,IK-06-01310,IK02,IK06,telecom,0.116,2.17,partial,0,4.9,0
E-002767,IK-02-00612,IK-06-01310,IK02,IK06,telecom,0.116,2.3,partial,0,12.4,0
E-002768,IK-01-00059,IK-06-01311,IK01,IK06,electricity,1.0,0.0,none,0,9.5,1
E-002769,IK-02-00521,IK-06-01311,IK02,IK06,telecom,0.213,2.4,none,0,8.9,0
E-002770,IK-01-00058,IK-06-01312,IK01,IK06,electricity,0.833,0.0,none,0,2.0,0
E-002771,IK-02-00648,IK-06-01312,IK02,IK06,telecom,0.244,2.34,none,0,10.6,0
E-002772,IK-01-00204,IK-06-01313,IK01,IK06,electricity,0.963,0.0,none,0,4.2,1
E-002773,IK-02-00610,IK-06-01313,IK02,IK06,telecom,0.252,2.34,none,0,5.3,0
E-002774,IK-01-00182,IK-06-01314,IK01,IK06,electricity,1.0,0.0,none,0,8.8,1
E-002775,IK-02-00677,IK-06-01314,IK02,IK06,telecom,0.119,2.59,partial,0,6.1,0
E-002776,IK-02-00638,IK-06-01314,IK02,IK06,telecom,0.119,2.45,partial,0,5.9,0
E-002777,IK-01-00058,IK-06-01315,IK01,IK06,electricity,0.964,0.0,none,0,8.9,0
E-002778,IK-02-00648,IK-06-01315,IK02,IK06,telecom,0.279,2.39,none,0,16.2,0
E-002779,IK-01-00073,IK-06-01316,IK01,IK06,electricity,1.0,0.0,none,0,5.9,1
E-002780,IK-02-00480,IK-06-01316,IK02,IK06,telecom,0.117,2.21,partial,0,5.3,1
E-002781,IK-02-00553,IK-06-01316,IK02,IK06,telecom,0.117,2.3,partial,0,4.6,1
E-002782,IK-01-00079,IK-06-01317,IK01,IK06,electricity,0.817,0.0,none,0,7.3,0
E-002783,IK-02-00639,IK-06-01317,IK02,IK06,telecom,0.134,2.05,partial,0,4.9,1
E-002784,IK-02-00510,IK-06-01317,IK02,IK06,telecom,0.134,2.21,partial,0,13.0,0
E-002785,IK-01-00158,IK-06-01318,IK01,IK06,electricity,1.0,0.0,none,0,10.0,1
E-002786,IK-02-00640,IK-06-01318,IK02,IK06,telecom,0.257,2.53,none,0,5.3,0
E-002787,IK-01-00213,IK-06-01319,IK01,IK06,electricity,0.884,0.0,none,0,12.8,1
E-002788,IK-02-00446,IK-06-01319,IK02,IK06,telecom,0.252,2.28,none,0,4.9,1
E-002789,IK-01-00158,IK-06-01320,IK01,IK06,electricity,0.978,0.0,none,0,4.6,0
E-002790,IK-02-00526,IK-06-01320,IK02,IK06,telecom,0.251,2.42,none,0,5.0,0
E-002791,IK-01-00129,IK-06-01321,IK01,IK06,electricity,0.922,0.0,none,0,13.6,0
E-002792,IK-02-00545,IK-06-01321,IK02,IK06,telecom,0.126,2.19,partial,0,2.7,0
E-002793,IK-02-00518,IK-06-01321,IK02,IK06,telecom,0.126,2.39,partial,0,4.8,0
E-002794,IK-01-00076,IK-06-01322,IK01,IK06,electricity,0.853,0.0,none,0,7.4,0
E-002795,IK-02-00655,IK-06-01322,IK02,IK06,telecom,0.236,2.37,none,0,10.3,0
E-002796,IK-01-00096,IK-06-01323,IK01,IK06,electricity,0.993,0.0,none,0,6.5,1
E-002797,IK-02-00558,IK-06-01323,IK02,IK06,telecom,0.115,2.23,partial,0,8.3,0
E-002798,IK-02-00665,IK-06-01323,IK02,IK06,telecom,0.115,2.22,partial,0,13.9,1
E-002799,IK-01-00163,IK-06-01324,IK01,IK06,electricity,0.99,0.0,none,0,12.5,0
E-002800,IK-02-00519,IK-06-01324,IK02,IK06,telecom,0.258,2.55,none,0,8.6,0
E-002801,IK-01-00219,IK-06-01325,IK01,IK06,electricity,1.0,0.0,none,0,9.0,0
E-002802,IK-02-00534,IK-06-01325,IK02,IK06,telecom,0.235,2.57,none,0,5.6,1
E-002803,IK-01-00079,IK-06-01326,IK01,IK06,electricity,0.503,0.0,partial,0,6.4,0
E-002804,IK-01-00076,IK-06-01326,IK01,IK06,electricity,0.503,0.0,partial,0,7.6,0
E-002805,IK-02-00603,IK-06-01326,IK02,IK06,telecom,0.242,2.37,none,0,16.8,1
E-002806,IK-01-00173,IK-06-01327,IK01,IK06,electricity,0.845,0.0,none,0,6.7,0
E-002807,IK-02-00646,IK-06-01327,IK02,IK06,telecom,0.108,2.44,partial,0,1.0,0
E-002808,IK-02-00484,IK-06-01327,IK02,IK06,telecom,0.108,2.22,partial,0,10.4,1
E-002809,IK-01-00150,IK-06-01328,IK01,IK06,electricity,0.966,0.0,none,0,1.8,0
E-002810,IK-02-00531,IK-06-01328,IK02,IK06,telecom,0.117,2.47,partial,0,1.2,0
E-002811,IK-02-00589,IK-06-01328,IK02,IK06,telecom,0.117,2.25,partial,0,2.2,0
E-002812,IK-01-00213,IK-06-01329,IK01,IK06,electricity,0.829,0.0,none,0,11.1,0
E-002813,IK-02-00517,IK-06-01329,IK02,IK06,telecom,0.254,2.25,none,0,13.6,0
E-002814,IK-01-00060,IK-06-01330,IK01,IK06,electricity,0.813,0.0,none,0,7.7,0
E-002815,IK-02-00611,IK-06-01330,IK02,IK06,telecom,0.115,2.54,partial,0,1.8,0
E-002816,IK-02-00542,IK-06-01330,IK02,IK06,telecom,0.115,2.3,partial,0,14.8,1
E-002817,IK-01-00093,IK-06-01331,IK01,IK06,electricity,1.0,0.0,none,0,4.7,0
E-002818,IK-02-00547,IK-06-01331,IK02,IK06,telecom,0.225,2.04,none,0,14.3,0
E-002819,IK-01-00225,IK-06-01332,IK01,IK06,electricity,1.0,0.0,none,0,12.1,0
E-002820,IK-02-00563,IK-06-01332,IK02,IK06,telecom,0.255,2.56,none,0,8.2,0
E-002821,IK-01-00062,IK-06-01333,IK01,IK06,electricity,0.9,0.0,none,0,4.7,1
E-002822,IK-02-00602,IK-06-01333,IK02,IK06,telecom,0.107,2.32,partial,0,6.2,0
E-002823,IK-02-00508,IK-06-01333,IK02,IK06,telecom,0.107,2.23,partial,0,7.6,1
E-002824,IK-01-00231,IK-06-01334,IK01,IK06,electricity,0.905,0.0,none,0,14.5,0
E-002825,IK-02-00666,IK-06-01334,IK02,IK06,telecom,0.258,2.45,none,0,12.5,0
E-002826,IK-01-00062,IK-06-01335,IK01,IK06,electricity,0.529,0.0,partial,0,16.2,0
E-002827,IK-01-00215,IK-06-01335,IK01,IK06,electricity,0.529,0.0,partial,0,8.6,0
E-002828,IK-02-00669,IK-06-01335,IK02,IK06,telecom,0.117,2.2,partial,0,5.7,0
E-002829,IK-02-00470,IK-06-01335,IK02,IK06,telecom,0.117,2.24,partial,0,3.5,0
E-002830,IK-01-00158,IK-06-01336,IK01,IK06,electricity,1.0,0.0,none,0,7.1,0
E-002831,IK-02-00525,IK-06-01336,IK02,IK06,telecom,0.225,2.22,none,0,12.3,0
E-002832,IK-01-00070,IK-06-01337,IK01,IK06,electricity,0.847,0.0,none,0,10.9,0
E-002833,IK-02-00467,IK-06-01337,IK02,IK06,telecom,0.27,2.14,none,0,3.7,0
E-002834,IK-01-00135,IK-06-01338,IK01,IK06,electricity,1.0,0.0,none,0,15.9,0
E-002835,IK-02-00444,IK-06-01338,IK02,IK06,telecom,0.137,2.47,partial,0,7.6,0
E-002836,IK-02-00661,IK-06-01338,IK02,IK06,telecom,0.137,2.31,partial,0,11.9,1
E-002837,IK-01-00085,IK-06-01339,IK01,IK06,electricity,0.942,0.0,none,0,14.0,0
E-002838,IK-02-00656,IK-06-01339,IK02,IK06,telecom,0.249,2.57,none,0,5.2,0
E-002839,IK-01-00103,IK-06-01340,IK01,IK06,electricity,0.518,0.0,partial,0,12.4,0
E-002840,IK-01-00041,IK-06-01340,IK01,IK06,electricity,0.518,0.0,partial,0,1.8,1
E-002841,IK-02-00581,IK-06-01340,IK02,IK06,telecom,0.135,2.01,partial,0,10.2,1
E-002842,IK-02-00506,IK-06-01340,IK02,IK06,telecom,0.135,2.44,partial,0,1.0,0
E-002843,IK-01-00224,IK-06-01341,IK01,IK06,electricity,1.0,0.0,none,0,7.6,1
E-002844,IK-02-00652,IK-06-01341,IK02,IK06,telecom,0.23,2.57,none,0,8.4,0
E-002845,IK-01-00097,IK-06-01342,IK01,IK06,electricity,0.866,0.0,none,0,1.9,1
E-002846,IK-02-00441,IK-06-01342,IK02,IK06,telecom,0.123,2.05,partial,0,6.7,0
E-002847,IK-02-00676,IK-06-01342,IK02,IK06,telecom,0.123,2.11,partial,0,6.6,1
E-002848,IK-01-00150,IK-06-01343,IK01,IK06,electricity,0.424,0.0,partial,0,6.0,1
E-002849,IK-01-00215,IK-06-01343,IK01,IK06,electricity,0.424,0.0,partial,0,12.9,1
E-002850,IK-02-00589,IK-06-01343,IK02,IK06,telecom,0.248,2.37,none,0,9.7,0
E-002851,IK-01-00060,IK-06-01344,IK01,IK06,electricity,0.461,0.0,partial,0,6.7,0
E-002852,IK-01-00167,IK-06-01344,IK01,IK06,electricity,0.461,0.0,partial,0,12.1,0
E-002853,IK-02-00542,IK-06-01344,IK02,IK06,telecom,0.118,2.44,partial,0,5.5,0
E-002854,IK-02-00579,IK-06-01344,IK02,IK06,telecom,0.118,2.58,partial,0,9.7,0
E-002855,IK-01-00096,IK-06-01345,IK01,IK06,electricity,0.464,0.0,partial,0,6.0,1
E-002856,IK-01-00102,IK-06-01345,IK01,IK06,electricity,0.464,0.0,partial,0,10.6,0
E-002857,IK-02-00558,IK-06-01345,IK02,IK06,telecom,0.116,2.56,partial,0,14.1,0
E-002858,IK-02-00665,IK-06-01345,IK02,IK06,telecom,0.116,2.17,partial,0,7.8,1
E-002859,IK-01-00240,IK-06-01346,IK01,IK06,electricity,0.457,0.0,partial,0,11.2,0
E-002860,IK-01-00159,IK-06-01346,IK01,IK06,electricity,0.457,0.0,partial,0,6.8,1
E-002861,IK-02-00578,IK-06-01346,IK02,IK06,telecom,0.23,2.02,none,0,17.9,0
E-002862,IK-01-00164,IK-06-01347,IK01,IK06,electricity,0.434,0.0,partial,0,4.2,0
E-002863,IK-01-00127,IK-06-01347,IK01,IK06,electricity,0.434,0.0,partial,0,7.5,0
E-002864,IK-02-00612,IK-06-01347,IK02,IK06,telecom,0.125,2.07,partial,0,4.0,0
E-002865,IK-02-00423,IK-06-01347,IK02,IK06,telecom,0.125,2.57,partial,0,4.2,0
E-002866,IK-01-00231,IK-06-01348,IK01,IK06,electricity,0.516,0.0,partial,0,6.5,1
E-002867,IK-01-00109,IK-06-01348,IK01,IK06,electricity,0.516,0.0,partial,0,11.1,0
E-002868,IK-02-00473,IK-06-01348,IK02,IK06,telecom,0.127,2.19,partial,0,2.7,0
E-002869,IK-02-00588,IK-06-01348,IK02,IK06,telecom,0.127,2.16,partial,0,4.8,1
E-002870,IK-01-00151,IK-06-01349,IK01,IK06,electricity,0.829,0.0,none,0,11.9,0
E-002871,IK-02-00623,IK-06-01349,IK02,IK06,telecom,0.106,2.19,partial,0,11.3,0
E-002872,IK-02-00562,IK-06-01349,IK02,IK06,telecom,0.106,2.51,partial,0,7.7,0
E-002873,IK-01-00060,IK-06-01350,IK01,IK06,electricity,0.941,0.0,none,0,11.0,0
E-002874,IK-02-00611,IK-06-01350,IK02,IK06,telecom,0.124,2.46,partial,0,5.6,0
E-002875,IK-02-00542,IK-06-01350,IK02,IK06,telecom,0.124,2.51,partial,0,7.6,0
E-002876,IK-01-00144,IK-06-01351,IK01,IK06,electricity,0.525,0.0,partial,0,7.2,1
E-002877,IK-01-00228,IK-06-01351,IK01,IK06,electricity,0.525,0.0,partial,0,7.1,0
E-002878,IK-02-00586,IK-06-01351,IK02,IK06,telecom,0.25,2.47,none,0,16.4,0
E-002879,IK-01-00155,IK-06-01352,IK01,IK06,electricity,0.53,0.0,partial,0,8.1,0
E-002880,IK-01-00186,IK-06-01352,IK01,IK06,electricity,0.53,0.0,partial,0,1.2,0
E-002881,IK-02-00552,IK-06-01352,IK02,IK06,telecom,0.109,2.24,partial,0,11.6,0
E-002882,IK-02-00515,IK-06-01352,IK02,IK06,telecom,0.109,2.3,partial,0,7.8,0
E-002883,IK-01-00044,IK-06-01353,IK01,IK06,electricity,0.488,0.0,partial,0,9.2,0
E-002884,IK-01-00086,IK-06-01353,IK01,IK06,electricity,0.488,0.0,partial,0,1.8,1
E-002885,IK-02-00518,IK-06-01353,IK02,IK06,telecom,0.244,2.5,none,0,3.3,1
E-002886,IK-01-00150,IK-06-01354,IK01,IK06,electricity,0.824,0.0,none,0,1.7,0
E-002887,IK-02-00589,IK-06-01354,IK02,IK06,telecom,0.124,2.54,partial,0,8.6,0
E-002888,IK-02-00470,IK-06-01354,IK02,IK06,telecom,0.124,2.35,partial,0,8.1,0
E-002889,IK-01-00217,IK-06-01355,IK01,IK06,electricity,0.944,0.0,none,0,8.3,0
E-002890,IK-02-00455,IK-06-01355,IK02,IK06,telecom,0.264,2.45,none,0,7.6,0
E-002891,IK-01-00143,IK-06-01356,IK01,IK06,electricity,0.85,0.0,none,0,12.8,1
E-002892,IK-02-00670,IK-06-01356,IK02,IK06,telecom,0.221,2.46,none,0,12.7,0
E-002893,IK-01-00142,IK-06-01357,IK01,IK06,electricity,0.918,0.0,none,0,9.5,0
E-002894,IK-02-00433,IK-06-01357,IK02,IK06,telecom,0.266,2.48,none,0,11.3,1
E-002895,IK-01-00205,IK-06-01358,IK01,IK06,electricity,0.467,0.0,partial,0,10.0,0
E-002896,IK-01-00163,IK-06-01358,IK01,IK06,electricity,0.467,0.0,partial,0,6.1,0
E-002897,IK-02-00519,IK-06-01358,IK02,IK06,telecom,0.247,2.52,none,0,4.2,1
E-002898,IK-01-00134,IK-06-01359,IK01,IK06,electricity,0.887,0.0,none,0,1.0,0
E-002899,IK-02-00641,IK-06-01359,IK02,IK06,telecom,0.28,2.0,none,0,11.0,1
E-002900,IK-01-00105,IK-06-01360,IK01,IK06,electricity,0.917,0.0,none,0,5.9,1
E-002901,IK-02-00496,IK-06-01360,IK02,IK06,telecom,0.218,2.19,none,0,9.9,0
E-002902,IK-01-00237,IK-06-01361,IK01,IK06,electricity,1.0,0.0,none,0,9.7,0
E-002903,IK-02-00618,IK-06-01361,IK02,IK06,telecom,0.271,2.28,none,0,9.6,0
E-002904,IK-01-00062,IK-06-01362,IK01,IK06,electricity,1.0,0.0,none,0,5.8,0
E-002905,IK-02-00669,IK-06-01362,IK02,IK06,telecom,0.241,2.31,none,0,1.0,0
E-002906,IK-01-00240,IK-06-01363,IK01,IK06,electricity,0.409,0.0,partial,0,5.7,0
E-002907,IK-01-00159,IK-06-01363,IK01,IK06,electricity,0.409,0.0,partial,0,11.1,0
E-002908,IK-02-00578,IK-06-01363,IK02,IK06,telecom,0.134,2.04,partial,0,6.2,0
E-002909,IK-02-00619,IK-06-01363,IK02,IK06,telecom,0.134,2.32,partial,0,13.9,0
E-002910,IK-01-00203,IK-06-01364,IK01,IK06,electricity,0.981,0.0,none,0,12.8,0
E-002911,IK-02-00642,IK-06-01364,IK02,IK06,telecom,0.112,2.14,partial,0,4.3,1
E-002912,IK-02-00541,IK-06-01364,IK02,IK06,telecom,0.112,2.19,partial,0,7.4,1
E-002913,IK-01-00096,IK-07-01365,IK01,IK07,electricity,0.443,0.0,partial,0,9.5,1
E-002914,IK-01-00232,IK-07-01365,IK01,IK07,electricity,0.443,0.0,partial,0,7.7,0
E-002915,IK-06-01132,IK-07-01365,IK06,IK07,water,0.562,3.46,none,0,6.4,1
E-002916,IK-02-00576,IK-07-01365,IK02,IK07,telecom,0.196,1.5,partial,0,11.9,1
E-002917,IK-02-00558,IK-07-01365,IK02,IK07,telecom,0.196,1.22,partial,0,10.0,0
E-002918,IK-08-01685,IK-07-01365,IK08,IK07,transport,0.134,6.55,partial,0,7.0,0
E-002919,IK-08-01639,IK-07-01365,IK08,IK07,transport,0.134,6.54,partial,0,5.2,1
E-002920,IK-01-00094,IK-07-01366,IK01,IK07,electricity,0.783,0.0,none,0,9.7,1
E-002921,IK-06-01142,IK-07-01366,IK06,IK07,water,0.552,3.38,none,0,8.8,1
E-002922,IK-02-00646,IK-07-01366,IK02,IK07,telecom,0.172,1.16,full,0,3.3,1
E-002923,IK-02-00625,IK-07-01366,IK02,IK07,telecom,0.172,1.56,full,0,10.7,0
E-002924,IK-08-01780,IK-07-01366,IK08,IK07,transport,0.224,6.01,none,0,9.4,0
E-002925,IK-01-00049,IK-07-01367,IK01,IK07,electricity,0.859,0.0,none,0,12.2,0
E-002926,IK-06-01140,IK-07-01367,IK06,IK07,water,0.574,3.31,none,0,5.1,0
E-002927,IK-02-00670,IK-07-01367,IK02,IK07,telecom,0.344,1.31,none,0,18.0,0
E-002928,IK-08-01671,IK-07-01367,IK08,IK07,transport,0.119,6.48,full,0,16.1,1
E-002929,IK-08-01753,IK-07-01367,IK08,IK07,transport,0.119,6.42,full,0,7.8,0
E-002930,IK-01-00102,IK-07-01368,IK01,IK07,electricity,0.962,0.0,none,0,7.3,1
E-002931,IK-06-01196,IK-07-01368,IK06,IK07,water,0.471,3.2,none,0,1.0,0
E-002932,IK-02-00434,IK-07-01368,IK02,IK07,telecom,0.429,1.17,none,0,6.0,0
E-002933,IK-08-01742,IK-07-01368,IK08,IK07,transport,0.107,6.29,partial,0,8.4,0
E-002934,IK-08-01812,IK-07-01368,IK08,IK07,transport,0.107,6.34,partial,0,8.5,1
E-002935,IK-01-00155,IK-07-01369,IK01,IK07,electricity,0.988,0.0,none,0,5.6,0
E-002936,IK-06-01090,IK-07-01369,IK06,IK07,water,0.525,3.23,none,0,3.6,0
E-002937,IK-02-00601,IK-07-01369,IK02,IK07,telecom,0.173,1.12,full,0,13.3,1
E-002938,IK-02-00653,IK-07-01369,IK02,IK07,telecom,0.173,1.25,full,0,9.9,1
E-002939,IK-08-01796,IK-07-01369,IK08,IK07,transport,0.128,6.36,full,0,7.9,1
E-002940,IK-08-01657,IK-07-01369,IK08,IK07,transport,0.128,6.11,full,0,13.8,0
E-002941,IK-01-00103,IK-07-01370,IK01,IK07,electricity,1.0,0.0,none,0,8.4,0
E-002942,IK-06-01099,IK-07-01370,IK06,IK07,water,0.534,3.44,none,0,12.4,0
E-002943,IK-02-00581,IK-07-01370,IK02,IK07,telecom,0.19,1.08,full,0,10.7,1
E-002944,IK-02-00612,IK-07-01370,IK02,IK07,telecom,0.19,1.26,full,0,15.9,0
E-002945,IK-08-01710,IK-07-01370,IK08,IK07,transport,0.213,6.31,none,0,9.6,1
E-002946,IK-01-00047,IK-07-01371,IK01,IK07,electricity,0.824,0.0,none,0,11.2,0
E-002947,IK-06-01149,IK-07-01371,IK06,IK07,water,0.614,3.38,none,0,4.1,0
E-002948,IK-02-00436,IK-07-01371,IK02,IK07,telecom,0.439,1.33,none,0,3.4,0
E-002949,IK-08-01815,IK-07-01371,IK08,IK07,transport,0.108,6.13,partial,0,12.6,0
E-002950,IK-08-01728,IK-07-01371,IK08,IK07,transport,0.108,6.57,partial,0,6.1,0
E-002951,IK-01-00196,IK-07-01372,IK01,IK07,electricity,0.841,0.0,none,0,11.8,0
E-002952,IK-06-01219,IK-07-01372,IK06,IK07,water,0.525,3.42,none,0,6.0,1
E-002953,IK-02-00588,IK-07-01372,IK02,IK07,telecom,0.412,1.56,none,0,10.3,1
E-002954,IK-08-01739,IK-07-01372,IK08,IK07,transport,0.277,6.23,none,0,9.3,0
E-002955,IK-01-00097,IK-07-01373,IK01,IK07,electricity,0.924,0.0,none,0,9.0,1
E-002956,IK-06-01166,IK-07-01373,IK06,IK07,water,0.547,3.56,none,0,8.5,0
E-002957,IK-02-00441,IK-07-01373,IK02,IK07,telecom,0.217,1.47,partial,0,12.4,1
E-002958,IK-02-00676,IK-07-01373,IK02,IK07,telecom,0.217,1.58,partial,0,14.5,1
E-002959,IK-08-01718,IK-07-01373,IK08,IK07,transport,0.134,6.48,partial,0,5.4,0
E-002960,IK-08-01628,IK-07-01373,IK08,IK07,transport,0.134,6.54,partial,0,5.3,1
E-002961,IK-01-00159,IK-07-01374,IK01,IK07,electricity,1.0,0.0,none,0,8.1,0
E-002962,IK-06-01192,IK-07-01374,IK06,IK07,water,0.583,3.07,none,0,2.2,0
E-002963,IK-02-00619,IK-07-01374,IK02,IK07,telecom,0.383,1.01,none,0,6.7,1
E-002964,IK-08-01747,IK-07-01374,IK08,IK07,transport,0.26,6.27,none,0,1.7,1
E-002965,IK-01-00193,IK-07-01375,IK01,IK07,electricity,0.978,0.0,none,0,4.9,1
E-002966,IK-06-01106,IK-07-01375,IK06,IK07,water,0.566,3.46,none,0,5.5,0
E-002967,IK-02-00479,IK-07-01375,IK02,IK07,telecom,0.392,1.16,none,0,3.0,1
E-002968,IK-08-01753,IK-07-01375,IK08,IK07,transport,0.107,6.12,full,0,12.3,0
E-002969,IK-08-01672,IK-07-01375,IK08,IK07,transport,0.107,6.23,full,0,11.7,0
E-002970,IK-01-00227,IK-07-01376,IK01,IK07,electricity,0.868,0.0,none,0,13.7,0
E-002971,IK-06-01166,IK-07-01376,IK06,IK07,water,0.555,3.18,none,0,9.5,0
E-002972,IK-02-00645,IK-07-01376,IK02,IK07,telecom,0.414,1.02,none,0,7.2,0
E-002973,IK-08-01730,IK-07-01376,IK08,IK07,transport,0.218,6.19,none,0,9.8,1
E-002974,IK-01-00118,IK-07-01377,IK01,IK07,electricity,0.453,0.0,full,0,5.4,1
E-002975,IK-01-00116,IK-07-01377,IK01,IK07,electricity,0.453,0.0,full,0,7.9,0
E-002976,IK-06-01168,IK-07-01377,IK06,IK07,water,0.569,3.33,none,0,4.6,1
E-002977,IK-02-00613,IK-07-01377,IK02,IK07,telecom,0.188,1.14,partial,0,6.5,0
E-002978,IK-02-00511,IK-07-01377,IK02,IK07,telecom,0.188,1.5,partial,0,5.1,1
E-002979,IK-08-01729,IK-07-01377,IK08,IK07,transport,0.115,6.18,full,0,1.6,0
E-002980,IK-08-01624,IK-07-01377,IK08,IK07,transport,0.115,6.03,full,0,3.3,0
E-002981,IK-01-00042,IK-07-01378,IK01,IK07,electricity,0.415,0.0,partial,0,11.5,0
E-002982,IK-01-00162,IK-07-01378,IK01,IK07,electricity,0.415,0.0,partial,0,9.0,1
E-002983,IK-06-01137,IK-07-01378,IK06,IK07,water,0.519,3.54,none,0,5.4,1
E-002984,IK-02-00443,IK-07-01378,IK02,IK07,telecom,0.218,1.08,partial,0,5.9,1
E-002985,IK-02-00424,IK-07-01378,IK02,IK07,telecom,0.218,1.59,partial,0,1.0,0
E-002986,IK-08-01713,IK-07-01378,IK08,IK07,transport,0.112,6.04,partial,0,11.1,0
E-002987,IK-08-01687,IK-07-01378,IK08,IK07,transport,0.112,6.36,partial,0,5.1,0
E-002988,IK-01-00150,IK-07-01379,IK01,IK07,electricity,0.415,0.0,partial,0,14.2,1
E-002989,IK-01-00234,IK-07-01379,IK01,IK07,electricity,0.415,0.0,partial,0,8.3,0
E-002990,IK-06-01072,IK-07-01379,IK06,IK07,water,0.541,3.47,none,0,11.0,0
E-002991,IK-02-00531,IK-07-01379,IK02,IK07,telecom,0.193,1.45,full,0,11.0,0
E-002992,IK-02-00461,IK-07-01379,IK02,IK07,telecom,0.193,1.27,full,0,1.0,0
E-002993,IK-08-01734,IK-07-01379,IK08,IK07,transport,0.137,6.33,full,0,8.6,0
E-002994,IK-08-01733,IK-07-01379,IK08,IK07,transport,0.137,6.55,full,0,8.9,0
E-002995,IK-01-00220,IK-07-01380,IK01,IK07,electricity,0.461,0.0,partial,0,2.7,1
E-002996,IK-01-00223,IK-07-01380,IK01,IK07,electricity,0.461,0.0,partial,0,10.6,0
E-002997,IK-06-01184,IK-07-01380,IK06,IK07,water,0.472,3.18,none,0,8.2,0
E-002998,IK-02-00512,IK-07-01380,IK02,IK07,telecom,0.359,1.17,none,0,6.6,1
E-002999,IK-08-01654,IK-07-01380,IK08,IK07,transport,0.276,6.07,none,0,1.3,0
E-003000,IK-01-00069,IK-07-01381,IK01,IK07,electricity,1.0,0.0,none,0,4.8,0
E-003001,IK-06-01215,IK-07-01381,IK06,IK07,water,0.52,3.07,none,0,15.1,1
E-003002,IK-02-00643,IK-07-01381,IK02,IK07,telecom,0.186,1.1,full,0,13.3,0
E-003003,IK-02-00621,IK-07-01381,IK02,IK07,telecom,0.186,1.4,full,0,6.3,1
E-003004,IK-08-01673,IK-07-01381,IK08,IK07,transport,0.123,6.38,partial,0,12.3,0
E-003005,IK-08-01754,IK-07-01381,IK08,IK07,transport,0.123,6.26,partial,0,4.1,0
E-003006,IK-01-00200,IK-07-01382,IK01,IK07,electricity,0.971,0.0,none,0,7.2,0
E-003007,IK-06-01095,IK-07-01382,IK06,IK07,water,0.504,3.13,none,0,5.7,0
E-003008,IK-02-00484,IK-07-01382,IK02,IK07,telecom,0.416,1.17,none,0,7.5,0
E-003009,IK-08-01741,IK-07-01382,IK08,IK07,transport,0.256,6.16,none,0,13.9,0
E-003010,IK-01-00130,IK-07-01383,IK01,IK07,electricity,0.845,0.0,none,0,5.7,0
E-003011,IK-06-01157,IK-07-01383,IK06,IK07,water,0.607,3.48,none,0,10.3,0
E-003012,IK-02-00559,IK-07-01383,IK02,IK07,telecom,0.443,1.54,none,0,11.9,0
E-003013,IK-08-01695,IK-07-01383,IK08,IK07,transport,0.234,6.49,none,0,1.4,0
E-003014,IK-01-00070,IK-07-01384,IK01,IK07,electricity,0.825,0.0,none,0,6.5,0
E-003015,IK-06-01177,IK-07-01384,IK06,IK07,water,0.542,3.41,none,0,6.1,0
E-003016,IK-02-00427,IK-07-01384,IK02,IK07,telecom,0.173,1.56,partial,0,5.0,1
E-003017,IK-02-00467,IK-07-01384,IK02,IK07,telecom,0.173,1.54,partial,0,9.2,1
E-003018,IK-08-01756,IK-07-01384,IK08,IK07,transport,0.224,6.04,none,0,4.8,1
E-003019,IK-01-00114,IK-07-01385,IK01,IK07,electricity,0.5,0.0,full,0,8.3,0
E-003020,IK-01-00109,IK-07-01385,IK01,IK07,electricity,0.5,0.0,full,0,11.4,0
E-003021,IK-06-01219,IK-07-01385,IK06,IK07,water,0.518,3.57,none,0,5.3,1
E-003022,IK-02-00426,IK-07-01385,IK02,IK07,telecom,0.344,1.19,none,0,12.0,0
E-003023,IK-08-01739,IK-07-01385,IK08,IK07,transport,0.255,6.2,none,0,8.9,0
E-003024,IK-01-00095,IK-07-01386,IK01,IK07,electricity,0.819,0.0,none,0,13.4,0
E-003025,IK-06-01094,IK-07-01386,IK06,IK07,water,0.565,3.53,none,0,1.8,0
E-003026,IK-02-00540,IK-07-01386,IK02,IK07,telecom,0.221,1.57,full,0,8.7,0
E-003027,IK-02-00647,IK-07-01386,IK02,IK07,telecom,0.221,1.42,full,0,12.4,0
E-003028,IK-08-01745,IK-07-01386,IK08,IK07,transport,0.263,6.46,none,0,10.3,0
E-003029,IK-01-00218,IK-07-01387,IK01,IK07,electricity,0.503,0.0,full,0,11.9,0
E-003030,IK-01-00205,IK-07-01387,IK01,IK07,electricity,0.503,0.0,full,0,3.8,0
E-003031,IK-06-01211,IK-07-01387,IK06,IK07,water,0.588,3.05,none,0,1.0,1
E-003032,IK-02-00568,IK-07-01387,IK02,IK07,telecom,0.208,1.25,partial,0,10.3,0
E-003033,IK-02-00439,IK-07-01387,IK02,IK07,telecom,0.208,1.44,partial,0,9.9,0
E-003034,IK-08-01757,IK-07-01387,IK08,IK07,transport,0.232,6.15,none,0,8.8,0
E-003035,IK-01-00083,IK-07-01388,IK01,IK07,electricity,0.492,0.0,partial,0,12.7,1
E-003036,IK-01-00197,IK-07-01388,IK01,IK07,electricity,0.492,0.0,partial,0,4.2,0
E-003037,IK-06-01189,IK-07-01388,IK06,IK07,water,0.557,3.02,none,0,4.2,0
E-003038,IK-02-00528,IK-07-01388,IK02,IK07,telecom,0.446,1.09,none,0,4.0,1
E-003039,IK-08-01693,IK-07-01388,IK08,IK07,transport,0.225,6.31,none,0,11.1,0
E-003040,IK-01-00118,IK-07-01389,IK01,IK07,electricity,0.898,0.0,none,0,13.5,0
E-003041,IK-06-01168,IK-07-01389,IK06,IK07,water,0.251,3.25,full,0,3.9,0
E-003042,IK-06-01111,IK-07-01389,IK06,IK07,water,0.251,3.34,full,0,10.2,0
E-003043,IK-02-00613,IK-07-01389,IK02,IK07,telecom,0.41,1.38,none,0,10.5,0
E-003044,IK-08-01729,IK-07-01389,IK08,IK07,transport,0.135,6.15,partial,0,7.6,1
E-003045,IK-08-01624,IK-07-01389,IK08,IK07,transport,0.135,6.33,partial,0,10.4,1
E-003046,IK-01-00157,IK-07-01390,IK01,IK07,electricity,0.882,0.0,none,0,4.4,0
E-003047,IK-06-01232,IK-07-01390,IK06,IK07,water,0.474,3.49,none,0,16.5,1
E-003048,IK-02-00593,IK-07-01390,IK02,IK07,telecom,0.448,1.28,none,0,8.8,0
E-003049,IK-08-01778,IK-07-01390,IK08,IK07,transport,0.221,6.47,none,0,15.0,0
E-003050,IK-01-00060,IK-07-01391,IK01,IK07,electricity,0.502,0.0,partial,0,8.1,0
E-003051,IK-01-00167,IK-07-01391,IK01,IK07,electricity,0.502,0.0,partial,0,7.4,1
E-003052,IK-06-01162,IK-07-01391,IK06,IK07,water,0.576,3.46,none,0,7.6,0
E-003053,IK-02-00422,IK-07-01391,IK02,IK07,telecom,0.343,1.49,none,0,14.0,1
E-003054,IK-08-01688,IK-07-01391,IK08,IK07,transport,0.252,6.39,none,0,7.6,1
E-003055,IK-01-00099,IK-07-01392,IK01,IK07,electricity,0.969,0.0,none,0,9.1,0
E-003056,IK-06-01155,IK-07-01392,IK06,IK07,water,0.599,3.57,none,0,11.4,0
E-003057,IK-02-00532,IK-07-01392,IK02,IK07,telecom,0.369,1.3,none,0,13.8,1
E-003058,IK-08-01687,IK-07-01392,IK08,IK07,transport,0.229,6.48,none,0,8.0,0
E-003059,IK-01-00047,IK-07-01393,IK01,IK07,electricity,0.506,0.0,full,0,3.4,1
E-003060,IK-01-00218,IK-07-01393,IK01,IK07,electricity,0.506,0.0,full,0,11.9,0
E-003061,IK-06-01147,IK-07-01393,IK06,IK07,water,0.521,3.19,none,0,2.9,0
E-003062,IK-02-00478,IK-07-01393,IK02,IK07,telecom,0.425,1.39,none,0,10.4,0
E-003063,IK-08-01743,IK-07-01393,IK08,IK07,transport,0.27,6.35,none,0,13.4,0
E-003064,IK-01-00056,IK-07-01394,IK01,IK07,electricity,0.491,0.0,partial,0,1.0,1
E-003065,IK-01-00174,IK-07-01394,IK01,IK07,electricity,0.491,0.0,partial,0,1.0,1
E-003066,IK-06-01160,IK-07-01394,IK06,IK07,water,0.514,3.37,none,0,4.7,1
E-003067,IK-02-00641,IK-07-01394,IK02,IK07,telecom,0.414,1.45,none,0,11.8,0
E-003068,IK-08-01641,IK-07-01394,IK08,IK07,transport,0.125,6.49,partial,0,4.0,0
E-003069,IK-08-01650,IK-07-01394,IK08,IK07,transport,0.125,6.24,partial,0,3.0,0
E-003070,IK-01-00062,IK-07-01395,IK01,IK07,electricity,0.928,0.0,none,0,12.1,1
E-003071,IK-06-01074,IK-07-01395,IK06,IK07,water,0.47,3.59,none,0,6.2,1
E-003072,IK-02-00602,IK-07-01395,IK02,IK07,telecom,0.431,1.12,none,0,5.8,0
E-003073,IK-08-01715,IK-07-01395,IK08,IK07,transport,0.224,6.34,none,0,8.9,0
E-003074,IK-01-00087,IK-07-01396,IK01,IK07,electricity,0.815,0.0,none,0,9.9,0
E-003075,IK-06-01137,IK-07-01396,IK06,IK07,water,0.492,3.45,none,0,2.0,1
E-003076,IK-02-00445,IK-07-01396,IK02,IK07,telecom,0.223,1.41,partial,0,7.9,0
E-003077,IK-02-00438,IK-07-01396,IK02,IK07,telecom,0.223,1.32,partial,0,7.7,1
E-003078,IK-08-01797,IK-07-01396,IK08,IK07,transport,0.133,6.45,partial,0,7.4,0
E-003079,IK-08-01785,IK-07-01396,IK08,IK07,transport,0.133,6.37,partial,0,7.9,0
E-003080,IK-01-00063,IK-07-01397,IK01,IK07,electricity,0.399,0.0,partial,0,4.7,0
E-003081,IK-01-00195,IK-07-01397,IK01,IK07,electricity,0.399,0.0,partial,0,1.0,1
E-003082,IK-06-01142,IK-07-01397,IK06,IK07,water,0.548,3.39,none,0,12.2,0
E-003083,IK-02-00646,IK-07-01397,IK02,IK07,telecom,0.401,1.59,none,0,9.6,0
E-003084,IK-08-01807,IK-07-01397,IK08,IK07,transport,0.279,6.49,none,0,4.3,1
E-003085,IK-01-00160,IK-07-01398,IK01,IK07,electricity,1.0,0.0,none,0,17.3,0
E-003086,IK-06-01239,IK-07-01398,IK06,IK07,water,0.548,3.11,none,0,5.9,1
E-003087,IK-02-00674,IK-07-01398,IK02,IK07,telecom,0.437,1.07,none,0,11.6,0
E-003088,IK-08-01717,IK-07-01398,IK08,IK07,transport,0.226,6.03,none,0,1.7,0
E-003089,IK-01-00087,IK-07-01399,IK01,IK07,electricity,0.931,0.0,none,0,8.4,0
E-003090,IK-06-01242,IK-07-01399,IK06,IK07,water,0.508,3.48,none,0,2.9,0
E-003091,IK-02-00445,IK-07-01399,IK02,IK07,telecom,0.372,1.21,none,0,8.7,1
E-003092,IK-08-01797,IK-07-01399,IK08,IK07,transport,0.214,6.49,none,0,8.4,1
E-003093,IK-01-00060,IK-07-01400,IK01,IK07,electricity,0.892,0.0,none,0,8.1,1
E-003094,IK-06-01162,IK-07-01400,IK06,IK07,water,0.479,3.53,none,0,9.4,0
E-003095,IK-02-00422,IK-07-01400,IK02,IK07,telecom,0.352,1.38,none,0,10.7,0
E-003096,IK-08-01773,IK-07-01400,IK08,IK07,transport,0.221,6.44,none,0,4.5,1
E-003097,IK-01-00202,IK-07-01401,IK01,IK07,electricity,0.815,0.0,none,0,12.8,1
E-003098,IK-06-01228,IK-07-01401,IK06,IK07,water,0.59,3.51,none,0,13.5,0
E-003099,IK-02-00522,IK-07-01401,IK02,IK07,telecom,0.423,1.53,none,0,1.0,0
E-003100,IK-08-01681,IK-07-01401,IK08,IK07,transport,0.136,6.44,partial,0,6.9,1
E-003101,IK-08-01747,IK-07-01401,IK08,IK07,transport,0.136,6.24,partial,0,2.4,1
E-003102,IK-01-00173,IK-07-01402,IK01,IK07,electricity,0.486,0.0,full,0,7.4,1
E-003103,IK-01-00172,IK-07-01402,IK01,IK07,electricity,0.486,0.0,full,0,10.9,0
E-003104,IK-06-01164,IK-07-01402,IK06,IK07,water,0.493,3.11,none,0,9.4,1
E-003105,IK-02-00646,IK-07-01402,IK02,IK07,telecom,0.22,1.09,partial,0,12.2,0
E-003106,IK-02-00425,IK-07-01402,IK02,IK07,telecom,0.22,1.25,partial,0,3.3,0
E-003107,IK-08-01813,IK-07-01402,IK08,IK07,transport,0.222,6.43,none,0,5.6,1
E-003108,IK-01-00073,IK-07-01403,IK01,IK07,electricity,0.836,0.0,none,0,7.2,1
E-003109,IK-06-01235,IK-07-01403,IK06,IK07,water,0.554,3.36,none,0,15.7,0
E-003110,IK-02-00553,IK-07-01403,IK02,IK07,telecom,0.385,1.26,none,0,9.3,0
E-003111,IK-08-01615,IK-07-01403,IK08,IK07,transport,0.262,6.19,none,0,8.7,0
E-003112,IK-01-00142,IK-07-01404,IK01,IK07,electricity,0.888,0.0,none,0,9.3,0
E-003113,IK-06-01204,IK-07-01404,IK06,IK07,water,0.525,3.12,none,0,10.4,1
E-003114,IK-02-00451,IK-07-01404,IK02,IK07,telecom,0.447,1.44,none,0,12.4,0
E-003115,IK-08-01717,IK-07-01404,IK08,IK07,transport,0.135,6.34,partial,0,9.3,0
E-003116,IK-08-01786,IK-07-01404,IK08,IK07,transport,0.135,6.01,partial,0,6.3,0
E-003117,IK-01-00119,IK-07-01405,IK01,IK07,electricity,0.398,0.0,full,0,7.3,1
E-003118,IK-01-00140,IK-07-01405,IK01,IK07,electricity,0.398,0.0,full,0,6.8,1
E-003119,IK-06-01238,IK-07-01405,IK06,IK07,water,0.571,3.13,none,0,4.6,1
E-003120,IK-02-00465,IK-07-01405,IK02,IK07,telecom,0.388,1.15,none,0,6.9,1
E-003121,IK-08-01749,IK-07-01405,IK08,IK07,transport,0.234,6.59,none,0,8.5,0
E-003122,IK-01-00055,IK-07-01406,IK01,IK07,electricity,0.413,0.0,partial,0,4.6,0
E-003123,IK-01-00223,IK-07-01406,IK01,IK07,electricity,0.413,0.0,partial,0,14.0,1
E-003124,IK-06-01180,IK-07-01406,IK06,IK07,water,0.559,3.47,none,0,3.8,0
E-003125,IK-02-00512,IK-07-01406,IK02,IK07,telecom,0.397,1.41,none,0,10.6,0
E-003126,IK-08-01799,IK-07-01406,IK08,IK07,transport,0.22,6.28,none,0,10.5,0
E-003127,IK-01-00072,IK-07-01407,IK01,IK07,electricity,0.489,0.0,partial,0,4.4,1
E-003128,IK-01-00107,IK-07-01407,IK01,IK07,electricity,0.489,0.0,partial,0,11.3,1
E-003129,IK-06-01203,IK-07-01407,IK06,IK07,water,0.516,3.31,none,0,5.4,1
E-003130,IK-02-00491,IK-07-01407,IK02,IK07,telecom,0.434,1.01,none,0,4.8,1
E-003131,IK-08-01809,IK-07-01407,IK08,IK07,transport,0.269,6.4,none,0,10.3,0
E-003132,IK-01-00078,IK-07-01408,IK01,IK07,electricity,0.406,0.0,partial,0,11.2,0
E-003133,IK-01-00071,IK-07-01408,IK01,IK07,electricity,0.406,0.0,partial,0,6.1,1
E-003134,IK-06-01070,IK-07-01408,IK06,IK07,water,0.25,3.24,partial,0,7.1,0
E-003135,IK-06-01091,IK-07-01408,IK06,IK07,water,0.25,3.04,partial,0,9.8,0
E-003136,IK-02-00673,IK-07-01408,IK02,IK07,telecom,0.437,1.0,none,0,9.1,1
E-003137,IK-08-01682,IK-07-01408,IK08,IK07,transport,0.273,6.17,none,0,1.0,1
E-003138,IK-01-00135,IK-07-01409,IK01,IK07,electricity,0.486,0.0,partial,0,12.9,0
E-003139,IK-01-00142,IK-07-01409,IK01,IK07,electricity,0.486,0.0,partial,0,11.8,0
E-003140,IK-06-01204,IK-07-01409,IK06,IK07,water,0.471,3.51,none,0,7.6,0
E-003141,IK-02-00433,IK-07-01409,IK02,IK07,telecom,0.199,1.15,partial,0,4.9,1
E-003142,IK-02-00444,IK-07-01409,IK02,IK07,telecom,0.199,1.25,partial,0,12.1,0
E-003143,IK-08-01786,IK-07-01409,IK08,IK07,transport,0.238,6.49,none,0,15.2,0
E-003144,IK-01-00079,IK-07-01410,IK01,IK07,electricity,1.0,0.0,none,0,8.2,0
E-003145,IK-06-01077,IK-07-01410,IK06,IK07,water,0.488,3.32,none,0,10.2,0
E-003146,IK-02-00639,IK-07-01410,IK02,IK07,telecom,0.174,1.47,partial,0,4.4,1
E-003147,IK-02-00510,IK-07-01410,IK02,IK07,telecom,0.174,1.26,partial,0,4.8,0
E-003148,IK-08-01658,IK-07-01410,IK08,IK07,transport,0.24,6.58,none,0,18.2,1
E-003149,IK-01-00237,IK-07-01411,IK01,IK07,electricity,0.976,0.0,none,0,7.0,0
E-003150,IK-06-01158,IK-07-01411,IK06,IK07,water,0.306,3.39,full,0,12.9,0
E-003151,IK-06-01101,IK-07-01411,IK06,IK07,water,0.306,3.26,full,0,18.0,0
E-003152,IK-02-00466,IK-07-01411,IK02,IK07,telecom,0.369,1.03,none,0,6.3,0
E-003153,IK-08-01699,IK-07-01411,IK08,IK07,transport,0.245,6.56,none,0,8.0,1
E-003154,IK-01-00125,IK-07-01412,IK01,IK07,electricity,0.897,0.0,none,0,6.5,0
E-003155,IK-06-01186,IK-07-01412,IK06,IK07,water,0.557,3.25,none,0,5.2,1
E-003156,IK-02-00454,IK-07-01412,IK02,IK07,telecom,0.408,1.24,none,0,15.1,1
E-003157,IK-08-01720,IK-07-01412,IK08,IK07,transport,0.262,6.06,none,0,10.6,1
E-003158,IK-01-00087,IK-07-01413,IK01,IK07,electricity,0.413,0.0,partial,0,10.2,0
E-003159,IK-01-00156,IK-07-01413,IK01,IK07,electricity,0.413,0.0,partial,0,4.0,1
E-003160,IK-06-01116,IK-07-01413,IK06,IK07,water,0.277,3.21,partial,0,5.0,0
E-003161,IK-06-01137,IK-07-01413,IK06,IK07,water,0.277,3.24,partial,0,7.1,0
E-003162,IK-02-00443,IK-07-01413,IK02,IK07,telecom,0.206,1.1,partial,0,7.5,0
E-003163,IK-02-00438,IK-07-01413,IK02,IK07,telecom,0.206,1.23,partial,0,4.2,0
E-003164,IK-08-01785,IK-07-01413,IK08,IK07,transport,0.226,6.33,none,0,3.1,0
E-003165,IK-01-00126,IK-07-01414,IK01,IK07,electricity,0.944,0.0,none,0,12.2,0
E-003166,IK-06-01220,IK-07-01414,IK06,IK07,water,0.511,3.44,none,0,1.1,0
E-003167,IK-02-00631,IK-07-01414,IK02,IK07,telecom,0.413,1.06,none,0,7.5,0
E-003168,IK-08-01712,IK-07-01414,IK08,IK07,transport,0.136,6.14,partial,0,4.6,0
E-003169,IK-08-01756,IK-07-01414,IK08,IK07,transport,0.136,6.58,partial,0,8.0,1
E-003170,IK-01-00170,IK-07-01415,IK01,IK07,electricity,1.0,0.0,none,0,5.5,0
E-003171,IK-06-01234,IK-07-01415,IK06,IK07,water,0.524,3.56,none,0,12.2,0
E-003172,IK-02-00594,IK-07-01415,IK02,IK07,telecom,0.425,1.57,none,0,13.2,1
E-003173,IK-08-01723,IK-07-01415,IK08,IK07,transport,0.241,6.41,none,0,19.2,1
E-003174,IK-01-00236,IK-07-01416,IK01,IK07,electricity,0.884,0.0,none,0,9.8,0
E-003175,IK-06-01090,IK-07-01416,IK06,IK07,water,0.571,3.33,none,0,13.4,0
E-003176,IK-02-00515,IK-07-01416,IK02,IK07,telecom,0.423,1.55,none,0,9.4,0
E-003177,IK-08-01657,IK-07-01416,IK08,IK07,transport,0.135,6.44,partial,0,11.5,0
E-003178,IK-08-01796,IK-07-01416,IK08,IK07,transport,0.135,6.1,partial,0,11.7,1
E-003179,IK-01-00102,IK-07-01417,IK01,IK07,electricity,0.507,0.0,full,0,9.2,0
E-003180,IK-01-00096,IK-07-01417,IK01,IK07,electricity,0.507,0.0,full,0,7.7,1
E-003181,IK-06-01132,IK-07-01417,IK06,IK07,water,0.274,3.12,full,0,9.1,0
E-003182,IK-06-01196,IK-07-01417,IK06,IK07,water,0.274,3.32,full,0,8.6,1
E-003183,IK-02-00434,IK-07-01417,IK02,IK07,telecom,0.354,1.56,none,0,10.1,1
E-003184,IK-08-01742,IK-07-01417,IK08,IK07,transport,0.11,6.09,full,0,10.7,1
E-003185,IK-08-01812,IK-07-01417,IK08,IK07,transport,0.11,6.09,full,0,8.2,1
E-003186,IK-01-00151,IK-07-01418,IK01,IK07,electricity,1.0,0.0,none,0,3.2,1
E-003187,IK-06-01225,IK-07-01418,IK06,IK07,water,0.515,3.07,none,0,3.3,1
E-003188,IK-02-00623,IK-07-01418,IK02,IK07,telecom,0.423,1.34,none,0,4.0,1
E-003189,IK-08-01806,IK-07-01418,IK08,IK07,transport,0.12,6.43,full,0,6.8,1
E-003190,IK-08-01775,IK-07-01418,IK08,IK07,transport,0.12,6.56,full,0,9.4,0
E-003191,IK-01-00102,IK-07-01419,IK01,IK07,electricity,0.468,0.0,partial,0,1.9,0
E-003192,IK-01-00096,IK-07-01419,IK01,IK07,electricity,0.468,0.0,partial,0,1.6,0
E-003193,IK-06-01196,IK-07-01419,IK06,IK07,water,0.495,3.32,none,0,5.6,1
E-003194,IK-02-00503,IK-07-01419,IK02,IK07,telecom,0.184,1.4,full,0,11.5,1
E-003195,IK-02-00434,IK-07-01419,IK02,IK07,telecom,0.184,1.29,full,0,6.2,0
E-003196,IK-08-01788,IK-07-01419,IK08,IK07,transport,0.224,6.17,none,0,9.4,0
E-003197,IK-01-00122,IK-07-01420,IK01,IK07,electricity,0.931,0.0,none,0,7.2,0
E-003198,IK-06-01163,IK-07-01420,IK06,IK07,water,0.491,3.41,none,0,1.0,1
E-003199,IK-02-00620,IK-07-01420,IK02,IK07,telecom,0.385,1.18,none,0,2.8,0
E-003200,IK-08-01669,IK-07-01420,IK08,IK07,transport,0.248,6.39,none,0,3.6,1
E-003201,IK-01-00132,IK-07-01421,IK01,IK07,electricity,0.992,0.0,none,0,9.2,1
E-003202,IK-06-01178,IK-07-01421,IK06,IK07,water,0.469,3.47,none,0,9.5,0
E-003203,IK-02-00657,IK-07-01421,IK02,IK07,telecom,0.435,1.15,none,0,6.3,1
E-003204,IK-08-01801,IK-07-01421,IK08,IK07,transport,0.274,6.43,none,0,7.3,1
E-003205,IK-01-00174,IK-07-01422,IK01,IK07,electricity,0.813,0.0,none,0,1.8,0
E-003206,IK-06-01105,IK-07-01422,IK06,IK07,water,0.468,3.28,none,0,9.4,1
E-003207,IK-02-00555,IK-07-01422,IK02,IK07,telecom,0.357,1.1,none,0,10.7,1
E-003208,IK-08-01808,IK-07-01422,IK08,IK07,transport,0.251,6.1,none,0,16.8,0
E-003209,IK-01-00215,IK-07-01423,IK01,IK07,electricity,0.802,0.0,none,0,5.3,1
E-003210,IK-06-01113,IK-07-01423,IK06,IK07,water,0.525,3.25,none,0,15.7,0
E-003211,IK-02-00470,IK-07-01423,IK02,IK07,telecom,0.357,1.34,none,0,1.0,0
E-003212,IK-08-01767,IK-07-01423,IK08,IK07,transport,0.114,6.34,full,0,4.7,0
E-003213,IK-08-01734,IK-07-01423,IK08,IK07,transport,0.114,6.56,full,0,2.9,1
E-003214,IK-01-00057,IK-07-01424,IK01,IK07,electricity,0.94,0.0,none,0,8.2,1
E-003215,IK-06-01144,IK-07-01424,IK06,IK07,water,0.269,3.4,partial,0,4.7,1
E-003216,IK-06-01090,IK-07-01424,IK06,IK07,water,0.269,3.07,partial,0,5.6,0
E-003217,IK-02-00601,IK-07-01424,IK02,IK07,telecom,0.217,1.29,full,0,2.0,0
E-003218,IK-02-00653,IK-07-01424,IK02,IK07,telecom,0.217,1.04,full,0,6.9,1
E-003219,IK-08-01697,IK-07-01424,IK08,IK07,transport,0.24,6.37,none,0,5.8,1
E-003220,IK-01-00046,IK-07-01425,IK01,IK07,electricity,0.833,0.0,none,0,2.7,0
E-003221,IK-06-01080,IK-07-01425,IK06,IK07,water,0.506,3.0,none,0,12.7,0
E-003222,IK-02-00582,IK-07-01425,IK02,IK07,telecom,0.348,1.37,none,0,7.6,1
E-003223,IK-08-01651,IK-07-01425,IK08,IK07,transport,0.222,6.09,none,0,10.4,0
E-003224,IK-01-00188,IK-07-01426,IK01,IK07,electricity,0.909,0.0,none,0,15.1,0
E-003225,IK-06-01071,IK-07-01426,IK06,IK07,water,0.506,3.16,none,0,5.8,1
E-003226,IK-02-00534,IK-07-01426,IK02,IK07,telecom,0.394,1.45,none,0,10.4,0
E-003227,IK-08-01631,IK-07-01426,IK08,IK07,transport,0.224,6.49,none,0,14.9,1
E-003228,IK-01-00105,IK-07-01427,IK01,IK07,electricity,0.472,0.0,partial,0,11.9,0
E-003229,IK-01-00181,IK-07-01427,IK01,IK07,electricity,0.472,0.0,partial,0,2.9,1
E-003230,IK-06-01224,IK-07-01427,IK06,IK07,water,0.526,3.13,none,0,5.4,0
E-003231,IK-02-00496,IK-07-01427,IK02,IK07,telecom,0.193,1.33,partial,0,10.2,0
E-003232,IK-02-00488,IK-07-01427,IK02,IK07,telecom,0.193,1.14,partial,0,12.4,0
E-003233,IK-08-01746,IK-07-01427,IK08,IK07,transport,0.265,6.55,none,0,5.3,0
E-003234,IK-01-00056,IK-07-01428,IK01,IK07,electricity,0.453,0.0,partial,0,12.1,0
E-003235,IK-01-00174,IK-07-01428,IK01,IK07,electricity,0.453,0.0,partial,0,6.4,0
E-003236,IK-06-01160,IK-07-01428,IK06,IK07,water,0.241,3.44,partial,0,13.0,1
E-003237,IK-06-01178,IK-07-01428,IK06,IK07,water,0.241,3.34,partial,0,10.1,1
E-003238,IK-02-00641,IK-07-01428,IK02,IK07,telecom,0.341,1.49,none,0,1.0,1
E-003239,IK-08-01650,IK-07-01428,IK08,IK07,transport,0.225,6.57,none,0,5.0,0
E-003240,IK-01-00091,IK-07-01429,IK01,IK07,electricity,0.984,0.0,none,0,5.6,1
E-003241,IK-06-01100,IK-07-01429,IK06,IK07,water,0.528,3.21,none,0,3.8,0
E-003242,IK-02-00575,IK-07-01429,IK02,IK07,telecom,0.361,1.09,none,0,10.9,0
E-003243,IK-08-01680,IK-07-01429,IK08,IK07,transport,0.274,6.28,none,0,9.4,1
E-003244,IK-01-00096,IK-07-01430,IK01,IK07,electricity,0.425,0.0,partial,0,1.5,0
E-003245,IK-01-00232,IK-07-01430,IK01,IK07,electricity,0.425,0.0,partial,0,9.6,1
E-003246,IK-06-01132,IK-07-01430,IK06,IK07,water,0.574,3.53,none,0,7.6,0
E-003247,IK-02-00558,IK-07-01430,IK02,IK07,telecom,0.203,1.05,partial,0,6.0,0
E-003248,IK-02-00576,IK-07-01430,IK02,IK07,telecom,0.203,1.39,partial,0,9.3,1
E-003249,IK-08-01685,IK-07-01430,IK08,IK07,transport,0.259,6.36,none,0,11.3,0
E-003250,IK-01-00096,IK-07-01431,IK01,IK07,electricity,0.915,0.0,none,0,6.3,1
E-003251,IK-06-01132,IK-07-01431,IK06,IK07,water,0.486,3.14,none,0,11.4,0
E-003252,IK-02-00576,IK-07-01431,IK02,IK07,telecom,0.436,1.48,none,0,8.5,1
E-003253,IK-08-01685,IK-07-01431,IK08,IK07,transport,0.26,6.18,none,0,8.0,0
E-003254,IK-01-00083,IK-07-01432,IK01,IK07,electricity,0.808,0.0,none,0,11.3,0
E-003255,IK-06-01229,IK-07-01432,IK06,IK07,water,0.569,3.06,none,0,8.8,0
E-003256,IK-02-00528,IK-07-01432,IK02,IK07,telecom,0.422,1.32,none,0,4.9,0
E-003257,IK-08-01693,IK-07-01432,IK08,IK07,transport,0.121,6.12,partial,0,4.3,1
E-003258,IK-08-01636,IK-07-01432,IK08,IK07,transport,0.121,6.31,partial,0,8.0,0
E-003259,IK-01-00066,IK-07-01433,IK01,IK07,electricity,0.425,0.0,partial,0,4.1,1
E-003260,IK-01-00208,IK-07-01433,IK01,IK07,electricity,0.425,0.0,partial,0,6.0,0
E-003261,IK-06-01072,IK-07-01433,IK06,IK07,water,0.605,3.03,none,0,11.8,0
E-003262,IK-02-00461,IK-07-01433,IK02,IK07,telecom,0.346,1.03,none,0,6.7,1
E-003263,IK-08-01734,IK-07-01433,IK08,IK07,transport,0.273,6.4,none,0,6.2,0
E-003264,IK-01-00063,IK-07-01434,IK01,IK07,electricity,0.927,0.0,none,0,6.0,0
E-003265,IK-06-01142,IK-07-01434,IK06,IK07,water,0.519,3.3,none,0,9.1,0
E-003266,IK-02-00637,IK-07-01434,IK02,IK07,telecom,0.392,1.03,none,0,7.8,1
E-003267,IK-08-01807,IK-07-01434,IK08,IK07,transport,0.239,6.23,none,0,3.0,0
E-003268,IK-01-00190,IK-07-01435,IK01,IK07,electricity,0.949,0.0,none,0,8.6,1
E-003269,IK-06-01187,IK-07-01435,IK06,IK07,water,0.511,3.0,none,0,7.4,1
E-003270,IK-02-00585,IK-07-01435,IK02,IK07,telecom,0.172,1.36,partial,0,1.8,0
E-003271,IK-02-00453,IK-07-01435,IK02,IK07,telecom,0.172,1.21,partial,0,11.2,0
E-003272,IK-08-01723,IK-07-01435,IK08,IK07,transport,0.26,6.12,none,0,9.0,0
E-003273,IK-01-00073,IK-07-01436,IK01,IK07,electricity,0.91,0.0,none,0,8.6,0
E-003274,IK-06-01235,IK-07-01436,IK06,IK07,water,0.288,3.33,partial,0,10.8,1
E-003275,IK-06-01135,IK-07-01436,IK06,IK07,water,0.288,3.03,partial,0,13.9,0
E-003276,IK-02-00597,IK-07-01436,IK02,IK07,telecom,0.354,1.1,none,0,6.2,1
E-003277,IK-08-01620,IK-07-01436,IK08,IK07,transport,0.219,6.5,none,0,10.8,1
E-003278,IK-01-00195,IK-07-01437,IK01,IK07,electricity,0.432,0.0,partial,0,7.7,1
E-003279,IK-01-00124,IK-07-01437,IK01,IK07,electricity,0.432,0.0,partial,0,11.8,0
E-003280,IK-06-01139,IK-07-01437,IK06,IK07,water,0.575,3.16,none,0,6.1,1
E-003281,IK-02-00672,IK-07-01437,IK02,IK07,telecom,0.344,1.06,none,0,13.9,0
E-003282,IK-08-01714,IK-07-01437,IK08,IK07,transport,0.276,6.02,none,0,15.9,1
E-003283,IK-01-00143,IK-07-01438,IK01,IK07,electricity,0.403,0.0,partial,0,6.4,1
E-003284,IK-01-00111,IK-07-01438,IK01,IK07,electricity,0.403,0.0,partial,0,12.7,0
E-003285,IK-06-01240,IK-07-01438,IK06,IK07,water,0.586,3.1,none,0,5.9,1
E-003286,IK-02-00630,IK-07-01438,IK02,IK07,telecom,0.173,1.07,partial,0,5.1,0
E-003287,IK-02-00580,IK-07-01438,IK02,IK07,telecom,0.173,1.51,partial,0,13.5,1
E-003288,IK-08-01815,IK-07-01438,IK08,IK07,transport,0.125,6.36,partial,0,14.4,0
E-003289,IK-08-01728,IK-07-01438,IK08,IK07,transport,0.125,6.57,partial,0,12.2,0
E-003290,IK-01-00092,IK-07-01439,IK01,IK07,electricity,0.45,0.0,partial,0,2.7,0
E-003291,IK-01-00158,IK-07-01439,IK01,IK07,electricity,0.45,0.0,partial,0,1.0,0
E-003292,IK-06-01166,IK-07-01439,IK06,IK07,water,0.529,3.41,none,0,4.8,0
E-003293,IK-02-00664,IK-07-01439,IK02,IK07,telecom,0.435,1.6,none,0,6.6,0
E-003294,IK-08-01718,IK-07-01439,IK08,IK07,transport,0.275,6.14,none,0,4.4,0
E-003295,IK-01-00043,IK-07-01440,IK01,IK07,electricity,0.911,0.0,none,0,12.3,1
E-003296,IK-06-01085,IK-07-01440,IK06,IK07,water,0.564,3.33,none,0,12.2,0
E-003297,IK-02-00660,IK-07-01440,IK02,IK07,telecom,0.355,1.16,none,0,2.6,0
E-003298,IK-08-01803,IK-07-01440,IK08,IK07,transport,0.276,6.32,none,0,8.7,0
E-003299,IK-01-00102,IK-07-01441,IK01,IK07,electricity,0.452,0.0,partial,0,1.0,0
E-003300,IK-01-00096,IK-07-01441,IK01,IK07,electricity,0.452,0.0,partial,0,4.7,1
E-003301,IK-06-01196,IK-07-01441,IK06,IK07,water,0.582,3.09,none,0,8.6,1
E-003302,IK-02-00434,IK-07-01441,IK02,IK07,telecom,0.385,1.15,none,0,6.0,0
E-003303,IK-08-01812,IK-07-01441,IK08,IK07,transport,0.277,6.36,none,0,3.1,1
E-003304,IK-01-00096,IK-07-01442,IK01,IK07,electricity,0.927,0.0,none,0,11.4,0
E-003305,IK-06-01132,IK-07-01442,IK06,IK07,water,0.585,3.49,none,0,12.2,0
E-003306,IK-02-00516,IK-07-01442,IK02,IK07,telecom,0.398,1.07,none,0,4.1,1
E-003307,IK-08-01742,IK-07-01442,IK08,IK07,transport,0.254,6.34,none,0,8.9,0
E-003308,IK-01-00161,IK-07-01443,IK01,IK07,electricity,1.0,0.0,none,0,15.5,0
E-003309,IK-06-01212,IK-07-01443,IK06,IK07,water,0.607,3.52,none,0,10.9,0
E-003310,IK-02-00430,IK-07-01443,IK02,IK07,telecom,0.389,1.2,none,0,5.7,0
E-003311,IK-08-01677,IK-07-01443,IK08,IK07,transport,0.246,6.24,none,0,6.8,1
E-003312,IK-01-00101,IK-07-01444,IK01,IK07,electricity,0.482,0.0,partial,0,5.1,1
E-003313,IK-01-00147,IK-07-01444,IK01,IK07,electricity,0.482,0.0,partial,0,8.7,1
E-003314,IK-06-01094,IK-07-01444,IK06,IK07,water,0.544,3.58,none,0,13.0,0
E-003315,IK-02-00647,IK-07-01444,IK02,IK07,telecom,0.417,1.31,none,0,12.2,0
E-003316,IK-08-01745,IK-07-01444,IK08,IK07,transport,0.269,6.16,none,0,5.3,0
E-003317,IK-01-00088,IK-07-01445,IK01,IK07,electricity,0.897,0.0,none,0,11.3,1
E-003318,IK-06-01176,IK-07-01445,IK06,IK07,water,0.558,3.23,none,0,8.1,1
E-003319,IK-02-00671,IK-07-01445,IK02,IK07,telecom,0.382,1.35,none,0,1.0,1
E-003320,IK-08-01648,IK-07-01445,IK08,IK07,transport,0.137,6.43,partial,0,8.0,1
E-003321,IK-08-01626,IK-07-01445,IK08,IK07,transport,0.137,6.31,partial,0,8.7,0
E-003322,IK-01-00098,IK-07-01446,IK01,IK07,electricity,0.854,0.0,none,0,11.7,1
E-003323,IK-06-01125,IK-07-01446,IK06,IK07,water,0.595,3.09,none,0,2.4,1
E-003324,IK-02-00518,IK-07-01446,IK02,IK07,telecom,0.341,1.32,none,0,4.9,1
E-003325,IK-08-01706,IK-07-01446,IK08,IK07,transport,0.125,6.11,full,0,3.8,0
E-003326,IK-08-01702,IK-07-01446,IK08,IK07,transport,0.125,6.38,full,0,8.1,0
E-003327,IK-01-00109,IK-07-01447,IK01,IK07,electricity,0.908,0.0,none,0,1.0,0
E-003328,IK-06-01219,IK-07-01447,IK06,IK07,water,0.522,3.5,none,0,7.7,0
E-003329,IK-02-00549,IK-07-01447,IK02,IK07,telecom,0.388,1.06,none,0,6.1,1
E-003330,IK-08-01739,IK-07-01447,IK08,IK07,transport,0.214,6.29,none,0,7.9,1
E-003331,IK-01-00060,IK-07-01448,IK01,IK07,electricity,0.86,0.0,none,0,9.5,0
E-003332,IK-06-01079,IK-07-01448,IK06,IK07,water,0.542,3.28,none,0,9.5,0
E-003333,IK-02-00513,IK-07-01448,IK02,IK07,telecom,0.179,1.55,partial,0,5.8,1
E-003334,IK-02-00574,IK-07-01448,IK02,IK07,telecom,0.179,1.1,partial,0,9.7,1
E-003335,IK-08-01670,IK-07-01448,IK08,IK07,transport,0.25,6.54,none,0,11.1,0
E-003336,IK-01-00060,IK-07-01449,IK01,IK07,electricity,0.832,0.0,none,0,3.5,0
E-003337,IK-06-01079,IK-07-01449,IK06,IK07,water,0.468,3.27,none,0,1.0,1
E-003338,IK-02-00616,IK-07-01449,IK02,IK07,telecom,0.429,1.52,none,0,12.1,0
E-003339,IK-08-01773,IK-07-01449,IK08,IK07,transport,0.259,6.46,none,0,15.3,0
E-003340,IK-01-00231,IK-07-01450,IK01,IK07,electricity,0.847,0.0,none,0,1.0,0
E-003341,IK-06-01216,IK-07-01450,IK06,IK07,water,0.49,3.26,none,0,8.3,0
E-003342,IK-02-00483,IK-07-01450,IK02,IK07,telecom,0.21,1.4,partial,0,4.3,1
E-003343,IK-02-00498,IK-07-01450,IK02,IK07,telecom,0.21,1.25,partial,0,11.4,0
E-003344,IK-08-01619,IK-07-01450,IK08,IK07,transport,0.259,6.25,none,0,13.1,0
E-003345,IK-01-00190,IK-07-01451,IK01,IK07,electricity,0.949,0.0,none,0,3.2,1
E-003346,IK-06-01233,IK-07-01451,IK06,IK07,water,0.553,3.21,none,0,3.3,0
E-003347,IK-02-00585,IK-07-01451,IK02,IK07,telecom,0.19,1.58,partial,0,19.0,1
E-003348,IK-02-00453,IK-07-01451,IK02,IK07,telecom,0.19,1.5,partial,0,10.3,1
E-003349,IK-08-01723,IK-07-01451,IK08,IK07,transport,0.265,6.19,none,0,6.8,0
E-003350,IK-01-00221,IK-07-01452,IK01,IK07,electricity,0.921,0.0,none,0,5.9,1
E-003351,IK-06-01220,IK-07-01452,IK06,IK07,water,0.471,3.35,none,0,6.4,1
E-003352,IK-02-00567,IK-07-01452,IK02,IK07,telecom,0.176,1.51,partial,0,10.6,0
E-003353,IK-02-00573,IK-07-01452,IK02,IK07,telecom,0.176,1.54,partial,0,2.0,0
E-003354,IK-08-01712,IK-07-01452,IK08,IK07,transport,0.218,6.13,none,0,6.3,1
E-003355,IK-01-00218,IK-07-01453,IK01,IK07,electricity,0.824,0.0,none,0,9.7,0
E-003356,IK-06-01211,IK-07-01453,IK06,IK07,water,0.503,3.29,none,0,12.5,1
E-003357,IK-02-00568,IK-07-01453,IK02,IK07,telecom,0.214,1.49,partial,0,1.5,0
E-003358,IK-02-00605,IK-07-01453,IK02,IK07,telecom,0.214,1.59,partial,0,3.6,0
E-003359,IK-08-01757,IK-07-01453,IK08,IK07,transport,0.224,6.27,none,0,11.8,1
E-003360,IK-01-00059,IK-07-01454,IK01,IK07,electricity,0.424,0.0,partial,0,8.2,1
E-003361,IK-01-00058,IK-07-01454,IK01,IK07,electricity,0.424,0.0,partial,0,9.8,0
E-003362,IK-06-01086,IK-07-01454,IK06,IK07,water,0.594,3.59,none,0,4.3,0
E-003363,IK-02-00521,IK-07-01454,IK02,IK07,telecom,0.347,1.07,none,0,8.3,0
E-003364,IK-08-01698,IK-07-01454,IK08,IK07,transport,0.126,6.49,partial,0,1.0,0
E-003365,IK-08-01692,IK-07-01454,IK08,IK07,transport,0.126,6.06,partial,0,3.7,1
E-003366,IK-01-00093,IK-07-01455,IK01,IK07,electricity,0.499,0.0,partial,0,6.6,0
E-003367,IK-01-00092,IK-07-01455,IK01,IK07,electricity,0.499,0.0,partial,0,9.5,0
E-003368,IK-06-01193,IK-07-01455,IK06,IK07,water,0.532,3.47,none,0,12.5,0
E-003369,IK-02-00468,IK-07-01455,IK02,IK07,telecom,0.34,1.14,none,0,9.2,0
E-003370,IK-08-01667,IK-07-01455,IK08,IK07,transport,0.108,6.57,partial,0,12.0,1
E-003371,IK-08-01810,IK-07-01455,IK08,IK07,transport,0.108,6.38,partial,0,8.5,1
E-003372,IK-01-00235,IK-07-01456,IK01,IK07,electricity,0.426,0.0,partial,0,2.0,1
E-003373,IK-01-00192,IK-07-01456,IK01,IK07,electricity,0.426,0.0,partial,0,11.0,0
E-003374,IK-06-01119,IK-07-01456,IK06,IK07,water,0.275,3.23,partial,0,5.4,1
E-003375,IK-06-01126,IK-07-01456,IK06,IK07,water,0.275,3.49,partial,0,10.0,1
E-003376,IK-02-00651,IK-07-01456,IK02,IK07,telecom,0.428,1.41,none,0,4.5,0
E-003377,IK-08-01678,IK-07-01456,IK08,IK07,transport,0.109,6.28,partial,0,3.7,0
E-003378,IK-08-01723,IK-07-01456,IK08,IK07,transport,0.109,6.4,partial,0,7.8,0
E-003379,IK-01-00187,IK-07-01457,IK01,IK07,electricity,0.96,0.0,none,0,7.0,0
E-003380,IK-06-01220,IK-07-01457,IK06,IK07,water,0.49,3.26,none,0,10.0,0
E-003381,IK-02-00567,IK-07-01457,IK02,IK07,telecom,0.365,1.39,none,0,1.0,1
E-003382,IK-08-01712,IK-07-01457,IK08,IK07,transport,0.248,6.17,none,0,1.0,0
E-003383,IK-01-00070,IK-07-01458,IK01,IK07,electricity,0.426,0.0,partial,0,1.9,1
E-003384,IK-01-00199,IK-07-01458,IK01,IK07,electricity,0.426,0.0,partial,0,15.6,0
E-003385,IK-06-01177,IK-07-01458,IK06,IK07,water,0.507,3.09,none,0,8.4,0
E-003386,IK-02-00427,IK-07-01458,IK02,IK07,telecom,0.361,1.54,none,0,5.0,0
E-003387,IK-08-01756,IK-07-01458,IK08,IK07,transport,0.274,6.21,none,0,7.1,1
E-003388,IK-01-00190,IK-07-01459,IK01,IK07,electricity,0.497,0.0,partial,0,12.9,1
E-003389,IK-01-00169,IK-07-01459,IK01,IK07,electricity,0.497,0.0,partial,0,15.1,0
E-003390,IK-06-01233,IK-07-01459,IK06,IK07,water,0.582,3.56,none,0,7.7,1
E-003391,IK-02-00585,IK-07-01459,IK02,IK07,telecom,0.404,1.51,none,0,6.5,0
E-003392,IK-08-01723,IK-07-01459,IK08,IK07,transport,0.245,6.17,none,0,7.1,0
E-003393,IK-01-00205,IK-07-01460,IK01,IK07,electricity,0.438,0.0,partial,0,11.8,1
E-003394,IK-01-00148,IK-07-01460,IK01,IK07,electricity,0.438,0.0,partial,0,8.7,1
E-003395,IK-06-01146,IK-07-01460,IK06,IK07,water,0.482,3.26,none,0,6.3,0
E-003396,IK-02-00519,IK-07-01460,IK02,IK07,telecom,0.188,1.16,partial,0,6.6,0
E-003397,IK-02-00551,IK-07-01460,IK02,IK07,telecom,0.188,1.55,partial,0,15.3,1
E-003398,IK-08-01790,IK-07-01460,IK08,IK07,transport,0.261,6.22,none,0,1.0,0
E-003399,IK-01-00044,IK-07-01461,IK01,IK07,electricity,0.81,0.0,none,0,4.0,0
E-003400,IK-06-01222,IK-07-01461,IK06,IK07,water,0.557,3.08,none,0,12.3,0
E-003401,IK-02-00680,IK-07-01461,IK02,IK07,telecom,0.367,1.49,none,0,8.7,0
E-003402,IK-08-01664,IK-07-01461,IK08,IK07,transport,0.225,6.46,none,0,9.6,1
E-003403,IK-01-00160,IK-07-01462,IK01,IK07,electricity,1.0,0.0,none,0,9.4,1
E-003404,IK-06-01122,IK-07-01462,IK06,IK07,water,0.556,3.27,none,0,12.7,0
E-003405,IK-02-00674,IK-07-01462,IK02,IK07,telecom,0.398,1.02,none,0,1.2,0
E-003406,IK-08-01717,IK-07-01462,IK08,IK07,transport,0.277,6.47,none,0,13.0,0
E-003407,IK-01-00218,IK-07-01463,IK01,IK07,electricity,0.984,0.0,none,0,9.1,0
E-003408,IK-06-01221,IK-07-01463,IK06,IK07,water,0.571,3.18,none,0,6.9,1
E-003409,IK-02-00478,IK-07-01463,IK02,IK07,telecom,0.194,1.18,partial,0,10.5,0
E-003410,IK-02-00650,IK-07-01463,IK02,IK07,telecom,0.194,1.32,partial,0,14.4,0
E-003411,IK-08-01617,IK-07-01463,IK08,IK07,transport,0.263,6.44,none,0,6.2,0
E-003412,IK-01-00060,IK-07-01464,IK01,IK07,electricity,0.802,0.0,none,0,11.2,0
E-003413,IK-06-01191,IK-07-01464,IK06,IK07,water,0.557,3.1,none,0,9.2,1
E-003414,IK-02-00513,IK-07-01464,IK02,IK07,telecom,0.351,1.2,none,0,2.6,0
E-003415,IK-08-01670,IK-07-01464,IK08,IK07,transport,0.241,6.11,none,0,5.9,0
E-003416,IK-01-00129,IK-07-01465,IK01,IK07,electricity,0.473,0.0,partial,0,6.6,0
E-003417,IK-01-00098,IK-07-01465,IK01,IK07,electricity,0.473,0.0,partial,0,8.9,0
E-003418,IK-06-01136,IK-07-01465,IK06,IK07,water,0.545,3.25,none,0,3.9,0
E-003419,IK-02-00545,IK-07-01465,IK02,IK07,telecom,0.386,1.0,none,0,4.4,0
E-003420,IK-08-01706,IK-07-01465,IK08,IK07,transport,0.111,6.23,partial,0,5.4,0
E-003421,IK-08-01702,IK-07-01465,IK08,IK07,transport,0.111,6.03,partial,0,1.0,1
E-003422,IK-01-00225,IK-07-01466,IK01,IK07,electricity,0.979,0.0,none,0,10.3,0
E-003423,IK-06-01234,IK-07-01466,IK06,IK07,water,0.579,3.38,none,0,5.7,0
E-003424,IK-02-00594,IK-07-01466,IK02,IK07,telecom,0.425,1.35,none,0,2.6,1
E-003425,IK-08-01768,IK-07-01466,IK08,IK07,transport,0.273,6.39,none,0,5.7,0
E-003426,IK-01-00121,IK-07-01467,IK01,IK07,electricity,0.477,0.0,partial,0,9.1,1
E-003427,IK-01-00069,IK-07-01467,IK01,IK07,electricity,0.477,0.0,partial,0,11.6,1
E-003428,IK-06-01100,IK-07-01467,IK06,IK07,water,0.613,3.55,none,0,10.0,0
E-003429,IK-02-00643,IK-07-01467,IK02,IK07,telecom,0.223,1.57,partial,0,1.1,1
E-003430,IK-02-00621,IK-07-01467,IK02,IK07,telecom,0.223,1.57,partial,0,8.7,0
E-003431,IK-08-01721,IK-07-01467,IK08,IK07,transport,0.236,6.23,none,0,1.4,0
E-003432,IK-01-00060,IK-07-01468,IK01,IK07,electricity,0.505,0.0,partial,0,5.9,0
E-003433,IK-01-00167,IK-07-01468,IK01,IK07,electricity,0.505,0.0,partial,0,3.9,0
E-003434,IK-06-01162,IK-07-01468,IK06,IK07,water,0.581,3.1,none,0,3.9,0
E-003435,IK-02-00422,IK-07-01468,IK02,IK07,telecom,0.175,1.44,full,0,8.6,0
E-003436,IK-02-00579,IK-07-01468,IK02,IK07,telecom,0.175,1.44,full,0,9.8,0
E-003437,IK-08-01773,IK-07-01468,IK08,IK07,transport,0.243,6.52,none,0,6.6,0
E-003438,IK-01-00161,IK-07-01469,IK01,IK07,electricity,0.482,0.0,partial,0,20.6,0
E-003439,IK-01-00237,IK-07-01469,IK01,IK07,electricity,0.482,0.0,partial,0,10.4,0
E-003440,IK-06-01237,IK-07-01469,IK06,IK07,water,0.576,3.24,none,0,1.0,0
E-003441,IK-02-00430,IK-07-01469,IK02,IK07,telecom,0.173,1.22,partial,0,15.4,0
E-003442,IK-02-00428,IK-07-01469,IK02,IK07,telecom,0.173,1.59,partial,0,9.6,1
E-003443,IK-08-01677,IK-07-01469,IK08,IK07,transport,0.131,6.59,partial,0,9.3,0
E-003444,IK-08-01699,IK-07-01469,IK08,IK07,transport,0.131,6.05,partial,0,7.8,0
E-003445,IK-01-00163,IK-07-01470,IK01,IK07,electricity,0.944,0.0,none,0,3.5,0
E-003446,IK-06-01206,IK-07-01470,IK06,IK07,water,0.589,3.39,none,0,8.5,0
E-003447,IK-02-00551,IK-07-01470,IK02,IK07,telecom,0.172,1.08,partial,0,6.6,0
E-003448,IK-02-00519,IK-07-01470,IK02,IK07,telecom,0.172,1.2,partial,0,5.8,0
E-003449,IK-08-01805,IK-07-01470,IK08,IK07,transport,0.137,6.39,partial,0,3.4,0
E-003450,IK-08-01621,IK-07-01470,IK08,IK07,transport,0.137,6.17,partial,0,14.7,0
E-003451,IK-01-00164,IK-07-01471,IK01,IK07,electricity,0.481,0.0,partial,0,6.5,0
E-003452,IK-01-00166,IK-07-01471,IK01,IK07,electricity,0.481,0.0,partial,0,6.4,1
E-003453,IK-06-01152,IK-07-01471,IK06,IK07,water,0.578,3.48,none,0,8.0,0
E-003454,IK-02-00612,IK-07-01471,IK02,IK07,telecom,0.198,1.23,partial,0,6.2,1
E-003455,IK-02-00423,IK-07-01471,IK02,IK07,telecom,0.198,1.49,partial,0,16.7,0
E-003456,IK-08-01646,IK-07-01471,IK08,IK07,transport,0.215,6.21,none,0,9.2,1
E-003457,IK-01-00049,IK-07-01472,IK01,IK07,electricity,0.917,0.0,none,0,14.7,1
E-003458,IK-06-01140,IK-07-01472,IK06,IK07,water,0.507,3.08,none,0,5.8,0
E-003459,IK-02-00462,IK-07-01472,IK02,IK07,telecom,0.173,1.44,partial,0,9.8,1
E-003460,IK-02-00670,IK-07-01472,IK02,IK07,telecom,0.173,1.58,partial,0,4.4,0
E-003461,IK-08-01672,IK-07-01472,IK08,IK07,transport,0.235,6.28,none,0,5.6,1
E-003462,IK-01-00232,IK-07-01473,IK01,IK07,electricity,0.511,0.0,partial,0,10.2,0
E-003463,IK-01-00096,IK-07-01473,IK01,IK07,electricity,0.511,0.0,partial,0,10.2,0
E-003464,IK-06-01202,IK-07-01473,IK06,IK07,water,0.555,3.32,none,0,1.0,0
E-003465,IK-02-00447,IK-07-01473,IK02,IK07,telecom,0.368,1.08,none,0,5.9,1
E-003466,IK-08-01685,IK-07-01473,IK08,IK07,transport,0.219,6.05,none,0,3.0,1
E-003467,IK-01-00090,IK-07-01474,IK01,IK07,electricity,0.881,0.0,none,0,10.9,1
E-003468,IK-06-01209,IK-07-01474,IK06,IK07,water,0.569,3.19,none,0,6.9,0
E-003469,IK-02-00603,IK-07-01474,IK02,IK07,telecom,0.383,1.26,none,0,6.5,1
E-003470,IK-08-01651,IK-07-01474,IK08,IK07,transport,0.269,6.53,none,0,1.0,0
E-003471,IK-01-00071,IK-07-01475,IK01,IK07,electricity,0.916,0.0,none,0,10.8,0
E-003472,IK-06-01070,IK-07-01475,IK06,IK07,water,0.538,3.01,none,0,5.7,0
E-003473,IK-02-00590,IK-07-01475,IK02,IK07,telecom,0.345,1.58,none,0,5.3,0
E-003474,IK-08-01682,IK-07-01475,IK08,IK07,transport,0.232,6.52,none,0,11.3,1
E-003475,IK-01-00067,IK-07-01476,IK01,IK07,electricity,0.48,0.0,partial,0,8.3,0
E-003476,IK-01-00065,IK-07-01476,IK01,IK07,electricity,0.48,0.0,partial,0,12.5,0
E-003477,IK-06-01200,IK-07-01476,IK06,IK07,water,0.538,3.4,none,0,9.1,1
E-003478,IK-02-00571,IK-07-01476,IK02,IK07,telecom,0.408,1.4,none,0,10.8,0
E-003479,IK-08-01675,IK-07-01476,IK08,IK07,transport,0.241,6.08,none,0,6.3,1
E-003480,IK-01-00105,IK-07-01477,IK01,IK07,electricity,0.453,0.0,partial,0,4.2,0
E-003481,IK-01-00226,IK-07-01477,IK01,IK07,electricity,0.453,0.0,partial,0,5.5,0
E-003482,IK-06-01217,IK-07-01477,IK06,IK07,water,0.243,3.4,partial,0,10.2,1
E-003483,IK-06-01188,IK-07-01477,IK06,IK07,water,0.243,3.46,partial,0,5.4,0
E-003484,IK-02-00496,IK-07-01477,IK02,IK07,telecom,0.183,1.53,partial,0,8.2,1
E-003485,IK-02-00442,IK-07-01477,IK02,IK07,telecom,0.183,1.13,partial,0,13.2,0
E-003486,IK-08-01784,IK-07-01477,IK08,IK07,transport,0.232,6.57,none,0,12.6,0
E-003487,IK-01-00083,IK-07-01478,IK01,IK07,electricity,0.855,0.0,none,0,10.8,1
E-003488,IK-06-01229,IK-07-01478,IK06,IK07,water,0.488,3.55,none,0,11.5,0
E-003489,IK-02-00528,IK-07-01478,IK02,IK07,telecom,0.366,1.01,none,0,3.2,0
E-003490,IK-08-01693,IK-07-01478,IK08,IK07,transport,0.253,6.56,none,0,2.5,1
E-003491,IK-01-00122,IK-07-01479,IK01,IK07,electricity,0.507,0.0,partial,0,11.5,0
E-003492,IK-01-00129,IK-07-01479,IK01,IK07,electricity,0.507,0.0,partial,0,6.5,0
E-003493,IK-06-01083,IK-07-01479,IK06,IK07,water,0.498,3.26,none,0,12.2,0
E-003494,IK-02-00678,IK-07-01479,IK02,IK07,telecom,0.207,1.0,partial,0,4.5,1
E-003495,IK-02-00620,IK-07-01479,IK02,IK07,telecom,0.207,1.02,partial,0,8.9,0
E-003496,IK-08-01690,IK-07-01479,IK08,IK07,transport,0.116,6.1,partial,0,5.6,0
E-003497,IK-08-01686,IK-07-01479,IK08,IK07,transport,0.116,6.57,partial,0,3.1,0
E-003498,IK-01-00164,IK-07-01480,IK01,IK07,electricity,0.846,0.0,none,0,12.7,1
E-003499,IK-06-01152,IK-07-01480,IK06,IK07,water,0.522,3.38,none,0,12.4,0
E-003500,IK-02-00423,IK-07-01480,IK02,IK07,telecom,0.41,1.38,none,0,18.3,0
E-003501,IK-08-01689,IK-07-01480,IK08,IK07,transport,0.113,6.25,partial,0,8.6,1
E-003502,IK-08-01646,IK-07-01480,IK08,IK07,transport,0.113,6.27,partial,0,14.1,1
E-003503,IK-01-00221,IK-07-01481,IK01,IK07,electricity,0.806,0.0,none,0,6.5,1
E-003504,IK-06-01220,IK-07-01481,IK06,IK07,water,0.492,3.06,none,0,16.1,1
E-003505,IK-02-00573,IK-07-01481,IK02,IK07,telecom,0.186,1.47,full,0,14.8,1
E-003506,IK-02-00567,IK-07-01481,IK02,IK07,telecom,0.186,1.1,full,0,11.3,0
E-003507,IK-08-01712,IK-07-01481,IK08,IK07,transport,0.227,6.35,none,0,4.6,0
E-003508,IK-01-00182,IK-07-01482,IK01,IK07,electricity,0.783,0.0,none,0,6.1,0
E-003509,IK-06-01067,IK-07-01482,IK06,IK07,water,0.496,3.2,none,0,19.9,0
E-003510,IK-02-00447,IK-07-01482,IK02,IK07,telecom,0.218,1.53,partial,0,9.5,0
E-003511,IK-02-00638,IK-07-01482,IK02,IK07,telecom,0.218,1.05,partial,0,8.0,0
E-003512,IK-08-01787,IK-07-01482,IK08,IK07,transport,0.278,6.28,none,0,8.2,1
E-003513,IK-01-00185,IK-07-01483,IK01,IK07,electricity,0.953,0.0,none,0,15.9,0
E-003514,IK-06-01176,IK-07-01483,IK06,IK07,water,0.548,3.09,none,0,9.0,0
E-003515,IK-02-00458,IK-07-01483,IK02,IK07,telecom,0.388,1.11,none,0,3.8,0
E-003516,IK-08-01626,IK-07-01483,IK08,IK07,transport,0.214,6.15,none,0,3.6,0
E-003517,IK-01-00195,IK-07-01484,IK01,IK07,electricity,0.866,0.0,none,0,5.0,1
E-003518,IK-06-01102,IK-07-01484,IK06,IK07,water,0.285,3.46,partial,0,8.8,0
E-003519,IK-06-01139,IK-07-01484,IK06,IK07,water,0.285,3.59,partial,0,6.2,0
E-003520,IK-02-00564,IK-07-01484,IK02,IK07,telecom,0.368,1.04,none,0,11.7,1
E-003521,IK-08-01807,IK-07-01484,IK08,IK07,transport,0.278,6.32,none,0,6.8,0
E-003522,IK-01-00173,IK-07-01485,IK01,IK07,electricity,0.822,0.0,none,0,4.8,0
E-003523,IK-06-01230,IK-07-01485,IK06,IK07,water,0.248,3.48,partial,0,7.8,0
E-003524,IK-06-01185,IK-07-01485,IK06,IK07,water,0.248,3.47,partial,0,10.4,1
E-003525,IK-02-00429,IK-07-01485,IK02,IK07,telecom,0.348,1.35,none,0,15.1,0
E-003526,IK-08-01780,IK-07-01485,IK08,IK07,transport,0.271,6.58,none,0,9.0,1
E-003527,IK-01-00168,IK-07-01486,IK01,IK07,electricity,0.419,0.0,partial,0,9.9,0
E-003528,IK-01-00120,IK-07-01486,IK01,IK07,electricity,0.419,0.0,partial,0,3.8,1
E-003529,IK-06-01167,IK-07-01486,IK06,IK07,water,0.542,3.4,none,0,8.0,1
E-003530,IK-02-00572,IK-07-01486,IK02,IK07,telecom,0.405,1.49,none,0,3.4,1
E-003531,IK-08-01716,IK-07-01486,IK08,IK07,transport,0.127,6.26,partial,0,7.6,1
E-003532,IK-08-01750,IK-07-01486,IK08,IK07,transport,0.127,6.16,partial,0,7.9,0
E-003533,IK-01-00103,IK-07-01487,IK01,IK07,electricity,0.424,0.0,partial,0,5.4,0
E-003534,IK-01-00041,IK-07-01487,IK01,IK07,electricity,0.424,0.0,partial,0,4.4,1
E-003535,IK-06-01099,IK-07-01487,IK06,IK07,water,0.476,3.07,none,0,1.0,0
E-003536,IK-02-00581,IK-07-01487,IK02,IK07,telecom,0.21,1.38,partial,0,8.7,1
E-003537,IK-02-00506,IK-07-01487,IK02,IK07,telecom,0.21,1.59,partial,0,1.0,1
E-003538,IK-08-01710,IK-07-01487,IK08,IK07,transport,0.273,6.08,none,0,12.2,0
E-003539,IK-01-00056,IK-07-01488,IK01,IK07,electricity,1.0,0.0,none,0,3.0,0
E-003540,IK-06-01160,IK-07-01488,IK06,IK07,water,0.503,3.34,none,0,5.3,0
E-003541,IK-02-00641,IK-07-01488,IK02,IK07,telecom,0.343,1.37,none,0,3.6,0
E-003542,IK-08-01650,IK-07-01488,IK08,IK07,transport,0.125,6.22,partial,0,4.2,0
E-003543,IK-08-01641,IK-07-01488,IK08,IK07,transport,0.125,6.25,partial,0,8.0,1
E-003544,IK-01-00214,IK-07-01489,IK01,IK07,electricity,0.794,0.0,none,0,8.8,0
E-003545,IK-06-01144,IK-07-01489,IK06,IK07,water,0.254,3.23,full,0,3.3,0
E-003546,IK-06-01090,IK-07-01489,IK06,IK07,water,0.254,3.1,full,0,8.3,0
E-003547,IK-02-00499,IK-07-01489,IK02,IK07,telecom,0.224,1.15,partial,0,7.9,0
E-003548,IK-02-00667,IK-07-01489,IK02,IK07,telecom,0.224,1.44,partial,0,11.2,1
E-003549,IK-08-01643,IK-07-01489,IK08,IK07,transport,0.118,6.39,partial,0,18.9,0
E-003550,IK-08-01697,IK-07-01489,IK08,IK07,transport,0.118,6.53,partial,0,8.6,0
E-003551,IK-01-00194,IK-07-01490,IK01,IK07,electricity,0.849,0.0,none,0,4.0,1
E-003552,IK-06-01077,IK-07-01490,IK06,IK07,water,0.589,3.55,none,0,8.8,0
E-003553,IK-02-00627,IK-07-01490,IK02,IK07,telecom,0.411,1.53,none,0,10.2,0
E-003554,IK-08-01691,IK-07-01490,IK08,IK07,transport,0.23,6.45,none,0,7.0,0
E-003555,IK-01-00218,IK-07-01491,IK01,IK07,electricity,0.884,0.0,none,0,1.4,0
E-003556,IK-06-01211,IK-07-01491,IK06,IK07,water,0.578,3.56,none,0,10.7,0
E-003557,IK-02-00568,IK-07-01491,IK02,IK07,telecom,0.393,1.05,none,0,16.2,0
E-003558,IK-08-01763,IK-07-01491,IK08,IK07,transport,0.24,6.09,none,0,10.4,1
E-003559,IK-01-00162,IK-07-01492,IK01,IK07,electricity,0.912,0.0,none,0,10.6,1
E-003560,IK-06-01064,IK-07-01492,IK06,IK07,water,0.539,3.5,none,0,15.1,0
E-003561,IK-02-00424,IK-07-01492,IK02,IK07,telecom,0.36,1.31,none,0,3.4,1
E-003562,IK-08-01687,IK-07-01492,IK08,IK07,transport,0.268,6.4,none,0,3.8,0
E-003563,IK-01-00083,IK-07-01493,IK01,IK07,electricity,0.825,0.0,none,0,19.7,1
E-003564,IK-06-01229,IK-07-01493,IK06,IK07,water,0.551,3.28,none,0,5.1,0
E-003565,IK-02-00528,IK-07-01493,IK02,IK07,telecom,0.178,1.07,partial,0,12.0,0
E-003566,IK-02-00524,IK-07-01493,IK02,IK07,telecom,0.178,1.27,partial,0,7.8,0
E-003567,IK-08-01636,IK-07-01493,IK08,IK07,transport,0.276,6.24,none,0,11.4,1
E-003568,IK-01-00062,IK-07-01494,IK01,IK07,electricity,1.0,0.0,none,0,8.3,0
E-003569,IK-06-01129,IK-07-01494,IK06,IK07,water,0.555,3.26,none,0,11.7,0
E-003570,IK-02-00602,IK-07-01494,IK02,IK07,telecom,0.373,1.3,none,0,5.4,1
E-003571,IK-08-01715,IK-07-01494,IK08,IK07,transport,0.219,6.31,none,0,5.8,1
E-003572,IK-01-00122,IK-07-01495,IK01,IK07,electricity,0.784,0.0,none,0,6.6,1
E-003573,IK-06-01231,IK-07-01495,IK06,IK07,water,0.611,3.38,none,0,9.3,1
E-003574,IK-02-00678,IK-07-01495,IK02,IK07,telecom,0.218,1.0,partial,0,11.1,0
E-003575,IK-02-00459,IK-07-01495,IK02,IK07,telecom,0.218,1.57,partial,0,4.7,0
E-003576,IK-08-01769,IK-07-01495,IK08,IK07,transport,0.233,6.09,none,0,11.0,1
E-003577,IK-01-00204,IK-07-01496,IK01,IK07,electricity,0.456,0.0,partial,0,5.7,0
E-003578,IK-01-00056,IK-07-01496,IK01,IK07,electricity,0.456,0.0,partial,0,10.8,1
E-003579,IK-06-01178,IK-07-01496,IK06,IK07,water,0.57,3.49,none,0,8.8,1
E-003580,IK-02-00471,IK-07-01496,IK02,IK07,telecom,0.432,1.45,none,0,4.5,0
E-003581,IK-08-01801,IK-07-01496,IK08,IK07,transport,0.273,6.38,none,0,5.1,0
E-003582,IK-01-00049,IK-07-01497,IK01,IK07,electricity,1.0,0.0,none,0,12.9,0
E-003583,IK-06-01140,IK-07-01497,IK06,IK07,water,0.511,3.3,none,0,7.2,1
E-003584,IK-02-00462,IK-07-01497,IK02,IK07,telecom,0.383,1.42,none,0,6.7,1
E-003585,IK-08-01672,IK-07-01497,IK08,IK07,transport,0.112,6.46,partial,0,9.8,0
E-003586,IK-08-01683,IK-07-01497,IK08,IK07,transport,0.112,6.45,partial,0,3.7,0
E-003587,IK-01-00074,IK-07-01498,IK01,IK07,electricity,0.803,0.0,none,0,3.9,0
E-003588,IK-06-01081,IK-07-01498,IK06,IK07,water,0.522,3.3,none,0,14.9,0
E-003589,IK-02-00535,IK-07-01498,IK02,IK07,telecom,0.419,1.09,none,0,7.5,0
E-003590,IK-08-01635,IK-07-01498,IK08,IK07,transport,0.251,6.37,none,0,10.0,0
E-003591,IK-01-00079,IK-07-01499,IK01,IK07,electricity,0.905,0.0,none,0,1.0,0
E-003592,IK-06-01077,IK-07-01499,IK06,IK07,water,0.591,3.3,none,0,6.9,0
E-003593,IK-02-00582,IK-07-01499,IK02,IK07,telecom,0.435,1.25,none,0,1.0,0
E-003594,IK-08-01658,IK-07-01499,IK08,IK07,transport,0.236,6.41,none,0,5.9,0
E-003595,IK-01-00177,IK-07-01500,IK01,IK07,electricity,0.907,0.0,none,0,8.1,0
E-003596,IK-06-01098,IK-07-01500,IK06,IK07,water,0.569,3.49,none,0,13.1,0
E-003597,IK-02-00467,IK-07-01500,IK02,IK07,telecom,0.19,1.33,partial,0,1.0,0
E-003598,IK-02-00427,IK-07-01500,IK02,IK07,telecom,0.19,1.14,partial,0,10.3,0
E-003599,IK-08-01756,IK-07-01500,IK08,IK07,transport,0.239,6.45,none,0,6.3,1
E-003600,IK-01-00064,IK-07-01501,IK01,IK07,electricity,0.916,0.0,none,0,11.5,0
E-003601,IK-06-01179,IK-07-01501,IK06,IK07,water,0.569,3.25,none,0,6.6,1
E-003602,IK-02-00624,IK-07-01501,IK02,IK07,telecom,0.401,1.55,none,0,4.0,0
E-003603,IK-08-01662,IK-07-01501,IK08,IK07,transport,0.262,6.59,none,0,10.3,1
E-003604,IK-01-00059,IK-07-01502,IK01,IK07,electricity,1.0,0.0,none,0,9.5,0
E-003605,IK-06-01086,IK-07-01502,IK06,IK07,water,0.545,3.53,none,0,6.3,1
E-003606,IK-02-00596,IK-07-01502,IK02,IK07,telecom,0.179,1.53,partial,0,14.9,0
E-003607,IK-02-00521,IK-07-01502,IK02,IK07,telecom,0.179,1.41,partial,0,2.6,1
E-003608,IK-08-01698,IK-07-01502,IK08,IK07,transport,0.241,6.3,none,0,6.1,1
E-003609,IK-01-00160,IK-07-01503,IK01,IK07,electricity,0.849,0.0,none,0,11.4,1
E-003610,IK-06-01114,IK-07-01503,IK06,IK07,water,0.51,3.1,none,0,3.5,0
E-003611,IK-02-00543,IK-07-01503,IK02,IK07,telecom,0.424,1.22,none,0,11.5,0
E-003612,IK-08-01616,IK-07-01503,IK08,IK07,transport,0.229,6.1,none,0,11.1,1
E-003613,IK-01-00119,IK-07-01504,IK01,IK07,electricity,0.929,0.0,none,0,13.7,0
E-003614,IK-06-01238,IK-07-01504,IK06,IK07,water,0.515,3.44,none,0,11.2,0
E-003615,IK-02-00465,IK-07-01504,IK02,IK07,telecom,0.409,1.29,none,0,2.9,1
E-003616,IK-08-01749,IK-07-01504,IK08,IK07,transport,0.248,6.31,none,0,8.3,0
E-003617,IK-01-00175,IK-07-01505,IK01,IK07,electricity,0.453,0.0,partial,0,8.7,1
E-003618,IK-01-00194,IK-07-01505,IK01,IK07,electricity,0.453,0.0,partial,0,1.0,0
E-003619,IK-06-01093,IK-07-01505,IK06,IK07,water,0.54,3.14,none,0,9.6,0
E-003620,IK-02-00607,IK-07-01505,IK02,IK07,telecom,0.427,1.42,none,0,9.7,1
E-003621,IK-08-01691,IK-07-01505,IK08,IK07,transport,0.269,6.11,none,0,10.4,0
E-003622,IK-01-00211,IK-07-01506,IK01,IK07,electricity,0.821,0.0,none,0,6.9,1
E-003623,IK-06-01064,IK-07-01506,IK06,IK07,water,0.506,3.42,none,0,3.9,0
E-003624,IK-02-00424,IK-07-01506,IK02,IK07,telecom,0.17,1.18,partial,0,10.7,0
E-003625,IK-02-00443,IK-07-01506,IK02,IK07,telecom,0.17,1.19,partial,0,3.7,1
E-003626,IK-08-01678,IK-07-01506,IK08,IK07,transport,0.107,6.06,partial,0,6.9,0
E-003627,IK-08-01687,IK-07-01506,IK08,IK07,transport,0.107,6.46,partial,0,21.0,1
E-003628,IK-01-00128,IK-07-01507,IK01,IK07,electricity,0.394,0.0,partial,0,9.8,1
E-003629,IK-01-00139,IK-07-01507,IK01,IK07,electricity,0.394,0.0,partial,0,11.2,0
E-003630,IK-06-01154,IK-07-01507,IK06,IK07,water,0.539,3.17,none,0,1.0,0
E-003631,IK-02-00451,IK-07-01507,IK02,IK07,telecom,0.421,1.56,none,0,16.8,0
E-003632,IK-08-01717,IK-07-01507,IK08,IK07,transport,0.276,6.17,none,0,5.1,0
E-003633,IK-01-00071,IK-07-01508,IK01,IK07,electricity,0.898,0.0,none,0,3.1,0
E-003634,IK-06-01070,IK-07-01508,IK06,IK07,water,0.566,3.12,none,0,4.9,1
E-003635,IK-02-00590,IK-07-01508,IK02,IK07,telecom,0.348,1.39,none,0,5.3,1
E-003636,IK-08-01682,IK-07-01508,IK08,IK07,transport,0.136,6.35,full,0,9.3,1
E-003637,IK-08-01665,IK-07-01508,IK08,IK07,transport,0.136,6.46,full,0,1.0,0
E-003638,IK-01-00064,IK-07-01509,IK01,IK07,electricity,0.815,0.0,none,0,7.2,0
E-003639,IK-06-01179,IK-07-01509,IK06,IK07,water,0.522,3.15,none,0,4.6,1
E-003640,IK-02-00649,IK-07-01509,IK02,IK07,telecom,0.419,1.21,none,0,6.8,1
E-003641,IK-08-01662,IK-07-01509,IK08,IK07,transport,0.277,6.38,none,0,9.7,1
E-003642,IK-01-00119,IK-07-01510,IK01,IK07,electricity,0.898,0.0,none,0,4.5,0
E-003643,IK-06-01181,IK-07-01510,IK06,IK07,water,0.615,3.16,none,0,1.0,0
E-003644,IK-02-00635,IK-07-01510,IK02,IK07,telecom,0.44,1.51,none,0,6.3,0
E-003645,IK-08-01759,IK-07-01510,IK08,IK07,transport,0.238,6.55,none,0,5.2,1
E-003646,IK-01-00221,IK-07-01511,IK01,IK07,electricity,0.417,0.0,partial,0,3.2,0
E-003647,IK-01-00100,IK-07-01511,IK01,IK07,electricity,0.417,0.0,partial,0,7.6,1
E-003648,IK-06-01097,IK-07-01511,IK06,IK07,water,0.505,3.55,none,0,5.1,1
E-003649,IK-02-00567,IK-07-01511,IK02,IK07,telecom,0.221,1.18,partial,0,10.6,1
E-003650,IK-02-00573,IK-07-01511,IK02,IK07,telecom,0.221,1.23,partial,0,14.7,0
E-003651,IK-08-01814,IK-07-01511,IK08,IK07,transport,0.279,6.31,none,0,11.2,0
E-003652,IK-01-00218,IK-07-01512,IK01,IK07,electricity,0.797,0.0,none,0,6.4,0
E-003653,IK-06-01149,IK-07-01512,IK06,IK07,water,0.58,3.53,none,0,13.7,0
E-003654,IK-02-00568,IK-07-01512,IK02,IK07,telecom,0.365,1.02,none,0,8.5,0
E-003655,IK-08-01763,IK-07-01512,IK08,IK07,transport,0.266,6.23,none,0,6.8,1
E-003656,IK-01-00060,IK-07-01513,IK01,IK07,electricity,0.95,0.0,none,0,9.8,1
E-003657,IK-06-01162,IK-07-01513,IK06,IK07,water,0.576,3.21,none,0,7.2,1
E-003658,IK-02-00616,IK-07-01513,IK02,IK07,telecom,0.431,1.38,none,0,7.3,0
E-003659,IK-08-01773,IK-07-01513,IK08,IK07,transport,0.215,6.49,none,0,12.7,0
E-003660,IK-01-00223,IK-07-01514,IK01,IK07,electricity,0.851,0.0,none,0,5.3,0
E-003661,IK-06-01180,IK-07-01514,IK06,IK07,water,0.481,3.05,none,0,5.9,0
E-003662,IK-02-00512,IK-07-01514,IK02,IK07,telecom,0.193,1.38,partial,0,9.8,1
E-003663,IK-02-00505,IK-07-01514,IK02,IK07,telecom,0.193,1.56,partial,0,5.4,1
E-003664,IK-08-01654,IK-07-01514,IK08,IK07,transport,0.116,6.41,partial,0,6.9,1
E-003665,IK-08-01799,IK-07-01514,IK08,IK07,transport,0.116,6.12,partial,0,10.6,0
E-003666,IK-01-00101,IK-07-01515,IK01,IK07,electricity,0.431,0.0,partial,0,12.7,0
E-003667,IK-01-00141,IK-07-01515,IK01,IK07,electricity,0.431,0.0,partial,0,7.5,0
E-003668,IK-06-01094,IK-07-01515,IK06,IK07,water,0.238,3.2,partial,0,6.9,1
E-003669,IK-06-01069,IK-07-01515,IK06,IK07,water,0.238,3.18,partial,0,1.0,1
E-003670,IK-02-00540,IK-07-01515,IK02,IK07,telecom,0.218,1.39,partial,0,9.1,0
E-003671,IK-02-00647,IK-07-01515,IK02,IK07,telecom,0.218,1.34,partial,0,2.7,1
E-003672,IK-08-01745,IK-07-01515,IK08,IK07,transport,0.265,6.17,none,0,4.6,1
E-003673,IK-01-00156,IK-07-01516,IK01,IK07,electricity,0.984,0.0,none,0,11.0,1
E-003674,IK-06-01146,IK-07-01516,IK06,IK07,water,0.57,3.31,none,0,13.3,0
E-003675,IK-02-00550,IK-07-01516,IK02,IK07,telecom,0.408,1.41,none,0,9.2,0
E-003676,IK-08-01811,IK-07-01516,IK08,IK07,transport,0.249,6.54,none,0,6.3,1
E-003677,IK-01-00135,IK-07-01517,IK01,IK07,electricity,1.0,0.0,none,0,3.3,0
E-003678,IK-06-01173,IK-07-01517,IK06,IK07,water,0.558,3.58,none,0,4.7,0
E-003679,IK-02-00444,IK-07-01517,IK02,IK07,telecom,0.415,1.35,none,0,5.0,1
E-003680,IK-08-01786,IK-07-01517,IK08,IK07,transport,0.118,6.14,partial,0,8.9,0
E-003681,IK-08-01717,IK-07-01517,IK08,IK07,transport,0.118,6.1,partial,0,11.6,1
E-003682,IK-01-00185,IK-07-01518,IK01,IK07,electricity,0.825,0.0,none,0,10.0,0
E-003683,IK-06-01176,IK-07-01518,IK06,IK07,water,0.484,3.12,none,0,11.2,0
E-003684,IK-02-00458,IK-07-01518,IK02,IK07,telecom,0.401,1.3,none,0,12.3,0
E-003685,IK-08-01626,IK-07-01518,IK08,IK07,transport,0.221,6.25,none,0,10.4,0
E-003686,IK-01-00232,IK-07-01519,IK01,IK07,electricity,0.855,0.0,none,0,10.0,0
E-003687,IK-06-01132,IK-07-01519,IK06,IK07,water,0.538,3.01,none,0,1.0,1
E-003688,IK-02-00638,IK-07-01519,IK02,IK07,telecom,0.395,1.46,none,0,9.9,1
E-003689,IK-08-01685,IK-07-01519,IK08,IK07,transport,0.273,6.25,none,0,1.0,0
E-003690,IK-01-00240,IK-07-01520,IK01,IK07,electricity,0.804,0.0,none,0,13.4,1
E-003691,IK-06-01192,IK-07-01520,IK06,IK07,water,0.594,3.01,none,0,1.0,1
E-003692,IK-02-00578,IK-07-01520,IK02,IK07,telecom,0.171,1.28,partial,0,7.0,1
E-003693,IK-02-00619,IK-07-01520,IK02,IK07,telecom,0.171,1.55,partial,0,9.9,1
E-003694,IK-08-01747,IK-07-01520,IK08,IK07,transport,0.255,6.3,none,0,11.7,1
E-003695,IK-01-00196,IK-07-01521,IK01,IK07,electricity,0.869,0.0,none,0,11.3,0
E-003696,IK-06-01219,IK-07-01521,IK06,IK07,water,0.595,3.13,none,0,5.0,0
E-003697,IK-02-00588,IK-07-01521,IK02,IK07,telecom,0.193,1.27,partial,0,9.1,0
E-003698,IK-02-00473,IK-07-01521,IK02,IK07,telecom,0.193,1.44,partial,0,10.7,0
E-003699,IK-08-01739,IK-07-01521,IK08,IK07,transport,0.264,6.51,none,0,10.3,0
E-003700,IK-01-00091,IK-07-01522,IK01,IK07,electricity,0.814,0.0,none,0,12.8,0
E-003701,IK-06-01181,IK-07-01522,IK06,IK07,water,0.537,3.35,none,0,8.2,0
E-003702,IK-02-00635,IK-07-01522,IK02,IK07,telecom,0.447,1.09,none,0,7.0,0
E-003703,IK-08-01759,IK-07-01522,IK08,IK07,transport,0.271,6.41,none,0,8.4,0
E-003704,IK-01-00098,IK-07-01523,IK01,IK07,electricity,0.447,0.0,partial,0,6.4,0
E-003705,IK-01-00129,IK-07-01523,IK01,IK07,electricity,0.447,0.0,partial,0,7.6,0
E-003706,IK-06-01125,IK-07-01523,IK06,IK07,water,0.502,3.07,none,0,7.7,0
E-003707,IK-02-00518,IK-07-01523,IK02,IK07,telecom,0.195,1.05,partial,0,2.0,1
E-003708,IK-02-00545,IK-07-01523,IK02,IK07,telecom,0.195,1.56,partial,0,6.6,1
E-003709,IK-08-01706,IK-07-01523,IK08,IK07,transport,0.276,6.26,none,0,11.0,1
E-003710,IK-01-00121,IK-07-01524,IK01,IK07,electricity,0.453,0.0,partial,0,11.1,0
E-003711,IK-01-00082,IK-07-01524,IK01,IK07,electricity,0.453,0.0,partial,0,15.1,0
E-003712,IK-06-01150,IK-07-01524,IK06,IK07,water,0.542,3.52,none,0,9.7,0
E-003713,IK-02-00621,IK-07-01524,IK02,IK07,telecom,0.355,1.02,none,0,6.3,0
E-003714,IK-08-01747,IK-07-01524,IK08,IK07,transport,0.258,6.39,none,0,13.9,0
E-003715,IK-01-00060,IK-07-01525,IK01,IK07,electricity,0.876,0.0,none,0,6.5,1
E-003716,IK-06-01191,IK-07-01525,IK06,IK07,water,0.58,3.5,none,0,1.0,1
E-003717,IK-02-00579,IK-07-01525,IK02,IK07,telecom,0.354,1.05,none,0,5.6,1
E-003718,IK-08-01773,IK-07-01525,IK08,IK07,transport,0.24,6.59,none,0,16.3,0
E-003719,IK-01-00067,IK-07-01526,IK01,IK07,electricity,0.85,0.0,none,0,2.7,1
E-003720,IK-06-01200,IK-07-01526,IK06,IK07,water,0.479,3.54,none,0,10.3,1
E-003721,IK-02-00571,IK-07-01526,IK02,IK07,telecom,0.375,1.1,none,0,14.9,1
E-003722,IK-08-01675,IK-07-01526,IK08,IK07,transport,0.262,6.15,none,0,9.6,0
E-003723,IK-01-00174,IK-07-01527,IK01,IK07,electricity,0.966,0.0,none,0,2.7,1
E-003724,IK-06-01105,IK-07-01527,IK06,IK07,water,0.538,3.21,none,0,5.7,0
E-003725,IK-02-00615,IK-07-01527,IK02,IK07,telecom,0.412,1.58,none,0,8.7,1
E-003726,IK-08-01808,IK-07-01527,IK08,IK07,transport,0.257,6.48,none,0,11.2,0
E-003727,IK-01-00131,IK-07-01528,IK01,IK07,electricity,0.852,0.0,none,0,1.6,0
E-003728,IK-06-01203,IK-07-01528,IK06,IK07,water,0.496,3.27,none,0,3.8,0
E-003729,IK-02-00524,IK-07-01528,IK02,IK07,telecom,0.214,1.44,partial,0,3.1,0
E-003730,IK-02-00497,IK-07-01528,IK02,IK07,telecom,0.214,1.11,partial,0,7.3,0
E-003731,IK-08-01809,IK-07-01528,IK08,IK07,transport,0.274,6.56,none,0,4.4,1
E-003732,IK-01-00178,IK-07-01529,IK01,IK07,electricity,0.787,0.0,none,0,6.7,0
E-003733,IK-06-01092,IK-07-01529,IK06,IK07,water,0.475,3.06,none,0,11.1,1
E-003734,IK-02-00566,IK-07-01529,IK02,IK07,telecom,0.172,1.13,partial,0,6.2,0
E-003735,IK-02-00554,IK-07-01529,IK02,IK07,telecom,0.172,1.21,partial,0,8.6,1
E-003736,IK-08-01642,IK-07-01529,IK08,IK07,transport,0.272,6.28,none,0,5.7,0
E-003737,IK-01-00044,IK-07-01530,IK01,IK07,electricity,0.997,0.0,none,0,7.5,1
E-003738,IK-06-01222,IK-07-01530,IK06,IK07,water,0.505,3.15,none,0,11.9,1
E-003739,IK-02-00663,IK-07-01530,IK02,IK07,telecom,0.418,1.06,none,0,6.2,0
E-003740,IK-08-01769,IK-07-01530,IK08,IK07,transport,0.266,6.54,none,0,13.1,0
E-003741,IK-01-00116,IK-07-01531,IK01,IK07,electricity,0.872,0.0,none,0,11.9,0
E-003742,IK-06-01168,IK-07-01531,IK06,IK07,water,0.579,3.58,none,0,3.7,0
E-003743,IK-02-00613,IK-07-01531,IK02,IK07,telecom,0.22,1.12,partial,0,4.2,0
E-003744,IK-02-00511,IK-07-01531,IK02,IK07,telecom,0.22,1.29,partial,0,5.4,1
E-003745,IK-08-01729,IK-07-01531,IK08,IK07,transport,0.27,6.54,none,0,14.8,0
E-003746,IK-01-00113,IK-07-01532,IK01,IK07,electricity,1.0,0.0,none,0,11.9,0
E-003747,IK-06-01227,IK-07-01532,IK06,IK07,water,0.495,3.56,none,0,8.5,1
E-003748,IK-02-00489,IK-07-01532,IK02,IK07,telecom,0.418,1.41,none,0,8.1,1
E-003749,IK-08-01798,IK-07-01532,IK08,IK07,transport,0.127,6.57,partial,0,7.6,0
E-003750,IK-08-01783,IK-07-01532,IK08,IK07,transport,0.127,6.23,partial,0,7.5,0
E-003751,IK-01-00180,IK-07-01533,IK01,IK07,electricity,0.792,0.0,none,0,4.5,0
E-003752,IK-06-01127,IK-07-01533,IK06,IK07,water,0.61,3.08,none,0,9.6,0
E-003753,IK-02-00435,IK-07-01533,IK02,IK07,telecom,0.357,1.15,none,0,6.5,1
E-003754,IK-08-01653,IK-07-01533,IK08,IK07,transport,0.264,6.48,none,0,1.0,1
E-003755,IK-01-00157,IK-07-01534,IK01,IK07,electricity,0.931,0.0,none,0,4.5,1
E-003756,IK-06-01101,IK-07-01534,IK06,IK07,water,0.548,3.11,none,0,8.4,0
E-003757,IK-02-00544,IK-07-01534,IK02,IK07,telecom,0.356,1.28,none,0,9.1,0
E-003758,IK-08-01778,IK-07-01534,IK08,IK07,transport,0.229,6.13,none,0,5.5,0
E-003759,IK-01-00144,IK-07-01535,IK01,IK07,electricity,0.489,0.0,partial,0,10.3,0
E-003760,IK-01-00075,IK-07-01535,IK01,IK07,electricity,0.489,0.0,partial,0,2.6,1
E-003761,IK-06-01232,IK-07-01535,IK06,IK07,water,0.52,3.3,none,0,14.8,0
E-003762,IK-02-00624,IK-07-01535,IK02,IK07,telecom,0.364,1.18,none,0,9.1,1
E-003763,IK-08-01758,IK-07-01535,IK08,IK07,transport,0.137,6.02,partial,0,16.5,1
E-003764,IK-08-01660,IK-07-01535,IK08,IK07,transport,0.137,6.4,partial,0,3.7,0
E-003765,IK-01-00096,IK-07-01536,IK01,IK07,electricity,0.429,0.0,partial,0,11.0,0
E-003766,IK-01-00232,IK-07-01536,IK01,IK07,electricity,0.429,0.0,partial,0,3.7,0
E-003767,IK-06-01132,IK-07-01536,IK06,IK07,water,0.615,3.4,none,0,13.2,1
E-003768,IK-02-00576,IK-07-01536,IK02,IK07,telecom,0.44,1.13,none,0,5.0,1
E-003769,IK-08-01639,IK-07-01536,IK08,IK07,transport,0.264,6.38,none,0,6.3,0
E-003770,IK-01-00122,IK-07-01537,IK01,IK07,electricity,0.894,0.0,none,0,1.0,0
E-003771,IK-06-01163,IK-07-01537,IK06,IK07,water,0.528,3.27,none,0,2.0,1
E-003772,IK-02-00620,IK-07-01537,IK02,IK07,telecom,0.416,1.58,none,0,14.9,1
E-003773,IK-08-01669,IK-07-01537,IK08,IK07,transport,0.24,6.24,none,0,6.1,0
E-003774,IK-01-00044,IK-07-01538,IK01,IK07,electricity,0.967,0.0,none,0,9.4,0
E-003775,IK-06-01222,IK-07-01538,IK06,IK07,water,0.482,3.1,none,0,13.0,0
E-003776,IK-02-00680,IK-07-01538,IK02,IK07,telecom,0.341,1.6,none,0,8.6,1
E-003777,IK-08-01649,IK-07-01538,IK08,IK07,transport,0.279,6.28,none,0,4.8,0
E-003778,IK-01-00120,IK-07-01539,IK01,IK07,electricity,0.822,0.0,none,0,1.9,0
E-003779,IK-06-01108,IK-07-01539,IK06,IK07,water,0.528,3.56,none,0,11.4,1
E-003780,IK-02-00509,IK-07-01539,IK02,IK07,telecom,0.442,1.48,none,0,8.2,1
E-003781,IK-08-01716,IK-07-01539,IK08,IK07,transport,0.269,6.43,none,0,4.4,0
E-003782,IK-01-00060,IK-07-01540,IK01,IK07,electricity,1.0,0.0,none,0,8.9,1
E-003783,IK-06-01191,IK-07-01540,IK06,IK07,water,0.588,3.54,none,0,7.4,0
E-003784,IK-02-00542,IK-07-01540,IK02,IK07,telecom,0.358,1.48,none,0,15.1,0
E-003785,IK-08-01789,IK-07-01540,IK08,IK07,transport,0.269,6.03,none,0,13.2,0
E-003786,IK-01-00199,IK-07-01541,IK01,IK07,electricity,0.461,0.0,partial,0,8.0,0
E-003787,IK-01-00177,IK-07-01541,IK01,IK07,electricity,0.461,0.0,partial,0,5.2,1
E-003788,IK-06-01177,IK-07-01541,IK06,IK07,water,0.492,3.47,none,0,8.7,1
E-003789,IK-02-00427,IK-07-01541,IK02,IK07,telecom,0.191,1.26,partial,0,11.2,0
E-003790,IK-02-00467,IK-07-01541,IK02,IK07,telecom,0.191,1.25,partial,0,8.3,0
E-003791,IK-08-01756,IK-07-01541,IK08,IK07,transport,0.107,6.47,partial,0,16.3,0
E-003792,IK-08-01712,IK-07-01541,IK08,IK07,transport,0.107,6.39,partial,0,8.4,1
E-003793,IK-01-00074,IK-07-01542,IK01,IK07,electricity,0.923,0.0,none,0,10.1,1
E-003794,IK-06-01081,IK-07-01542,IK06,IK07,water,0.548,3.03,none,0,9.5,0
E-003795,IK-02-00535,IK-07-01542,IK02,IK07,telecom,0.406,1.45,none,0,7.2,1
E-003796,IK-08-01635,IK-07-01542,IK08,IK07,transport,0.261,6.38,none,0,9.0,0
E-003797,IK-01-00125,IK-07-01543,IK01,IK07,electricity,0.883,0.0,none,0,1.2,1
E-003798,IK-06-01186,IK-07-01543,IK06,IK07,water,0.582,3.23,none,0,9.6,0
E-003799,IK-02-00454,IK-07-01543,IK02,IK07,telecom,0.423,1.08,none,0,9.2,0
E-003800,IK-08-01720,IK-07-01543,IK08,IK07,transport,0.233,6.19,none,0,1.6,0
E-003801,IK-01-00074,IK-07-01544,IK01,IK07,electricity,0.787,0.0,none,0,11.3,0
E-003802,IK-06-01081,IK-07-01544,IK06,IK07,water,0.501,3.02,none,0,11.7,0
E-003803,IK-02-00535,IK-07-01544,IK02,IK07,telecom,0.182,1.5,partial,0,4.3,0
E-003804,IK-02-00506,IK-07-01544,IK02,IK07,telecom,0.182,1.09,partial,0,12.3,1
E-003805,IK-08-01635,IK-07-01544,IK08,IK07,transport,0.275,6.19,none,0,12.9,1
E-003806,IK-01-00078,IK-07-01545,IK01,IK07,electricity,0.859,0.0,none,0,6.1,1
E-003807,IK-06-01201,IK-07-01545,IK06,IK07,water,0.602,3.48,none,0,1.0,1
E-003808,IK-02-00464,IK-07-01545,IK02,IK07,telecom,0.396,1.17,none,0,10.4,0
E-003809,IK-08-01683,IK-07-01545,IK08,IK07,transport,0.119,6.41,partial,0,14.7,1
E-003810,IK-08-01694,IK-07-01545,IK08,IK07,transport,0.119,6.37,partial,0,5.7,1
E-003811,IK-01-00228,IK-07-01546,IK01,IK07,electricity,1.0,0.0,none,0,8.0,1
E-003812,IK-06-01179,IK-07-01546,IK06,IK07,water,0.537,3.01,none,0,9.0,1
E-003813,IK-02-00624,IK-07-01546,IK02,IK07,telecom,0.2,1.03,partial,0,14.7,1
E-003814,IK-02-00649,IK-07-01546,IK02,IK07,telecom,0.2,1.32,partial,0,3.0,1
E-003815,IK-08-01774,IK-07-01546,IK08,IK07,transport,0.213,6.5,none,0,4.1,0
E-003816,IK-01-00181,IK-07-01547,IK01,IK07,electricity,0.92,0.0,none,0,13.4,0
E-003817,IK-06-01182,IK-07-01547,IK06,IK07,water,0.513,3.04,none,0,3.6,0
E-003818,IK-02-00561,IK-07-01547,IK02,IK07,telecom,0.219,1.01,partial,0,12.1,0
E-003819,IK-02-00622,IK-07-01547,IK02,IK07,telecom,0.219,1.49,partial,0,1.0,0
E-003820,IK-08-01771,IK-07-01547,IK08,IK07,transport,0.277,6.39,none,0,8.5,0
E-003821,IK-01-00212,IK-07-01548,IK01,IK07,electricity,0.441,0.0,partial,0,14.4,0
E-003822,IK-01-00181,IK-07-01548,IK01,IK07,electricity,0.441,0.0,partial,0,14.8,1
E-003823,IK-06-01124,IK-07-01548,IK06,IK07,water,0.567,3.11,none,0,7.3,0
E-003824,IK-02-00583,IK-07-01548,IK02,IK07,telecom,0.392,1.39,none,0,12.5,1
E-003825,IK-08-01761,IK-07-01548,IK08,IK07,transport,0.128,6.02,partial,0,3.1,1
E-003826,IK-08-01654,IK-07-01548,IK08,IK07,transport,0.128,6.07,partial,0,7.3,1
E-003827,IK-01-00151,IK-07-01549,IK01,IK07,electricity,0.885,0.0,none,0,10.3,1
E-003828,IK-06-01160,IK-07-01549,IK06,IK07,water,0.616,3.36,none,0,8.2,1
E-003829,IK-02-00657,IK-07-01549,IK02,IK07,telecom,0.375,1.31,none,0,5.8,0
E-003830,IK-08-01775,IK-07-01549,IK08,IK07,transport,0.26,6.13,none,0,6.3,0
E-003831,IK-01-00202,IK-07-01550,IK01,IK07,electricity,0.827,0.0,none,0,10.6,0
E-003832,IK-06-01150,IK-07-01550,IK06,IK07,water,0.528,3.02,none,0,8.2,1
E-003833,IK-02-00643,IK-07-01550,IK02,IK07,telecom,0.192,1.49,partial,0,7.3,1
E-003834,IK-02-00621,IK-07-01550,IK02,IK07,telecom,0.192,1.16,partial,0,1.3,0
E-003835,IK-08-01747,IK-07-01550,IK08,IK07,transport,0.138,6.38,partial,0,6.5,1
E-003836,IK-08-01681,IK-07-01550,IK08,IK07,transport,0.138,6.36,partial,0,11.4,0
E-003837,IK-01-00193,IK-07-01551,IK01,IK07,electricity,0.987,0.0,none,0,7.8,0
E-003838,IK-06-01195,IK-07-01551,IK06,IK07,water,0.549,3.05,none,0,2.9,1
E-003839,IK-02-00479,IK-07-01551,IK02,IK07,telecom,0.177,1.16,partial,0,9.0,0
E-003840,IK-02-00462,IK-07-01551,IK02,IK07,telecom,0.177,1.29,partial,0,5.9,1
E-003841,IK-08-01753,IK-07-01551,IK08,IK07,transport,0.135,6.51,partial,0,16.5,1
E-003842,IK-08-01671,IK-07-01551,IK08,IK07,transport,0.135,6.53,partial,0,5.9,0
E-003843,IK-01-00139,IK-07-01552,IK01,IK07,electricity,0.814,0.0,none,0,7.8,0
E-003844,IK-06-01210,IK-07-01552,IK06,IK07,water,0.254,3.57,partial,0,8.7,1
E-003845,IK-06-01154,IK-07-01552,IK06,IK07,water,0.254,3.35,partial,0,4.8,0
E-003846,IK-02-00444,IK-07-01552,IK02,IK07,telecom,0.203,1.58,partial,0,7.8,1
E-003847,IK-02-00456,IK-07-01552,IK02,IK07,telecom,0.203,1.42,partial,0,8.7,0
E-003848,IK-08-01717,IK-07-01552,IK08,IK07,transport,0.22,6.47,none,0,12.6,1
E-003849,IK-01-00046,IK-07-01553,IK01,IK07,electricity,0.942,0.0,none,0,4.7,0
E-003850,IK-06-01080,IK-07-01553,IK06,IK07,water,0.56,3.33,none,0,5.2,0
E-003851,IK-02-00582,IK-07-01553,IK02,IK07,telecom,0.397,1.48,none,0,15.0,1
E-003852,IK-08-01658,IK-07-01553,IK08,IK07,transport,0.278,6.17,none,0,11.1,1
E-003853,IK-01-00089,IK-07-01554,IK01,IK07,electricity,0.794,0.0,none,0,1.1,0
E-003854,IK-06-01166,IK-07-01554,IK06,IK07,water,0.517,3.16,none,0,6.3,0
E-003855,IK-02-00493,IK-07-01554,IK02,IK07,telecom,0.436,1.33,none,0,14.3,1
E-003856,IK-08-01628,IK-07-01554,IK08,IK07,transport,0.222,6.28,none,0,8.4,0
E-003857,IK-01-00207,IK-07-01555,IK01,IK07,electricity,0.444,0.0,partial,0,7.4,0
E-003858,IK-01-00141,IK-07-01555,IK01,IK07,electricity,0.444,0.0,partial,0,10.8,0
E-003859,IK-06-01094,IK-07-01555,IK06,IK07,water,0.586,3.48,none,0,17.5,0
E-003860,IK-02-00485,IK-07-01555,IK02,IK07,telecom,0.197,1.5,partial,0,11.3,1
E-003861,IK-02-00554,IK-07-01555,IK02,IK07,telecom,0.197,1.24,partial,0,14.0,0
E-003862,IK-08-01745,IK-07-01555,IK08,IK07,transport,0.227,6.51,none,0,9.4,0
E-003863,IK-01-00216,IK-07-01556,IK01,IK07,electricity,0.792,0.0,none,0,11.8,0
E-003864,IK-06-01088,IK-07-01556,IK06,IK07,water,0.554,3.59,none,0,7.9,1
E-003865,IK-02-00500,IK-07-01556,IK02,IK07,telecom,0.411,1.06,none,0,6.1,0
E-003866,IK-08-01658,IK-07-01556,IK08,IK07,transport,0.265,6.16,none,0,10.2,0
E-003867,IK-01-00119,IK-07-01557,IK01,IK07,electricity,0.784,0.0,none,0,10.8,1
E-003868,IK-06-01238,IK-07-01557,IK06,IK07,water,0.487,3.49,none,0,6.9,0
E-003869,IK-02-00575,IK-07-01557,IK02,IK07,telecom,0.391,1.59,none,0,3.0,0
E-003870,IK-08-01759,IK-07-01557,IK08,IK07,transport,0.221,6.5,none,0,6.1,1
E-003871,IK-01-00096,IK-07-01558,IK01,IK07,electricity,0.482,0.0,partial,0,6.0,0
E-003872,IK-01-00232,IK-07-01558,IK01,IK07,electricity,0.482,0.0,partial,0,5.0,1
E-003873,IK-06-01132,IK-07-01558,IK06,IK07,water,0.49,3.02,none,0,6.1,0
E-003874,IK-02-00576,IK-07-01558,IK02,IK07,telecom,0.419,1.58,none,0,8.2,0
E-003875,IK-08-01685,IK-07-01558,IK08,IK07,transport,0.112,6.23,partial,0,1.0,0
E-003876,IK-08-01639,IK-07-01558,IK08,IK07,transport,0.112,6.32,partial,0,3.7,1
E-003877,IK-01-00182,IK-07-01559,IK01,IK07,electricity,0.944,0.0,none,0,9.2,0
E-003878,IK-06-01067,IK-07-01559,IK06,IK07,water,0.496,3.25,none,0,8.7,0
E-003879,IK-02-00447,IK-07-01559,IK02,IK07,telecom,0.418,1.16,none,0,14.1,1
E-003880,IK-08-01787,IK-07-01559,IK08,IK07,transport,0.225,6.36,none,0,3.6,0
E-003881,IK-01-00049,IK-07-01560,IK01,IK07,electricity,0.964,0.0,none,0,11.4,0
E-003882,IK-06-01170,IK-07-01560,IK06,IK07,water,0.491,3.11,none,0,16.6,1
E-003883,IK-02-00465,IK-07-01560,IK02,IK07,telecom,0.21,1.5,partial,0,11.8,0
E-003884,IK-02-00462,IK-07-01560,IK02,IK07,telecom,0.21,1.27,partial,0,4.9,0
E-003885,IK-08-01694,IK-07-01560,IK08,IK07,transport,0.219,6.04,none,0,9.3,0
E-003886,IK-01-00116,IK-07-01561,IK01,IK07,electricity,0.818,0.0,none,0,13.4,1
E-003887,IK-06-01073,IK-07-01561,IK06,IK07,water,0.569,3.07,none,0,7.6,0
E-003888,IK-02-00511,IK-07-01561,IK02,IK07,telecom,0.182,1.35,partial,0,6.8,0
E-003889,IK-02-00613,IK-07-01561,IK02,IK07,telecom,0.182,1.01,partial,0,5.0,0
E-003890,IK-08-01719,IK-07-01561,IK08,IK07,transport,0.226,6.53,none,0,7.3,0
E-003891,IK-01-00123,IK-07-01562,IK01,IK07,electricity,0.405,0.0,partial,0,11.8,1
E-003892,IK-01-00183,IK-07-01562,IK01,IK07,electricity,0.405,0.0,partial,0,5.6,1
E-003893,IK-06-01098,IK-07-01562,IK06,IK07,water,0.468,3.12,none,0,1.3,1
E-003894,IK-02-00467,IK-07-01562,IK02,IK07,telecom,0.385,1.05,none,0,7.0,0
E-003895,IK-08-01756,IK-07-01562,IK08,IK07,transport,0.223,6.37,none,0,5.3,0
E-003896,IK-01-00085,IK-07-01563,IK01,IK07,electricity,0.889,0.0,none,0,10.8,1
E-003897,IK-06-01109,IK-07-01563,IK06,IK07,water,0.576,3.22,none,0,11.4,1
E-003898,IK-02-00528,IK-07-01563,IK02,IK07,telecom,0.215,1.43,partial,0,9.2,0
E-003899,IK-02-00656,IK-07-01563,IK02,IK07,telecom,0.215,1.18,partial,0,2.4,1
E-003900,IK-08-01693,IK-07-01563,IK08,IK07,transport,0.259,6.59,none,0,8.3,1
E-003901,IK-01-00090,IK-07-01564,IK01,IK07,electricity,0.807,0.0,none,0,7.2,1
E-003902,IK-06-01209,IK-07-01564,IK06,IK07,water,0.585,3.17,none,0,6.6,1
E-003903,IK-02-00603,IK-07-01564,IK02,IK07,telecom,0.18,1.42,partial,0,6.2,0
E-003904,IK-02-00582,IK-07-01564,IK02,IK07,telecom,0.18,1.15,partial,0,6.9,0
E-003905,IK-08-01651,IK-07-01564,IK08,IK07,transport,0.241,6.3,none,0,13.9,1
E-003906,IK-01-00141,IK-07-01565,IK01,IK07,electricity,0.822,0.0,none,0,14.7,0
E-003907,IK-06-01094,IK-07-01565,IK06,IK07,water,0.549,3.14,none,0,10.5,0
E-003908,IK-02-00540,IK-07-01565,IK02,IK07,telecom,0.43,1.49,none,0,12.1,1
E-003909,IK-08-01745,IK-07-01565,IK08,IK07,transport,0.106,6.11,partial,0,9.3,0
E-003910,IK-08-01781,IK-07-01565,IK08,IK07,transport,0.106,6.33,partial,0,7.2,0
E-003911,IK-01-00085,IK-07-01566,IK01,IK07,electricity,0.789,0.0,none,0,8.1,0
E-003912,IK-06-01109,IK-07-01566,IK06,IK07,water,0.277,3.34,full,0,5.3,1
E-003913,IK-06-01189,IK-07-01566,IK06,IK07,water,0.277,3.54,full,0,7.3,1
E-003914,IK-02-00656,IK-07-01566,IK02,IK07,telecom,0.214,1.08,full,0,4.4,0
E-003915,IK-02-00528,IK-07-01566,IK02,IK07,telecom,0.214,1.01,full,0,1.8,0
E-003916,IK-08-01693,IK-07-01566,IK08,IK07,transport,0.12,6.51,full,0,11.8,0
E-003917,IK-08-01794,IK-07-01566,IK08,IK07,transport,0.12,6.39,full,0,11.0,0
E-003918,IK-01-00205,IK-07-01567,IK01,IK07,electricity,0.828,0.0,none,0,4.8,0
E-003919,IK-06-01146,IK-07-01567,IK06,IK07,water,0.576,3.44,none,0,7.4,1
E-003920,IK-02-00551,IK-07-01567,IK02,IK07,telecom,0.436,1.38,none,0,9.8,1
E-003921,IK-08-01790,IK-07-01567,IK08,IK07,transport,0.114,6.05,partial,0,1.6,0
E-003922,IK-08-01630,IK-07-01567,IK08,IK07,transport,0.114,6.15,partial,0,13.2,0
E-003923,IK-01-00160,IK-07-01568,IK01,IK07,electricity,0.446,0.0,partial,0,1.7,1
E-003924,IK-01-00128,IK-07-01568,IK01,IK07,electricity,0.446,0.0,partial,0,5.7,0
E-003925,IK-06-01122,IK-07-01568,IK06,IK07,water,0.505,3.45,none,0,6.6,0
E-003926,IK-02-00674,IK-07-01568,IK02,IK07,telecom,0.184,1.4,partial,0,11.5,1
E-003927,IK-02-00432,IK-07-01568,IK02,IK07,telecom,0.184,1.04,partial,0,12.5,0
E-003928,IK-08-01717,IK-07-01568,IK08,IK07,transport,0.229,6.33,none,0,5.5,1
E-003929,IK-01-00069,IK-07-01569,IK01,IK07,electricity,0.467,0.0,partial,0,9.6,0
E-003930,IK-01-00203,IK-07-01569,IK01,IK07,electricity,0.467,0.0,partial,0,2.0,1
E-003931,IK-06-01214,IK-07-01569,IK06,IK07,water,0.285,3.17,partial,0,6.2,1
E-003932,IK-06-01107,IK-07-01569,IK06,IK07,water,0.285,3.03,partial,0,12.8,0
E-003933,IK-02-00643,IK-07-01569,IK02,IK07,telecom,0.351,1.22,none,0,12.3,0
E-003934,IK-08-01674,IK-07-01569,IK08,IK07,transport,0.218,6.24,none,0,18.9,0
E-003935,IK-01-00153,IK-07-01570,IK01,IK07,electricity,0.923,0.0,none,0,6.3,0
E-003936,IK-06-01128,IK-07-01570,IK06,IK07,water,0.553,3.46,none,0,11.6,1
E-003937,IK-02-00591,IK-07-01570,IK02,IK07,telecom,0.363,1.52,none,0,11.4,0
E-003938,IK-08-01656,IK-07-01570,IK08,IK07,transport,0.213,6.47,none,0,2.1,0
E-003939,IK-01-00062,IK-07-01571,IK01,IK07,electricity,0.829,0.0,none,0,12.7,0
E-003940,IK-06-01129,IK-07-01571,IK06,IK07,water,0.528,3.13,none,0,16.1,1
E-003941,IK-02-00602,IK-07-01571,IK02,IK07,telecom,0.401,1.33,none,0,14.6,0
E-003942,IK-08-01715,IK-07-01571,IK08,IK07,transport,0.231,6.16,none,0,3.8,0
E-003943,IK-01-00135,IK-07-01572,IK01,IK07,electricity,0.875,0.0,none,0,2.9,0
E-003944,IK-06-01123,IK-07-01572,IK06,IK07,water,0.605,3.3,none,0,12.8,0
E-003945,IK-02-00444,IK-07-01572,IK02,IK07,telecom,0.185,1.36,partial,0,10.8,0
E-003946,IK-02-00451,IK-07-01572,IK02,IK07,telecom,0.185,1.36,partial,0,11.4,1
E-003947,IK-08-01717,IK-07-01572,IK08,IK07,transport,0.278,6.18,none,0,4.0,0
E-003948,IK-01-00071,IK-07-01573,IK01,IK07,electricity,1.0,0.0,none,0,9.5,0
E-003949,IK-06-01159,IK-07-01573,IK06,IK07,water,0.512,3.37,none,0,6.4,0
E-003950,IK-02-00577,IK-07-01573,IK02,IK07,telecom,0.352,1.58,none,0,9.8,0
E-003951,IK-08-01748,IK-07-01573,IK08,IK07,transport,0.129,6.53,partial,0,7.6,0
E-003952,IK-08-01682,IK-07-01573,IK08,IK07,transport,0.129,6.12,partial,0,2.8,0
E-003953,IK-01-00212,IK-07-01574,IK01,IK07,electricity,0.903,0.0,none,0,7.6,1
E-003954,IK-06-01062,IK-07-01574,IK06,IK07,water,0.598,3.43,none,0,8.1,0
E-003955,IK-02-00442,IK-07-01574,IK02,IK07,telecom,0.439,1.19,none,0,1.0,0
E-003956,IK-08-01654,IK-07-01574,IK08,IK07,transport,0.246,6.3,none,0,9.6,0
E-003957,IK-01-00073,IK-07-01575,IK01,IK07,electricity,0.919,0.0,none,0,11.7,0
E-003958,IK-06-01235,IK-07-01575,IK06,IK07,water,0.554,3.44,none,0,14.6,1
E-003959,IK-02-00480,IK-07-01575,IK02,IK07,telecom,0.401,1.14,none,0,5.0,0
E-003960,IK-08-01615,IK-07-01575,IK08,IK07,transport,0.267,6.53,none,0,4.0,0
E-003961,IK-01-00194,IK-07-01576,IK01,IK07,electricity,0.88,0.0,none,0,9.6,0
E-003962,IK-06-01093,IK-07-01576,IK06,IK07,water,0.513,3.13,none,0,8.0,0
E-003963,IK-02-00627,IK-07-01576,IK02,IK07,telecom,0.174,1.12,partial,0,18.3,0
E-003964,IK-02-00500,IK-07-01576,IK02,IK07,telecom,0.174,1.28,partial,0,12.9,0
E-003965,IK-08-01691,IK-07-01576,IK08,IK07,transport,0.279,6.37,none,0,12.6,0
E-003966,IK-01-00050,IK-07-01577,IK01,IK07,electricity,0.896,0.0,none,0,14.3,1
E-003967,IK-06-01121,IK-07-01577,IK06,IK07,water,0.581,3.38,none,0,14.1,0
E-003968,IK-02-00456,IK-07-01577,IK02,IK07,telecom,0.383,1.56,none,0,10.1,0
E-003969,IK-08-01786,IK-07-01577,IK08,IK07,transport,0.128,6.57,partial,0,3.0,0
E-003970,IK-08-01717,IK-07-01577,IK08,IK07,transport,0.128,6.52,partial,0,9.1,0
E-003971,IK-01-00129,IK-07-01578,IK01,IK07,electricity,0.459,0.0,partial,0,1.9,0
E-003972,IK-01-00044,IK-07-01578,IK01,IK07,electricity,0.459,0.0,partial,0,4.8,1
E-003973,IK-06-01125,IK-07-01578,IK06,IK07,water,0.594,3.58,none,0,13.0,0
E-003974,IK-02-00518,IK-07-01578,IK02,IK07,telecom,0.216,1.17,partial,0,5.9,1
E-003975,IK-02-00545,IK-07-01578,IK02,IK07,telecom,0.216,1.3,partial,0,14.6,1
E-003976,IK-08-01706,IK-07-01578,IK08,IK07,transport,0.26,6.45,none,0,4.6,1
E-003977,IK-01-00184,IK-07-01579,IK01,IK07,electricity,0.933,0.0,none,0,19.6,0
E-003978,IK-06-01148,IK-07-01579,IK06,IK07,water,0.528,3.47,none,0,8.5,0
E-003979,IK-02-00448,IK-07-01579,IK02,IK07,telecom,0.223,1.05,partial,0,12.5,0
E-003980,IK-02-00537,IK-07-01579,IK02,IK07,telecom,0.223,1.43,partial,0,6.4,1
E-003981,IK-08-01631,IK-07-01579,IK08,IK07,transport,0.11,6.19,partial,0,7.9,0
E-003982,IK-08-01666,IK-07-01579,IK08,IK07,transport,0.11,6.51,partial,0,11.1,0
E-003983,IK-01-00112,IK-07-01580,IK01,IK07,electricity,0.469,0.0,partial,0,13.6,1
E-003984,IK-01-00233,IK-07-01580,IK01,IK07,electricity,0.469,0.0,partial,0,7.9,1
E-003985,IK-06-01106,IK-07-01580,IK06,IK07,water,0.518,3.38,none,0,4.5,0
E-003986,IK-02-00606,IK-07-01580,IK02,IK07,telecom,0.36,1.21,none,0,9.5,1
E-003987,IK-08-01671,IK-07-01580,IK08,IK07,transport,0.266,6.12,none,0,5.6,1
E-003988,IK-01-00151,IK-07-01581,IK01,IK07,electricity,0.843,0.0,none,0,11.8,1
E-003989,IK-06-01178,IK-07-01581,IK06,IK07,water,0.524,3.27,none,0,5.4,0
E-003990,IK-02-00562,IK-07-01581,IK02,IK07,telecom,0.415,1.53,none,0,8.9,0
E-003991,IK-08-01806,IK-07-01581,IK08,IK07,transport,0.244,6.36,none,0,11.9,0
E-003992,IK-01-00215,IK-07-01582,IK01,IK07,electricity,0.785,0.0,none,0,13.0,1
E-003993,IK-06-01072,IK-07-01582,IK06,IK07,water,0.474,3.38,none,0,5.5,0
E-003994,IK-02-00589,IK-07-01582,IK02,IK07,telecom,0.424,1.09,none,0,10.1,0
E-003995,IK-08-01734,IK-07-01582,IK08,IK07,transport,0.119,6.45,partial,0,6.2,0
E-003996,IK-08-01767,IK-07-01582,IK08,IK07,transport,0.119,6.33,partial,0,12.1,0
E-003997,IK-01-00142,IK-07-01583,IK01,IK07,electricity,0.903,0.0,none,0,12.2,1
E-003998,IK-06-01204,IK-07-01583,IK06,IK07,water,0.468,3.18,none,0,14.1,0
E-003999,IK-02-00451,IK-07-01583,IK02,IK07,telecom,0.425,1.2,none,0,9.9,1
E-004000,IK-08-01717,IK-07-01583,IK08,IK07,transport,0.11,6.26,partial,0,5.5,0
E-004001,IK-08-01786,IK-07-01583,IK08,IK07,transport,0.11,6.0,partial,0,13.8,1
E-004002,IK-01-00105,IK-07-01584,IK01,IK07,electricity,0.485,0.0,partial,0,14.5,1
E-004003,IK-01-00226,IK-07-01584,IK01,IK07,electricity,0.485,0.0,partial,0,9.9,0
E-004004,IK-06-01224,IK-07-01584,IK06,IK07,water,0.561,3.22,none,0,5.9,1
E-004005,IK-02-00496,IK-07-01584,IK02,IK07,telecom,0.198,1.01,partial,0,17.4,1
E-004006,IK-02-00442,IK-07-01584,IK02,IK07,telecom,0.198,1.38,partial,0,9.7,0
E-004007,IK-08-01746,IK-07-01584,IK08,IK07,transport,0.279,6.12,none,0,14.2,0
E-004008,IK-01-00060,IK-07-01585,IK01,IK07,electricity,0.415,0.0,partial,0,15.1,0
E-004009,IK-01-00167,IK-07-01585,IK01,IK07,electricity,0.415,0.0,partial,0,3.2,0
E-004010,IK-06-01191,IK-07-01585,IK06,IK07,water,0.596,3.54,none,0,9.6,0
E-004011,IK-02-00579,IK-07-01585,IK02,IK07,telecom,0.222,1.16,partial,0,7.4,0
E-004012,IK-02-00616,IK-07-01585,IK02,IK07,telecom,0.222,1.38,partial,0,10.2,1
E-004013,IK-08-01789,IK-07-01585,IK08,IK07,transport,0.252,6.4,none,0,5.9,0
E-004014,IK-01-00056,IK-07-01586,IK01,IK07,electricity,1.0,0.0,none,0,9.1,0
E-004015,IK-06-01160,IK-07-01586,IK06,IK07,water,0.301,3.53,partial,0,7.7,0
E-004016,IK-06-01105,IK-07-01586,IK06,IK07,water,0.301,3.45,partial,0,17.0,0
E-004017,IK-02-00641,IK-07-01586,IK02,IK07,telecom,0.361,1.12,none,0,8.6,0
E-004018,IK-08-01641,IK-07-01586,IK08,IK07,transport,0.241,6.1,none,0,11.3,0
E-004019,IK-01-00091,IK-07-01587,IK01,IK07,electricity,0.394,0.0,partial,0,4.7,0
E-004020,IK-01-00119,IK-07-01587,IK01,IK07,electricity,0.394,0.0,partial,0,1.0,0
E-004021,IK-06-01117,IK-07-01587,IK06,IK07,water,0.482,3.38,none,0,13.5,1
E-004022,IK-02-00575,IK-07-01587,IK02,IK07,telecom,0.424,1.05,none,0,7.5,1
E-004023,IK-08-01680,IK-07-01587,IK08,IK07,transport,0.11,6.21,partial,0,6.2,0
E-004024,IK-08-01759,IK-07-01587,IK08,IK07,transport,0.11,6.56,partial,0,2.1,0
E-004025,IK-01-00135,IK-07-01588,IK01,IK07,electricity,0.441,0.0,partial,0,7.4,0
E-004026,IK-01-00142,IK-07-01588,IK01,IK07,electricity,0.441,0.0,partial,0,3.8,0
E-004027,IK-06-01204,IK-07-01588,IK06,IK07,water,0.56,3.47,none,0,13.9,0
E-004028,IK-02-00433,IK-07-01588,IK02,IK07,telecom,0.223,1.48,partial,0,9.0,0
E-004029,IK-02-00444,IK-07-01588,IK02,IK07,telecom,0.223,1.05,partial,0,12.2,0
E-004030,IK-08-01786,IK-07-01588,IK08,IK07,transport,0.271,6.04,none,0,12.9,0
E-004031,IK-01-00217,IK-07-01589,IK01,IK07,electricity,1.0,0.0,none,0,5.8,0
E-004032,IK-06-01234,IK-07-01589,IK06,IK07,water,0.484,3.01,none,0,3.9,1
E-004033,IK-02-00594,IK-07-01589,IK02,IK07,telecom,0.407,1.23,none,0,1.0,1
E-004034,IK-08-01768,IK-07-01589,IK08,IK07,transport,0.13,6.08,partial,0,5.3,1
E-004035,IK-08-01673,IK-07-01589,IK08,IK07,transport,0.13,6.18,partial,0,5.8,1
E-004036,IK-01-00062,IK-07-01590,IK01,IK07,electricity,0.854,0.0,none,0,11.7,1
E-004037,IK-06-01120,IK-07-01590,IK06,IK07,water,0.279,3.23,partial,0,9.5,0
E-004038,IK-06-01074,IK-07-01590,IK06,IK07,water,0.279,3.48,partial,0,7.8,0
E-004039,IK-02-00669,IK-07-01590,IK02,IK07,telecom,0.171,1.12,partial,0,5.2,0
E-004040,IK-02-00470,IK-07-01590,IK02,IK07,telecom,0.171,1.47,partial,0,7.7,1
E-004041,IK-08-01777,IK-07-01590,IK08,IK07,transport,0.125,6.4,partial,0,2.2,0
E-004042,IK-08-01705,IK-07-01590,IK08,IK07,transport,0.125,6.52,partial,0,1.0,0
E-004043,IK-01-00218,IK-07-01591,IK01,IK07,electricity,1.0,0.0,none,0,8.7,1
E-004044,IK-06-01211,IK-07-01591,IK06,IK07,water,0.524,3.11,none,0,11.8,0
E-004045,IK-02-00568,IK-07-01591,IK02,IK07,telecom,0.212,1.27,full,0,3.8,0
E-004046,IK-02-00605,IK-07-01591,IK02,IK07,telecom,0.212,1.46,full,0,9.2,1
E-004047,IK-08-01757,IK-07-01591,IK08,IK07,transport,0.261,6.53,none,0,8.1,0
E-004048,IK-01-00045,IK-07-01592,IK01,IK07,electricity,0.512,0.0,partial,0,7.1,0
E-004049,IK-01-00088,IK-07-01592,IK01,IK07,electricity,0.512,0.0,partial,0,18.0,0
E-004050,IK-06-01176,IK-07-01592,IK06,IK07,water,0.538,3.55,none,0,13.2,0
E-004051,IK-02-00560,IK-07-01592,IK02,IK07,telecom,0.388,1.36,none,0,16.7,1
E-004052,IK-08-01648,IK-07-01592,IK08,IK07,transport,0.235,6.02,none,0,13.5,0
E-004053,IK-01-00204,IK-07-01593,IK01,IK07,electricity,0.461,0.0,partial,0,10.4,1
E-004054,IK-01-00183,IK-07-01593,IK01,IK07,electricity,0.461,0.0,partial,0,5.5,0
E-004055,IK-06-01097,IK-07-01593,IK06,IK07,water,0.609,3.41,none,0,10.7,1
E-004056,IK-02-00610,IK-07-01593,IK02,IK07,telecom,0.4,1.31,none,0,7.2,0
E-004057,IK-08-01814,IK-07-01593,IK08,IK07,transport,0.26,6.16,none,0,2.3,0
E-004058,IK-01-00147,IK-07-01594,IK01,IK07,electricity,0.48,0.0,partial,0,5.1,0
E-004059,IK-01-00101,IK-07-01594,IK01,IK07,electricity,0.48,0.0,partial,0,4.9,0
E-004060,IK-06-01094,IK-07-01594,IK06,IK07,water,0.573,3.09,none,0,14.5,1
E-004061,IK-02-00647,IK-07-01594,IK02,IK07,telecom,0.438,1.38,none,0,8.1,1
E-004062,IK-08-01745,IK-07-01594,IK08,IK07,transport,0.266,6.22,none,0,9.5,1
E-004063,IK-01-00127,IK-07-01595,IK01,IK07,electricity,0.494,0.0,partial,0,9.3,0
E-004064,IK-01-00041,IK-07-01595,IK01,IK07,electricity,0.494,0.0,partial,0,5.6,0
E-004065,IK-06-01081,IK-07-01595,IK06,IK07,water,0.57,3.35,none,0,9.5,1
E-004066,IK-02-00612,IK-07-01595,IK02,IK07,telecom,0.215,1.0,partial,0,8.5,1
E-004067,IK-02-00546,IK-07-01595,IK02,IK07,telecom,0.215,1.14,partial,0,7.9,1
E-004068,IK-08-01792,IK-07-01595,IK08,IK07,transport,0.112,6.41,partial,0,10.7,1
E-004069,IK-08-01663,IK-07-01595,IK08,IK07,transport,0.112,6.19,partial,0,8.5,0
E-004070,IK-01-00193,IK-07-01596,IK01,IK07,electricity,0.87,0.0,none,0,19.2,1
E-004071,IK-06-01118,IK-07-01596,IK06,IK07,water,0.485,3.4,none,0,7.6,0
E-004072,IK-02-00479,IK-07-01596,IK02,IK07,telecom,0.355,1.17,none,0,12.4,0
E-004073,IK-08-01633,IK-07-01596,IK08,IK07,transport,0.234,6.38,none,0,9.6,0
E-004074,IK-01-00073,IK-07-01597,IK01,IK07,electricity,0.816,0.0,none,0,12.5,0
E-004075,IK-06-01135,IK-07-01597,IK06,IK07,water,0.472,3.54,none,0,5.4,1
E-004076,IK-02-00597,IK-07-01597,IK02,IK07,telecom,0.364,1.21,none,0,10.3,1
E-004077,IK-08-01645,IK-07-01597,IK08,IK07,transport,0.268,6.14,none,0,12.1,0
E-004078,IK-01-00218,IK-07-01598,IK01,IK07,electricity,0.45,0.0,partial,0,7.5,0
E-004079,IK-01-00047,IK-07-01598,IK01,IK07,electricity,0.45,0.0,partial,0,8.8,0
E-004080,IK-06-01211,IK-07-01598,IK06,IK07,water,0.564,3.39,none,0,7.9,0
E-004081,IK-02-00568,IK-07-01598,IK02,IK07,telecom,0.419,1.0,none,0,10.2,1
E-004082,IK-08-01757,IK-07-01598,IK08,IK07,transport,0.226,6.11,none,0,5.8,0
E-004083,IK-01-00075,IK-07-01599,IK01,IK07,electricity,0.99,0.0,none,0,6.3,0
E-004084,IK-06-01232,IK-07-01599,IK06,IK07,water,0.29,3.36,partial,0,7.9,1
E-004085,IK-06-01179,IK-07-01599,IK06,IK07,water,0.29,3.1,partial,0,8.9,1
E-004086,IK-02-00624,IK-07-01599,IK02,IK07,telecom,0.374,1.55,none,0,8.5,1
E-004087,IK-08-01774,IK-07-01599,IK08,IK07,transport,0.224,6.51,none,0,10.0,0
E-004088,IK-01-00128,IK-07-01600,IK01,IK07,electricity,0.822,0.0,none,0,6.8,1
E-004089,IK-06-01143,IK-07-01600,IK06,IK07,water,0.528,3.45,none,0,4.9,0
E-004090,IK-02-00451,IK-07-01600,IK02,IK07,telecom,0.427,1.58,none,0,11.4,1
E-004091,IK-08-01717,IK-07-01600,IK08,IK07,transport,0.131,6.13,partial,0,10.6,0
E-004092,IK-08-01632,IK-07-01600,IK08,IK07,transport,0.131,6.28,partial,0,9.3,0
E-004093,IK-01-00160,IK-07-01601,IK01,IK07,electricity,0.402,0.0,partial,0,1.0,1
E-004094,IK-01-00052,IK-07-01601,IK01,IK07,electricity,0.402,0.0,partial,0,7.5,1
E-004095,IK-06-01122,IK-07-01601,IK06,IK07,water,0.483,3.03,none,0,6.8,1
E-004096,IK-02-00674,IK-07-01601,IK02,IK07,telecom,0.412,1.22,none,0,6.2,1
E-004097,IK-08-01717,IK-07-01601,IK08,IK07,transport,0.116,6.21,partial,0,6.8,1
E-004098,IK-08-01616,IK-07-01601,IK08,IK07,transport,0.116,6.14,partial,0,7.6,1
E-004099,IK-01-00103,IK-07-01602,IK01,IK07,electricity,1.0,0.0,none,0,7.6,1
E-004100,IK-06-01099,IK-07-01602,IK06,IK07,water,0.613,3.43,none,0,15.5,0
E-004101,IK-02-00581,IK-07-01602,IK02,IK07,telecom,0.361,1.35,none,0,4.7,0
E-004102,IK-08-01635,IK-07-01602,IK08,IK07,transport,0.133,6.11,partial,0,3.6,0
E-004103,IK-08-01710,IK-07-01602,IK08,IK07,transport,0.133,6.15,partial,0,4.1,0
E-004104,IK-01-00125,IK-07-01603,IK01,IK07,electricity,0.839,0.0,none,0,2.8,0
E-004105,IK-06-01209,IK-07-01603,IK06,IK07,water,0.272,3.22,partial,0,5.5,0
E-004106,IK-06-01186,IK-07-01603,IK06,IK07,water,0.272,3.24,partial,0,7.3,1
E-004107,IK-02-00655,IK-07-01603,IK02,IK07,telecom,0.397,1.05,none,0,5.6,0
E-004108,IK-08-01659,IK-07-01603,IK08,IK07,transport,0.114,6.59,partial,0,9.3,1
E-004109,IK-08-01658,IK-07-01603,IK08,IK07,transport,0.114,6.12,partial,0,10.1,0
E-004110,IK-01-00225,IK-07-01604,IK01,IK07,electricity,0.484,0.0,partial,0,8.5,1
E-004111,IK-01-00140,IK-07-01604,IK01,IK07,electricity,0.484,0.0,partial,0,5.3,0
E-004112,IK-06-01118,IK-07-01604,IK06,IK07,water,0.506,3.23,none,0,7.1,1
E-004113,IK-02-00476,IK-07-01604,IK02,IK07,telecom,0.399,1.49,none,0,15.1,0
E-004114,IK-08-01768,IK-07-01604,IK08,IK07,transport,0.221,6.49,none,0,8.2,0
E-004115,IK-01-00167,IK-07-01605,IK01,IK07,electricity,0.449,0.0,partial,0,8.8,1
E-004116,IK-01-00201,IK-07-01605,IK01,IK07,electricity,0.449,0.0,partial,0,6.3,0
E-004117,IK-06-01145,IK-07-01605,IK06,IK07,water,0.504,3.42,none,0,10.8,1
E-004118,IK-02-00574,IK-07-01605,IK02,IK07,telecom,0.194,1.14,partial,0,1.6,0
E-004119,IK-02-00513,IK-07-01605,IK02,IK07,telecom,0.194,1.45,partial,0,11.1,0
E-004120,IK-08-01670,IK-07-01605,IK08,IK07,transport,0.134,6.38,partial,0,1.0,1
E-004121,IK-08-01679,IK-07-01605,IK08,IK07,transport,0.134,6.21,partial,0,10.2,0
E-004122,IK-01-00105,IK-07-01606,IK01,IK07,electricity,0.796,0.0,none,0,1.1,0
E-004123,IK-06-01224,IK-07-01606,IK06,IK07,water,0.538,3.46,none,0,7.1,0
E-004124,IK-02-00496,IK-07-01606,IK02,IK07,telecom,0.426,1.17,none,0,3.9,1
E-004125,IK-08-01746,IK-07-01606,IK08,IK07,transport,0.255,6.02,none,0,7.9,0
E-004126,IK-01-00130,IK-07-01607,IK01,IK07,electricity,0.479,0.0,full,0,8.0,0
E-004127,IK-01-00062,IK-07-01607,IK01,IK07,electricity,0.479,0.0,full,0,6.6,0
E-004128,IK-06-01157,IK-07-01607,IK06,IK07,water,0.486,3.4,none,0,8.9,0
E-004129,IK-02-00559,IK-07-01607,IK02,IK07,telecom,0.427,1.25,none,0,8.1,1
E-004130,IK-08-01777,IK-07-01607,IK08,IK07,transport,0.236,6.16,none,0,8.0,0
E-004131,IK-01-00103,IK-07-01608,IK01,IK07,electricity,0.987,0.0,none,0,6.2,1
E-004132,IK-06-01099,IK-07-01608,IK06,IK07,water,0.509,3.18,none,0,1.0,0
E-004133,IK-02-00506,IK-07-01608,IK02,IK07,telecom,0.201,1.51,partial,0,10.2,0
E-004134,IK-02-00581,IK-07-01608,IK02,IK07,telecom,0.201,1.15,partial,0,3.2,0
E-004135,IK-08-01635,IK-07-01608,IK08,IK07,transport,0.11,6.14,partial,0,7.6,0
E-004136,IK-08-01710,IK-07-01608,IK08,IK07,transport,0.11,6.08,partial,0,2.5,0
E-004137,IK-01-00164,IK-07-01609,IK01,IK07,electricity,0.946,0.0,none,0,7.9,0
E-004138,IK-06-01152,IK-07-01609,IK06,IK07,water,0.584,3.25,none,0,5.8,1
E-004139,IK-02-00423,IK-07-01609,IK02,IK07,telecom,0.434,1.1,none,0,2.9,1
E-004140,IK-08-01689,IK-07-01609,IK08,IK07,transport,0.119,6.32,partial,0,6.6,1
E-004141,IK-08-01646,IK-07-01609,IK08,IK07,transport,0.119,6.2,partial,0,10.1,1
E-004142,IK-01-00109,IK-07-01610,IK01,IK07,electricity,0.822,0.0,none,0,15.0,0
E-004143,IK-06-01219,IK-07-01610,IK06,IK07,water,0.515,3.11,none,0,5.4,1
E-004144,IK-02-00549,IK-07-01610,IK02,IK07,telecom,0.404,1.58,none,0,8.5,1
E-004145,IK-08-01739,IK-07-01610,IK08,IK07,transport,0.233,6.45,none,0,5.9,1
E-004146,IK-01-00125,IK-07-01611,IK01,IK07,electricity,0.977,0.0,none,0,9.9,1
E-004147,IK-06-01209,IK-07-01611,IK06,IK07,water,0.562,3.07,none,0,7.7,1
E-004148,IK-02-00655,IK-07-01611,IK02,IK07,telecom,0.217,1.59,partial,0,2.8,0
E-004149,IK-02-00454,IK-07-01611,IK02,IK07,telecom,0.217,1.05,partial,0,20.1,0
E-004150,IK-08-01659,IK-07-01611,IK08,IK07,transport,0.278,6.28,none,0,11.1,1
E-004151,IK-01-00215,IK-07-01612,IK01,IK07,electricity,0.82,0.0,none,0,4.3,0
E-004152,IK-06-01113,IK-07-01612,IK06,IK07,water,0.295,3.56,partial,0,9.6,0
E-004153,IK-06-01120,IK-07-01612,IK06,IK07,water,0.295,3.48,partial,0,7.8,1
E-004154,IK-02-00470,IK-07-01612,IK02,IK07,telecom,0.177,1.05,partial,0,11.5,0
E-004155,IK-02-00599,IK-07-01612,IK02,IK07,telecom,0.177,1.01,partial,0,7.8,0
E-004156,IK-08-01767,IK-07-01612,IK08,IK07,transport,0.244,6.23,none,0,10.3,0
E-004157,IK-01-00042,IK-07-01613,IK01,IK07,electricity,0.847,0.0,none,0,12.3,0
E-004158,IK-06-01116,IK-07-01613,IK06,IK07,water,0.486,3.57,none,0,5.0,0
E-004159,IK-02-00523,IK-07-01613,IK02,IK07,telecom,0.395,1.49,none,0,10.0,0
E-004160,IK-08-01621,IK-07-01613,IK08,IK07,transport,0.26,6.03,none,0,2.9,1
E-004161,IK-01-00056,IK-07-01614,IK01,IK07,electricity,0.472,0.0,partial,0,8.4,1
E-004162,IK-01-00174,IK-07-01614,IK01,IK07,electricity,0.472,0.0,partial,0,14.6,1
E-004163,IK-06-01160,IK-07-01614,IK06,IK07,water,0.571,3.0,none,0,9.8,1
E-004164,IK-02-00641,IK-07-01614,IK02,IK07,telecom,0.357,1.49,none,0,5.3,0
E-004165,IK-08-01641,IK-07-01614,IK08,IK07,transport,0.232,6.21,none,0,12.3,0
E-004166,IK-01-00073,IK-08-01615,IK01,IK08,electricity,0.321,0.0,partial,0,11.4,0
E-004167,IK-01-00113,IK-08-01615,IK01,IK08,electricity,0.321,0.0,partial,0,4.1,0
E-004168,IK-02-00553,IK-08-01615,IK02,IK08,telecom,0.385,1.57,none,0,5.7,0
E-004169,IK-01-00160,IK-08-01616,IK01,IK08,electricity,0.617,0.0,none,0,10.0,1
E-004170,IK-02-00539,IK-08-01616,IK02,IK08,telecom,0.347,1.29,none,0,5.1,0
E-004171,IK-01-00156,IK-08-01617,IK01,IK08,electricity,0.372,0.0,partial,0,5.2,0
E-004172,IK-01-00112,IK-08-01617,IK01,IK08,electricity,0.372,0.0,partial,0,9.4,0
E-004173,IK-02-00662,IK-08-01617,IK02,IK08,telecom,0.299,1.48,none,0,3.3,1
E-004174,IK-01-00073,IK-08-01618,IK01,IK08,electricity,0.672,0.0,none,0,13.2,0
E-004175,IK-02-00489,IK-08-01618,IK02,IK08,telecom,0.361,1.4,none,0,11.2,0
E-004176,IK-01-00231,IK-08-01619,IK01,IK08,electricity,0.759,0.0,none,0,3.1,0
E-004177,IK-02-00483,IK-08-01619,IK02,IK08,telecom,0.367,1.46,none,0,10.4,1
E-004178,IK-01-00073,IK-08-01620,IK01,IK08,electricity,0.618,0.0,none,0,7.1,0
E-004179,IK-02-00597,IK-08-01620,IK02,IK08,telecom,0.165,1.32,partial,0,10.8,0
E-004180,IK-02-00480,IK-08-01620,IK02,IK08,telecom,0.165,1.44,partial,0,11.3,0
E-004181,IK-01-00042,IK-08-01621,IK01,IK08,electricity,0.312,0.0,partial,0,12.1,0
E-004182,IK-01-00156,IK-08-01621,IK01,IK08,electricity,0.312,0.0,partial,0,1.8,1
E-004183,IK-02-00443,IK-08-01621,IK02,IK08,telecom,0.391,1.25,none,0,6.6,1
E-004184,IK-01-00132,IK-08-01622,IK01,IK08,electricity,0.36,0.0,full,0,12.4,0
E-004185,IK-01-00152,IK-08-01622,IK01,IK08,electricity,0.36,0.0,full,0,10.5,1
E-004186,IK-02-00623,IK-08-01622,IK02,IK08,telecom,0.348,1.25,none,0,4.3,0
E-004187,IK-01-00238,IK-08-01623,IK01,IK08,electricity,0.742,0.0,none,0,11.6,0
E-004188,IK-02-00494,IK-08-01623,IK02,IK08,telecom,0.341,1.43,none,0,11.4,1
E-004189,IK-01-00118,IK-08-01624,IK01,IK08,electricity,0.374,0.0,partial,0,4.6,0
E-004190,IK-01-00116,IK-08-01624,IK01,IK08,electricity,0.374,0.0,partial,0,1.0,0
E-004191,IK-02-00613,IK-08-01624,IK02,IK08,telecom,0.194,1.47,partial,0,11.5,1
E-004192,IK-02-00511,IK-08-01624,IK02,IK08,telecom,0.194,1.21,partial,0,10.2,0
E-004193,IK-01-00155,IK-08-01625,IK01,IK08,electricity,0.347,0.0,partial,0,10.0,0
E-004194,IK-01-00186,IK-08-01625,IK01,IK08,electricity,0.347,0.0,partial,0,13.1,1
E-004195,IK-02-00552,IK-08-01625,IK02,IK08,telecom,0.313,1.57,none,0,7.7,1
E-004196,IK-01-00185,IK-08-01626,IK01,IK08,electricity,0.374,0.0,partial,0,13.4,0
E-004197,IK-01-00081,IK-08-01626,IK01,IK08,electricity,0.374,0.0,partial,0,14.3,1
E-004198,IK-02-00671,IK-08-01626,IK02,IK08,telecom,0.391,1.56,none,0,5.5,1
E-004199,IK-01-00200,IK-08-01627,IK01,IK08,electricity,0.675,0.0,none,0,8.1,0
E-004200,IK-02-00484,IK-08-01627,IK02,IK08,telecom,0.333,1.37,none,0,11.7,0
E-004201,IK-01-00092,IK-08-01628,IK01,IK08,electricity,0.763,0.0,none,0,8.7,1
E-004202,IK-02-00664,IK-08-01628,IK02,IK08,telecom,0.165,1.3,partial,0,10.3,0
E-004203,IK-02-00676,IK-08-01628,IK02,IK08,telecom,0.165,1.35,partial,0,15.0,1
E-004204,IK-01-00153,IK-08-01629,IK01,IK08,electricity,0.761,0.0,none,0,9.5,0
E-004205,IK-02-00591,IK-08-01629,IK02,IK08,telecom,0.324,1.4,none,0,6.3,0
E-004206,IK-01-00218,IK-08-01630,IK01,IK08,electricity,0.32,0.0,partial,0,12.3,0
E-004207,IK-01-00205,IK-08-01630,IK01,IK08,electricity,0.32,0.0,partial,0,3.6,0
E-004208,IK-02-00439,IK-08-01630,IK02,IK08,telecom,0.154,1.43,partial,0,8.0,1
E-004209,IK-02-00605,IK-08-01630,IK02,IK08,telecom,0.154,1.24,partial,0,14.8,0
E-004210,IK-01-00061,IK-08-01631,IK01,IK08,electricity,0.382,0.0,partial,0,2.1,0
E-004211,IK-01-00197,IK-08-01631,IK01,IK08,electricity,0.382,0.0,partial,0,3.6,0
E-004212,IK-02-00448,IK-08-01631,IK02,IK08,telecom,0.3,1.4,none,0,12.5,0
E-004213,IK-01-00052,IK-08-01632,IK01,IK08,electricity,0.319,0.0,partial,0,10.5,0
E-004214,IK-01-00160,IK-08-01632,IK01,IK08,electricity,0.319,0.0,partial,0,3.3,1
E-004215,IK-02-00539,IK-08-01632,IK02,IK08,telecom,0.381,1.55,none,0,5.4,0
E-004216,IK-01-00193,IK-08-01633,IK01,IK08,electricity,0.346,0.0,partial,0,3.8,0
E-004217,IK-01-00049,IK-08-01633,IK01,IK08,electricity,0.346,0.0,partial,0,7.6,0
E-004218,IK-02-00479,IK-08-01633,IK02,IK08,telecom,0.384,1.21,none,0,8.0,1
E-004219,IK-01-00108,IK-08-01634,IK01,IK08,electricity,0.642,0.0,none,0,8.1,0
E-004220,IK-02-00528,IK-08-01634,IK02,IK08,telecom,0.339,1.26,none,0,6.9,0
E-004221,IK-01-00103,IK-08-01635,IK01,IK08,electricity,0.326,0.0,partial,0,4.0,0
E-004222,IK-01-00041,IK-08-01635,IK01,IK08,electricity,0.326,0.0,partial,0,7.9,0
E-004223,IK-02-00506,IK-08-01635,IK02,IK08,telecom,0.381,1.31,none,0,4.8,1
E-004224,IK-01-00083,IK-08-01636,IK01,IK08,electricity,0.342,0.0,partial,0,10.7,1
E-004225,IK-01-00197,IK-08-01636,IK01,IK08,electricity,0.342,0.0,partial,0,8.4,0
E-004226,IK-02-00528,IK-08-01636,IK02,IK08,telecom,0.153,1.57,partial,0,13.5,1
E-004227,IK-02-00656,IK-08-01636,IK02,IK08,telecom,0.153,1.27,partial,0,12.4,1
E-004228,IK-01-00136,IK-08-01637,IK01,IK08,electricity,0.359,0.0,full,0,11.8,1
E-004229,IK-01-00048,IK-08-01637,IK01,IK08,electricity,0.359,0.0,full,0,9.0,1
E-004230,IK-02-00675,IK-08-01637,IK02,IK08,telecom,0.367,1.59,none,0,12.4,1
E-004231,IK-01-00182,IK-08-01638,IK01,IK08,electricity,0.656,0.0,none,0,7.6,0
E-004232,IK-02-00447,IK-08-01638,IK02,IK08,telecom,0.333,1.26,none,0,6.6,1
E-004233,IK-01-00096,IK-08-01639,IK01,IK08,electricity,0.355,0.0,partial,0,7.0,1
E-004234,IK-01-00232,IK-08-01639,IK01,IK08,electricity,0.355,0.0,partial,0,11.3,0
E-004235,IK-02-00576,IK-08-01639,IK02,IK08,telecom,0.19,1.05,partial,0,8.0,0
E-004236,IK-02-00516,IK-08-01639,IK02,IK08,telecom,0.19,1.11,partial,0,2.0,1
E-004237,IK-01-00174,IK-08-01640,IK01,IK08,electricity,0.779,0.0,none,0,4.0,0
E-004238,IK-02-00629,IK-08-01640,IK02,IK08,telecom,0.351,1.55,none,0,2.5,0
E-004239,IK-01-00056,IK-08-01641,IK01,IK08,electricity,0.736,0.0,none,0,14.0,0
E-004240,IK-02-00641,IK-08-01641,IK02,IK08,telecom,0.165,1.3,full,0,6.5,1
E-004241,IK-02-00584,IK-08-01641,IK02,IK08,telecom,0.165,1.07,full,0,8.0,0
E-004242,IK-01-00178,IK-08-01642,IK01,IK08,electricity,0.36,0.0,partial,0,2.1,0
E-004243,IK-01-00106,IK-08-01642,IK01,IK08,electricity,0.36,0.0,partial,0,6.0,0
E-004244,IK-02-00566,IK-08-01642,IK02,IK08,telecom,0.186,1.1,partial,0,7.3,0
E-004245,IK-02-00636,IK-08-01642,IK02,IK08,telecom,0.186,1.21,partial,0,6.9,0
E-004246,IK-01-00057,IK-08-01643,IK01,IK08,electricity,0.617,0.0,none,0,4.2,0
E-004247,IK-02-00653,IK-08-01643,IK02,IK08,telecom,0.33,1.05,none,0,6.5,1
E-004248,IK-01-00210,IK-08-01644,IK01,IK08,electricity,0.647,0.0,none,0,10.6,0
E-004249,IK-02-00504,IK-08-01644,IK02,IK08,telecom,0.317,1.24,none,0,7.3,1
E-004250,IK-01-00073,IK-08-01645,IK01,IK08,electricity,0.715,0.0,none,0,4.3,0
E-004251,IK-02-00597,IK-08-01645,IK02,IK08,telecom,0.383,1.28,none,0,8.8,0
E-004252,IK-01-00127,IK-08-01646,IK01,IK08,electricity,0.721,0.0,none,0,6.4,1
E-004253,IK-02-00612,IK-08-01646,IK02,IK08,telecom,0.334,1.37,none,0,1.7,0
E-004254,IK-01-00122,IK-08-01647,IK01,IK08,electricity,0.704,0.0,none,0,7.2,1
E-004255,IK-02-00620,IK-08-01647,IK02,IK08,telecom,0.167,1.15,partial,0,12.0,0
E-004256,IK-02-00475,IK-08-01647,IK02,IK08,telecom,0.167,1.03,partial,0,8.2,0
E-004257,IK-01-00045,IK-08-01648,IK01,IK08,electricity,0.621,0.0,none,0,12.9,1
E-004258,IK-02-00560,IK-08-01648,IK02,IK08,telecom,0.333,1.31,none,0,13.6,0
E-004259,IK-01-00122,IK-08-01649,IK01,IK08,electricity,0.312,0.0,partial,0,1.0,0
E-004260,IK-01-00129,IK-08-01649,IK01,IK08,electricity,0.312,0.0,partial,0,11.7,0
E-004261,IK-02-00678,IK-08-01649,IK02,IK08,telecom,0.193,1.24,partial,0,6.6,0
E-004262,IK-02-00459,IK-08-01649,IK02,IK08,telecom,0.193,1.04,partial,0,4.3,1
E-004263,IK-01-00056,IK-08-01650,IK01,IK08,electricity,0.361,0.0,partial,0,2.9,0
E-004264,IK-01-00174,IK-08-01650,IK01,IK08,electricity,0.361,0.0,partial,0,7.8,0
E-004265,IK-02-00641,IK-08-01650,IK02,IK08,telecom,0.298,1.49,none,0,6.1,0
E-004266,IK-01-00210,IK-08-01651,IK01,IK08,electricity,0.649,0.0,none,0,15.6,1
E-004267,IK-02-00582,IK-08-01651,IK02,IK08,telecom,0.339,1.12,none,0,5.2,0
E-004268,IK-01-00213,IK-08-01652,IK01,IK08,electricity,0.724,0.0,none,0,1.0,0
E-004269,IK-02-00652,IK-08-01652,IK02,IK08,telecom,0.301,1.14,none,0,8.1,0
E-004270,IK-01-00106,IK-08-01653,IK01,IK08,electricity,0.604,0.0,none,0,8.9,0
E-004271,IK-02-00636,IK-08-01653,IK02,IK08,telecom,0.169,1.57,partial,0,9.0,0
E-004272,IK-02-00658,IK-08-01653,IK02,IK08,telecom,0.169,1.46,partial,0,7.7,0
E-004273,IK-01-00212,IK-08-01654,IK01,IK08,electricity,0.659,0.0,none,0,4.9,1
E-004274,IK-02-00442,IK-08-01654,IK02,IK08,telecom,0.31,1.28,none,0,4.2,0
E-004275,IK-01-00110,IK-08-01655,IK01,IK08,electricity,0.387,0.0,full,0,14.0,0
E-004276,IK-01-00113,IK-08-01655,IK01,IK08,electricity,0.387,0.0,full,0,13.9,0
E-004277,IK-02-00570,IK-08-01655,IK02,IK08,telecom,0.37,1.31,none,0,5.5,0
E-004278,IK-01-00153,IK-08-01656,IK01,IK08,electricity,0.606,0.0,none,0,14.5,1
E-004279,IK-02-00591,IK-08-01656,IK02,IK08,telecom,0.334,1.38,none,0,13.4,0
E-004280,IK-01-00155,IK-08-01657,IK01,IK08,electricity,0.611,0.0,none,0,8.6,0
E-004281,IK-02-00552,IK-08-01657,IK02,IK08,telecom,0.35,1.26,none,0,6.0,1
E-004282,IK-01-00079,IK-08-01658,IK01,IK08,electricity,0.672,0.0,none,0,5.0,0
E-004283,IK-02-00500,IK-08-01658,IK02,IK08,telecom,0.35,1.46,none,0,13.0,0
E-004284,IK-01-00175,IK-08-01659,IK01,IK08,electricity,0.379,0.0,partial,0,9.2,1
E-004285,IK-01-00051,IK-08-01659,IK01,IK08,electricity,0.379,0.0,partial,0,11.5,0
E-004286,IK-02-00510,IK-08-01659,IK02,IK08,telecom,0.174,1.44,partial,0,8.4,0
E-004287,IK-02-00607,IK-08-01659,IK02,IK08,telecom,0.174,1.51,partial,0,6.6,1
E-004288,IK-01-00144,IK-08-01660,IK01,IK08,electricity,0.654,0.0,none,0,1.0,0
E-004289,IK-02-00586,IK-08-01660,IK02,IK08,telecom,0.367,1.51,none,0,10.0,1
E-004290,IK-01-00168,IK-08-01661,IK01,IK08,electricity,0.364,0.0,partial,0,7.9,0
E-004291,IK-01-00238,IK-08-01661,IK01,IK08,electricity,0.364,0.0,partial,0,16.1,0
E-004292,IK-02-00572,IK-08-01661,IK02,IK08,telecom,0.318,1.58,none,0,9.6,1
E-004293,IK-01-00064,IK-08-01662,IK01,IK08,electricity,0.734,0.0,none,0,5.3,1
E-004294,IK-02-00649,IK-08-01662,IK02,IK08,telecom,0.16,1.15,partial,0,9.3,0
E-004295,IK-02-00624,IK-08-01662,IK02,IK08,telecom,0.16,1.51,partial,0,1.0,1
E-004296,IK-01-00117,IK-08-01663,IK01,IK08,electricity,0.777,0.0,none,0,8.6,0
E-004297,IK-02-00546,IK-08-01663,IK02,IK08,telecom,0.301,1.35,none,0,10.1,0
E-004298,IK-01-00086,IK-08-01664,IK01,IK08,electricity,0.372,0.0,partial,0,10.7,0
E-004299,IK-01-00044,IK-08-01664,IK01,IK08,electricity,0.372,0.0,partial,0,2.7,1
E-004300,IK-02-00680,IK-08-01664,IK02,IK08,telecom,0.379,1.41,none,0,8.1,1
E-004301,IK-01-00078,IK-08-01665,IK01,IK08,electricity,0.738,0.0,none,0,4.8,0
E-004302,IK-02-00673,IK-08-01665,IK02,IK08,telecom,0.186,1.0,partial,0,4.4,1
E-004303,IK-02-00494,IK-08-01665,IK02,IK08,telecom,0.186,1.36,partial,0,5.5,0
E-004304,IK-01-00184,IK-08-01666,IK01,IK08,electricity,0.376,0.0,partial,0,11.1,1
E-004305,IK-01-00061,IK-08-01666,IK01,IK08,electricity,0.376,0.0,partial,0,8.6,0
E-004306,IK-02-00448,IK-08-01666,IK02,IK08,telecom,0.343,1.29,none,0,15.0,0
E-004307,IK-01-00093,IK-08-01667,IK01,IK08,electricity,0.674,0.0,none,0,14.0,1
E-004308,IK-02-00547,IK-08-01667,IK02,IK08,telecom,0.172,1.41,partial,0,7.2,0
E-004309,IK-02-00468,IK-08-01667,IK02,IK08,telecom,0.172,1.17,partial,0,7.7,1
E-004310,IK-01-00110,IK-08-01668,IK01,IK08,electricity,0.663,0.0,none,0,11.2,1
E-004311,IK-02-00626,IK-08-01668,IK02,IK08,telecom,0.333,1.02,none,0,10.6,0
E-004312,IK-01-00122,IK-08-01669,IK01,IK08,electricity,0.62,0.0,none,0,7.1,0
E-004313,IK-02-00620,IK-08-01669,IK02,IK08,telecom,0.372,1.07,none,0,15.3,0
E-004314,IK-01-00167,IK-08-01670,IK01,IK08,electricity,0.721,0.0,none,0,10.8,0
E-004315,IK-02-00513,IK-08-01670,IK02,IK08,telecom,0.305,1.1,none,0,1.0,1
E-004316,IK-01-00112,IK-08-01671,IK01,IK08,electricity,0.305,0.0,partial,0,6.0,0
E-004317,IK-01-00233,IK-08-01671,IK01,IK08,electricity,0.305,0.0,partial,0,5.3,1
E-004318,IK-02-00670,IK-08-01671,IK02,IK08,telecom,0.346,1.44,none,0,4.0,1
E-004319,IK-01-00049,IK-08-01672,IK01,IK08,electricity,0.754,0.0,none,0,11.0,0
E-004320,IK-02-00462,IK-08-01672,IK02,IK08,telecom,0.329,1.08,none,0,4.0,1
E-004321,IK-01-00170,IK-08-01673,IK01,IK08,electricity,0.618,0.0,none,0,1.6,0
E-004322,IK-02-00563,IK-08-01673,IK02,IK08,telecom,0.351,1.12,none,0,5.1,0
E-004323,IK-01-00069,IK-08-01674,IK01,IK08,electricity,0.38,0.0,partial,0,6.3,0
E-004324,IK-01-00121,IK-08-01674,IK01,IK08,electricity,0.38,0.0,partial,0,6.9,0
E-004325,IK-02-00643,IK-08-01674,IK02,IK08,telecom,0.308,1.57,none,0,12.7,0
E-004326,IK-01-00067,IK-08-01675,IK01,IK08,electricity,0.748,0.0,none,0,5.0,1
E-004327,IK-02-00595,IK-08-01675,IK02,IK08,telecom,0.353,1.28,none,0,11.7,0
E-004328,IK-01-00118,IK-08-01676,IK01,IK08,electricity,0.316,0.0,partial,0,9.2,1
E-004329,IK-01-00153,IK-08-01676,IK01,IK08,electricity,0.316,0.0,partial,0,15.2,0
E-004330,IK-02-00613,IK-08-01676,IK02,IK08,telecom,0.3,1.11,none,0,6.8,0
E-004331,IK-01-00161,IK-08-01677,IK01,IK08,electricity,0.337,0.0,partial,0,8.6,0
E-004332,IK-01-00237,IK-08-01677,IK01,IK08,electricity,0.337,0.0,partial,0,12.9,0
E-004333,IK-02-00430,IK-08-01677,IK02,IK08,telecom,0.312,1.34,none,0,13.8,0
E-004334,IK-01-00162,IK-08-01678,IK01,IK08,electricity,0.384,0.0,partial,0,1.0,0
E-004335,IK-01-00211,IK-08-01678,IK01,IK08,electricity,0.384,0.0,partial,0,7.0,1
E-004336,IK-02-00424,IK-08-01678,IK02,IK08,telecom,0.32,1.01,none,0,11.8,0
E-004337,IK-01-00060,IK-08-01679,IK01,IK08,electricity,0.357,0.0,partial,0,8.6,1
E-004338,IK-01-00167,IK-08-01679,IK01,IK08,electricity,0.357,0.0,partial,0,14.8,0
E-004339,IK-02-00574,IK-08-01679,IK02,IK08,telecom,0.149,1.08,partial,0,8.8,0
E-004340,IK-02-00644,IK-08-01679,IK02,IK08,telecom,0.149,1.2,partial,0,4.8,0
E-004341,IK-01-00082,IK-08-01680,IK01,IK08,electricity,0.721,0.0,none,0,6.6,1
E-004342,IK-02-00575,IK-08-01680,IK02,IK08,telecom,0.182,1.39,partial,0,3.9,0
E-004343,IK-02-00621,IK-08-01680,IK02,IK08,telecom,0.182,1.17,partial,0,10.9,1
E-004344,IK-01-00202,IK-08-01681,IK01,IK08,electricity,0.344,0.0,partial,0,3.7,0
E-004345,IK-01-00121,IK-08-01681,IK01,IK08,electricity,0.344,0.0,partial,0,11.8,0
E-004346,IK-02-00522,IK-08-01681,IK02,IK08,telecom,0.3,1.4,none,0,2.9,0
E-004347,IK-01-00078,IK-08-01682,IK01,IK08,electricity,0.299,0.0,partial,0,11.8,0
E-004348,IK-01-00071,IK-08-01682,IK01,IK08,electricity,0.299,0.0,partial,0,6.7,0
E-004349,IK-02-00673,IK-08-01682,IK02,IK08,telecom,0.178,1.13,full,0,7.6,1
E-004350,IK-02-00464,IK-08-01682,IK02,IK08,telecom,0.178,1.14,full,0,6.6,0
E-004351,IK-01-00049,IK-08-01683,IK01,IK08,electricity,0.325,0.0,partial,0,8.5,0
E-004352,IK-01-00078,IK-08-01683,IK01,IK08,electricity,0.325,0.0,partial,0,13.0,0
E-004353,IK-02-00464,IK-08-01683,IK02,IK08,telecom,0.344,1.56,none,0,9.9,1
E-004354,IK-01-00065,IK-08-01684,IK01,IK08,electricity,0.64,0.0,none,0,6.4,0
E-004355,IK-02-00490,IK-08-01684,IK02,IK08,telecom,0.348,1.44,none,0,2.6,0
E-004356,IK-01-00096,IK-08-01685,IK01,IK08,electricity,0.356,0.0,partial,0,1.0,0
E-004357,IK-01-00232,IK-08-01685,IK01,IK08,electricity,0.356,0.0,partial,0,7.9,0
E-004358,IK-02-00576,IK-08-01685,IK02,IK08,telecom,0.305,1.5,none,0,12.9,0
E-004359,IK-01-00122,IK-08-01686,IK01,IK08,electricity,0.312,0.0,partial,0,7.9,0
E-004360,IK-01-00129,IK-08-01686,IK01,IK08,electricity,0.312,0.0,partial,0,4.5,0
E-004361,IK-02-00620,IK-08-01686,IK02,IK08,telecom,0.39,1.12,none,0,10.2,1
E-004362,IK-01-00162,IK-08-01687,IK01,IK08,electricity,0.362,0.0,partial,0,7.3,1
E-004363,IK-01-00042,IK-08-01687,IK01,IK08,electricity,0.362,0.0,partial,0,13.9,0
E-004364,IK-02-00424,IK-08-01687,IK02,IK08,telecom,0.359,1.04,none,0,7.0,0
E-004365,IK-01-00060,IK-08-01688,IK01,IK08,electricity,0.316,0.0,partial,0,17.1,0
E-004366,IK-01-00167,IK-08-01688,IK01,IK08,electricity,0.316,0.0,partial,0,3.6,1
E-004367,IK-02-00659,IK-08-01688,IK02,IK08,telecom,0.352,1.19,none,0,9.3,0
E-004368,IK-01-00084,IK-08-01689,IK01,IK08,electricity,0.367,0.0,partial,0,14.4,0
E-004369,IK-01-00166,IK-08-01689,IK01,IK08,electricity,0.367,0.0,partial,0,2.9,1
E-004370,IK-02-00423,IK-08-01689,IK02,IK08,telecom,0.338,1.23,none,0,8.9,0
E-004371,IK-01-00122,IK-08-01690,IK01,IK08,electricity,0.333,0.0,partial,0,9.8,0
E-004372,IK-01-00129,IK-08-01690,IK01,IK08,electricity,0.333,0.0,partial,0,9.8,1
E-004373,IK-02-00678,IK-08-01690,IK02,IK08,telecom,0.382,1.47,none,0,8.9,0
E-004374,IK-01-00194,IK-08-01691,IK01,IK08,electricity,0.306,0.0,partial,0,9.9,0
E-004375,IK-01-00051,IK-08-01691,IK01,IK08,electricity,0.306,0.0,partial,0,12.4,0
E-004376,IK-02-00627,IK-08-01691,IK02,IK08,telecom,0.323,1.45,none,0,13.5,1
E-004377,IK-01-00059,IK-08-01692,IK01,IK08,electricity,0.382,0.0,partial,0,7.2,0
E-004378,IK-01-00113,IK-08-01692,IK01,IK08,electricity,0.382,0.0,partial,0,8.9,1
E-004379,IK-02-00489,IK-08-01692,IK02,IK08,telecom,0.331,1.24,none,0,8.6,1
E-004380,IK-01-00083,IK-08-01693,IK01,IK08,electricity,0.36,0.0,partial,0,10.8,1
E-004381,IK-01-00197,IK-08-01693,IK01,IK08,electricity,0.36,0.0,partial,0,1.9,0
E-004382,IK-02-00528,IK-08-01693,IK02,IK08,telecom,0.191,1.57,partial,0,3.3,1
E-004383,IK-02-00656,IK-08-01693,IK02,IK08,telecom,0.191,1.44,partial,0,7.4,0
E-004384,IK-01-00140,IK-08-01694,IK01,IK08,electricity,0.714,0.0,none,0,5.6,1
E-004385,IK-02-00465,IK-08-01694,IK02,IK08,telecom,0.319,1.46,none,0,19.1,0
E-004386,IK-01-00150,IK-08-01695,IK01,IK08,electricity,0.602,0.0,none,0,11.7,0
E-004387,IK-02-00599,IK-08-01695,IK02,IK08,telecom,0.353,1.09,none,0,10.7,0
E-004388,IK-01-00110,IK-08-01696,IK01,IK08,electricity,0.598,0.0,none,0,12.6,0
E-004389,IK-02-00514,IK-08-01696,IK02,IK08,telecom,0.328,1.36,none,0,9.9,0
E-004390,IK-01-00057,IK-08-01697,IK01,IK08,electricity,0.316,0.0,partial,0,1.8,1
E-004391,IK-01-00137,IK-08-01697,IK01,IK08,electricity,0.316,0.0,partial,0,7.1,0
E-004392,IK-02-00653,IK-08-01697,IK02,IK08,telecom,0.327,1.48,none,0,12.8,0
E-004393,IK-01-00059,IK-08-01698,IK01,IK08,electricity,0.631,0.0,none,0,13.3,1
E-004394,IK-02-00521,IK-08-01698,IK02,IK08,telecom,0.337,1.06,none,0,10.3,0
E-004395,IK-01-00161,IK-08-01699,IK01,IK08,electricity,0.679,0.0,none,0,6.3,0
E-004396,IK-02-00466,IK-08-01699,IK02,IK08,telecom,0.378,1.45,none,0,13.1,0
E-004397,IK-01-00112,IK-08-01700,IK01,IK08,electricity,0.672,0.0,none,0,8.4,1
E-004398,IK-02-00606,IK-08-01700,IK02,IK08,telecom,0.181,1.38,partial,0,8.2,0
E-004399,IK-02-00650,IK-08-01700,IK02,IK08,telecom,0.181,1.08,partial,0,2.6,1
E-004400,IK-01-00218,IK-08-01701,IK01,IK08,electricity,0.63,0.0,none,0,1.0,0
E-004401,IK-02-00439,IK-08-01701,IK02,IK08,telecom,0.3,1.58,none,0,4.2,0
E-004402,IK-01-00129,IK-08-01702,IK01,IK08,electricity,0.324,0.0,partial,0,16.5,0
E-004403,IK-01-00122,IK-08-01702,IK01,IK08,electricity,0.324,0.0,partial,0,6.1,0
E-004404,IK-02-00459,IK-08-01702,IK02,IK08,telecom,0.344,1.29,none,0,13.7,0
E-004405,IK-01-00202,IK-08-01703,IK01,IK08,electricity,0.609,0.0,none,0,8.4,0
E-004406,IK-02-00522,IK-08-01703,IK02,IK08,telecom,0.312,1.03,none,0,3.7,0
E-004407,IK-01-00228,IK-08-01704,IK01,IK08,electricity,0.7,0.0,none,0,10.2,0
E-004408,IK-02-00428,IK-08-01704,IK02,IK08,telecom,0.363,1.53,none,0,8.0,1
E-004409,IK-01-00215,IK-08-01705,IK01,IK08,electricity,0.319,0.0,partial,0,5.6,0
E-004410,IK-01-00062,IK-08-01705,IK01,IK08,electricity,0.319,0.0,partial,0,7.7,1
E-004411,IK-02-00470,IK-08-01705,IK02,IK08,telecom,0.326,1.56,none,0,6.2,0
E-004412,IK-01-00129,IK-08-01706,IK01,IK08,electricity,0.315,0.0,full,0,6.4,0
E-004413,IK-01-00098,IK-08-01706,IK01,IK08,electricity,0.315,0.0,full,0,6.8,0
E-004414,IK-02-00518,IK-08-01706,IK02,IK08,telecom,0.15,1.45,partial,0,1.0,0
E-004415,IK-02-00545,IK-08-01706,IK02,IK08,telecom,0.15,1.39,partial,0,9.3,0
E-004416,IK-01-00144,IK-08-01707,IK01,IK08,electricity,0.76,0.0,none,0,10.0,0
E-004417,IK-02-00428,IK-08-01707,IK02,IK08,telecom,0.308,1.35,none,0,3.6,0
E-004418,IK-01-00105,IK-08-01708,IK01,IK08,electricity,0.667,0.0,none,0,14.9,0
E-004419,IK-02-00496,IK-08-01708,IK02,IK08,telecom,0.156,1.59,partial,0,7.6,0
E-004420,IK-02-00442,IK-08-01708,IK02,IK08,telecom,0.156,1.23,partial,0,5.2,1
E-004421,IK-01-00234,IK-08-01709,IK01,IK08,electricity,0.76,0.0,none,0,9.5,1
E-004422,IK-02-00602,IK-08-01709,IK02,IK08,telecom,0.345,1.41,none,0,7.9,0
E-004423,IK-01-00041,IK-08-01710,IK01,IK08,electricity,0.716,0.0,none,0,7.1,1
E-004424,IK-02-00581,IK-08-01710,IK02,IK08,telecom,0.322,1.09,none,0,8.2,0
E-004425,IK-01-00093,IK-08-01711,IK01,IK08,electricity,0.376,0.0,partial,0,5.1,0
E-004426,IK-01-00158,IK-08-01711,IK01,IK08,electricity,0.376,0.0,partial,0,12.7,0
E-004427,IK-02-00525,IK-08-01711,IK02,IK08,telecom,0.312,1.49,none,0,13.2,0
E-004428,IK-01-00221,IK-08-01712,IK01,IK08,electricity,0.369,0.0,partial,0,1.7,0
E-004429,IK-01-00126,IK-08-01712,IK01,IK08,electricity,0.369,0.0,partial,0,10.3,0
E-004430,IK-02-00573,IK-08-01712,IK02,IK08,telecom,0.351,1.2,none,0,12.4,1
E-004431,IK-01-00042,IK-08-01713,IK01,IK08,electricity,0.746,0.0,none,0,5.1,0
E-004432,IK-02-00443,IK-08-01713,IK02,IK08,telecom,0.332,1.4,none,0,4.6,0
E-004433,IK-01-00195,IK-08-01714,IK01,IK08,electricity,0.372,0.0,partial,0,9.5,0
E-004434,IK-01-00124,IK-08-01714,IK01,IK08,electricity,0.372,0.0,partial,0,12.9,0
E-004435,IK-02-00672,IK-08-01714,IK02,IK08,telecom,0.179,1.45,partial,0,13.9,0
E-004436,IK-02-00564,IK-08-01714,IK02,IK08,telecom,0.179,1.53,partial,0,9.1,0
E-004437,IK-01-00062,IK-08-01715,IK01,IK08,electricity,0.669,0.0,none,0,8.4,0
E-004438,IK-02-00602,IK-08-01715,IK02,IK08,telecom,0.391,1.1,none,0,13.7,1
E-004439,IK-01-00168,IK-08-01716,IK01,IK08,electricity,0.623,0.0,none,0,16.4,1
E-004440,IK-02-00572,IK-08-01716,IK02,IK08,telecom,0.323,1.2,none,0,10.7,0
E-004441,IK-01-00128,IK-08-01717,IK01,IK08,electricity,0.711,0.0,none,0,5.4,0
E-004442,IK-02-00451,IK-08-01717,IK02,IK08,telecom,0.366,1.24,none,0,6.4,0
E-004443,IK-01-00092,IK-08-01718,IK01,IK08,electricity,0.68,0.0,none,0,7.4,0
E-004444,IK-02-00664,IK-08-01718,IK02,IK08,telecom,0.173,1.21,partial,0,14.1,0
E-004445,IK-02-00676,IK-08-01718,IK02,IK08,telecom,0.173,1.34,partial,0,8.5,1
E-004446,IK-01-00116,IK-08-01719,IK01,IK08,electricity,0.735,0.0,none,0,5.6,0
E-004447,IK-02-00511,IK-08-01719,IK02,IK08,telecom,0.173,1.25,partial,0,14.7,0
E-004448,IK-02-00487,IK-08-01719,IK02,IK08,telecom,0.173,1.09,partial,0,8.2,1
E-004449,IK-01-00210,IK-08-01720,IK01,IK08,electricity,0.744,0.0,none,0,1.2,0
E-004450,IK-02-00454,IK-08-01720,IK02,IK08,telecom,0.15,1.43,partial,0,11.9,0
E-004451,IK-02-00655,IK-08-01720,IK02,IK08,telecom,0.15,1.51,partial,0,6.4,0
E-004452,IK-01-00121,IK-08-01721,IK01,IK08,electricity,0.767,0.0,none,0,4.2,0
E-004453,IK-02-00643,IK-08-01721,IK02,IK08,telecom,0.373,1.21,none,0,4.1,0
E-004454,IK-01-00136,IK-08-01722,IK01,IK08,electricity,0.663,0.0,none,0,10.7,1
E-004455,IK-02-00668,IK-08-01722,IK02,IK08,telecom,0.331,1.39,none,0,8.5,1
E-004456,IK-01-00192,IK-08-01723,IK01,IK08,electricity,0.302,0.0,partial,0,7.5,0
E-004457,IK-01-00190,IK-08-01723,IK01,IK08,electricity,0.302,0.0,partial,0,10.0,1
E-004458,IK-02-00585,IK-08-01723,IK02,IK08,telecom,0.172,1.59,partial,0,6.6,0
E-004459,IK-02-00453,IK-08-01723,IK02,IK08,telecom,0.172,1.33,partial,0,8.5,1
E-004460,IK-01-00226,IK-08-01724,IK01,IK08,electricity,0.65,0.0,none,0,5.4,0
E-004461,IK-02-00442,IK-08-01724,IK02,IK08,telecom,0.346,1.52,none,0,9.4,0
E-004462,IK-01-00087,IK-08-01725,IK01,IK08,electricity,0.362,0.0,partial,0,11.4,0
E-004463,IK-01-00156,IK-08-01725,IK01,IK08,electricity,0.362,0.0,partial,0,10.1,0
E-004464,IK-02-00662,IK-08-01725,IK02,IK08,telecom,0.337,1.55,none,0,9.0,0
E-004465,IK-01-00238,IK-08-01726,IK01,IK08,electricity,0.608,0.0,none,0,5.6,1
E-004466,IK-02-00494,IK-08-01726,IK02,IK08,telecom,0.308,1.19,none,0,6.0,1
E-004467,IK-01-00115,IK-08-01727,IK01,IK08,electricity,0.364,0.0,partial,0,17.6,0
E-004468,IK-01-00165,IK-08-01727,IK01,IK08,electricity,0.364,0.0,partial,0,12.8,1
E-004469,IK-02-00484,IK-08-01727,IK02,IK08,telecom,0.186,1.44,partial,0,5.7,0
E-004470,IK-02-00646,IK-08-01727,IK02,IK08,telecom,0.186,1.45,partial,0,9.9,1
E-004471,IK-01-00198,IK-08-01728,IK01,IK08,electricity,0.626,0.0,none,0,7.2,0
E-004472,IK-02-00536,IK-08-01728,IK02,IK08,telecom,0.305,1.4,none,0,3.4,1
E-004473,IK-01-00118,IK-08-01729,IK01,IK08,electricity,0.632,0.0,none,0,6.6,1
E-004474,IK-02-00613,IK-08-01729,IK02,IK08,telecom,0.353,1.22,none,0,7.3,0
E-004475,IK-01-00149,IK-08-01730,IK01,IK08,electricity,0.359,0.0,full,0,10.4,1
E-004476,IK-01-00227,IK-08-01730,IK01,IK08,electricity,0.359,0.0,full,0,6.6,1
E-004477,IK-02-00645,IK-08-01730,IK02,IK08,telecom,0.328,1.05,none,0,10.4,1
E-004478,IK-01-00120,IK-08-01731,IK01,IK08,electricity,0.376,0.0,partial,0,16.7,1
E-004479,IK-01-00168,IK-08-01731,IK01,IK08,electricity,0.376,0.0,partial,0,4.7,0
E-004480,IK-02-00572,IK-08-01731,IK02,IK08,telecom,0.174,1.24,partial,0,4.5,0
E-004481,IK-02-00635,IK-08-01731,IK02,IK08,telecom,0.174,1.51,partial,0,7.5,1
E-004482,IK-01-00074,IK-08-01732,IK01,IK08,electricity,0.644,0.0,none,0,16.5,1
E-004483,IK-02-00477,IK-08-01732,IK02,IK08,telecom,0.388,1.37,none,0,6.9,0
E-004484,IK-01-00150,IK-08-01733,IK01,IK08,electricity,0.657,0.0,none,0,7.9,0
E-004485,IK-02-00589,IK-08-01733,IK02,IK08,telecom,0.381,1.0,none,0,9.5,1
E-004486,IK-01-00215,IK-08-01734,IK01,IK08,electricity,0.756,0.0,none,0,8.9,0
E-004487,IK-02-00470,IK-08-01734,IK02,IK08,telecom,0.195,1.03,partial,0,7.6,1
E-004488,IK-02-00589,IK-08-01734,IK02,IK08,telecom,0.195,1.03,partial,0,9.1,1
E-004489,IK-01-00145,IK-08-01735,IK01,IK08,electricity,0.312,0.0,partial,0,6.5,1
E-004490,IK-01-00219,IK-08-01735,IK01,IK08,electricity,0.312,0.0,partial,0,2.2,0
E-004491,IK-02-00501,IK-08-01735,IK02,IK08,telecom,0.332,1.11,none,0,12.2,1
E-004492,IK-01-00110,IK-08-01736,IK01,IK08,electricity,0.708,0.0,none,0,3.2,0
E-004493,IK-02-00570,IK-08-01736,IK02,IK08,telecom,0.313,1.45,none,0,10.8,0
E-004494,IK-01-00124,IK-08-01737,IK01,IK08,electricity,0.716,0.0,none,0,1.0,0
E-004495,IK-02-00625,IK-08-01737,IK02,IK08,telecom,0.385,1.21,none,0,5.9,1
E-004496,IK-01-00110,IK-08-01738,IK01,IK08,electricity,0.333,0.0,partial,0,6.7,0
E-004497,IK-01-00058,IK-08-01738,IK01,IK08,electricity,0.333,0.0,partial,0,2.7,0
E-004498,IK-02-00570,IK-08-01738,IK02,IK08,telecom,0.301,1.39,none,0,12.2,1
E-004499,IK-01-00231,IK-08-01739,IK01,IK08,electricity,0.382,0.0,partial,0,9.5,0
E-004500,IK-01-00109,IK-08-01739,IK01,IK08,electricity,0.382,0.0,partial,0,12.4,0
E-004501,IK-02-00588,IK-08-01739,IK02,IK08,telecom,0.391,1.04,none,0,5.5,1
E-004502,IK-01-00124,IK-08-01740,IK01,IK08,electricity,0.718,0.0,none,0,4.2,1
E-004503,IK-02-00564,IK-08-01740,IK02,IK08,telecom,0.365,1.17,none,0,7.4,1
E-004504,IK-01-00200,IK-08-01741,IK01,IK08,electricity,0.324,0.0,partial,0,4.9,0
E-004505,IK-01-00115,IK-08-01741,IK01,IK08,electricity,0.324,0.0,partial,0,8.9,0
E-004506,IK-02-00484,IK-08-01741,IK02,IK08,telecom,0.349,1.55,none,0,13.6,0
E-004507,IK-01-00102,IK-08-01742,IK01,IK08,electricity,0.391,0.0,partial,0,1.1,0
E-004508,IK-01-00096,IK-08-01742,IK01,IK08,electricity,0.391,0.0,partial,0,13.3,1
E-004509,IK-02-00516,IK-08-01742,IK02,IK08,telecom,0.331,1.35,none,0,10.2,0
E-004510,IK-01-00218,IK-08-01743,IK01,IK08,electricity,0.653,0.0,none,0,11.1,1
E-004511,IK-02-00605,IK-08-01743,IK02,IK08,telecom,0.372,1.14,none,0,1.9,1
E-004512,IK-01-00200,IK-08-01744,IK01,IK08,electricity,0.651,0.0,none,0,3.1,0
E-004513,IK-02-00484,IK-08-01744,IK02,IK08,telecom,0.365,1.37,none,0,10.4,0
E-004514,IK-01-00101,IK-08-01745,IK01,IK08,electricity,0.351,0.0,partial,0,4.7,1
E-004515,IK-01-00141,IK-08-01745,IK01,IK08,electricity,0.351,0.0,partial,0,1.7,1
E-004516,IK-02-00540,IK-08-01745,IK02,IK08,telecom,0.16,1.4,partial,0,7.9,1
E-004517,IK-02-00647,IK-08-01745,IK02,IK08,telecom,0.16,1.42,partial,0,5.7,0
E-004518,IK-01-00105,IK-08-01746,IK01,IK08,electricity,0.657,0.0,none,0,1.3,0
E-004519,IK-02-00496,IK-08-01746,IK02,IK08,telecom,0.171,1.01,partial,0,4.5,1
E-004520,IK-02-00442,IK-08-01746,IK02,IK08,telecom,0.171,1.46,partial,0,5.9,1
E-004521,IK-01-00202,IK-08-01747,IK01,IK08,electricity,0.311,0.0,partial,0,7.2,1
E-004522,IK-01-00121,IK-08-01747,IK01,IK08,electricity,0.311,0.0,partial,0,1.0,0
E-004523,IK-02-00643,IK-08-01747,IK02,IK08,telecom,0.359,1.56,none,0,19.5,0
E-004524,IK-01-00168,IK-08-01748,IK01,IK08,electricity,0.39,0.0,full,0,1.9,0
E-004525,IK-01-00238,IK-08-01748,IK01,IK08,electricity,0.39,0.0,full,0,7.8,0
E-004526,IK-02-00572,IK-08-01748,IK02,IK08,telecom,0.312,1.06,none,0,3.9,0
E-004527,IK-01-00140,IK-08-01749,IK01,IK08,electricity,0.76,0.0,none,0,4.2,0
E-004528,IK-02-00465,IK-08-01749,IK02,IK08,telecom,0.333,1.33,none,0,3.8,1
E-004529,IK-01-00168,IK-08-01750,IK01,IK08,electricity,0.366,0.0,partial,0,10.4,1
E-004530,IK-01-00238,IK-08-01750,IK01,IK08,electricity,0.366,0.0,partial,0,9.0,0
E-004531,IK-02-00572,IK-08-01750,IK02,IK08,telecom,0.193,1.08,partial,0,8.1,1
E-004532,IK-02-00494,IK-08-01750,IK02,IK08,telecom,0.193,1.06,partial,0,7.7,0
E-004533,IK-01-00181,IK-08-01751,IK01,IK08,electricity,0.33,0.0,partial,0,8.7,0
E-004534,IK-01-00191,IK-08-01751,IK01,IK08,electricity,0.33,0.0,partial,0,8.8,0
E-004535,IK-02-00488,IK-08-01751,IK02,IK08,telecom,0.172,1.05,partial,0,2.2,1
E-004536,IK-02-00440,IK-08-01751,IK02,IK08,telecom,0.172,1.58,partial,0,6.6,0
E-004537,IK-01-00174,IK-08-01752,IK01,IK08,electricity,0.34,0.0,partial,0,10.2,0
E-004538,IK-01-00056,IK-08-01752,IK01,IK08,electricity,0.34,0.0,partial,0,8.8,1
E-004539,IK-02-00555,IK-08-01752,IK02,IK08,telecom,0.347,1.31,none,0,8.1,1
E-004540,IK-01-00193,IK-08-01753,IK01,IK08,electricity,0.349,0.0,partial,0,8.7,0
E-004541,IK-01-00049,IK-08-01753,IK01,IK08,electricity,0.349,0.0,partial,0,11.9,1
E-004542,IK-02-00479,IK-08-01753,IK02,IK08,telecom,0.313,1.35,none,0,10.6,1
E-004543,IK-01-00140,IK-08-01754,IK01,IK08,electricity,0.597,0.0,none,0,10.9,1
E-004544,IK-02-00563,IK-08-01754,IK02,IK08,telecom,0.155,1.26,partial,0,6.5,0
E-004545,IK-02-00465,IK-08-01754,IK02,IK08,telecom,0.155,1.51,partial,0,19.2,1
E-004546,IK-01-00218,IK-08-01755,IK01,IK08,electricity,0.356,0.0,partial,0,17.0,0
E-004547,IK-01-00047,IK-08-01755,IK01,IK08,electricity,0.356,0.0,partial,0,11.8,1
E-004548,IK-02-00478,IK-08-01755,IK02,IK08,telecom,0.298,1.43,none,0,5.3,1
E-004549,IK-01-00177,IK-08-01756,IK01,IK08,electricity,0.32,0.0,partial,0,6.5,0
E-004550,IK-01-00199,IK-08-01756,IK01,IK08,electricity,0.32,0.0,partial,0,2.9,0
E-004551,IK-02-00467,IK-08-01756,IK02,IK08,telecom,0.36,1.42,none,0,11.3,1
E-004552,IK-01-00218,IK-08-01757,IK01,IK08,electricity,0.359,0.0,partial,0,8.3,0
E-004553,IK-01-00047,IK-08-01757,IK01,IK08,electricity,0.359,0.0,partial,0,3.7,0
E-004554,IK-02-00568,IK-08-01757,IK02,IK08,telecom,0.196,1.23,partial,0,2.8,0
E-004555,IK-02-00605,IK-08-01757,IK02,IK08,telecom,0.196,1.05,partial,0,4.2,1
E-004556,IK-01-00144,IK-08-01758,IK01,IK08,electricity,0.682,0.0,none,0,15.0,0
E-004557,IK-02-00624,IK-08-01758,IK02,IK08,telecom,0.38,1.1,none,0,5.3,0
E-004558,IK-01-00119,IK-08-01759,IK01,IK08,electricity,0.335,0.0,partial,0,11.1,0
E-004559,IK-01-00091,IK-08-01759,IK01,IK08,electricity,0.335,0.0,partial,0,3.9,0
E-004560,IK-02-00472,IK-08-01759,IK02,IK08,telecom,0.336,1.31,none,0,4.9,1
E-004561,IK-01-00182,IK-08-01760,IK01,IK08,electricity,0.683,0.0,none,0,7.1,1
E-004562,IK-02-00447,IK-08-01760,IK02,IK08,telecom,0.177,1.45,partial,0,11.4,0
E-004563,IK-02-00677,IK-08-01760,IK02,IK08,telecom,0.177,1.51,partial,0,9.7,0
E-004564,IK-01-00212,IK-08-01761,IK01,IK08,electricity,0.653,0.0,none,0,12.6,0
E-004565,IK-02-00583,IK-08-01761,IK02,IK08,telecom,0.377,1.22,none,0,7.4,1
E-004566,IK-01-00117,IK-08-01762,IK01,IK08,electricity,0.367,0.0,partial,0,7.0,0
E-004567,IK-01-00074,IK-08-01762,IK01,IK08,electricity,0.367,0.0,partial,0,1.4,1
E-004568,IK-02-00546,IK-08-01762,IK02,IK08,telecom,0.386,1.04,none,0,6.6,0
E-004569,IK-01-00218,IK-08-01763,IK01,IK08,electricity,0.754,0.0,none,0,8.6,0
E-004570,IK-02-00568,IK-08-01763,IK02,IK08,telecom,0.358,1.56,none,0,14.7,0
E-004571,IK-01-00238,IK-08-01764,IK01,IK08,electricity,0.38,0.0,partial,0,5.8,1
E-004572,IK-01-00168,IK-08-01764,IK01,IK08,electricity,0.38,0.0,partial,0,9.0,1
E-004573,IK-02-00494,IK-08-01764,IK02,IK08,telecom,0.156,1.5,partial,0,14.5,0
E-004574,IK-02-00565,IK-08-01764,IK02,IK08,telecom,0.156,1.17,partial,0,6.9,1
E-004575,IK-01-00200,IK-08-01765,IK01,IK08,electricity,0.377,0.0,partial,0,5.7,1
E-004576,IK-01-00165,IK-08-01765,IK01,IK08,electricity,0.377,0.0,partial,0,8.2,0
E-004577,IK-02-00484,IK-08-01765,IK02,IK08,telecom,0.359,1.02,none,0,7.3,0
E-004578,IK-01-00181,IK-08-01766,IK01,IK08,electricity,0.326,0.0,partial,0,14.0,0
E-004579,IK-01-00191,IK-08-01766,IK01,IK08,electricity,0.326,0.0,partial,0,6.0,0
E-004580,IK-02-00488,IK-08-01766,IK02,IK08,telecom,0.353,1.31,none,0,6.4,0
E-004581,IK-01-00150,IK-08-01767,IK01,IK08,electricity,0.299,0.0,partial,0,3.5,0
E-004582,IK-01-00215,IK-08-01767,IK01,IK08,electricity,0.299,0.0,partial,0,1.9,1
E-004583,IK-02-00470,IK-08-01767,IK02,IK08,telecom,0.158,1.52,partial,0,9.5,1
E-004584,IK-02-00599,IK-08-01767,IK02,IK08,telecom,0.158,1.41,partial,0,1.0,0
E-004585,IK-01-00225,IK-08-01768,IK01,IK08,electricity,0.703,0.0,none,0,7.1,0
E-004586,IK-02-00479,IK-08-01768,IK02,IK08,telecom,0.344,1.32,none,0,10.9,0
E-004587,IK-01-00122,IK-08-01769,IK01,IK08,electricity,0.604,0.0,none,0,4.9,0
E-004588,IK-02-00678,IK-08-01769,IK02,IK08,telecom,0.151,1.34,partial,0,4.0,0
E-004589,IK-02-00459,IK-08-01769,IK02,IK08,telecom,0.151,1.27,partial,0,9.8,0
E-004590,IK-01-00060,IK-08-01770,IK01,IK08,electricity,0.675,0.0,none,0,2.7,1
E-004591,IK-02-00542,IK-08-01770,IK02,IK08,telecom,0.369,1.51,none,0,9.2,0
E-004592,IK-01-00226,IK-08-01771,IK01,IK08,electricity,0.325,0.0,partial,0,6.8,0
E-004593,IK-01-00181,IK-08-01771,IK01,IK08,electricity,0.325,0.0,partial,0,4.3,0
E-004594,IK-02-00442,IK-08-01771,IK02,IK08,telecom,0.315,1.03,none,0,10.5,0
E-004595,IK-01-00073,IK-08-01772,IK01,IK08,electricity,0.654,0.0,none,0,8.6,1
E-004596,IK-02-00597,IK-08-01772,IK02,IK08,telecom,0.374,1.23,none,0,5.7,0
E-004597,IK-01-00060,IK-08-01773,IK01,IK08,electricity,0.743,0.0,none,0,8.0,0
E-004598,IK-02-00579,IK-08-01773,IK02,IK08,telecom,0.383,1.48,none,0,4.5,1
E-004599,IK-01-00228,IK-08-01774,IK01,IK08,electricity,0.34,0.0,partial,0,10.9,0
E-004600,IK-01-00064,IK-08-01774,IK01,IK08,electricity,0.34,0.0,partial,0,10.9,0
E-004601,IK-02-00624,IK-08-01774,IK02,IK08,telecom,0.38,1.16,none,0,2.6,1
E-004602,IK-01-00151,IK-08-01775,IK01,IK08,electricity,0.321,0.0,partial,0,7.7,1
E-004603,IK-01-00077,IK-08-01775,IK01,IK08,electricity,0.321,0.0,partial,0,8.9,1
E-004604,IK-02-00657,IK-08-01775,IK02,IK08,telecom,0.331,1.1,none,0,3.2,0
E-004605,IK-01-00148,IK-08-01776,IK01,IK08,electricity,0.703,0.0,none,0,10.5,0
E-004606,IK-02-00519,IK-08-01776,IK02,IK08,telecom,0.325,1.31,none,0,10.7,0
E-004607,IK-01-00215,IK-08-01777,IK01,IK08,electricity,0.347,0.0,partial,0,10.6,1
E-004608,IK-01-00062,IK-08-01777,IK01,IK08,electricity,0.347,0.0,partial,0,1.0,1
E-004609,IK-02-00669,IK-08-01777,IK02,IK08,telecom,0.329,1.42,none,0,6.5,1
E-004610,IK-01-00157,IK-08-01778,IK01,IK08,electricity,0.355,0.0,partial,0,5.0,1
E-004611,IK-01-00144,IK-08-01778,IK01,IK08,electricity,0.355,0.0,partial,0,5.6,0
E-004612,IK-02-00544,IK-08-01778,IK02,IK08,telecom,0.318,1.43,none,0,7.4,1
E-004613,IK-01-00105,IK-08-01779,IK01,IK08,electricity,0.767,0.0,none,0,5.3,0
E-004614,IK-02-00496,IK-08-01779,IK02,IK08,telecom,0.357,1.44,none,0,11.2,1
E-004615,IK-01-00124,IK-08-01780,IK01,IK08,electricity,0.364,0.0,partial,0,7.4,0
E-004616,IK-01-00094,IK-08-01780,IK01,IK08,electricity,0.364,0.0,partial,0,5.4,0
E-004617,IK-02-00625,IK-08-01780,IK02,IK08,telecom,0.15,1.54,partial,0,7.7,1
E-004618,IK-02-00474,IK-08-01780,IK02,IK08,telecom,0.15,1.34,partial,0,8.2,0
E-004619,IK-01-00207,IK-08-01781,IK01,IK08,electricity,0.719,0.0,none,0,9.5,1
E-004620,IK-02-00628,IK-08-01781,IK02,IK08,telecom,0.302,1.07,none,0,1.0,0
E-004621,IK-01-00213,IK-08-01782,IK01,IK08,electricity,0.706,0.0,none,0,1.0,1
E-004622,IK-02-00446,IK-08-01782,IK02,IK08,telecom,0.159,1.27,partial,0,6.2,0
E-004623,IK-02-00615,IK-08-01782,IK02,IK08,telecom,0.159,1.35,partial,0,4.4,0
E-004624,IK-01-00113,IK-08-01783,IK01,IK08,electricity,0.304,0.0,partial,0,4.6,1
E-004625,IK-01-00073,IK-08-01783,IK01,IK08,electricity,0.304,0.0,partial,0,12.2,1
E-004626,IK-02-00489,IK-08-01783,IK02,IK08,telecom,0.34,1.15,none,0,1.0,1
E-004627,IK-01-00105,IK-08-01784,IK01,IK08,electricity,0.685,0.0,none,0,4.8,1
E-004628,IK-02-00496,IK-08-01784,IK02,IK08,telecom,0.188,1.02,partial,0,13.1,0
E-004629,IK-02-00442,IK-08-01784,IK02,IK08,telecom,0.188,1.4,partial,0,16.2,0
E-004630,IK-01-00156,IK-08-01785,IK01,IK08,electricity,0.753,0.0,none,0,1.0,0
E-004631,IK-02-00523,IK-08-01785,IK02,IK08,telecom,0.176,1.24,partial,0,9.4,0
E-004632,IK-02-00438,IK-08-01785,IK02,IK08,telecom,0.176,1.26,partial,0,4.9,0
E-004633,IK-01-00135,IK-08-01786,IK01,IK08,electricity,0.615,0.0,none,0,6.0,0
E-004634,IK-02-00433,IK-08-01786,IK02,IK08,telecom,0.178,1.17,partial,0,5.3,0
E-004635,IK-02-00661,IK-08-01786,IK02,IK08,telecom,0.178,1.57,partial,0,12.5,0
E-004636,IK-01-00182,IK-08-01787,IK01,IK08,electricity,0.742,0.0,none,0,2.1,1
E-004637,IK-02-00447,IK-08-01787,IK02,IK08,telecom,0.181,1.06,partial,0,9.3,0
E-004638,IK-02-00638,IK-08-01787,IK02,IK08,telecom,0.181,1.22,partial,0,12.2,0
E-004639,IK-01-00102,IK-08-01788,IK01,IK08,electricity,0.752,0.0,none,0,11.7,1
E-004640,IK-02-00503,IK-08-01788,IK02,IK08,telecom,0.17,1.53,partial,0,7.4,1
E-004641,IK-02-00434,IK-08-01788,IK02,IK08,telecom,0.17,1.01,partial,0,10.8,1
E-004642,IK-01-00060,IK-08-01789,IK01,IK08,electricity,0.364,0.0,partial,0,4.5,0
E-004643,IK-01-00167,IK-08-01789,IK01,IK08,electricity,0.364,0.0,partial,0,15.9,1
E-004644,IK-02-00579,IK-08-01789,IK02,IK08,telecom,0.315,1.57,none,0,13.1,0
E-004645,IK-01-00205,IK-08-01790,IK01,IK08,electricity,0.322,0.0,partial,0,12.9,0
E-004646,IK-01-00148,IK-08-01790,IK01,IK08,electricity,0.322,0.0,partial,0,7.8,1
E-004647,IK-02-00519,IK-08-01790,IK02,IK08,telecom,0.331,1.51,none,0,7.5,0
E-004648,IK-01-00203,IK-08-01791,IK01,IK08,electricity,0.627,0.0,none,0,8.2,0
E-004649,IK-02-00541,IK-08-01791,IK02,IK08,telecom,0.16,1.11,partial,0,11.1,0
E-004650,IK-02-00642,IK-08-01791,IK02,IK08,telecom,0.16,1.29,partial,0,13.5,1
E-004651,IK-01-00041,IK-08-01792,IK01,IK08,electricity,0.767,0.0,none,0,9.1,0
E-004652,IK-02-00612,IK-08-01792,IK02,IK08,telecom,0.17,1.04,partial,0,9.8,1
E-004653,IK-02-00520,IK-08-01792,IK02,IK08,telecom,0.17,1.14,partial,0,8.8,0
E-004654,IK-01-00082,IK-08-01793,IK01,IK08,electricity,0.718,0.0,none,0,1.7,0
E-004655,IK-02-00621,IK-08-01793,IK02,IK08,telecom,0.373,1.41,none,0,5.5,0
E-004656,IK-01-00197,IK-08-01794,IK01,IK08,electricity,0.715,0.0,none,0,11.0,1
E-004657,IK-02-00528,IK-08-01794,IK02,IK08,telecom,0.356,1.41,none,0,10.4,0
E-004658,IK-01-00179,IK-08-01795,IK01,IK08,electricity,0.376,0.0,partial,0,3.3,0
E-004659,IK-01-00099,IK-08-01795,IK01,IK08,electricity,0.376,0.0,partial,0,9.6,0
E-004660,IK-02-00453,IK-08-01795,IK02,IK08,telecom,0.372,1.51,none,0,8.2,0
E-004661,IK-01-00155,IK-08-01796,IK01,IK08,electricity,0.666,0.0,none,0,7.7,1
E-004662,IK-02-00552,IK-08-01796,IK02,IK08,telecom,0.32,1.15,none,0,4.6,0
E-004663,IK-01-00087,IK-08-01797,IK01,IK08,electricity,0.375,0.0,partial,0,7.0,1
E-004664,IK-01-00099,IK-08-01797,IK01,IK08,electricity,0.375,0.0,partial,0,4.4,1
E-004665,IK-02-00445,IK-08-01797,IK02,IK08,telecom,0.155,1.48,partial,0,4.4,1
E-004666,IK-02-00438,IK-08-01797,IK02,IK08,telecom,0.155,1.31,partial,0,11.5,0
E-004667,IK-01-00113,IK-08-01798,IK01,IK08,electricity,0.627,0.0,none,0,8.5,0
E-004668,IK-02-00489,IK-08-01798,IK02,IK08,telecom,0.376,1.39,none,0,4.9,0
E-004669,IK-01-00105,IK-08-01799,IK01,IK08,electricity,0.305,0.0,partial,0,11.3,0
E-004670,IK-01-00055,IK-08-01799,IK01,IK08,electricity,0.305,0.0,partial,0,12.9,1
E-004671,IK-02-00634,IK-08-01799,IK02,IK08,telecom,0.175,1.52,partial,0,5.3,0
E-004672,IK-02-00512,IK-08-01799,IK02,IK08,telecom,0.175,1.36,partial,0,7.1,0
E-004673,IK-01-00167,IK-08-01800,IK01,IK08,electricity,0.305,0.0,partial,0,9.2,0
E-004674,IK-01-00060,IK-08-01800,IK01,IK08,electricity,0.305,0.0,partial,0,2.6,0
E-004675,IK-02-00616,IK-08-01800,IK02,IK08,telecom,0.362,1.08,none,0,1.1,0
E-004676,IK-01-00132,IK-08-01801,IK01,IK08,electricity,0.636,0.0,none,0,8.4,0
E-004677,IK-02-00657,IK-08-01801,IK02,IK08,telecom,0.309,1.54,none,0,13.8,1
E-004678,IK-01-00096,IK-08-01802,IK01,IK08,electricity,0.314,0.0,partial,0,10.0,1
E-004679,IK-01-00232,IK-08-01802,IK01,IK08,electricity,0.314,0.0,partial,0,2.2,0
E-004680,IK-02-00558,IK-08-01802,IK02,IK08,telecom,0.159,1.05,partial,0,5.2,0
E-004681,IK-02-00665,IK-08-01802,IK02,IK08,telecom,0.159,1.01,partial,0,8.8,0
E-004682,IK-01-00213,IK-08-01803,IK01,IK08,electricity,0.314,0.0,partial,0,5.3,0
E-004683,IK-01-00043,IK-08-01803,IK01,IK08,electricity,0.314,0.0,partial,0,6.8,0
E-004684,IK-02-00615,IK-08-01803,IK02,IK08,telecom,0.298,1.18,none,0,9.0,0
E-004685,IK-01-00222,IK-08-01804,IK01,IK08,electricity,0.746,0.0,none,0,2.4,0
E-004686,IK-02-00475,IK-08-01804,IK02,IK08,telecom,0.389,1.1,none,0,5.9,0
E-004687,IK-01-00163,IK-08-01805,IK01,IK08,electricity,0.771,0.0,none,0,6.4,0
E-004688,IK-02-00519,IK-08-01805,IK02,IK08,telecom,0.34,1.54,none,0,15.4,0
E-004689,IK-01-00151,IK-08-01806,IK01,IK08,electricity,0.38,0.0,partial,0,4.4,0
E-004690,IK-01-00077,IK-08-01806,IK01,IK08,electricity,0.38,0.0,partial,0,3.5,0
E-004691,IK-02-00562,IK-08-01806,IK02,IK08,telecom,0.304,1.17,none,0,9.6,1
E-004692,IK-01-00195,IK-08-01807,IK01,IK08,electricity,0.706,0.0,none,0,10.3,1
E-004693,IK-02-00564,IK-08-01807,IK02,IK08,telecom,0.321,1.46,none,0,6.6,0
E-004694,IK-01-00174,IK-08-01808,IK01,IK08,electricity,0.78,0.0,none,0,13.7,0
E-004695,IK-02-00555,IK-08-01808,IK02,IK08,telecom,0.321,1.12,none,0,10.4,0
E-004696,IK-01-00072,IK-08-01809,IK01,IK08,electricity,0.645,0.0,none,0,8.9,1
E-004697,IK-02-00524,IK-08-01809,IK02,IK08,telecom,0.185,1.06,partial,0,7.5,0
E-004698,IK-02-00497,IK-08-01809,IK02,IK08,telecom,0.185,1.04,partial,0,6.2,1
E-004699,IK-01-00093,IK-08-01810,IK01,IK08,electricity,0.721,0.0,none,0,7.0,1
E-004700,IK-02-00547,IK-08-01810,IK02,IK08,telecom,0.171,1.49,partial,0,9.9,0
E-004701,IK-02-00468,IK-08-01810,IK02,IK08,telecom,0.171,1.05,partial,0,1.0,0
E-004702,IK-01-00218,IK-08-01811,IK01,IK08,electricity,0.317,0.0,partial,0,7.6,1
E-004703,IK-01-00156,IK-08-01811,IK01,IK08,electricity,0.317,0.0,partial,0,11.1,0
E-004704,IK-02-00550,IK-08-01811,IK02,IK08,telecom,0.184,1.3,partial,0,10.0,0
E-004705,IK-02-00478,IK-08-01811,IK02,IK08,telecom,0.184,1.22,partial,0,7.4,0
E-004706,IK-01-00102,IK-08-01812,IK01,IK08,electricity,0.324,0.0,partial,0,11.0,0
E-004707,IK-01-00096,IK-08-01812,IK01,IK08,electricity,0.324,0.0,partial,0,3.0,0
E-004708,IK-02-00434,IK-08-01812,IK02,IK08,telecom,0.351,1.56,none,0,11.8,0
E-004709,IK-01-00068,IK-08-01813,IK01,IK08,electricity,0.322,0.0,partial,0,6.2,1
E-004710,IK-01-00172,IK-08-01813,IK01,IK08,electricity,0.322,0.0,partial,0,6.9,0
E-004711,IK-02-00484,IK-08-01813,IK02,IK08,telecom,0.385,1.57,none,0,8.8,0
E-004712,IK-01-00204,IK-08-01814,IK01,IK08,electricity,0.697,0.0,none,0,15.2,0
E-004713,IK-02-00471,IK-08-01814,IK02,IK08,telecom,0.388,1.47,none,0,3.5,0
E-004714,IK-01-00047,IK-08-01815,IK01,IK08,electricity,0.379,0.0,partial,0,11.0,1
E-004715,IK-01-00143,IK-08-01815,IK01,IK08,electricity,0.379,0.0,partial,0,12.2,1
E-004716,IK-02-00536,IK-08-01815,IK02,IK08,telecom,0.301,1.4,none,0,7.7,1
E-004717,IK-01-00113,IK-08-01816,IK01,IK08,electricity,0.611,0.0,none,0,15.5,0
E-004718,IK-02-00597,IK-08-01816,IK02,IK08,telecom,0.385,1.38,none,0,6.2,0
E-004719,IK-01-00099,IK-09-01817,IK01,IK09,electricity,0.782,0.0,none,0,2.3,0
E-004720,IK-02-00424,IK-09-01817,IK02,IK09,telecom,0.908,0.39,none,0,9.7,0
E-004721,IK-01-00342,IK-09-01817,IK01,IK09,fuel,0.222,12.14,partial,0,15.1,0
E-004722,IK-01-00346,IK-09-01817,IK01,IK09,fuel,0.222,12.17,partial,0,8.6,0
E-004723,IK-01-00062,IK-09-01818,IK01,IK09,electricity,0.733,0.0,none,0,11.4,1
E-004724,IK-02-00470,IK-09-01818,IK02,IK09,telecom,0.916,0.38,none,0,5.7,0
E-004725,IK-01-00351,IK-09-01818,IK01,IK09,fuel,0.243,12.25,full,0,11.0,0
E-004726,IK-01-00373,IK-09-01818,IK01,IK09,fuel,0.243,12.08,full,0,11.7,0
E-004727,IK-01-00122,IK-09-01819,IK01,IK09,electricity,0.386,0.0,partial,0,9.4,0
E-004728,IK-01-00129,IK-09-01819,IK01,IK09,electricity,0.386,0.0,partial,0,2.8,0
E-004729,IK-02-00459,IK-09-01819,IK02,IK09,telecom,0.404,0.81,partial,0,11.5,0
E-004730,IK-02-00475,IK-09-01819,IK02,IK09,telecom,0.404,0.65,partial,0,4.4,1
E-004731,IK-01-00343,IK-09-01819,IK01,IK09,fuel,0.483,12.55,none,0,10.0,1
E-004732,IK-01-00097,IK-09-01820,IK01,IK09,electricity,0.722,0.0,none,0,7.6,0
E-004733,IK-02-00441,IK-09-01820,IK02,IK09,telecom,0.44,0.59,partial,0,11.2,1
E-004734,IK-02-00468,IK-09-01820,IK02,IK09,telecom,0.44,0.57,partial,0,6.2,1
E-004735,IK-01-00348,IK-09-01820,IK01,IK09,fuel,0.5,12.13,none,0,9.7,0
E-004736,IK-01-00236,IK-09-01821,IK01,IK09,electricity,0.67,0.0,none,0,6.5,0
E-004737,IK-02-00471,IK-09-01821,IK02,IK09,telecom,0.762,0.34,none,0,12.3,1
E-004738,IK-01-00350,IK-09-01821,IK01,IK09,fuel,0.394,12.07,none,0,14.1,0
E-004739,IK-01-00235,IK-09-01822,IK01,IK09,electricity,0.767,0.0,none,0,8.2,0
E-004740,IK-02-00453,IK-09-01822,IK02,IK09,telecom,0.844,0.68,none,0,10.9,0
E-004741,IK-01-00333,IK-09-01822,IK01,IK09,fuel,0.219,12.36,partial,0,4.9,1
E-004742,IK-01-00360,IK-09-01822,IK01,IK09,fuel,0.219,12.59,partial,0,9.7,1
E-004743,IK-01-00082,IK-09-01823,IK01,IK09,electricity,0.706,0.0,none,0,9.0,1
E-004744,IK-02-00472,IK-09-01823,IK02,IK09,telecom,0.486,0.57,partial,0,11.5,0
E-004745,IK-02-00465,IK-09-01823,IK02,IK09,telecom,0.486,0.9,partial,0,7.3,0
E-004746,IK-01-00364,IK-09-01823,IK01,IK09,fuel,0.213,12.11,partial,0,11.3,1
E-004747,IK-01-00339,IK-09-01823,IK01,IK09,fuel,0.213,12.54,partial,0,15.6,1
E-004748,IK-01-00056,IK-09-01824,IK01,IK09,electricity,0.351,0.0,full,0,8.6,0
E-004749,IK-01-00174,IK-09-01824,IK01,IK09,electricity,0.351,0.0,full,0,10.0,0
E-004750,IK-02-00471,IK-09-01824,IK02,IK09,telecom,0.934,0.6,none,0,9.0,1
E-004751,IK-01-00366,IK-09-01824,IK01,IK09,fuel,0.209,12.33,partial,0,10.3,0
E-004752,IK-01-00365,IK-09-01824,IK01,IK09,fuel,0.209,12.09,partial,0,9.5,1
E-004753,IK-01-00156,IK-09-01825,IK01,IK09,electricity,0.327,0.0,partial,0,4.6,1
E-004754,IK-01-00230,IK-09-01825,IK01,IK09,electricity,0.327,0.0,partial,0,8.6,0
E-004755,IK-02-00438,IK-09-01825,IK02,IK09,telecom,0.792,0.88,none,0,5.3,1
E-004756,IK-01-00349,IK-09-01825,IK01,IK09,fuel,0.497,12.56,none,0,6.6,0
E-004757,IK-01-00096,IK-09-01826,IK01,IK09,electricity,0.733,0.0,none,0,12.4,0
E-004758,IK-02-00447,IK-09-01826,IK02,IK09,telecom,0.46,0.87,partial,0,1.0,1
E-004759,IK-02-00434,IK-09-01826,IK02,IK09,telecom,0.46,0.83,partial,0,6.5,0
E-004760,IK-01-00361,IK-09-01826,IK01,IK09,fuel,0.398,12.06,none,0,9.0,1
E-004761,IK-01-00135,IK-09-01827,IK01,IK09,electricity,0.309,0.0,partial,0,4.9,1
E-004762,IK-01-00142,IK-09-01827,IK01,IK09,electricity,0.309,0.0,partial,0,11.4,0
E-004763,IK-02-00433,IK-09-01827,IK02,IK09,telecom,0.466,0.34,partial,0,14.0,0
E-004764,IK-02-00444,IK-09-01827,IK02,IK09,telecom,0.466,0.5,partial,0,4.1,1
E-004765,IK-01-00343,IK-09-01827,IK01,IK09,fuel,0.5,12.14,none,1,9.0,1
E-004766,IK-01-00069,IK-09-01828,IK01,IK09,electricity,0.765,0.0,none,0,7.1,1
E-004767,IK-02-00476,IK-09-01828,IK02,IK09,telecom,0.897,0.67,none,0,6.0,1
E-004768,IK-01-00352,IK-09-01828,IK01,IK09,fuel,0.239,12.32,partial,0,6.5,0
E-004769,IK-01-00363,IK-09-01828,IK01,IK09,fuel,0.239,12.53,partial,0,2.4,0
E-004770,IK-01-00231,IK-09-01829,IK01,IK09,electricity,0.695,0.0,none,0,11.3,0
E-004771,IK-02-00473,IK-09-01829,IK02,IK09,telecom,0.878,0.71,none,0,16.8,0
E-004772,IK-01-00374,IK-09-01829,IK01,IK09,fuel,0.454,12.23,none,0,5.7,0
E-004773,IK-01-00186,IK-09-01830,IK01,IK09,electricity,0.374,0.0,partial,0,5.2,0
E-004774,IK-01-00155,IK-09-01830,IK01,IK09,electricity,0.374,0.0,partial,0,10.9,0
E-004775,IK-02-00471,IK-09-01830,IK02,IK09,telecom,0.49,0.64,partial,0,4.3,1
E-004776,IK-02-00467,IK-09-01830,IK02,IK09,telecom,0.49,0.71,partial,0,5.2,0
E-004777,IK-01-00372,IK-09-01830,IK01,IK09,fuel,0.448,12.48,none,0,5.3,0
E-004778,IK-01-00164,IK-09-01831,IK01,IK09,electricity,0.348,0.0,partial,0,11.5,0
E-004779,IK-01-00166,IK-09-01831,IK01,IK09,electricity,0.348,0.0,partial,0,6.7,0
E-004780,IK-02-00423,IK-09-01831,IK02,IK09,telecom,0.946,0.85,none,0,14.2,0
E-004781,IK-01-00338,IK-09-01831,IK01,IK09,fuel,0.44,12.41,none,0,13.8,1
E-004782,IK-01-00158,IK-09-01832,IK01,IK09,electricity,0.302,0.0,partial,0,3.3,0
E-004783,IK-01-00092,IK-09-01832,IK01,IK09,electricity,0.302,0.0,partial,0,9.6,1
E-004784,IK-02-00457,IK-09-01832,IK02,IK09,telecom,0.466,0.57,partial,0,7.3,1
E-004785,IK-02-00468,IK-09-01832,IK02,IK09,telecom,0.466,0.69,partial,0,14.3,0
E-004786,IK-01-00340,IK-09-01832,IK01,IK09,fuel,0.493,12.08,none,0,4.5,0
E-004787,IK-01-00115,IK-09-01833,IK01,IK09,electricity,0.699,0.0,none,0,10.1,0
E-004788,IK-02-00474,IK-09-01833,IK02,IK09,telecom,0.414,0.49,partial,0,1.7,0
E-004789,IK-02-00425,IK-09-01833,IK02,IK09,telecom,0.414,0.48,partial,0,6.5,1
E-004790,IK-01-00334,IK-09-01833,IK01,IK09,fuel,0.215,12.37,partial,0,14.1,0
E-004791,IK-01-00358,IK-09-01833,IK01,IK09,fuel,0.215,12.13,partial,0,8.8,1
E-004792,IK-01-00218,IK-09-01834,IK01,IK09,electricity,0.392,0.0,partial,0,5.0,1
E-004793,IK-01-00205,IK-09-01834,IK01,IK09,electricity,0.392,0.0,partial,0,1.6,0
E-004794,IK-02-00439,IK-09-01834,IK02,IK09,telecom,0.83,0.43,none,0,11.9,0
E-004795,IK-01-00353,IK-09-01834,IK01,IK09,fuel,0.4,12.08,none,0,11.4,0
E-004796,IK-01-00072,IK-09-01835,IK01,IK09,electricity,0.336,0.0,partial,0,2.1,1
E-004797,IK-01-00085,IK-09-01835,IK01,IK09,electricity,0.336,0.0,partial,0,10.0,0
E-004798,IK-02-00448,IK-09-01835,IK02,IK09,telecom,0.866,0.84,none,0,10.7,0
E-004799,IK-01-00356,IK-09-01835,IK01,IK09,fuel,0.395,12.07,none,0,11.8,1
E-004800,IK-01-00149,IK-09-01836,IK01,IK09,electricity,0.639,0.0,none,0,1.6,1
E-004801,IK-02-00457,IK-09-01836,IK02,IK09,telecom,0.917,0.75,none,0,6.6,0
E-004802,IK-01-00340,IK-09-01836,IK01,IK09,fuel,0.248,12.24,partial,0,11.8,0
E-004803,IK-01-00348,IK-09-01836,IK01,IK09,fuel,0.248,12.51,partial,0,8.3,0
E-004804,IK-01-00073,IK-09-01837,IK01,IK09,electricity,0.302,0.0,partial,0,9.0,0
E-004805,IK-01-00113,IK-09-01837,IK01,IK09,electricity,0.302,0.0,partial,0,11.1,1
E-004806,IK-02-00480,IK-09-01837,IK02,IK09,telecom,0.772,0.57,none,0,2.9,1
E-004807,IK-01-00369,IK-09-01837,IK01,IK09,fuel,0.469,12.15,none,0,2.2,1
E-004808,IK-01-00203,IK-09-01838,IK01,IK09,electricity,0.607,0.0,none,0,8.0,0
E-004809,IK-02-00453,IK-09-01838,IK02,IK09,telecom,0.419,0.48,partial,0,11.8,0
E-004810,IK-02-00476,IK-09-01838,IK02,IK09,telecom,0.419,0.88,partial,0,13.4,0
E-004811,IK-01-00333,IK-09-01838,IK01,IK09,fuel,0.495,12.35,none,0,13.2,0
E-004812,IK-01-00231,IK-09-01839,IK01,IK09,electricity,0.722,0.0,none,0,3.1,0
E-004813,IK-02-00473,IK-09-01839,IK02,IK09,telecom,0.785,0.58,none,0,8.0,0
E-004814,IK-01-00374,IK-09-01839,IK01,IK09,fuel,0.5,12.03,none,0,10.9,1
E-004815,IK-01-00218,IK-09-01840,IK01,IK09,electricity,0.371,0.0,partial,0,7.6,0
E-004816,IK-01-00047,IK-09-01840,IK01,IK09,electricity,0.371,0.0,partial,0,3.1,1
E-004817,IK-02-00478,IK-09-01840,IK02,IK09,telecom,0.446,0.68,partial,0,6.8,0
E-004818,IK-02-00463,IK-09-01840,IK02,IK09,telecom,0.446,0.86,partial,0,10.7,1
E-004819,IK-01-00353,IK-09-01840,IK01,IK09,fuel,0.234,12.18,partial,0,7.2,0
E-004820,IK-01-00332,IK-09-01840,IK01,IK09,fuel,0.234,12.02,partial,0,7.6,1
E-004821,IK-01-00073,IK-09-01841,IK01,IK09,electricity,0.343,0.0,partial,0,13.3,1
E-004822,IK-01-00113,IK-09-01841,IK01,IK09,electricity,0.343,0.0,partial,0,2.5,1
E-004823,IK-02-00480,IK-09-01841,IK02,IK09,telecom,0.754,0.49,none,0,12.4,0
E-004824,IK-01-00341,IK-09-01841,IK01,IK09,fuel,0.417,12.46,none,0,7.3,1
E-004825,IK-01-00119,IK-09-01842,IK01,IK09,electricity,0.681,0.0,none,0,4.4,0
E-004826,IK-02-00465,IK-09-01842,IK02,IK09,telecom,0.774,0.46,none,0,16.5,0
E-004827,IK-01-00339,IK-09-01842,IK01,IK09,fuel,0.204,12.21,partial,0,9.1,0
E-004828,IK-01-00359,IK-09-01842,IK01,IK09,fuel,0.204,12.59,partial,0,10.5,1
E-004829,IK-01-00087,IK-09-01843,IK01,IK09,electricity,0.686,0.0,none,0,4.2,1
E-004830,IK-02-00445,IK-09-01843,IK02,IK09,telecom,0.78,0.67,none,0,5.7,0
E-004831,IK-01-00346,IK-09-01843,IK01,IK09,fuel,0.43,12.55,none,0,5.1,0
E-004832,IK-01-00055,IK-09-01844,IK01,IK09,electricity,0.373,0.0,partial,0,11.0,1
E-004833,IK-01-00105,IK-09-01844,IK01,IK09,electricity,0.373,0.0,partial,0,7.3,0
E-004834,IK-02-00442,IK-09-01844,IK02,IK09,telecom,0.379,0.78,partial,0,8.3,0
E-004835,IK-02-00440,IK-09-01844,IK02,IK09,telecom,0.379,0.83,partial,0,6.5,0
E-004836,IK-01-00347,IK-09-01844,IK01,IK09,fuel,0.218,12.29,partial,0,14.9,0
E-004837,IK-01-00356,IK-09-01844,IK01,IK09,fuel,0.218,12.32,partial,1,11.3,0
E-004838,IK-01-00131,IK-09-01845,IK01,IK09,electricity,0.729,0.0,none,0,12.7,0
E-004839,IK-02-00448,IK-09-01845,IK02,IK09,telecom,0.938,0.58,none,0,3.1,0
E-004840,IK-01-00356,IK-09-01845,IK01,IK09,fuel,0.42,12.45,none,0,6.0,0
E-004841,IK-01-00200,IK-09-01846,IK01,IK09,electricity,0.331,0.0,partial,0,3.7,0
E-004842,IK-01-00115,IK-09-01846,IK01,IK09,electricity,0.331,0.0,partial,0,6.6,1
E-004843,IK-02-00425,IK-09-01846,IK02,IK09,telecom,0.395,0.79,full,0,4.9,0
E-004844,IK-02-00429,IK-09-01846,IK02,IK09,telecom,0.395,0.57,full,0,6.8,1
E-004845,IK-01-00362,IK-09-01846,IK01,IK09,fuel,0.213,12.45,full,0,7.3,0
E-004846,IK-01-00358,IK-09-01846,IK01,IK09,fuel,0.213,12.08,full,0,8.3,1
E-004847,IK-01-00088,IK-09-01847,IK01,IK09,electricity,0.389,0.0,full,0,8.3,1
E-004848,IK-01-00185,IK-09-01847,IK01,IK09,electricity,0.389,0.0,full,0,10.7,0
E-004849,IK-02-00458,IK-09-01847,IK02,IK09,telecom,0.768,0.48,none,0,9.3,1
E-004850,IK-01-00365,IK-09-01847,IK01,IK09,fuel,0.192,12.43,full,0,9.3,0
E-004851,IK-01-00366,IK-09-01847,IK01,IK09,fuel,0.192,12.58,full,0,12.3,1
E-004852,IK-01-00053,IK-09-01848,IK01,IK09,electricity,0.342,0.0,partial,0,5.2,0
E-004853,IK-01-00222,IK-09-01848,IK01,IK09,electricity,0.342,0.0,partial,0,2.9,0
E-004854,IK-02-00475,IK-09-01848,IK02,IK09,telecom,0.833,0.62,none,0,3.7,0
E-004855,IK-01-00362,IK-09-01848,IK01,IK09,fuel,0.218,12.3,partial,1,2.3,0
E-004856,IK-01-00358,IK-09-01848,IK01,IK09,fuel,0.218,12.46,partial,1,8.6,1
E-004857,IK-01-00228,IK-09-01849,IK01,IK09,electricity,0.328,0.0,partial,0,13.9,1
E-004858,IK-01-00161,IK-09-01849,IK01,IK09,electricity,0.328,0.0,partial,0,8.2,0
E-004859,IK-02-00430,IK-09-01849,IK02,IK09,telecom,0.89,0.34,none,0,10.3,0
E-004860,IK-01-00371,IK-09-01849,IK01,IK09,fuel,0.394,12.31,none,0,7.4,1
E-004861,IK-01-00226,IK-09-01850,IK01,IK09,electricity,0.767,0.0,none,0,6.7,1
E-004862,IK-02-00442,IK-09-01850,IK02,IK09,telecom,0.439,0.74,partial,0,10.0,0
E-004863,IK-02-00440,IK-09-01850,IK02,IK09,telecom,0.439,0.88,partial,0,4.0,0
E-004864,IK-01-00347,IK-09-01850,IK01,IK09,fuel,0.395,12.03,none,0,1.9,1
E-004865,IK-01-00188,IK-09-01851,IK01,IK09,electricity,0.601,0.0,none,0,9.2,1
E-004866,IK-02-00448,IK-09-01851,IK02,IK09,telecom,0.759,0.36,none,0,11.5,0
E-004867,IK-01-00356,IK-09-01851,IK01,IK09,fuel,0.402,12.2,none,0,11.9,0
E-004868,IK-01-00210,IK-09-01852,IK01,IK09,electricity,0.634,0.0,none,0,11.3,0
E-004869,IK-02-00452,IK-09-01852,IK02,IK09,telecom,0.41,0.31,partial,1,11.4,0
E-004870,IK-02-00454,IK-09-01852,IK02,IK09,telecom,0.41,0.36,partial,0,3.6,0
E-004871,IK-01-00373,IK-09-01852,IK01,IK09,fuel,0.444,12.12,none,1,2.5,0
E-004872,IK-01-00198,IK-09-01853,IK01,IK09,electricity,0.371,0.0,full,0,12.0,0
E-004873,IK-01-00143,IK-09-01853,IK01,IK09,electricity,0.371,0.0,full,0,3.5,1
E-004874,IK-02-00469,IK-09-01853,IK02,IK09,telecom,0.49,0.77,full,0,11.1,0
E-004875,IK-02-00436,IK-09-01853,IK02,IK09,telecom,0.49,0.84,full,0,9.6,0
E-004876,IK-01-00331,IK-09-01853,IK01,IK09,fuel,0.387,12.1,none,0,8.4,1
E-004877,IK-01-00181,IK-09-01854,IK01,IK09,electricity,0.308,0.0,partial,0,4.1,0
E-004878,IK-01-00191,IK-09-01854,IK01,IK09,electricity,0.308,0.0,partial,0,5.5,0
E-004879,IK-02-00440,IK-09-01854,IK02,IK09,telecom,0.942,0.79,none,0,13.1,0
E-004880,IK-01-00347,IK-09-01854,IK01,IK09,fuel,0.483,12.2,none,0,1.5,0
E-004881,IK-01-00053,IK-09-01855,IK01,IK09,electricity,0.306,0.0,partial,0,9.8,1
E-004882,IK-01-00222,IK-09-01855,IK01,IK09,electricity,0.306,0.0,partial,0,8.5,1
E-004883,IK-02-00475,IK-09-01855,IK02,IK09,telecom,0.787,0.34,none,0,8.0,0
E-004884,IK-01-00362,IK-09-01855,IK01,IK09,fuel,0.491,12.4,none,1,9.8,0
E-004885,IK-01-00079,IK-09-01856,IK01,IK09,electricity,0.74,0.0,none,0,1.0,1
E-004886,IK-02-00452,IK-09-01856,IK02,IK09,telecom,0.419,0.41,partial,1,10.7,0
E-004887,IK-02-00454,IK-09-01856,IK02,IK09,telecom,0.419,0.4,partial,0,15.6,1
E-004888,IK-01-00373,IK-09-01856,IK01,IK09,fuel,0.394,12.56,none,1,9.8,0
E-004889,IK-01-00226,IK-09-01857,IK01,IK09,electricity,0.37,0.0,partial,0,6.2,0
E-004890,IK-01-00212,IK-09-01857,IK01,IK09,electricity,0.37,0.0,partial,0,6.1,0
E-004891,IK-02-00442,IK-09-01857,IK02,IK09,telecom,0.849,0.56,none,0,5.5,0
E-004892,IK-01-00347,IK-09-01857,IK01,IK09,fuel,0.431,12.06,none,0,13.0,0
E-004893,IK-01-00090,IK-09-01858,IK01,IK09,electricity,0.656,0.0,none,0,8.8,1
E-004894,IK-02-00454,IK-09-01858,IK02,IK09,telecom,0.47,0.4,partial,0,11.8,1
E-004895,IK-02-00452,IK-09-01858,IK02,IK09,telecom,0.47,0.78,partial,1,2.9,0
E-004896,IK-01-00373,IK-09-01858,IK01,IK09,fuel,0.41,12.34,none,1,6.1,1
E-004897,IK-01-00191,IK-09-01859,IK01,IK09,electricity,0.348,0.0,partial,0,8.4,1
E-004898,IK-01-00181,IK-09-01859,IK01,IK09,electricity,0.348,0.0,partial,0,8.8,0
E-004899,IK-02-00440,IK-09-01859,IK02,IK09,telecom,0.752,0.39,none,0,10.9,0
E-004900,IK-01-00347,IK-09-01859,IK01,IK09,fuel,0.218,12.57,partial,0,9.4,1
E-004901,IK-01-00355,IK-09-01859,IK01,IK09,fuel,0.218,12.27,partial,1,9.5,1
E-004902,IK-01-00198,IK-09-01860,IK01,IK09,electricity,0.388,0.0,partial,0,6.8,0
E-004903,IK-01-00143,IK-09-01860,IK01,IK09,electricity,0.388,0.0,partial,0,8.7,0
E-004904,IK-02-00469,IK-09-01860,IK02,IK09,telecom,0.873,0.45,none,0,10.9,0
E-004905,IK-01-00331,IK-09-01860,IK01,IK09,fuel,0.241,12.32,partial,0,1.2,0
E-004906,IK-01-00359,IK-09-01860,IK01,IK09,fuel,0.241,12.25,partial,0,9.5,1
E-004907,IK-01-00127,IK-09-01861,IK01,IK09,electricity,0.304,0.0,partial,0,3.2,1
E-004908,IK-01-00041,IK-09-01861,IK01,IK09,electricity,0.304,0.0,partial,0,8.6,0
E-004909,IK-02-00423,IK-09-01861,IK02,IK09,telecom,0.977,0.74,none,0,7.6,1
E-004910,IK-01-00338,IK-09-01861,IK01,IK09,fuel,0.23,12.4,partial,0,8.7,1
E-004911,IK-01-00355,IK-09-01861,IK01,IK09,fuel,0.23,12.04,partial,0,3.5,0
E-004912,IK-01-00218,IK-09-01862,IK01,IK09,electricity,0.662,0.0,none,0,1.0,0
E-004913,IK-02-00478,IK-09-01862,IK02,IK09,telecom,0.976,0.8,none,0,3.5,0
E-004914,IK-01-00353,IK-09-01862,IK01,IK09,fuel,0.202,12.52,partial,0,12.9,1
E-004915,IK-01-00370,IK-09-01862,IK01,IK09,fuel,0.202,12.51,partial,0,3.1,0
E-004916,IK-01-00199,IK-09-01863,IK01,IK09,electricity,0.602,0.0,none,0,5.4,1
E-004917,IK-02-00427,IK-09-01863,IK02,IK09,telecom,0.394,0.81,partial,0,4.5,1
E-004918,IK-02-00467,IK-09-01863,IK02,IK09,telecom,0.394,0.65,partial,0,4.7,1
E-004919,IK-01-00336,IK-09-01863,IK01,IK09,fuel,0.388,12.58,none,0,3.1,0
E-004920,IK-01-00185,IK-09-01864,IK01,IK09,electricity,0.717,0.0,none,0,7.3,1
E-004921,IK-02-00458,IK-09-01864,IK02,IK09,telecom,0.822,0.55,none,0,13.5,0
E-004922,IK-01-00365,IK-09-01864,IK01,IK09,fuel,0.398,12.44,none,0,6.3,0
E-004923,IK-01-00060,IK-09-01865,IK01,IK09,electricity,0.67,0.0,none,0,7.7,0
E-004924,IK-02-00421,IK-09-01865,IK02,IK09,telecom,0.982,0.35,none,0,11.7,0
E-004925,IK-01-00357,IK-09-01865,IK01,IK09,fuel,0.414,12.2,none,0,1.0,0
E-004926,IK-01-00163,IK-09-01866,IK01,IK09,electricity,0.763,0.0,none,0,7.6,0
E-004927,IK-02-00443,IK-09-01866,IK02,IK09,telecom,0.491,0.82,partial,0,7.7,0
E-004928,IK-02-00438,IK-09-01866,IK02,IK09,telecom,0.491,0.81,partial,0,12.4,0
E-004929,IK-01-00349,IK-09-01866,IK01,IK09,fuel,0.244,12.34,partial,0,10.4,1
E-004930,IK-01-00370,IK-09-01866,IK01,IK09,fuel,0.244,12.16,partial,0,3.0,0
E-004931,IK-01-00117,IK-09-01867,IK01,IK09,electricity,0.338,0.0,partial,0,5.4,0
E-004932,IK-01-00074,IK-09-01867,IK01,IK09,electricity,0.338,0.0,partial,0,10.7,0
E-004933,IK-02-00477,IK-09-01867,IK02,IK09,telecom,0.461,0.89,partial,0,11.0,1
E-004934,IK-02-00423,IK-09-01867,IK02,IK09,telecom,0.461,0.79,partial,0,8.5,1
E-004935,IK-01-00338,IK-09-01867,IK01,IK09,fuel,0.221,12.51,partial,0,2.8,1
E-004936,IK-01-00355,IK-09-01867,IK01,IK09,fuel,0.221,12.28,partial,0,10.7,0
E-004937,IK-01-00210,IK-09-01868,IK01,IK09,electricity,0.317,0.0,partial,0,3.7,1
E-004938,IK-01-00138,IK-09-01868,IK01,IK09,electricity,0.317,0.0,partial,0,12.0,0
E-004939,IK-02-00422,IK-09-01868,IK02,IK09,telecom,0.378,0.57,partial,1,4.1,0
E-004940,IK-02-00454,IK-09-01868,IK02,IK09,telecom,0.378,0.74,partial,0,4.5,1
E-004941,IK-01-00373,IK-09-01868,IK01,IK09,fuel,0.245,12.15,partial,1,9.7,1
E-004942,IK-01-00371,IK-09-01868,IK01,IK09,fuel,0.245,12.45,partial,1,1.8,1
E-004943,IK-01-00182,IK-09-01869,IK01,IK09,electricity,0.377,0.0,partial,0,5.8,1
E-004944,IK-01-00232,IK-09-01869,IK01,IK09,electricity,0.377,0.0,partial,0,7.7,0
E-004945,IK-02-00447,IK-09-01869,IK02,IK09,telecom,0.474,0.43,partial,0,15.5,0
E-004946,IK-02-00434,IK-09-01869,IK02,IK09,telecom,0.474,0.78,partial,0,5.6,1
E-004947,IK-01-00361,IK-09-01869,IK01,IK09,fuel,0.221,12.34,partial,0,2.3,0
E-004948,IK-01-00335,IK-09-01869,IK01,IK09,fuel,0.221,12.47,partial,0,9.7,0
E-004949,IK-01-00202,IK-09-01870,IK01,IK09,electricity,0.657,0.0,none,0,5.0,0
E-004950,IK-02-00472,IK-09-01870,IK02,IK09,telecom,0.846,0.65,none,0,2.3,1
E-004951,IK-01-00363,IK-09-01870,IK01,IK09,fuel,0.247,12.08,partial,0,7.7,0
E-004952,IK-01-00352,IK-09-01870,IK01,IK09,fuel,0.247,12.49,partial,0,2.1,1
E-004953,IK-01-00135,IK-09-01871,IK01,IK09,electricity,0.335,0.0,partial,0,4.8,0
E-004954,IK-01-00142,IK-09-01871,IK01,IK09,electricity,0.335,0.0,partial,0,9.8,1
E-004955,IK-02-00433,IK-09-01871,IK02,IK09,telecom,0.801,0.83,none,0,13.2,0
E-004956,IK-01-00343,IK-09-01871,IK01,IK09,fuel,0.231,12.33,partial,1,4.1,0
E-004957,IK-01-00358,IK-09-01871,IK01,IK09,fuel,0.231,12.36,partial,1,15.0,0
E-004958,IK-01-00153,IK-09-01872,IK01,IK09,electricity,0.329,0.0,partial,0,10.7,0
E-004959,IK-01-00155,IK-09-01872,IK01,IK09,electricity,0.329,0.0,partial,0,5.7,1
E-004960,IK-02-00471,IK-09-01872,IK02,IK09,telecom,0.956,0.68,none,0,2.7,0
E-004961,IK-01-00372,IK-09-01872,IK01,IK09,fuel,0.502,12.23,none,0,14.6,0
E-004962,IK-01-00201,IK-09-01873,IK01,IK09,electricity,0.3,0.0,partial,0,10.6,1
E-004963,IK-01-00167,IK-09-01873,IK01,IK09,electricity,0.3,0.0,partial,0,1.0,1
E-004964,IK-02-00421,IK-09-01873,IK02,IK09,telecom,0.448,0.38,partial,0,6.8,0
E-004965,IK-02-00422,IK-09-01873,IK02,IK09,telecom,0.448,0.73,partial,0,16.5,0
E-004966,IK-01-00357,IK-09-01873,IK01,IK09,fuel,0.249,12.0,partial,0,15.9,1
E-004967,IK-01-00356,IK-09-01873,IK01,IK09,fuel,0.249,12.6,partial,1,6.7,1
E-004968,IK-01-00058,IK-09-01874,IK01,IK09,electricity,0.381,0.0,partial,0,7.4,0
E-004969,IK-01-00110,IK-09-01874,IK01,IK09,electricity,0.381,0.0,partial,0,14.3,0
E-004970,IK-02-00466,IK-09-01874,IK02,IK09,telecom,0.489,0.56,partial,1,1.8,0
E-004971,IK-02-00421,IK-09-01874,IK02,IK09,telecom,0.489,0.73,partial,1,15.9,0
E-004972,IK-01-00337,IK-09-01874,IK01,IK09,fuel,0.4,12.55,none,0,1.8,0
E-004973,IK-01-00234,IK-09-01875,IK01,IK09,electricity,0.331,0.0,partial,0,9.5,0
E-004974,IK-01-00062,IK-09-01875,IK01,IK09,electricity,0.331,0.0,partial,0,6.3,0
E-004975,IK-02-00470,IK-09-01875,IK02,IK09,telecom,0.822,0.62,none,0,13.6,0
E-004976,IK-01-00373,IK-09-01875,IK01,IK09,fuel,0.445,12.02,none,0,12.2,1
E-004977,IK-01-00201,IK-09-01876,IK01,IK09,electricity,0.37,0.0,partial,0,10.1,0
E-004978,IK-01-00167,IK-09-01876,IK01,IK09,electricity,0.37,0.0,partial,0,15.4,1
E-004979,IK-02-00422,IK-09-01876,IK02,IK09,telecom,0.885,0.68,none,0,4.8,0
E-004980,IK-01-00373,IK-09-01876,IK01,IK09,fuel,0.224,12.09,partial,1,7.1,1
E-004981,IK-01-00357,IK-09-01876,IK01,IK09,fuel,0.224,12.19,partial,0,10.4,0
E-004982,IK-01-00082,IK-09-01877,IK01,IK09,electricity,0.379,0.0,partial,0,1.1,0
E-004983,IK-01-00091,IK-09-01877,IK01,IK09,electricity,0.379,0.0,partial,0,10.8,1
E-004984,IK-02-00472,IK-09-01877,IK02,IK09,telecom,0.404,0.88,partial,0,9.3,0
E-004985,IK-02-00465,IK-09-01877,IK02,IK09,telecom,0.404,0.58,partial,0,6.9,0
E-004986,IK-01-00364,IK-09-01877,IK01,IK09,fuel,0.241,12.27,partial,0,6.6,0
E-004987,IK-01-00339,IK-09-01877,IK01,IK09,fuel,0.241,12.32,partial,0,7.9,1
E-004988,IK-01-00164,IK-09-01878,IK01,IK09,electricity,0.734,0.0,none,0,1.1,1
E-004989,IK-02-00423,IK-09-01878,IK02,IK09,telecom,0.963,0.85,none,0,4.2,1
E-004990,IK-01-00338,IK-09-01878,IK01,IK09,fuel,0.404,12.48,none,0,8.7,1
E-004991,IK-01-00211,IK-09-01879,IK01,IK09,electricity,0.634,0.0,none,0,7.8,0
E-004992,IK-02-00424,IK-09-01879,IK02,IK09,telecom,0.424,0.54,partial,0,7.6,1
E-004993,IK-02-00443,IK-09-01879,IK02,IK09,telecom,0.424,0.35,partial,0,10.3,0
E-004994,IK-01-00349,IK-09-01879,IK01,IK09,fuel,0.469,12.4,none,0,7.0,0
E-004995,IK-01-00163,IK-09-01880,IK01,IK09,electricity,0.71,0.0,none,0,7.6,1
E-004996,IK-02-00443,IK-09-01880,IK02,IK09,telecom,0.833,0.76,none,0,3.5,1
E-004997,IK-01-00349,IK-09-01880,IK01,IK09,fuel,0.492,12.08,none,0,14.3,1
E-004998,IK-01-00092,IK-09-01881,IK01,IK09,electricity,0.383,0.0,partial,0,8.2,0
E-004999,IK-01-00158,IK-09-01881,IK01,IK09,electricity,0.383,0.0,partial,0,5.6,1
E-005000,IK-02-00441,IK-09-01881,IK02,IK09,telecom,0.447,0.82,partial,0,6.0,0
E-005001,IK-02-00468,IK-09-01881,IK02,IK09,telecom,0.447,0.39,partial,0,11.7,1
E-005002,IK-01-00340,IK-09-01881,IK01,IK09,fuel,0.439,12.48,none,0,7.2,0
E-005003,IK-01-00104,IK-09-01882,IK01,IK09,electricity,0.388,0.0,partial,0,3.6,1
E-005004,IK-01-00221,IK-09-01882,IK01,IK09,electricity,0.388,0.0,partial,0,11.0,1
E-005005,IK-02-00427,IK-09-01882,IK02,IK09,telecom,0.492,0.86,partial,0,12.5,0
E-005006,IK-02-00467,IK-09-01882,IK02,IK09,telecom,0.492,0.54,partial,0,9.0,1
E-005007,IK-01-00336,IK-09-01882,IK01,IK09,fuel,0.397,12.56,none,0,8.8,1
E-005008,IK-01-00128,IK-09-01883,IK01,IK09,electricity,0.342,0.0,partial,0,7.9,0
E-005009,IK-01-00135,IK-09-01883,IK01,IK09,electricity,0.342,0.0,partial,0,12.6,0
E-005010,IK-02-00444,IK-09-01883,IK02,IK09,telecom,0.875,0.89,none,0,12.4,1
E-005011,IK-01-00343,IK-09-01883,IK01,IK09,fuel,0.464,12.56,none,1,2.9,0
E-005012,IK-01-00156,IK-09-01884,IK01,IK09,electricity,0.729,0.0,none,0,9.4,0
E-005013,IK-02-00438,IK-09-01884,IK02,IK09,telecom,0.456,0.42,full,0,8.2,0
E-005014,IK-02-00445,IK-09-01884,IK02,IK09,telecom,0.456,0.69,full,0,12.6,1
E-005015,IK-01-00370,IK-09-01884,IK01,IK09,fuel,0.194,12.26,full,0,14.2,1
E-005016,IK-01-00346,IK-09-01884,IK01,IK09,fuel,0.194,12.44,full,0,9.1,1
E-005017,IK-01-00181,IK-09-01885,IK01,IK09,electricity,0.306,0.0,partial,0,15.3,0
E-005018,IK-01-00191,IK-09-01885,IK01,IK09,electricity,0.306,0.0,partial,0,12.8,1
E-005019,IK-02-00440,IK-09-01885,IK02,IK09,telecom,0.848,0.62,none,0,12.3,0
E-005020,IK-01-00347,IK-09-01885,IK01,IK09,fuel,0.501,12.45,none,0,1.2,0
E-005021,IK-01-00060,IK-09-01886,IK01,IK09,electricity,0.34,0.0,partial,0,6.7,0
E-005022,IK-01-00167,IK-09-01886,IK01,IK09,electricity,0.34,0.0,partial,0,4.5,0
E-005023,IK-02-00421,IK-09-01886,IK02,IK09,telecom,0.389,0.33,partial,0,10.2,1
E-005024,IK-02-00422,IK-09-01886,IK02,IK09,telecom,0.389,0.8,partial,0,4.2,0
E-005025,IK-01-00357,IK-09-01886,IK01,IK09,fuel,0.487,12.4,none,0,9.1,0
E-005026,IK-01-00227,IK-09-01887,IK01,IK09,electricity,0.328,0.0,full,0,10.8,0
E-005027,IK-01-00158,IK-09-01887,IK01,IK09,electricity,0.328,0.0,full,0,8.6,0
E-005028,IK-02-00457,IK-09-01887,IK02,IK09,telecom,0.929,0.59,none,0,4.3,0
E-005029,IK-01-00340,IK-09-01887,IK01,IK09,fuel,0.4,12.17,none,0,1.0,1
E-005030,IK-01-00236,IK-09-01888,IK01,IK09,electricity,0.318,0.0,partial,0,6.0,1
E-005031,IK-01-00186,IK-09-01888,IK01,IK09,electricity,0.318,0.0,partial,0,1.0,0
E-005032,IK-02-00471,IK-09-01888,IK02,IK09,telecom,0.777,0.37,none,0,3.5,0
E-005033,IK-01-00350,IK-09-01888,IK01,IK09,fuel,0.454,12.09,none,0,7.3,0
E-005034,IK-01-00219,IK-09-01889,IK01,IK09,electricity,0.302,0.0,partial,0,7.1,0
E-005035,IK-01-00107,IK-09-01889,IK01,IK09,electricity,0.302,0.0,partial,0,7.9,1
E-005036,IK-02-00448,IK-09-01889,IK02,IK09,telecom,0.398,0.83,partial,0,10.3,1
E-005037,IK-02-00452,IK-09-01889,IK02,IK09,telecom,0.398,0.62,partial,1,14.1,0
E-005038,IK-01-00356,IK-09-01889,IK01,IK09,fuel,0.209,12.03,full,0,14.7,0
E-005039,IK-01-00355,IK-09-01889,IK01,IK09,fuel,0.209,12.03,full,1,13.7,1
E-005040,IK-01-00173,IK-09-01890,IK01,IK09,electricity,0.688,0.0,none,0,4.9,0
E-005041,IK-02-00425,IK-09-01890,IK02,IK09,telecom,0.982,0.89,none,0,8.0,0
E-005042,IK-01-00358,IK-09-01890,IK01,IK09,fuel,0.435,12.49,none,0,4.4,0
E-005043,IK-01-00061,IK-09-01891,IK01,IK09,electricity,0.383,0.0,partial,0,6.3,0
E-005044,IK-01-00219,IK-09-01891,IK01,IK09,electricity,0.383,0.0,partial,0,4.9,0
E-005045,IK-02-00448,IK-09-01891,IK02,IK09,telecom,0.463,0.7,full,0,6.5,0
E-005046,IK-02-00452,IK-09-01891,IK02,IK09,telecom,0.463,0.76,full,1,10.3,1
E-005047,IK-01-00374,IK-09-01891,IK01,IK09,fuel,0.459,12.37,none,1,13.3,0
E-005048,IK-01-00078,IK-09-01892,IK01,IK09,electricity,0.352,0.0,full,0,4.6,0
E-005049,IK-01-00071,IK-09-01892,IK01,IK09,electricity,0.352,0.0,full,0,11.1,1
E-005050,IK-02-00464,IK-09-01892,IK02,IK09,telecom,0.427,0.87,full,0,13.5,1
E-005051,IK-02-00472,IK-09-01892,IK02,IK09,telecom,0.427,0.64,full,0,11.2,0
E-005052,IK-01-00359,IK-09-01892,IK01,IK09,fuel,0.479,12.29,none,0,11.2,0
E-005053,IK-01-00073,IK-09-01893,IK01,IK09,electricity,0.635,0.0,none,0,1.0,0
E-005054,IK-02-00480,IK-09-01893,IK02,IK09,telecom,0.454,0.86,partial,0,3.7,0
E-005055,IK-02-00423,IK-09-01893,IK02,IK09,telecom,0.454,0.43,partial,1,10.4,0
E-005056,IK-01-00367,IK-09-01893,IK01,IK09,fuel,0.493,12.05,none,0,9.9,1
E-005057,IK-01-00194,IK-09-01894,IK01,IK09,electricity,0.655,0.0,none,0,5.3,0
E-005058,IK-02-00452,IK-09-01894,IK02,IK09,telecom,0.903,0.45,none,1,8.1,0
E-005059,IK-01-00374,IK-09-01894,IK01,IK09,fuel,0.414,12.55,none,1,6.0,1
E-005060,IK-01-00069,IK-09-01895,IK01,IK09,electricity,0.653,0.0,none,0,8.2,1
E-005061,IK-02-00465,IK-09-01895,IK02,IK09,telecom,0.441,0.35,full,0,5.7,0
E-005062,IK-02-00472,IK-09-01895,IK02,IK09,telecom,0.441,0.73,full,0,6.7,0
E-005063,IK-01-00339,IK-09-01895,IK01,IK09,fuel,0.387,12.26,none,0,6.4,0
E-005064,IK-01-00089,IK-09-01896,IK01,IK09,electricity,0.386,0.0,full,0,14.0,0
E-005065,IK-01-00227,IK-09-01896,IK01,IK09,electricity,0.386,0.0,full,0,9.8,0
E-005066,IK-02-00457,IK-09-01896,IK02,IK09,telecom,0.765,0.76,none,0,8.2,0
E-005067,IK-01-00348,IK-09-01896,IK01,IK09,fuel,0.466,12.04,none,0,1.0,1
E-005068,IK-01-00185,IK-09-01897,IK01,IK09,electricity,0.298,0.0,full,0,8.2,0
E-005069,IK-01-00088,IK-09-01897,IK01,IK09,electricity,0.298,0.0,full,0,3.6,0
E-005070,IK-02-00458,IK-09-01897,IK02,IK09,telecom,0.436,0.35,partial,0,6.1,0
E-005071,IK-02-00431,IK-09-01897,IK02,IK09,telecom,0.436,0.45,partial,0,8.2,0
E-005072,IK-01-00365,IK-09-01897,IK01,IK09,fuel,0.192,12.04,full,0,2.0,0
E-005073,IK-01-00366,IK-09-01897,IK01,IK09,fuel,0.192,12.35,full,0,14.4,1
E-005074,IK-01-00168,IK-09-01898,IK01,IK09,electricity,0.317,0.0,full,0,1.0,0
E-005075,IK-01-00238,IK-09-01898,IK01,IK09,electricity,0.317,0.0,full,0,7.4,1
E-005076,IK-02-00472,IK-09-01898,IK02,IK09,telecom,0.859,0.75,none,0,9.7,0
E-005077,IK-01-00364,IK-09-01898,IK01,IK09,fuel,0.204,12.36,partial,0,7.1,1
E-005078,IK-01-00359,IK-09-01898,IK01,IK09,fuel,0.204,12.27,partial,0,9.2,1
E-005079,IK-01-00218,IK-09-01899,IK01,IK09,electricity,0.768,0.0,none,0,11.1,0
E-005080,IK-02-00436,IK-09-01899,IK02,IK09,telecom,0.929,0.79,none,0,8.3,0
E-005081,IK-01-00353,IK-09-01899,IK01,IK09,fuel,0.466,12.52,none,0,5.8,0
E-005082,IK-01-00090,IK-09-01900,IK01,IK09,electricity,0.369,0.0,partial,0,13.0,1
E-005083,IK-01-00210,IK-09-01900,IK01,IK09,electricity,0.369,0.0,partial,0,8.1,0
E-005084,IK-02-00454,IK-09-01900,IK02,IK09,telecom,0.882,0.78,none,0,6.5,1
E-005085,IK-01-00373,IK-09-01900,IK01,IK09,fuel,0.251,12.14,partial,1,11.1,0
E-005086,IK-01-00351,IK-09-01900,IK01,IK09,fuel,0.251,12.23,partial,1,3.7,0
E-005087,IK-01-00209,IK-09-01901,IK01,IK09,electricity,0.371,0.0,full,0,10.5,1
E-005088,IK-01-00191,IK-09-01901,IK01,IK09,electricity,0.371,0.0,full,0,5.6,0
E-005089,IK-02-00440,IK-09-01901,IK02,IK09,telecom,0.929,0.82,none,0,5.4,0
E-005090,IK-01-00355,IK-09-01901,IK01,IK09,fuel,0.451,12.58,none,1,7.6,0
E-005091,IK-01-00195,IK-09-01902,IK01,IK09,electricity,0.368,0.0,partial,0,8.9,0
E-005092,IK-01-00063,IK-09-01902,IK01,IK09,electricity,0.368,0.0,partial,0,8.3,0
E-005093,IK-02-00474,IK-09-01902,IK02,IK09,telecom,0.931,0.38,none,0,13.5,0
E-005094,IK-01-00334,IK-09-01902,IK01,IK09,fuel,0.474,12.51,none,0,1.1,1
E-005095,IK-01-00170,IK-09-01903,IK01,IK09,electricity,0.327,0.0,full,0,6.0,0
E-005096,IK-01-00140,IK-09-01903,IK01,IK09,electricity,0.327,0.0,full,0,4.7,0
E-005097,IK-02-00465,IK-09-01903,IK02,IK09,telecom,0.753,0.75,none,0,3.9,0
E-005098,IK-01-00339,IK-09-01903,IK01,IK09,fuel,0.222,12.34,partial,0,6.1,0
E-005099,IK-01-00359,IK-09-01903,IK01,IK09,fuel,0.222,12.53,partial,0,12.3,1
E-005100,IK-01-00218,IK-09-01904,IK01,IK09,electricity,0.38,0.0,partial,0,10.6,0
E-005101,IK-01-00205,IK-09-01904,IK01,IK09,electricity,0.38,0.0,partial,0,3.5,0
E-005102,IK-02-00439,IK-09-01904,IK02,IK09,telecom,0.393,0.59,full,0,7.0,0
E-005103,IK-02-00478,IK-09-01904,IK02,IK09,telecom,0.393,0.35,full,0,8.6,1
E-005104,IK-01-00353,IK-09-01904,IK01,IK09,fuel,0.441,12.03,none,0,10.2,1
E-005105,IK-01-00092,IK-09-01905,IK01,IK09,electricity,0.746,0.0,none,0,4.0,0
E-005106,IK-02-00441,IK-09-01905,IK02,IK09,telecom,0.765,0.72,none,0,1.0,1
E-005107,IK-01-00340,IK-09-01905,IK01,IK09,fuel,0.23,12.59,full,0,12.5,0
E-005108,IK-01-00348,IK-09-01905,IK01,IK09,fuel,0.23,12.22,full,0,16.7,0
E-005109,IK-01-00041,IK-09-01906,IK01,IK09,electricity,0.344,0.0,partial,0,9.1,0
E-005110,IK-01-00127,IK-09-01906,IK01,IK09,electricity,0.344,0.0,partial,0,8.3,0
E-005111,IK-02-00477,IK-09-01906,IK02,IK09,telecom,0.936,0.47,none,0,1.6,0
E-005112,IK-01-00338,IK-09-01906,IK01,IK09,fuel,0.497,12.53,none,0,7.7,1
E-005113,IK-01-00055,IK-09-01907,IK01,IK09,electricity,0.337,0.0,partial,0,8.9,0
E-005114,IK-01-00223,IK-09-01907,IK01,IK09,electricity,0.337,0.0,partial,0,7.1,1
E-005115,IK-02-00442,IK-09-01907,IK02,IK09,telecom,0.47,0.6,partial,0,7.3,0
E-005116,IK-02-00440,IK-09-01907,IK02,IK09,telecom,0.47,0.4,partial,0,11.0,1
E-005117,IK-01-00356,IK-09-01907,IK01,IK09,fuel,0.389,12.12,none,1,15.4,0
E-005118,IK-01-00175,IK-09-01908,IK01,IK09,electricity,0.309,0.0,partial,0,6.0,1
E-005119,IK-01-00051,IK-09-01908,IK01,IK09,electricity,0.309,0.0,partial,0,13.2,1
E-005120,IK-02-00452,IK-09-01908,IK02,IK09,telecom,0.809,0.3,none,1,6.3,0
E-005121,IK-01-00356,IK-09-01908,IK01,IK09,fuel,0.503,12.27,none,1,5.4,0
E-005122,IK-01-00070,IK-09-01909,IK01,IK09,electricity,0.308,0.0,partial,0,6.2,0
E-005123,IK-01-00199,IK-09-01909,IK01,IK09,electricity,0.308,0.0,partial,0,5.9,1
E-005124,IK-02-00427,IK-09-01909,IK02,IK09,telecom,0.915,0.58,none,0,7.0,0
E-005125,IK-01-00354,IK-09-01909,IK01,IK09,fuel,0.208,12.32,partial,0,7.4,0
E-005126,IK-01-00336,IK-09-01909,IK01,IK09,fuel,0.208,12.18,partial,0,9.4,0
E-005127,IK-01-00099,IK-09-01910,IK01,IK09,electricity,0.299,0.0,full,0,6.6,1
E-005128,IK-01-00179,IK-09-01910,IK01,IK09,electricity,0.299,0.0,full,0,9.2,0
E-005129,IK-02-00453,IK-09-01910,IK02,IK09,telecom,0.939,0.61,none,0,1.9,0
E-005130,IK-01-00342,IK-09-01910,IK01,IK09,fuel,0.417,12.05,none,0,12.3,0
E-005131,IK-01-00171,IK-09-01911,IK01,IK09,electricity,0.332,0.0,partial,0,6.9,1
E-005132,IK-01-00045,IK-09-01911,IK01,IK09,electricity,0.332,0.0,partial,0,8.9,1
E-005133,IK-02-00431,IK-09-01911,IK02,IK09,telecom,0.473,0.73,partial,0,14.9,1
E-005134,IK-02-00458,IK-09-01911,IK02,IK09,telecom,0.473,0.71,partial,0,8.5,0
E-005135,IK-01-00365,IK-09-01911,IK01,IK09,fuel,0.403,12.28,none,0,7.3,1
E-005136,IK-01-00115,IK-09-01912,IK01,IK09,electricity,0.644,0.0,none,0,8.9,0
E-005137,IK-02-00425,IK-09-01912,IK02,IK09,telecom,0.39,0.31,partial,0,7.8,0
E-005138,IK-02-00429,IK-09-01912,IK02,IK09,telecom,0.39,0.88,partial,0,12.1,0
E-005139,IK-01-00362,IK-09-01912,IK01,IK09,fuel,0.484,12.35,none,0,14.4,1
E-005140,IK-01-00142,IK-09-01913,IK01,IK09,electricity,0.697,0.0,none,0,11.0,1
E-005141,IK-02-00432,IK-09-01913,IK02,IK09,telecom,0.418,0.85,partial,0,11.4,0
E-005142,IK-02-00451,IK-09-01913,IK02,IK09,telecom,0.418,0.38,partial,0,4.3,0
E-005143,IK-01-00343,IK-09-01913,IK01,IK09,fuel,0.437,12.14,none,1,8.1,0
E-005144,IK-01-00119,IK-09-01914,IK01,IK09,electricity,0.681,0.0,none,0,10.4,0
E-005145,IK-02-00465,IK-09-01914,IK02,IK09,telecom,0.44,0.78,full,0,9.5,0
E-005146,IK-02-00472,IK-09-01914,IK02,IK09,telecom,0.44,0.35,full,0,13.6,1
E-005147,IK-01-00339,IK-09-01914,IK01,IK09,fuel,0.452,12.56,none,0,3.2,1
E-005148,IK-01-00142,IK-09-01915,IK01,IK09,electricity,0.731,0.0,none,0,10.4,0
E-005149,IK-02-00451,IK-09-01915,IK02,IK09,telecom,0.869,0.89,none,0,7.0,0
E-005150,IK-01-00343,IK-09-01915,IK01,IK09,fuel,0.461,12.02,none,1,14.9,0
E-005151,IK-01-00142,IK-09-01916,IK01,IK09,electricity,0.298,0.0,partial,0,12.3,1
E-005152,IK-01-00128,IK-09-01916,IK01,IK09,electricity,0.298,0.0,partial,0,7.8,0
E-005153,IK-02-00451,IK-09-01916,IK02,IK09,telecom,0.428,0.51,full,0,11.3,1
E-005154,IK-02-00432,IK-09-01916,IK02,IK09,telecom,0.428,0.81,full,0,4.1,1
E-005155,IK-01-00343,IK-09-01916,IK01,IK09,fuel,0.214,12.03,partial,1,3.5,1
E-005156,IK-01-00353,IK-09-01916,IK01,IK09,fuel,0.214,12.44,partial,1,1.0,0
E-005157,IK-01-00175,IK-09-01917,IK01,IK09,electricity,0.335,0.0,partial,0,4.9,0
E-005158,IK-01-00051,IK-09-01917,IK01,IK09,electricity,0.335,0.0,partial,0,5.0,0
E-005159,IK-02-00448,IK-09-01917,IK02,IK09,telecom,0.916,0.42,none,1,1.0,1
E-005160,IK-01-00356,IK-09-01917,IK01,IK09,fuel,0.242,12.31,partial,1,15.9,0
E-005161,IK-01-00374,IK-09-01917,IK01,IK09,fuel,0.242,12.46,partial,1,5.9,0
E-005162,IK-01-00228,IK-09-01918,IK01,IK09,electricity,0.335,0.0,partial,0,14.6,0
E-005163,IK-01-00075,IK-09-01918,IK01,IK09,electricity,0.335,0.0,partial,0,4.8,0
E-005164,IK-02-00428,IK-09-01918,IK02,IK09,telecom,0.782,0.7,none,0,10.0,0
E-005165,IK-01-00371,IK-09-01918,IK01,IK09,fuel,0.495,12.52,none,0,8.6,1
E-005166,IK-01-00182,IK-09-01919,IK01,IK09,electricity,0.373,0.0,partial,0,6.0,0
E-005167,IK-01-00232,IK-09-01919,IK01,IK09,electricity,0.373,0.0,partial,0,7.5,0
E-005168,IK-02-00447,IK-09-01919,IK02,IK09,telecom,0.912,0.45,none,0,8.0,0
E-005169,IK-01-00361,IK-09-01919,IK01,IK09,fuel,0.484,12.52,none,0,13.0,1
E-005170,IK-01-00060,IK-09-01920,IK01,IK09,electricity,0.708,0.0,none,0,5.0,0
E-005171,IK-02-00421,IK-09-01920,IK02,IK09,telecom,0.397,0.52,partial,0,9.6,0
E-005172,IK-02-00422,IK-09-01920,IK02,IK09,telecom,0.397,0.81,partial,0,12.6,0
E-005173,IK-01-00357,IK-09-01920,IK01,IK09,fuel,0.225,12.16,partial,0,12.6,0
E-005174,IK-01-00337,IK-09-01920,IK01,IK09,fuel,0.225,12.57,partial,1,10.7,0
E-005175,IK-01-00218,IK-09-01921,IK01,IK09,electricity,0.32,0.0,partial,0,11.8,1
E-005176,IK-01-00047,IK-09-01921,IK01,IK09,electricity,0.32,0.0,partial,0,8.7,0
E-005177,IK-02-00439,IK-09-01921,IK02,IK09,telecom,0.942,0.87,none,0,6.8,0
E-005178,IK-01-00353,IK-09-01921,IK01,IK09,fuel,0.242,12.54,full,0,8.1,0
E-005179,IK-01-00331,IK-09-01921,IK01,IK09,fuel,0.242,12.46,full,0,5.8,0
E-005180,IK-01-00118,IK-09-01922,IK01,IK09,electricity,0.349,0.0,full,0,3.4,0
E-005181,IK-01-00116,IK-09-01922,IK01,IK09,electricity,0.349,0.0,full,0,9.5,1
E-005182,IK-02-00467,IK-09-01922,IK02,IK09,telecom,0.383,0.73,full,0,3.0,0
E-005183,IK-02-00471,IK-09-01922,IK02,IK09,telecom,0.383,0.73,full,0,4.0,0
E-005184,IK-01-00372,IK-09-01922,IK01,IK09,fuel,0.387,12.04,none,0,9.8,0
E-005185,IK-01-00209,IK-09-01923,IK01,IK09,electricity,0.642,0.0,none,0,9.4,0
E-005186,IK-02-00440,IK-09-01923,IK02,IK09,telecom,0.798,0.66,none,0,9.5,1
E-005187,IK-01-00355,IK-09-01923,IK01,IK09,fuel,0.409,12.18,none,1,11.7,0
E-005188,IK-01-00129,IK-09-01924,IK01,IK09,electricity,0.388,0.0,partial,0,1.4,0
E-005189,IK-01-00122,IK-09-01924,IK01,IK09,electricity,0.388,0.0,partial,0,12.3,0
E-005190,IK-02-00459,IK-09-01924,IK02,IK09,telecom,0.976,0.69,none,0,5.9,1
E-005191,IK-01-00343,IK-09-01924,IK01,IK09,fuel,0.22,12.19,partial,0,10.1,1
E-005192,IK-01-00358,IK-09-01924,IK01,IK09,fuel,0.22,12.19,partial,1,6.0,0
E-005193,IK-01-00129,IK-09-01925,IK01,IK09,electricity,0.378,0.0,partial,0,13.2,0
E-005194,IK-01-00098,IK-09-01925,IK01,IK09,electricity,0.378,0.0,partial,0,1.0,1
E-005195,IK-02-00459,IK-09-01925,IK02,IK09,telecom,0.39,0.6,partial,0,9.6,1
E-005196,IK-02-00475,IK-09-01925,IK02,IK09,telecom,0.39,0.8,partial,0,2.5,0
E-005197,IK-01-00358,IK-09-01925,IK01,IK09,fuel,0.488,12.4,none,1,8.3,0
E-005198,IK-01-00148,IK-09-01926,IK01,IK09,electricity,0.315,0.0,partial,0,9.5,1
E-005199,IK-01-00163,IK-09-01926,IK01,IK09,electricity,0.315,0.0,partial,0,9.4,0
E-005200,IK-02-00443,IK-09-01926,IK02,IK09,telecom,0.428,0.45,partial,0,11.9,0
E-005201,IK-02-00438,IK-09-01926,IK02,IK09,telecom,0.428,0.84,partial,0,11.0,0
E-005202,IK-01-00349,IK-09-01926,IK01,IK09,fuel,0.434,12.53,none,0,11.5,0
E-005203,IK-01-00128,IK-10-01927,IK01,IK10,electricity,0.359,0.0,partial,0,9.5,1
E-005204,IK-01-00139,IK-10-01927,IK01,IK10,electricity,0.359,0.0,partial,0,7.1,1
E-005205,IK-03-00820,IK-10-01927,IK03,IK10,ict,0.33,0.53,partial,0,9.6,1
E-005206,IK-03-00828,IK-10-01927,IK03,IK10,ict,0.33,0.84,partial,0,3.5,1
E-005207,IK-02-00444,IK-10-01927,IK02,IK10,telecom,0.476,0.69,none,0,11.8,1
E-005208,IK-01-00094,IK-10-01928,IK01,IK10,electricity,0.859,0.0,none,0,1.6,0
E-005209,IK-03-00781,IK-10-01928,IK03,IK10,ict,0.658,0.61,none,0,3.9,0
E-005210,IK-02-00625,IK-10-01928,IK02,IK10,telecom,0.441,0.67,none,0,9.7,0
E-005211,IK-01-00143,IK-10-01929,IK01,IK10,electricity,0.422,0.0,full,0,4.6,1
E-005212,IK-01-00049,IK-10-01929,IK01,IK10,electricity,0.422,0.0,full,0,17.9,0
E-005213,IK-03-00796,IK-10-01929,IK03,IK10,ict,0.69,0.71,none,0,13.8,0
E-005214,IK-02-00670,IK-10-01929,IK02,IK10,telecom,0.237,1.08,partial,0,2.8,0
E-005215,IK-02-00462,IK-10-01929,IK02,IK10,telecom,0.237,0.76,partial,0,8.4,1
E-005216,IK-01-00082,IK-10-01930,IK01,IK10,electricity,0.81,0.0,none,0,11.0,0
E-005217,IK-03-00795,IK-10-01930,IK03,IK10,ict,0.338,0.76,full,0,10.7,0
E-005218,IK-03-00745,IK-10-01930,IK03,IK10,ict,0.338,0.88,full,0,5.0,0
E-005219,IK-02-00509,IK-10-01930,IK02,IK10,telecom,0.232,0.63,partial,0,4.8,1
E-005220,IK-02-00621,IK-10-01930,IK02,IK10,telecom,0.232,0.88,partial,0,8.0,0
E-005221,IK-01-00135,IK-10-01931,IK01,IK10,electricity,0.791,0.0,none,0,12.0,1
E-005222,IK-03-00820,IK-10-01931,IK03,IK10,ict,0.345,0.63,partial,0,5.5,0
E-005223,IK-03-00783,IK-10-01931,IK03,IK10,ict,0.345,1.01,partial,0,5.3,1
E-005224,IK-02-00444,IK-10-01931,IK02,IK10,telecom,0.214,0.59,partial,0,8.5,1
E-005225,IK-02-00661,IK-10-01931,IK02,IK10,telecom,0.214,0.91,partial,0,7.0,0
E-005226,IK-01-00175,IK-10-01932,IK01,IK10,electricity,0.344,0.0,partial,0,15.0,0
E-005227,IK-01-00051,IK-10-01932,IK01,IK10,electricity,0.344,0.0,partial,0,6.7,1
E-005228,IK-03-00686,IK-10-01932,IK03,IK10,ict,0.743,0.96,none,0,7.3,0
E-005229,IK-02-00607,IK-10-01932,IK02,IK10,telecom,0.499,0.82,none,0,10.0,0
E-005230,IK-01-00110,IK-10-01933,IK01,IK10,electricity,0.398,0.0,partial,0,10.6,0
E-005231,IK-01-00113,IK-10-01933,IK01,IK10,electricity,0.398,0.0,partial,0,4.0,1
E-005232,IK-03-00738,IK-10-01933,IK03,IK10,ict,0.628,1.09,none,0,1.6,0
E-005233,IK-02-00514,IK-10-01933,IK02,IK10,telecom,0.254,0.6,full,0,10.0,0
E-005234,IK-02-00648,IK-10-01933,IK02,IK10,telecom,0.254,1.02,full,0,11.2,0
E-005235,IK-01-00144,IK-10-01934,IK01,IK10,electricity,0.339,0.0,partial,0,6.9,0
E-005236,IK-01-00228,IK-10-01934,IK01,IK10,electricity,0.339,0.0,partial,0,11.7,0
E-005237,IK-03-00746,IK-10-01934,IK03,IK10,ict,0.709,0.92,none,0,7.8,0
E-005238,IK-02-00428,IK-10-01934,IK02,IK10,telecom,0.426,0.89,none,0,6.5,0
E-005239,IK-01-00130,IK-10-01935,IK01,IK10,electricity,0.808,0.0,none,0,10.7,0
E-005240,IK-03-00744,IK-10-01935,IK03,IK10,ict,0.763,0.7,none,0,1.7,0
E-005241,IK-02-00559,IK-10-01935,IK02,IK10,telecom,0.267,0.67,partial,0,9.0,1
E-005242,IK-02-00599,IK-10-01935,IK02,IK10,telecom,0.267,0.82,partial,0,10.9,0
E-005243,IK-01-00104,IK-10-01936,IK01,IK10,electricity,0.821,0.0,none,0,4.3,0
E-005244,IK-03-00698,IK-10-01936,IK03,IK10,ict,0.391,1.0,partial,0,8.9,0
E-005245,IK-03-00811,IK-10-01936,IK03,IK10,ict,0.391,0.99,partial,0,8.0,1
E-005246,IK-02-00507,IK-10-01936,IK02,IK10,telecom,0.506,0.96,none,0,15.6,0
E-005247,IK-01-00213,IK-10-01937,IK01,IK10,electricity,0.795,0.0,none,0,7.5,1
E-005248,IK-03-00739,IK-10-01937,IK03,IK10,ict,0.393,0.94,full,0,7.6,1
E-005249,IK-03-00773,IK-10-01937,IK03,IK10,ict,0.393,0.89,full,0,15.3,1
E-005250,IK-02-00615,IK-10-01937,IK02,IK10,telecom,0.221,0.85,partial,0,2.3,1
E-005251,IK-02-00446,IK-10-01937,IK02,IK10,telecom,0.221,0.61,partial,0,10.3,1
E-005252,IK-01-00078,IK-10-01938,IK01,IK10,electricity,0.68,0.0,none,0,4.7,0
E-005253,IK-03-00804,IK-10-01938,IK03,IK10,ict,0.683,0.53,none,0,15.2,1
E-005254,IK-02-00673,IK-10-01938,IK02,IK10,telecom,0.272,1.04,partial,0,14.5,0
E-005255,IK-02-00590,IK-10-01938,IK02,IK10,telecom,0.272,0.82,partial,0,5.9,0
E-005256,IK-01-00087,IK-10-01939,IK01,IK10,electricity,0.712,0.0,none,0,8.3,0
E-005257,IK-03-00807,IK-10-01939,IK03,IK10,ict,0.683,0.72,none,0,7.9,0
E-005258,IK-02-00662,IK-10-01939,IK02,IK10,telecom,0.439,0.53,none,0,4.1,1
E-005259,IK-01-00168,IK-10-01940,IK01,IK10,electricity,0.687,0.0,none,0,6.0,1
E-005260,IK-03-00804,IK-10-01940,IK03,IK10,ict,0.403,0.64,partial,0,4.4,0
E-005261,IK-03-00830,IK-10-01940,IK03,IK10,ict,0.403,0.97,partial,0,4.3,1
E-005262,IK-02-00572,IK-10-01940,IK02,IK10,telecom,0.495,1.02,none,0,5.3,0
E-005263,IK-01-00217,IK-10-01941,IK01,IK10,electricity,0.424,0.0,partial,0,1.0,1
E-005264,IK-01-00170,IK-10-01941,IK01,IK10,electricity,0.424,0.0,partial,0,11.5,0
E-005265,IK-03-00793,IK-10-01941,IK03,IK10,ict,0.662,1.05,none,0,9.3,0
E-005266,IK-02-00594,IK-10-01941,IK02,IK10,telecom,0.495,0.66,none,0,11.4,1
E-005267,IK-01-00206,IK-10-01942,IK01,IK10,electricity,0.352,0.0,partial,0,4.1,0
E-005268,IK-01-00175,IK-10-01942,IK01,IK10,electricity,0.352,0.0,partial,0,7.8,1
E-005269,IK-03-00686,IK-10-01942,IK03,IK10,ict,0.363,0.67,full,0,10.4,0
E-005270,IK-03-00801,IK-10-01942,IK03,IK10,ict,0.363,0.67,full,0,4.5,0
E-005271,IK-02-00607,IK-10-01942,IK02,IK10,telecom,0.508,0.55,none,0,9.0,0
E-005272,IK-01-00173,IK-10-01943,IK01,IK10,electricity,0.405,0.0,full,0,8.0,1
E-005273,IK-01-00063,IK-10-01943,IK01,IK10,electricity,0.405,0.0,full,0,10.2,1
E-005274,IK-03-00691,IK-10-01943,IK03,IK10,ict,0.771,0.61,none,0,1.8,1
E-005275,IK-02-00450,IK-10-01943,IK02,IK10,telecom,0.512,0.72,none,0,1.9,0
E-005276,IK-01-00110,IK-10-01944,IK01,IK10,electricity,0.82,0.0,none,0,15.2,0
E-005277,IK-03-00738,IK-10-01944,IK03,IK10,ict,0.399,1.01,partial,0,13.0,0
E-005278,IK-03-00689,IK-10-01944,IK03,IK10,ict,0.399,0.61,partial,0,1.7,0
E-005279,IK-02-00514,IK-10-01944,IK02,IK10,telecom,0.547,0.56,none,0,10.3,0
E-005280,IK-01-00079,IK-10-01945,IK01,IK10,electricity,0.43,0.0,partial,0,12.0,0
E-005281,IK-01-00046,IK-10-01945,IK01,IK10,electricity,0.43,0.0,partial,0,6.7,1
E-005282,IK-03-00685,IK-10-01945,IK03,IK10,ict,0.394,0.82,full,0,9.0,0
E-005283,IK-03-00801,IK-10-01945,IK03,IK10,ict,0.394,0.88,full,0,8.1,0
E-005284,IK-02-00582,IK-10-01945,IK02,IK10,telecom,0.51,0.52,none,0,7.9,0
E-005285,IK-01-00044,IK-10-01946,IK01,IK10,electricity,0.672,0.0,none,0,7.4,1
E-005286,IK-03-00702,IK-10-01946,IK03,IK10,ict,0.694,0.58,none,0,14.6,0
E-005287,IK-02-00569,IK-10-01946,IK02,IK10,telecom,0.54,1.01,none,0,15.2,1
E-005288,IK-01-00167,IK-10-01947,IK01,IK10,electricity,0.343,0.0,partial,0,2.6,0
E-005289,IK-01-00201,IK-10-01947,IK01,IK10,electricity,0.343,0.0,partial,0,9.1,0
E-005290,IK-03-00768,IK-10-01947,IK03,IK10,ict,0.39,0.5,partial,0,1.0,0
E-005291,IK-03-00772,IK-10-01947,IK03,IK10,ict,0.39,0.67,partial,0,9.2,0
E-005292,IK-02-00574,IK-10-01947,IK02,IK10,telecom,0.436,0.75,none,0,10.2,0
E-005293,IK-01-00062,IK-10-01948,IK01,IK10,electricity,0.714,0.0,none,0,4.7,1
E-005294,IK-03-00697,IK-10-01948,IK03,IK10,ict,0.802,0.98,none,0,5.8,0
E-005295,IK-02-00602,IK-10-01948,IK02,IK10,telecom,0.514,0.84,none,0,10.7,0
E-005296,IK-01-00084,IK-10-01949,IK01,IK10,electricity,0.85,0.0,none,0,7.1,1
E-005297,IK-03-00731,IK-10-01949,IK03,IK10,ict,0.765,0.9,none,0,14.9,1
E-005298,IK-02-00423,IK-10-01949,IK02,IK10,telecom,0.524,1.05,none,0,18.7,1
E-005299,IK-01-00141,IK-10-01950,IK01,IK10,electricity,0.869,0.0,none,0,6.2,1
E-005300,IK-03-00791,IK-10-01950,IK03,IK10,ict,0.663,0.75,none,0,1.0,0
E-005301,IK-02-00485,IK-10-01950,IK02,IK10,telecom,0.269,1.08,partial,0,6.6,0
E-005302,IK-02-00540,IK-10-01950,IK02,IK10,telecom,0.269,0.73,partial,0,4.6,0
E-005303,IK-01-00103,IK-10-01951,IK01,IK10,electricity,0.389,0.0,full,0,11.4,0
E-005304,IK-01-00041,IK-10-01951,IK01,IK10,electricity,0.389,0.0,full,0,9.5,0
E-005305,IK-03-00706,IK-10-01951,IK03,IK10,ict,0.806,0.81,none,0,12.8,1
E-005306,IK-02-00581,IK-10-01951,IK02,IK10,telecom,0.447,0.98,none,0,17.0,0
E-005307,IK-01-00237,IK-10-01952,IK01,IK10,electricity,0.75,0.0,none,0,10.4,1
E-005308,IK-03-00710,IK-10-01952,IK03,IK10,ict,0.335,0.56,partial,0,5.1,1
E-005309,IK-03-00733,IK-10-01952,IK03,IK10,ict,0.335,1.03,partial,0,6.7,1
E-005310,IK-02-00466,IK-10-01952,IK02,IK10,telecom,0.509,0.98,none,0,11.3,1
E-005311,IK-01-00185,IK-10-01953,IK01,IK10,electricity,0.718,0.0,none,0,11.4,1
E-005312,IK-03-00765,IK-10-01953,IK03,IK10,ict,0.633,1.04,none,0,1.0,0
E-005313,IK-02-00458,IK-10-01953,IK02,IK10,telecom,0.451,0.54,none,0,9.2,0
E-005314,IK-01-00171,IK-10-01954,IK01,IK10,electricity,0.808,0.0,none,0,7.3,0
E-005315,IK-03-00829,IK-10-01954,IK03,IK10,ict,0.791,0.93,none,0,5.8,1
E-005316,IK-02-00530,IK-10-01954,IK02,IK10,telecom,0.497,0.54,none,0,7.3,0
E-005317,IK-01-00194,IK-10-01955,IK01,IK10,electricity,0.8,0.0,none,0,8.5,0
E-005318,IK-03-00686,IK-10-01955,IK03,IK10,ict,0.364,0.71,partial,0,4.3,0
E-005319,IK-03-00685,IK-10-01955,IK03,IK10,ict,0.364,1.02,partial,0,11.0,0
E-005320,IK-02-00627,IK-10-01955,IK02,IK10,telecom,0.226,1.08,full,0,3.1,0
E-005321,IK-02-00492,IK-10-01955,IK02,IK10,telecom,0.226,1.07,full,0,5.8,1
E-005322,IK-01-00237,IK-10-01956,IK01,IK10,electricity,0.373,0.0,partial,0,8.3,1
E-005323,IK-01-00161,IK-10-01956,IK01,IK10,electricity,0.373,0.0,partial,0,6.9,0
E-005324,IK-03-00710,IK-10-01956,IK03,IK10,ict,0.705,0.74,none,0,9.0,0
E-005325,IK-02-00618,IK-10-01956,IK02,IK10,telecom,0.44,0.98,none,0,4.5,1
E-005326,IK-01-00166,IK-10-01957,IK01,IK10,electricity,0.873,0.0,none,0,14.6,0
E-005327,IK-03-00731,IK-10-01957,IK03,IK10,ict,0.742,0.61,none,0,1.4,0
E-005328,IK-02-00423,IK-10-01957,IK02,IK10,telecom,0.218,0.97,partial,0,7.7,0
E-005329,IK-02-00612,IK-10-01957,IK02,IK10,telecom,0.218,0.6,partial,0,5.4,1
E-005330,IK-01-00056,IK-10-01958,IK01,IK10,electricity,0.414,0.0,full,0,6.7,0
E-005331,IK-01-00174,IK-10-01958,IK01,IK10,electricity,0.414,0.0,full,0,2.8,0
E-005332,IK-03-00708,IK-10-01958,IK03,IK10,ict,0.372,0.67,full,0,5.4,0
E-005333,IK-03-00773,IK-10-01958,IK03,IK10,ict,0.372,0.98,full,0,5.6,1
E-005334,IK-02-00641,IK-10-01958,IK02,IK10,telecom,0.263,0.83,full,0,7.9,0
E-005335,IK-02-00557,IK-10-01958,IK02,IK10,telecom,0.263,0.87,full,0,6.8,0
E-005336,IK-01-00168,IK-10-01959,IK01,IK10,electricity,0.36,0.0,full,0,6.6,0
E-005337,IK-01-00238,IK-10-01959,IK01,IK10,electricity,0.36,0.0,full,0,7.7,1
E-005338,IK-03-00830,IK-10-01959,IK03,IK10,ict,0.726,0.54,none,0,5.4,0
E-005339,IK-02-00577,IK-10-01959,IK02,IK10,telecom,0.272,0.89,partial,0,1.3,1
E-005340,IK-02-00572,IK-10-01959,IK02,IK10,telecom,0.272,0.84,partial,0,8.2,0
E-005341,IK-01-00073,IK-10-01960,IK01,IK10,electricity,0.391,0.0,partial,0,7.1,0
E-005342,IK-01-00113,IK-10-01960,IK01,IK10,electricity,0.391,0.0,partial,0,10.3,0
E-005343,IK-03-00738,IK-10-01960,IK03,IK10,ict,0.717,0.77,none,0,2.7,1
E-005344,IK-02-00480,IK-10-01960,IK02,IK10,telecom,0.233,0.8,partial,0,1.0,0
E-005345,IK-02-00553,IK-10-01960,IK02,IK10,telecom,0.233,1.03,partial,0,6.2,1
E-005346,IK-01-00218,IK-10-01961,IK01,IK10,electricity,0.344,0.0,partial,0,9.6,1
E-005347,IK-01-00047,IK-10-01961,IK01,IK10,electricity,0.344,0.0,partial,0,14.3,0
E-005348,IK-03-00762,IK-10-01961,IK03,IK10,ict,0.338,0.88,full,0,1.0,1
E-005349,IK-03-00692,IK-10-01961,IK03,IK10,ict,0.338,0.57,full,0,11.6,1
E-005350,IK-02-00568,IK-10-01961,IK02,IK10,telecom,0.536,1.08,none,0,6.0,0
E-005351,IK-01-00145,IK-10-01962,IK01,IK10,electricity,0.719,0.0,none,0,4.7,0
E-005352,IK-03-00684,IK-10-01962,IK03,IK10,ict,0.796,0.78,none,0,8.6,1
E-005353,IK-02-00501,IK-10-01962,IK02,IK10,telecom,0.428,0.75,none,0,9.0,1
E-005354,IK-01-00061,IK-10-01963,IK01,IK10,electricity,0.363,0.0,partial,0,5.5,0
E-005355,IK-01-00188,IK-10-01963,IK01,IK10,electricity,0.363,0.0,partial,0,12.5,0
E-005356,IK-03-00684,IK-10-01963,IK03,IK10,ict,0.653,0.85,none,0,3.1,1
E-005357,IK-02-00448,IK-10-01963,IK02,IK10,telecom,0.257,1.01,full,0,14.2,0
E-005358,IK-02-00537,IK-10-01963,IK02,IK10,telecom,0.257,0.74,full,0,8.8,1
E-005359,IK-01-00041,IK-10-01964,IK01,IK10,electricity,0.795,0.0,none,0,3.9,0
E-005360,IK-03-00683,IK-10-01964,IK03,IK10,ict,0.402,0.69,full,0,1.0,1
E-005361,IK-03-00706,IK-10-01964,IK03,IK10,ict,0.402,0.54,full,0,8.4,1
E-005362,IK-02-00520,IK-10-01964,IK02,IK10,telecom,0.483,0.76,none,0,6.7,1
E-005363,IK-01-00091,IK-10-01965,IK01,IK10,electricity,0.696,0.0,none,0,8.8,0
E-005364,IK-03-00749,IK-10-01965,IK03,IK10,ict,0.713,1.03,none,0,9.4,0
E-005365,IK-02-00635,IK-10-01965,IK02,IK10,telecom,0.448,0.56,none,0,1.6,1
E-005366,IK-01-00097,IK-10-01966,IK01,IK10,electricity,0.362,0.0,partial,0,6.7,1
E-005367,IK-01-00092,IK-10-01966,IK01,IK10,electricity,0.362,0.0,partial,0,5.9,0
E-005368,IK-03-00709,IK-10-01966,IK03,IK10,ict,0.676,0.68,none,0,1.0,0
E-005369,IK-02-00548,IK-10-01966,IK02,IK10,telecom,0.274,0.7,partial,0,7.2,0
E-005370,IK-02-00441,IK-10-01966,IK02,IK10,telecom,0.274,1.03,partial,0,8.7,0
E-005371,IK-01-00136,IK-10-01967,IK01,IK10,electricity,0.719,0.0,none,0,5.3,0
E-005372,IK-03-00775,IK-10-01967,IK03,IK10,ict,0.316,1.03,partial,0,9.9,0
E-005373,IK-03-00746,IK-10-01967,IK03,IK10,ict,0.316,1.02,partial,0,15.2,1
E-005374,IK-02-00668,IK-10-01967,IK02,IK10,telecom,0.269,0.81,partial,0,6.8,0
E-005375,IK-02-00624,IK-10-01967,IK02,IK10,telecom,0.269,0.89,partial,0,9.8,0
E-005376,IK-01-00091,IK-10-01968,IK01,IK10,electricity,0.368,0.0,partial,0,8.3,1
E-005377,IK-01-00119,IK-10-01968,IK01,IK10,electricity,0.368,0.0,partial,0,8.3,0
E-005378,IK-03-00749,IK-10-01968,IK03,IK10,ict,0.321,0.68,full,0,9.3,0
E-005379,IK-03-00695,IK-10-01968,IK03,IK10,ict,0.321,0.57,full,0,17.3,0
E-005380,IK-02-00635,IK-10-01968,IK02,IK10,telecom,0.253,0.94,partial,0,12.2,0
E-005381,IK-02-00575,IK-10-01968,IK02,IK10,telecom,0.253,0.9,partial,0,10.3,0
E-005382,IK-01-00160,IK-10-01969,IK01,IK10,electricity,0.383,0.0,full,0,11.4,0
E-005383,IK-01-00052,IK-10-01969,IK01,IK10,electricity,0.383,0.0,full,0,9.0,1
E-005384,IK-03-00758,IK-10-01969,IK03,IK10,ict,0.69,0.92,none,0,5.6,1
E-005385,IK-02-00543,IK-10-01969,IK02,IK10,telecom,0.558,1.06,none,0,8.6,1
E-005386,IK-01-00047,IK-10-01970,IK01,IK10,electricity,0.844,0.0,none,0,12.7,0
E-005387,IK-03-00703,IK-10-01970,IK03,IK10,ict,0.75,1.0,none,0,1.9,0
E-005388,IK-02-00478,IK-10-01970,IK02,IK10,telecom,0.552,0.75,none,0,14.5,0
E-005389,IK-01-00091,IK-10-01971,IK01,IK10,electricity,0.344,0.0,full,0,4.5,0
E-005390,IK-01-00119,IK-10-01971,IK01,IK10,electricity,0.344,0.0,full,0,3.9,0
E-005391,IK-03-00749,IK-10-01971,IK03,IK10,ict,0.322,0.83,full,0,14.7,1
E-005392,IK-03-00695,IK-10-01971,IK03,IK10,ict,0.322,0.7,full,0,16.0,0
E-005393,IK-02-00575,IK-10-01971,IK02,IK10,telecom,0.262,0.72,full,0,9.4,0
E-005394,IK-02-00635,IK-10-01971,IK02,IK10,telecom,0.262,0.53,full,0,11.8,1
E-005395,IK-01-00056,IK-10-01972,IK01,IK10,electricity,0.805,0.0,none,0,2.6,0
E-005396,IK-03-00773,IK-10-01972,IK03,IK10,ict,0.307,0.99,full,0,11.1,0
E-005397,IK-03-00708,IK-10-01972,IK03,IK10,ict,0.307,1.06,full,0,4.9,1
E-005398,IK-02-00641,IK-10-01972,IK02,IK10,telecom,0.462,0.75,none,0,14.9,0
E-005399,IK-01-00069,IK-10-01973,IK01,IK10,electricity,0.413,0.0,partial,0,1.1,1
E-005400,IK-01-00170,IK-10-01973,IK01,IK10,electricity,0.413,0.0,partial,0,5.7,0
E-005401,IK-03-00793,IK-10-01973,IK03,IK10,ict,0.654,0.93,none,0,1.2,1
E-005402,IK-02-00621,IK-10-01973,IK02,IK10,telecom,0.557,0.63,none,0,8.2,1
E-005403,IK-01-00160,IK-10-01974,IK01,IK10,electricity,0.342,0.0,partial,0,13.2,0
E-005404,IK-01-00052,IK-10-01974,IK01,IK10,electricity,0.342,0.0,partial,0,9.1,1
E-005405,IK-03-00758,IK-10-01974,IK03,IK10,ict,0.712,0.92,none,0,15.7,0
E-005406,IK-02-00674,IK-10-01974,IK02,IK10,telecom,0.453,0.96,none,0,13.6,1
E-005407,IK-01-00135,IK-10-01975,IK01,IK10,electricity,0.405,0.0,partial,0,22.4,1
E-005408,IK-01-00142,IK-10-01975,IK01,IK10,electricity,0.405,0.0,partial,0,7.0,1
E-005409,IK-03-00783,IK-10-01975,IK03,IK10,ict,0.72,0.56,none,0,4.7,1
E-005410,IK-02-00661,IK-10-01975,IK02,IK10,telecom,0.544,0.8,none,0,3.3,0
E-005411,IK-01-00088,IK-10-01976,IK01,IK10,electricity,0.739,0.0,none,0,9.9,1
E-005412,IK-03-00765,IK-10-01976,IK03,IK10,ict,0.697,0.85,none,0,4.2,1
E-005413,IK-02-00671,IK-10-01976,IK02,IK10,telecom,0.525,1.08,none,0,13.0,0
E-005414,IK-01-00078,IK-10-01977,IK01,IK10,electricity,0.336,0.0,partial,0,8.1,0
E-005415,IK-01-00071,IK-10-01977,IK01,IK10,electricity,0.336,0.0,partial,0,5.8,0
E-005416,IK-03-00804,IK-10-01977,IK03,IK10,ict,0.676,0.5,none,0,9.5,1
E-005417,IK-02-00673,IK-10-01977,IK02,IK10,telecom,0.444,0.79,none,0,12.5,0
E-005418,IK-01-00161,IK-10-01978,IK01,IK10,electricity,0.393,0.0,partial,0,8.0,0
E-005419,IK-01-00144,IK-10-01978,IK01,IK10,electricity,0.393,0.0,partial,0,14.4,0
E-005420,IK-03-00710,IK-10-01978,IK03,IK10,ict,0.4,0.6,full,0,9.3,1
E-005421,IK-03-00733,IK-10-01978,IK03,IK10,ict,0.4,0.91,full,0,8.8,1
E-005422,IK-02-00466,IK-10-01978,IK02,IK10,telecom,0.539,0.97,none,0,10.2,1
E-005423,IK-01-00229,IK-10-01979,IK01,IK10,electricity,0.385,0.0,partial,0,7.3,0
E-005424,IK-01-00152,IK-10-01979,IK01,IK10,electricity,0.385,0.0,partial,0,13.9,0
E-005425,IK-03-00737,IK-10-01979,IK03,IK10,ict,0.613,0.77,none,0,1.0,0
E-005426,IK-02-00527,IK-10-01979,IK02,IK10,telecom,0.56,0.78,none,0,5.7,1
E-005427,IK-01-00069,IK-10-01980,IK01,IK10,electricity,0.704,0.0,none,0,14.7,1
E-005428,IK-03-00745,IK-10-01980,IK03,IK10,ict,0.671,0.72,none,0,11.4,0
E-005429,IK-02-00643,IK-10-01980,IK02,IK10,telecom,0.432,0.63,none,0,6.9,0
E-005430,IK-01-00193,IK-10-01981,IK01,IK10,electricity,0.352,0.0,full,0,5.7,1
E-005431,IK-01-00217,IK-10-01981,IK01,IK10,electricity,0.352,0.0,full,0,4.3,0
E-005432,IK-03-00807,IK-10-01981,IK03,IK10,ict,0.776,0.5,none,0,12.8,1
E-005433,IK-02-00455,IK-10-01981,IK02,IK10,telecom,0.482,0.91,none,0,6.3,0
E-005434,IK-01-00190,IK-10-01982,IK01,IK10,electricity,0.42,0.0,partial,0,7.1,0
E-005435,IK-01-00192,IK-10-01982,IK01,IK10,electricity,0.42,0.0,partial,0,5.4,1
E-005436,IK-03-00704,IK-10-01982,IK03,IK10,ict,0.718,0.69,none,0,12.6,1
E-005437,IK-02-00585,IK-10-01982,IK02,IK10,telecom,0.511,0.54,none,0,7.0,0
E-005438,IK-01-00094,IK-10-01983,IK01,IK10,electricity,0.389,0.0,full,0,1.0,1
E-005439,IK-01-00124,IK-10-01983,IK01,IK10,electricity,0.389,0.0,full,0,9.7,0
E-005440,IK-03-00781,IK-10-01983,IK03,IK10,ict,0.665,0.83,none,0,13.6,1
E-005441,IK-02-00625,IK-10-01983,IK02,IK10,telecom,0.223,0.96,partial,0,13.6,1
E-005442,IK-02-00474,IK-10-01983,IK02,IK10,telecom,0.223,1.07,partial,0,2.8,0
E-005443,IK-01-00234,IK-10-01984,IK01,IK10,electricity,0.803,0.0,none,0,7.9,0
E-005444,IK-03-00786,IK-10-01984,IK03,IK10,ict,0.346,0.92,partial,0,9.6,0
E-005445,IK-03-00697,IK-10-01984,IK03,IK10,ict,0.346,0.56,partial,0,6.7,0
E-005446,IK-02-00602,IK-10-01984,IK02,IK10,telecom,0.478,0.6,none,0,9.5,1
E-005447,IK-01-00173,IK-10-01985,IK01,IK10,electricity,0.805,0.0,none,0,8.4,0
E-005448,IK-03-00805,IK-10-01985,IK03,IK10,ict,0.367,0.85,partial,0,8.5,0
E-005449,IK-03-00778,IK-10-01985,IK03,IK10,ict,0.367,0.79,partial,0,1.0,0
E-005450,IK-02-00646,IK-10-01985,IK02,IK10,telecom,0.469,0.7,none,0,11.5,0
E-005451,IK-01-00235,IK-10-01986,IK01,IK10,electricity,0.76,0.0,none,0,7.9,1
E-005452,IK-03-00754,IK-10-01986,IK03,IK10,ict,0.332,0.77,partial,0,1.7,0
E-005453,IK-03-00769,IK-10-01986,IK03,IK10,ict,0.332,0.96,partial,0,7.8,1
E-005454,IK-02-00642,IK-10-01986,IK02,IK10,telecom,0.511,1.1,none,0,3.4,0
E-005455,IK-01-00065,IK-10-01987,IK01,IK10,electricity,0.664,0.0,none,0,8.2,1
E-005456,IK-03-00741,IK-10-01987,IK03,IK10,ict,0.687,0.85,none,0,5.7,0
E-005457,IK-02-00490,IK-10-01987,IK02,IK10,telecom,0.427,0.72,none,0,15.7,0
E-005458,IK-01-00215,IK-10-01988,IK01,IK10,electricity,0.334,0.0,full,0,9.8,1
E-005459,IK-01-00234,IK-10-01988,IK01,IK10,electricity,0.334,0.0,full,0,6.3,1
E-005460,IK-03-00744,IK-10-01988,IK03,IK10,ict,0.396,0.71,partial,0,4.0,0
E-005461,IK-03-00734,IK-10-01988,IK03,IK10,ict,0.396,0.88,partial,0,1.0,1
E-005462,IK-02-00470,IK-10-01988,IK02,IK10,telecom,0.249,0.72,partial,0,3.6,1
E-005463,IK-02-00599,IK-10-01988,IK02,IK10,telecom,0.249,1.06,partial,0,3.8,0
E-005464,IK-01-00206,IK-10-01989,IK01,IK10,electricity,0.385,0.0,partial,0,9.8,0
E-005465,IK-01-00175,IK-10-01989,IK01,IK10,electricity,0.385,0.0,partial,0,3.1,0
E-005466,IK-03-00801,IK-10-01989,IK03,IK10,ict,0.384,0.8,partial,0,10.0,1
E-005467,IK-03-00686,IK-10-01989,IK03,IK10,ict,0.384,0.92,partial,0,4.4,0
E-005468,IK-02-00454,IK-10-01989,IK02,IK10,telecom,0.455,0.79,none,0,11.6,0
E-005469,IK-01-00088,IK-10-01990,IK01,IK10,electricity,0.866,0.0,none,0,13.4,1
E-005470,IK-03-00765,IK-10-01990,IK03,IK10,ict,0.335,1.06,partial,0,9.9,1
E-005471,IK-03-00748,IK-10-01990,IK03,IK10,ict,0.335,0.76,partial,0,9.9,1
E-005472,IK-02-00671,IK-10-01990,IK02,IK10,telecom,0.518,0.54,none,0,10.7,0
E-005473,IK-01-00199,IK-10-01991,IK01,IK10,electricity,0.398,0.0,partial,0,1.0,0
E-005474,IK-01-00187,IK-10-01991,IK01,IK10,electricity,0.398,0.0,partial,0,8.3,0
E-005475,IK-03-00698,IK-10-01991,IK03,IK10,ict,0.339,0.66,partial,0,1.8,0
E-005476,IK-03-00789,IK-10-01991,IK03,IK10,ict,0.339,0.58,partial,0,8.8,0
E-005477,IK-02-00427,IK-10-01991,IK02,IK10,telecom,0.473,0.93,none,0,13.3,1
E-005478,IK-01-00167,IK-10-01992,IK01,IK10,electricity,0.777,0.0,none,0,8.4,0
E-005479,IK-03-00768,IK-10-01992,IK03,IK10,ict,0.806,0.51,none,0,1.0,0
E-005480,IK-02-00616,IK-10-01992,IK02,IK10,telecom,0.53,0.93,none,0,5.8,1
E-005481,IK-01-00087,IK-10-01993,IK01,IK10,electricity,0.714,0.0,none,0,6.2,1
E-005482,IK-03-00700,IK-10-01993,IK03,IK10,ict,0.338,0.72,partial,0,6.1,0
E-005483,IK-03-00759,IK-10-01993,IK03,IK10,ict,0.338,1.08,partial,0,6.1,0
E-005484,IK-02-00445,IK-10-01993,IK02,IK10,telecom,0.238,0.52,partial,0,1.0,0
E-005485,IK-02-00532,IK-10-01993,IK02,IK10,telecom,0.238,0.63,partial,0,12.4,0
E-005486,IK-01-00079,IK-10-01994,IK01,IK10,electricity,0.377,0.0,partial,0,8.4,1
E-005487,IK-01-00046,IK-10-01994,IK01,IK10,electricity,0.377,0.0,partial,0,13.2,1
E-005488,IK-03-00685,IK-10-01994,IK03,IK10,ict,0.763,0.66,none,0,11.5,0
E-005489,IK-02-00639,IK-10-01994,IK02,IK10,telecom,0.501,0.73,none,0,9.8,1
E-005490,IK-01-00166,IK-10-01995,IK01,IK10,electricity,0.67,0.0,none,0,6.8,1
E-005491,IK-03-00731,IK-10-01995,IK03,IK10,ict,0.311,1.07,partial,0,7.8,1
E-005492,IK-03-00705,IK-10-01995,IK03,IK10,ict,0.311,0.78,partial,0,9.6,0
E-005493,IK-02-00423,IK-10-01995,IK02,IK10,telecom,0.274,0.52,partial,0,9.7,0
E-005494,IK-02-00612,IK-10-01995,IK02,IK10,telecom,0.274,0.51,partial,0,4.7,0
E-005495,IK-01-00060,IK-10-01996,IK01,IK10,electricity,0.702,0.0,none,0,4.8,0
E-005496,IK-03-00768,IK-10-01996,IK03,IK10,ict,0.337,0.69,partial,0,9.2,1
E-005497,IK-03-00772,IK-10-01996,IK03,IK10,ict,0.337,0.57,partial,0,9.5,0
E-005498,IK-02-00644,IK-10-01996,IK02,IK10,telecom,0.551,0.82,none,0,4.8,1
E-005499,IK-01-00160,IK-10-01997,IK01,IK10,electricity,0.757,0.0,none,0,7.8,1
E-005500,IK-03-00758,IK-10-01997,IK03,IK10,ict,0.753,0.72,none,0,18.4,1
E-005501,IK-02-00674,IK-10-01997,IK02,IK10,telecom,0.224,0.72,partial,0,12.4,0
E-005502,IK-02-00539,IK-10-01997,IK02,IK10,telecom,0.224,0.94,partial,0,18.1,0
E-005503,IK-01-00117,IK-10-01998,IK01,IK10,electricity,0.82,0.0,none,0,2.6,0
E-005504,IK-03-00683,IK-10-01998,IK03,IK10,ict,0.755,0.67,none,0,3.4,0
E-005505,IK-02-00477,IK-10-01998,IK02,IK10,telecom,0.259,0.72,partial,0,7.8,0
E-005506,IK-02-00632,IK-10-01998,IK02,IK10,telecom,0.259,0.9,partial,0,5.8,0
E-005507,IK-01-00232,IK-10-01999,IK01,IK10,electricity,0.854,0.0,none,0,12.3,0
E-005508,IK-03-00808,IK-10-01999,IK03,IK10,ict,0.351,0.6,partial,0,6.1,1
E-005509,IK-03-00803,IK-10-01999,IK03,IK10,ict,0.351,0.92,partial,0,9.1,1
E-005510,IK-02-00677,IK-10-01999,IK02,IK10,telecom,0.464,0.63,none,0,5.0,1
E-005511,IK-01-00128,IK-10-02000,IK01,IK10,electricity,0.669,0.0,none,0,11.0,0
E-005512,IK-03-00758,IK-10-02000,IK03,IK10,ict,0.677,0.51,none,0,8.3,1
E-005513,IK-02-00451,IK-10-02000,IK02,IK10,telecom,0.537,1.05,none,0,10.9,0
E-005514,IK-01-00082,IK-10-02001,IK01,IK10,electricity,0.858,0.0,none,0,6.2,1
E-005515,IK-03-00795,IK-10-02001,IK03,IK10,ict,0.617,0.71,none,0,7.2,0
E-005516,IK-02-00509,IK-10-02001,IK02,IK10,telecom,0.221,1.0,partial,0,7.4,0
E-005517,IK-02-00572,IK-10-02001,IK02,IK10,telecom,0.221,0.96,partial,0,6.0,1
E-005518,IK-01-00224,IK-10-02002,IK01,IK10,electricity,0.43,0.0,partial,0,10.2,1
E-005519,IK-01-00088,IK-10-02002,IK01,IK10,electricity,0.43,0.0,partial,0,9.1,0
E-005520,IK-03-00765,IK-10-02002,IK03,IK10,ict,0.78,0.88,none,0,11.9,0
E-005521,IK-02-00458,IK-10-02002,IK02,IK10,telecom,0.529,0.77,none,0,6.6,0
E-005522,IK-01-00130,IK-10-02003,IK01,IK10,electricity,0.408,0.0,partial,0,15.2,0
E-005523,IK-01-00062,IK-10-02003,IK01,IK10,electricity,0.408,0.0,partial,0,1.0,0
E-005524,IK-03-00724,IK-10-02003,IK03,IK10,ict,0.31,1.06,partial,0,2.3,0
E-005525,IK-03-00779,IK-10-02003,IK03,IK10,ict,0.31,0.85,partial,0,9.0,0
E-005526,IK-02-00559,IK-10-02003,IK02,IK10,telecom,0.487,0.85,none,0,7.9,1
E-005527,IK-01-00168,IK-10-02004,IK01,IK10,electricity,0.34,0.0,partial,0,5.8,0
E-005528,IK-01-00238,IK-10-02004,IK01,IK10,electricity,0.34,0.0,partial,0,3.3,0
E-005529,IK-03-00830,IK-10-02004,IK03,IK10,ict,0.355,0.89,partial,0,12.6,1
E-005530,IK-03-00804,IK-10-02004,IK03,IK10,ict,0.355,0.63,partial,0,4.7,0
E-005531,IK-02-00577,IK-10-02004,IK02,IK10,telecom,0.217,0.98,partial,0,12.0,1
E-005532,IK-02-00572,IK-10-02004,IK02,IK10,telecom,0.217,0.68,partial,0,8.9,0
E-005533,IK-01-00103,IK-10-02005,IK01,IK10,electricity,0.728,0.0,none,0,4.8,0
E-005534,IK-03-00706,IK-10-02005,IK03,IK10,ict,0.681,0.85,none,0,8.3,1
E-005535,IK-02-00506,IK-10-02005,IK02,IK10,telecom,0.546,1.01,none,0,14.3,1
E-005536,IK-01-00118,IK-10-02006,IK01,IK10,electricity,0.363,0.0,partial,0,5.1,1
E-005537,IK-01-00116,IK-10-02006,IK01,IK10,electricity,0.363,0.0,partial,0,6.8,0
E-005538,IK-03-00811,IK-10-02006,IK03,IK10,ict,0.757,0.96,none,0,10.3,0
E-005539,IK-02-00613,IK-10-02006,IK02,IK10,telecom,0.224,0.8,partial,0,6.4,1
E-005540,IK-02-00511,IK-10-02006,IK02,IK10,telecom,0.224,0.83,partial,0,6.9,1
E-005541,IK-01-00110,IK-10-02007,IK01,IK10,electricity,0.435,0.0,partial,0,10.3,1
E-005542,IK-01-00113,IK-10-02007,IK01,IK10,electricity,0.435,0.0,partial,0,1.0,1
E-005543,IK-03-00689,IK-10-02007,IK03,IK10,ict,0.716,0.99,none,0,3.6,0
E-005544,IK-02-00626,IK-10-02007,IK02,IK10,telecom,0.266,0.88,partial,0,3.2,0
E-005545,IK-02-00533,IK-10-02007,IK02,IK10,telecom,0.266,0.76,partial,0,7.7,0
E-005546,IK-01-00156,IK-10-02008,IK01,IK10,electricity,0.396,0.0,partial,0,5.9,1
E-005547,IK-01-00087,IK-10-02008,IK01,IK10,electricity,0.396,0.0,partial,0,12.3,0
E-005548,IK-03-00790,IK-10-02008,IK03,IK10,ict,0.386,0.7,partial,0,10.9,0
E-005549,IK-03-00711,IK-10-02008,IK03,IK10,ict,0.386,0.55,partial,0,4.1,0
E-005550,IK-02-00438,IK-10-02008,IK02,IK10,telecom,0.533,0.75,none,0,4.6,1
E-005551,IK-01-00195,IK-10-02009,IK01,IK10,electricity,0.838,0.0,none,0,4.4,1
E-005552,IK-03-00778,IK-10-02009,IK03,IK10,ict,0.742,0.71,none,0,5.9,0
E-005553,IK-02-00646,IK-10-02009,IK02,IK10,telecom,0.517,0.81,none,0,11.4,0
E-005554,IK-01-00154,IK-10-02010,IK01,IK10,electricity,0.339,0.0,partial,0,12.8,0
E-005555,IK-01-00159,IK-10-02010,IK01,IK10,electricity,0.339,0.0,partial,0,2.3,0
E-005556,IK-03-00795,IK-10-02010,IK03,IK10,ict,0.374,0.98,partial,0,9.3,0
E-005557,IK-03-00810,IK-10-02010,IK03,IK10,ict,0.374,1.0,partial,0,8.4,1
E-005558,IK-02-00619,IK-10-02010,IK02,IK10,telecom,0.555,0.79,none,0,8.1,1
E-005559,IK-01-00199,IK-10-02011,IK01,IK10,electricity,0.398,0.0,partial,0,5.4,0
E-005560,IK-01-00177,IK-10-02011,IK01,IK10,electricity,0.398,0.0,partial,0,9.0,1
E-005561,IK-03-00698,IK-10-02011,IK03,IK10,ict,0.334,0.95,partial,0,6.1,0
E-005562,IK-03-00789,IK-10-02011,IK03,IK10,ict,0.334,0.69,partial,0,12.7,0
E-005563,IK-02-00427,IK-10-02011,IK02,IK10,telecom,0.268,0.64,partial,0,8.4,0
E-005564,IK-02-00467,IK-10-02011,IK02,IK10,telecom,0.268,0.81,partial,0,9.4,0
E-005565,IK-01-00057,IK-10-02012,IK01,IK10,electricity,0.672,0.0,none,0,4.4,1
E-005566,IK-03-00797,IK-10-02012,IK03,IK10,ict,0.772,0.55,none,0,4.9,0
E-005567,IK-02-00601,IK-10-02012,IK02,IK10,telecom,0.247,0.61,partial,0,1.9,0
E-005568,IK-02-00653,IK-10-02012,IK02,IK10,telecom,0.247,1.08,partial,0,2.1,1
E-005569,IK-01-00057,IK-10-02013,IK01,IK10,electricity,0.374,0.0,partial,0,11.0,0
E-005570,IK-01-00137,IK-10-02013,IK01,IK10,electricity,0.374,0.0,partial,0,1.0,1
E-005571,IK-03-00815,IK-10-02013,IK03,IK10,ict,0.774,0.84,none,0,7.2,0
E-005572,IK-02-00653,IK-10-02013,IK02,IK10,telecom,0.254,0.55,partial,0,6.3,1
E-005573,IK-02-00601,IK-10-02013,IK02,IK10,telecom,0.254,0.87,partial,0,2.8,1
E-005574,IK-01-00049,IK-10-02014,IK01,IK10,electricity,0.851,0.0,none,0,12.3,0
E-005575,IK-03-00764,IK-10-02014,IK03,IK10,ict,0.62,0.95,none,0,15.7,0
E-005576,IK-02-00462,IK-10-02014,IK02,IK10,telecom,0.232,0.6,partial,0,11.9,0
E-005577,IK-02-00670,IK-10-02014,IK02,IK10,telecom,0.232,0.61,partial,0,11.9,0
E-005578,IK-01-00074,IK-10-02015,IK01,IK10,electricity,0.374,0.0,partial,0,4.1,0
E-005579,IK-01-00117,IK-10-02015,IK01,IK10,electricity,0.374,0.0,partial,0,15.9,1
E-005580,IK-03-00683,IK-10-02015,IK03,IK10,ict,0.375,0.95,partial,0,5.8,0
E-005581,IK-03-00705,IK-10-02015,IK03,IK10,ict,0.375,0.62,partial,0,3.2,0
E-005582,IK-02-00477,IK-10-02015,IK02,IK10,telecom,0.489,0.73,none,0,2.6,1
E-005583,IK-01-00222,IK-10-02016,IK01,IK10,electricity,0.387,0.0,partial,0,13.4,0
E-005584,IK-01-00053,IK-10-02016,IK01,IK10,electricity,0.387,0.0,partial,0,8.4,0
E-005585,IK-03-00713,IK-10-02016,IK03,IK10,ict,0.683,1.07,none,0,8.0,1
E-005586,IK-02-00475,IK-10-02016,IK02,IK10,telecom,0.448,1.02,none,0,9.6,1
E-005587,IK-01-00218,IK-10-02017,IK01,IK10,electricity,0.842,0.0,none,0,9.0,0
E-005588,IK-03-00740,IK-10-02017,IK03,IK10,ict,0.38,0.96,partial,0,8.4,0
E-005589,IK-03-00742,IK-10-02017,IK03,IK10,ict,0.38,0.62,partial,0,9.0,1
E-005590,IK-02-00568,IK-10-02017,IK02,IK10,telecom,0.482,0.62,none,0,3.5,0
E-005591,IK-01-00168,IK-10-02018,IK01,IK10,electricity,0.831,0.0,none,0,17.4,0
E-005592,IK-03-00830,IK-10-02018,IK03,IK10,ict,0.637,0.59,none,0,7.7,1
E-005593,IK-02-00572,IK-10-02018,IK02,IK10,telecom,0.466,0.87,none,0,8.4,0
E-005594,IK-01-00117,IK-10-02019,IK01,IK10,electricity,0.362,0.0,partial,0,8.4,0
E-005595,IK-01-00074,IK-10-02019,IK01,IK10,electricity,0.362,0.0,partial,0,6.6,0
E-005596,IK-03-00683,IK-10-02019,IK03,IK10,ict,0.73,0.74,none,0,8.1,0
E-005597,IK-02-00477,IK-10-02019,IK02,IK10,telecom,0.48,0.96,none,0,1.2,0
E-005598,IK-01-00058,IK-10-02020,IK01,IK10,electricity,0.87,0.0,none,0,8.9,1
E-005599,IK-03-00738,IK-10-02020,IK03,IK10,ict,0.732,0.57,none,0,8.0,1
E-005600,IK-02-00648,IK-10-02020,IK02,IK10,telecom,0.461,0.61,none,0,9.1,1
E-005601,IK-01-00068,IK-10-02021,IK01,IK10,electricity,0.816,0.0,none,0,9.7,0
E-005602,IK-03-00781,IK-10-02021,IK03,IK10,ict,0.728,0.79,none,0,5.8,1
E-005603,IK-02-00625,IK-10-02021,IK02,IK10,telecom,0.452,0.93,none,0,13.9,0
E-005604,IK-01-00118,IK-10-02022,IK01,IK10,electricity,0.748,0.0,none,0,10.8,0
E-005605,IK-03-00811,IK-10-02022,IK03,IK10,ict,0.377,0.91,partial,0,8.1,0
E-005606,IK-03-00696,IK-10-02022,IK03,IK10,ict,0.377,0.82,partial,0,1.0,1
E-005607,IK-02-00613,IK-10-02022,IK02,IK10,telecom,0.552,0.66,none,0,2.5,0
E-005608,IK-01-00220,IK-10-02023,IK01,IK10,electricity,0.435,0.0,partial,0,8.6,0
E-005609,IK-01-00133,IK-10-02023,IK01,IK10,electricity,0.435,0.0,partial,0,3.5,1
E-005610,IK-03-00757,IK-10-02023,IK03,IK10,ict,0.393,0.85,partial,0,10.1,0
E-005611,IK-03-00777,IK-10-02023,IK03,IK10,ict,0.393,0.77,partial,0,9.9,1
E-005612,IK-02-00512,IK-10-02023,IK02,IK10,telecom,0.477,0.74,none,0,8.5,0
E-005613,IK-01-00135,IK-10-02024,IK01,IK10,electricity,0.43,0.0,partial,0,10.0,1
E-005614,IK-01-00142,IK-10-02024,IK01,IK10,electricity,0.43,0.0,partial,0,13.5,1
E-005615,IK-03-00783,IK-10-02024,IK03,IK10,ict,0.776,0.97,none,0,7.6,1
E-005616,IK-02-00433,IK-10-02024,IK02,IK10,telecom,0.24,0.98,partial,0,6.3,1
E-005617,IK-02-00661,IK-10-02024,IK02,IK10,telecom,0.24,0.54,partial,0,13.8,1
E-005618,IK-01-00215,IK-10-02025,IK01,IK10,electricity,0.715,0.0,none,0,12.4,0
E-005619,IK-03-00779,IK-10-02025,IK03,IK10,ict,0.784,1.01,none,0,10.2,1
E-005620,IK-02-00669,IK-10-02025,IK02,IK10,telecom,0.514,1.05,none,0,12.1,0
E-005621,IK-01-00207,IK-10-02026,IK01,IK10,electricity,0.719,0.0,none,0,3.4,1
E-005622,IK-03-00791,IK-10-02026,IK03,IK10,ict,0.664,0.53,none,0,2.8,1
E-005623,IK-02-00485,IK-10-02026,IK02,IK10,telecom,0.46,1.01,none,0,10.7,1
E-005624,IK-01-00096,IK-10-02027,IK01,IK10,electricity,0.721,0.0,none,0,8.8,0
E-005625,IK-03-00729,IK-10-02027,IK03,IK10,ict,0.736,0.55,none,0,5.5,1
E-005626,IK-02-00558,IK-10-02027,IK02,IK10,telecom,0.522,0.67,none,0,1.0,0
E-005627,IK-01-00185,IK-10-02028,IK01,IK10,electricity,0.818,0.0,none,0,8.9,0
E-005628,IK-03-00765,IK-10-02028,IK03,IK10,ict,0.373,0.76,partial,0,3.5,0
E-005629,IK-03-00773,IK-10-02028,IK03,IK10,ict,0.373,0.5,partial,0,8.5,0
E-005630,IK-02-00458,IK-10-02028,IK02,IK10,telecom,0.46,0.98,none,0,6.6,0
E-005631,IK-01-00115,IK-10-02029,IK01,IK10,electricity,0.343,0.0,partial,0,11.9,0
E-005632,IK-01-00200,IK-10-02029,IK01,IK10,electricity,0.343,0.0,partial,0,8.3,0
E-005633,IK-03-00681,IK-10-02029,IK03,IK10,ict,0.327,0.86,partial,0,6.2,1
E-005634,IK-03-00756,IK-10-02029,IK03,IK10,ict,0.327,0.64,partial,0,5.7,0
E-005635,IK-02-00502,IK-10-02029,IK02,IK10,telecom,0.549,0.7,none,0,5.7,0
E-005636,IK-01-00060,IK-10-02030,IK01,IK10,electricity,0.777,0.0,none,0,2.9,0
E-005637,IK-03-00768,IK-10-02030,IK03,IK10,ict,0.666,0.7,none,0,5.3,0
E-005638,IK-02-00616,IK-10-02030,IK02,IK10,telecom,0.524,1.01,none,0,7.3,0
E-005639,IK-01-00115,IK-10-02031,IK01,IK10,electricity,0.335,0.0,partial,0,2.4,0
E-005640,IK-01-00200,IK-10-02031,IK01,IK10,electricity,0.335,0.0,partial,0,12.2,0
E-005641,IK-03-00681,IK-10-02031,IK03,IK10,ict,0.381,0.71,partial,0,4.1,0
E-005642,IK-03-00756,IK-10-02031,IK03,IK10,ict,0.381,0.81,partial,0,8.8,1
E-005643,IK-02-00502,IK-10-02031,IK02,IK10,telecom,0.275,1.02,partial,0,11.2,0
E-005644,IK-02-00484,IK-10-02031,IK02,IK10,telecom,0.275,0.56,partial,0,7.6,1
E-005645,IK-01-00173,IK-10-02032,IK01,IK10,electricity,0.814,0.0,none,0,4.4,1
E-005646,IK-03-00805,IK-10-02032,IK03,IK10,ict,0.722,1.05,none,0,5.4,1
E-005647,IK-02-00646,IK-10-02032,IK02,IK10,telecom,0.535,0.55,none,0,9.7,1
E-005648,IK-01-00071,IK-10-02033,IK01,IK10,electricity,0.764,0.0,none,0,8.5,1
E-005649,IK-03-00804,IK-10-02033,IK03,IK10,ict,0.341,1.08,partial,0,16.3,0
E-005650,IK-03-00727,IK-10-02033,IK03,IK10,ict,0.341,1.05,partial,0,9.4,0
E-005651,IK-02-00590,IK-10-02033,IK02,IK10,telecom,0.263,1.09,partial,0,1.5,0
E-005652,IK-02-00673,IK-10-02033,IK02,IK10,telecom,0.263,0.5,partial,0,7.9,0
E-005653,IK-01-00061,IK-10-02034,IK01,IK10,electricity,0.374,0.0,partial,0,11.8,0
E-005654,IK-01-00184,IK-10-02034,IK01,IK10,electricity,0.374,0.0,partial,0,3.2,0
E-005655,IK-03-00776,IK-10-02034,IK03,IK10,ict,0.371,1.0,partial,0,5.0,0
E-005656,IK-03-00684,IK-10-02034,IK03,IK10,ict,0.371,0.7,partial,0,7.9,0
E-005657,IK-02-00448,IK-10-02034,IK02,IK10,telecom,0.488,0.78,none,0,12.4,0
E-005658,IK-01-00218,IK-10-02035,IK01,IK10,electricity,0.383,0.0,partial,0,10.9,0
E-005659,IK-01-00047,IK-10-02035,IK01,IK10,electricity,0.383,0.0,partial,0,13.4,0
E-005660,IK-03-00750,IK-10-02035,IK03,IK10,ict,0.744,0.66,none,0,7.2,0
E-005661,IK-02-00478,IK-10-02035,IK02,IK10,telecom,0.265,0.87,partial,0,10.6,0
E-005662,IK-02-00605,IK-10-02035,IK02,IK10,telecom,0.265,0.58,partial,0,3.1,0
E-005663,IK-01-00198,IK-10-02036,IK01,IK10,electricity,0.429,0.0,partial,0,8.3,1
E-005664,IK-01-00047,IK-10-02036,IK01,IK10,electricity,0.429,0.0,partial,0,6.2,1
E-005665,IK-03-00785,IK-10-02036,IK03,IK10,ict,0.661,0.84,none,0,3.9,0
E-005666,IK-02-00536,IK-10-02036,IK02,IK10,telecom,0.493,0.59,none,0,3.3,1
E-005667,IK-01-00096,IK-10-02037,IK01,IK10,electricity,0.833,0.0,none,0,4.5,0
E-005668,IK-03-00736,IK-10-02037,IK03,IK10,ict,0.314,1.0,full,0,9.1,0
E-005669,IK-03-00722,IK-10-02037,IK03,IK10,ict,0.314,0.62,full,0,12.1,0
E-005670,IK-02-00665,IK-10-02037,IK02,IK10,telecom,0.254,0.84,full,0,9.3,0
E-005671,IK-02-00516,IK-10-02037,IK02,IK10,telecom,0.254,1.1,full,0,1.0,1
E-005672,IK-01-00228,IK-10-02038,IK01,IK10,electricity,0.413,0.0,partial,0,9.4,0
E-005673,IK-01-00161,IK-10-02038,IK01,IK10,electricity,0.413,0.0,partial,0,5.7,0
E-005674,IK-03-00733,IK-10-02038,IK03,IK10,ict,0.344,0.55,partial,0,5.9,0
E-005675,IK-03-00746,IK-10-02038,IK03,IK10,ict,0.344,0.61,partial,0,9.9,0
E-005676,IK-02-00428,IK-10-02038,IK02,IK10,telecom,0.556,0.95,none,0,9.3,0
E-005677,IK-01-00186,IK-10-02039,IK01,IK10,electricity,0.409,0.0,partial,0,5.6,0
E-005678,IK-01-00236,IK-10-02039,IK01,IK10,electricity,0.409,0.0,partial,0,9.1,1
E-005679,IK-03-00799,IK-10-02039,IK03,IK10,ict,0.367,1.0,partial,0,1.0,0
E-005680,IK-03-00815,IK-10-02039,IK03,IK10,ict,0.367,0.9,partial,0,10.5,1
E-005681,IK-02-00515,IK-10-02039,IK02,IK10,telecom,0.427,0.73,none,0,14.8,1
E-005682,IK-01-00071,IK-10-02040,IK01,IK10,electricity,0.37,0.0,partial,0,6.0,0
E-005683,IK-01-00198,IK-10-02040,IK01,IK10,electricity,0.37,0.0,partial,0,11.7,0
E-005684,IK-03-00804,IK-10-02040,IK03,IK10,ict,0.34,0.76,partial,0,13.1,0
E-005685,IK-03-00830,IK-10-02040,IK03,IK10,ict,0.34,0.91,partial,0,8.8,1
E-005686,IK-02-00590,IK-10-02040,IK02,IK10,telecom,0.539,0.88,none,0,14.0,0
E-005687,IK-01-00231,IK-10-02041,IK01,IK10,electricity,0.829,0.0,none,0,11.2,0
E-005688,IK-03-00818,IK-10-02041,IK03,IK10,ict,0.308,0.96,partial,0,12.0,0
E-005689,IK-03-00725,IK-10-02041,IK03,IK10,ict,0.308,0.95,partial,0,9.6,1
E-005690,IK-02-00483,IK-10-02041,IK02,IK10,telecom,0.49,0.94,none,0,6.3,0
E-005691,IK-01-00119,IK-10-02042,IK01,IK10,electricity,0.728,0.0,none,0,5.9,1
E-005692,IK-03-00695,IK-10-02042,IK03,IK10,ict,0.341,0.72,partial,0,11.2,0
E-005693,IK-03-00749,IK-10-02042,IK03,IK10,ict,0.341,1.02,partial,0,13.0,0
E-005694,IK-02-00465,IK-10-02042,IK02,IK10,telecom,0.458,0.57,none,0,9.3,1
E-005695,IK-01-00145,IK-10-02043,IK01,IK10,electricity,0.672,0.0,none,0,10.1,0
E-005696,IK-03-00684,IK-10-02043,IK03,IK10,ict,0.735,0.76,none,0,5.2,1
E-005697,IK-02-00501,IK-10-02043,IK02,IK10,telecom,0.477,1.0,none,0,7.8,1
E-005698,IK-01-00099,IK-10-02044,IK01,IK10,electricity,0.679,0.0,none,0,12.1,0
E-005699,IK-03-00700,IK-10-02044,IK03,IK10,ict,0.364,0.83,partial,0,11.1,0
E-005700,IK-03-00759,IK-10-02044,IK03,IK10,ict,0.364,0.58,partial,0,8.5,1
E-005701,IK-02-00532,IK-10-02044,IK02,IK10,telecom,0.447,0.98,none,0,9.0,0
E-005702,IK-01-00044,IK-10-02045,IK01,IK10,electricity,0.738,0.0,none,0,3.4,0
E-005703,IK-03-00814,IK-10-02045,IK03,IK10,ict,0.665,0.69,none,0,7.3,1
E-005704,IK-02-00663,IK-10-02045,IK02,IK10,telecom,0.557,1.07,none,0,7.6,0
E-005705,IK-01-00160,IK-10-02046,IK01,IK10,electricity,0.4,0.0,partial,0,6.2,0
E-005706,IK-01-00052,IK-10-02046,IK01,IK10,electricity,0.4,0.0,partial,0,11.3,0
E-005707,IK-03-00758,IK-10-02046,IK03,IK10,ict,0.366,0.68,partial,0,7.8,0
E-005708,IK-03-00828,IK-10-02046,IK03,IK10,ict,0.366,0.56,partial,0,6.6,0
E-005709,IK-02-00539,IK-10-02046,IK02,IK10,telecom,0.49,0.93,none,0,5.0,0
E-005710,IK-01-00044,IK-11-02047,IK01,IK11,electricity,0.405,0.0,partial,0,8.4,0
E-005711,IK-01-00086,IK-11-02047,IK01,IK11,electricity,0.405,0.0,partial,0,4.6,0
E-005712,IK-06-01222,IK-11-02047,IK06,IK11,water,0.485,2.08,none,0,6.6,0
E-005713,IK-01-00205,IK-11-02048,IK01,IK11,electricity,0.793,0.0,none,0,8.4,0
E-005714,IK-06-01146,IK-11-02048,IK06,IK11,water,0.43,2.0,none,0,8.3,1
E-005715,IK-01-00122,IK-11-02049,IK01,IK11,electricity,0.38,0.0,partial,0,10.9,1
E-005716,IK-01-00222,IK-11-02049,IK01,IK11,electricity,0.38,0.0,partial,0,3.2,0
E-005717,IK-06-01163,IK-11-02049,IK06,IK11,water,0.549,2.0,none,0,5.4,0
E-005718,IK-01-00198,IK-11-02050,IK01,IK11,electricity,0.79,0.0,none,0,6.0,1
E-005719,IK-06-01240,IK-11-02050,IK06,IK11,water,0.47,2.27,none,0,5.3,1
E-005720,IK-01-00182,IK-11-02051,IK01,IK11,electricity,0.418,0.0,full,0,11.6,1
E-005721,IK-01-00232,IK-11-02051,IK01,IK11,electricity,0.418,0.0,full,0,7.0,0
E-005722,IK-06-01132,IK-11-02051,IK06,IK11,water,0.481,2.3,none,0,6.5,0
E-005723,IK-01-00200,IK-11-02052,IK01,IK11,electricity,0.463,0.0,partial,0,12.1,0
E-005724,IK-01-00165,IK-11-02052,IK01,IK11,electricity,0.463,0.0,partial,0,12.3,0
E-005725,IK-06-01095,IK-11-02052,IK06,IK11,water,0.469,2.26,none,0,4.8,0
E-005726,IK-01-00116,IK-11-02053,IK01,IK11,electricity,0.457,0.0,full,0,8.0,0
E-005727,IK-01-00239,IK-11-02053,IK01,IK11,electricity,0.457,0.0,full,0,15.6,1
E-005728,IK-06-01073,IK-11-02053,IK06,IK11,water,0.249,2.34,full,0,4.7,1
E-005729,IK-06-01128,IK-11-02053,IK06,IK11,water,0.249,2.2,full,0,6.2,1
E-005730,IK-01-00224,IK-11-02054,IK01,IK11,electricity,0.81,0.0,none,0,2.8,1
E-005731,IK-06-01176,IK-11-02054,IK06,IK11,water,0.461,2.22,none,0,1.0,0
E-005732,IK-01-00122,IK-11-02055,IK01,IK11,electricity,0.852,0.0,none,0,5.7,0
E-005733,IK-06-01163,IK-11-02055,IK06,IK11,water,0.527,2.52,none,0,6.5,0
E-005734,IK-01-00218,IK-11-02056,IK01,IK11,electricity,0.426,0.0,full,0,7.6,0
E-005735,IK-01-00047,IK-11-02056,IK01,IK11,electricity,0.426,0.0,full,0,4.3,1
E-005736,IK-06-01211,IK-11-02056,IK06,IK11,water,0.227,2.31,partial,0,6.8,0
E-005737,IK-06-01149,IK-11-02056,IK06,IK11,water,0.227,2.07,partial,0,9.0,0
E-005738,IK-01-00231,IK-11-02057,IK01,IK11,electricity,0.392,0.0,partial,0,5.8,0
E-005739,IK-01-00109,IK-11-02057,IK01,IK11,electricity,0.392,0.0,partial,0,6.9,0
E-005740,IK-06-01216,IK-11-02057,IK06,IK11,water,0.553,2.58,none,0,13.6,1
E-005741,IK-01-00073,IK-11-02058,IK01,IK11,electricity,0.97,0.0,none,0,9.0,1
E-005742,IK-06-01218,IK-11-02058,IK06,IK11,water,0.278,2.05,partial,0,6.7,1
E-005743,IK-06-01235,IK-11-02058,IK06,IK11,water,0.278,2.56,partial,0,5.1,0
E-005744,IK-01-00204,IK-11-02059,IK01,IK11,electricity,0.93,0.0,none,0,13.3,1
E-005745,IK-06-01178,IK-11-02059,IK06,IK11,water,0.263,2.0,partial,0,3.6,1
E-005746,IK-06-01225,IK-11-02059,IK06,IK11,water,0.263,2.4,partial,0,11.7,0
E-005747,IK-01-00207,IK-11-02060,IK01,IK11,electricity,0.482,0.0,partial,0,3.3,1
E-005748,IK-01-00180,IK-11-02060,IK01,IK11,electricity,0.482,0.0,partial,0,2.8,1
E-005749,IK-06-01092,IK-11-02060,IK06,IK11,water,0.498,2.47,none,0,7.6,1
E-005750,IK-01-00101,IK-11-02061,IK01,IK11,electricity,0.822,0.0,none,0,13.3,0
E-005751,IK-06-01094,IK-11-02061,IK06,IK11,water,0.218,2.55,full,0,5.6,0
E-005752,IK-06-01069,IK-11-02061,IK06,IK11,water,0.218,2.22,full,0,1.0,0
E-005753,IK-01-00079,IK-11-02062,IK01,IK11,electricity,0.751,0.0,none,0,4.4,0
E-005754,IK-06-01077,IK-11-02062,IK06,IK11,water,0.477,2.12,none,0,3.6,1
E-005755,IK-01-00155,IK-11-02063,IK01,IK11,electricity,0.477,0.0,partial,0,3.3,0
E-005756,IK-01-00057,IK-11-02063,IK01,IK11,electricity,0.477,0.0,partial,0,15.6,1
E-005757,IK-06-01090,IK-11-02063,IK06,IK11,water,0.451,2.33,none,0,6.9,0
E-005758,IK-01-00041,IK-11-02064,IK01,IK11,electricity,0.777,0.0,none,0,8.0,0
E-005759,IK-06-01081,IK-11-02064,IK06,IK11,water,0.432,2.53,none,0,9.2,0
E-005760,IK-01-00135,IK-11-02065,IK01,IK11,electricity,0.476,0.0,partial,0,7.1,1
E-005761,IK-01-00142,IK-11-02065,IK01,IK11,electricity,0.476,0.0,partial,0,10.3,0
E-005762,IK-06-01204,IK-11-02065,IK06,IK11,water,0.49,2.53,none,0,11.5,1
E-005763,IK-01-00119,IK-11-02066,IK01,IK11,electricity,0.824,0.0,none,0,4.7,0
E-005764,IK-06-01172,IK-11-02066,IK06,IK11,water,0.523,2.15,none,0,3.6,0
E-005765,IK-01-00202,IK-11-02067,IK01,IK11,electricity,0.458,0.0,full,0,9.5,0
E-005766,IK-01-00121,IK-11-02067,IK01,IK11,electricity,0.458,0.0,full,0,2.5,0
E-005767,IK-06-01228,IK-11-02067,IK06,IK11,water,0.452,2.31,none,0,10.3,0
E-005768,IK-01-00204,IK-11-02068,IK01,IK11,electricity,0.399,0.0,partial,0,10.7,1
E-005769,IK-01-00132,IK-11-02068,IK01,IK11,electricity,0.399,0.0,partial,0,6.6,0
E-005770,IK-06-01178,IK-11-02068,IK06,IK11,water,0.521,2.4,none,0,5.3,1
E-005771,IK-01-00212,IK-11-02069,IK01,IK11,electricity,0.84,0.0,none,0,5.7,1
E-005772,IK-06-01062,IK-11-02069,IK06,IK11,water,0.222,2.28,partial,0,13.7,1
E-005773,IK-06-01066,IK-11-02069,IK06,IK11,water,0.222,2.6,partial,0,9.1,0
E-005774,IK-01-00174,IK-11-02070,IK01,IK11,electricity,0.447,0.0,full,0,13.9,1
E-005775,IK-01-00056,IK-11-02070,IK01,IK11,electricity,0.447,0.0,full,0,10.1,1
E-005776,IK-06-01105,IK-11-02070,IK06,IK11,water,0.503,2.04,none,0,3.1,0
E-005777,IK-01-00218,IK-11-02071,IK01,IK11,electricity,0.436,0.0,partial,0,2.2,0
E-005778,IK-01-00047,IK-11-02071,IK01,IK11,electricity,0.436,0.0,partial,0,15.3,1
E-005779,IK-06-01147,IK-11-02071,IK06,IK11,water,0.433,2.18,none,0,7.3,1
E-005780,IK-01-00125,IK-11-02072,IK01,IK11,electricity,0.464,0.0,full,0,9.7,0
E-005781,IK-01-00076,IK-11-02072,IK01,IK11,electricity,0.464,0.0,full,0,6.7,0
E-005782,IK-06-01209,IK-11-02072,IK06,IK11,water,0.535,2.09,none,0,6.2,1
E-005783,IK-01-00073,IK-11-02073,IK01,IK11,electricity,0.872,0.0,none,0,9.5,0
E-005784,IK-06-01235,IK-11-02073,IK06,IK11,water,0.548,2.25,none,0,18.3,0
E-005785,IK-01-00058,IK-11-02074,IK01,IK11,electricity,0.83,0.0,none,0,4.6,0
E-005786,IK-06-01134,IK-11-02074,IK06,IK11,water,0.518,2.56,none,0,11.5,0
E-005787,IK-01-00224,IK-11-02075,IK01,IK11,electricity,0.85,0.0,none,0,12.1,0
E-005788,IK-06-01176,IK-11-02075,IK06,IK11,water,0.476,2.03,none,0,18.6,0
E-005789,IK-01-00092,IK-11-02076,IK01,IK11,electricity,0.934,0.0,none,0,11.5,0
E-005790,IK-06-01166,IK-11-02076,IK06,IK11,water,0.444,2.37,none,0,9.2,0
E-005791,IK-01-00150,IK-11-02077,IK01,IK11,electricity,0.956,0.0,none,0,4.1,0
E-005792,IK-06-01194,IK-11-02077,IK06,IK11,water,0.483,2.16,none,0,1.0,0
E-005793,IK-01-00160,IK-11-02078,IK01,IK11,electricity,0.969,0.0,none,0,1.0,0
E-005794,IK-06-01114,IK-11-02078,IK06,IK11,water,0.429,2.31,none,0,6.2,0
E-005795,IK-01-00203,IK-11-02079,IK01,IK11,electricity,0.895,0.0,none,0,6.9,1
E-005796,IK-06-01119,IK-11-02079,IK06,IK11,water,0.503,2.04,none,0,10.0,1
E-005797,IK-01-00167,IK-11-02080,IK01,IK11,electricity,0.968,0.0,none,0,4.8,0
E-005798,IK-06-01145,IK-11-02080,IK06,IK11,water,0.483,2.22,none,0,3.0,0
E-005799,IK-01-00083,IK-11-02081,IK01,IK11,electricity,0.812,0.0,none,0,2.5,1
E-005800,IK-06-01189,IK-11-02081,IK06,IK11,water,0.26,2.52,partial,0,12.8,1
E-005801,IK-06-01109,IK-11-02081,IK06,IK11,water,0.26,2.05,partial,0,3.7,0
E-005802,IK-01-00234,IK-11-02082,IK01,IK11,electricity,0.793,0.0,none,0,7.2,0
E-005803,IK-06-01075,IK-11-02082,IK06,IK11,water,0.213,2.23,partial,0,4.2,0
E-005804,IK-06-01129,IK-11-02082,IK06,IK11,water,0.213,2.02,partial,0,9.2,0
E-005805,IK-01-00060,IK-11-02083,IK01,IK11,electricity,0.898,0.0,none,0,8.4,0
E-005806,IK-06-01079,IK-11-02083,IK06,IK11,water,0.515,2.49,none,0,8.6,1
E-005807,IK-01-00055,IK-11-02084,IK01,IK11,electricity,0.469,0.0,partial,0,1.0,1
E-005808,IK-01-00133,IK-11-02084,IK01,IK11,electricity,0.469,0.0,partial,0,6.7,0
E-005809,IK-06-01180,IK-11-02084,IK06,IK11,water,0.447,2.39,none,0,9.8,0
E-005810,IK-01-00148,IK-11-02085,IK01,IK11,electricity,0.857,0.0,none,0,2.7,0
E-005811,IK-06-01151,IK-11-02085,IK06,IK11,water,0.466,2.19,none,0,14.4,1
E-005812,IK-01-00174,IK-11-02086,IK01,IK11,electricity,0.794,0.0,none,0,9.9,1
E-005813,IK-06-01105,IK-11-02086,IK06,IK11,water,0.437,2.36,none,0,1.0,1
E-005814,IK-01-00129,IK-11-02087,IK01,IK11,electricity,0.917,0.0,none,0,15.9,0
E-005815,IK-06-01125,IK-11-02087,IK06,IK11,water,0.433,2.5,none,0,4.1,0
E-005816,IK-01-00067,IK-11-02088,IK01,IK11,electricity,0.937,0.0,none,0,2.8,0
E-005817,IK-06-01127,IK-11-02088,IK06,IK11,water,0.257,2.54,partial,0,4.4,0
E-005818,IK-06-01200,IK-11-02088,IK06,IK11,water,0.257,2.19,partial,0,5.1,1
E-005819,IK-01-00078,IK-11-02089,IK01,IK11,electricity,0.863,0.0,none,0,7.8,0
E-005820,IK-06-01172,IK-11-02089,IK06,IK11,water,0.539,2.2,none,0,11.8,0
E-005821,IK-01-00122,IK-11-02090,IK01,IK11,electricity,0.416,0.0,partial,0,14.7,0
E-005822,IK-01-00129,IK-11-02090,IK01,IK11,electricity,0.416,0.0,partial,0,9.2,0
E-005823,IK-06-01231,IK-11-02090,IK06,IK11,water,0.557,2.34,none,0,6.8,0
E-005824,IK-01-00057,IK-11-02091,IK01,IK11,electricity,0.917,0.0,none,0,1.0,0
E-005825,IK-06-01144,IK-11-02091,IK06,IK11,water,0.255,2.25,partial,0,9.3,0
E-005826,IK-06-01090,IK-11-02091,IK06,IK11,water,0.255,2.43,partial,0,6.8,0
E-005827,IK-01-00050,IK-11-02092,IK01,IK11,electricity,0.44,0.0,partial,0,8.9,1
E-005828,IK-01-00135,IK-11-02092,IK01,IK11,electricity,0.44,0.0,partial,0,7.7,1
E-005829,IK-06-01121,IK-11-02092,IK06,IK11,water,0.278,2.25,partial,0,3.6,0
E-005830,IK-06-01173,IK-11-02092,IK06,IK11,water,0.278,2.27,partial,0,13.8,1
E-005831,IK-01-00224,IK-11-02093,IK01,IK11,electricity,0.753,0.0,none,0,4.9,1
E-005832,IK-06-01176,IK-11-02093,IK06,IK11,water,0.543,2.15,none,0,7.4,0
E-005833,IK-01-00077,IK-11-02094,IK01,IK11,electricity,0.429,0.0,partial,0,13.0,0
E-005834,IK-01-00151,IK-11-02094,IK01,IK11,electricity,0.429,0.0,partial,0,7.3,1
E-005835,IK-06-01225,IK-11-02094,IK06,IK11,water,0.455,2.09,none,0,5.7,1
E-005836,IK-01-00234,IK-11-02095,IK01,IK11,electricity,0.834,0.0,none,0,9.6,0
E-005837,IK-06-01075,IK-11-02095,IK06,IK11,water,0.503,2.32,none,0,1.0,0
E-005838,IK-01-00217,IK-11-02096,IK01,IK11,electricity,0.492,0.0,partial,0,16.0,0
E-005839,IK-01-00225,IK-11-02096,IK01,IK11,electricity,0.492,0.0,partial,0,2.4,0
E-005840,IK-06-01234,IK-11-02096,IK06,IK11,water,0.48,2.17,none,0,9.4,1
E-005841,IK-01-00060,IK-11-02097,IK01,IK11,electricity,0.483,0.0,partial,0,10.6,1
E-005842,IK-01-00167,IK-11-02097,IK01,IK11,electricity,0.483,0.0,partial,0,9.0,0
E-005843,IK-06-01162,IK-11-02097,IK06,IK11,water,0.516,2.38,none,0,11.4,0
E-005844,IK-01-00122,IK-11-02098,IK01,IK11,electricity,0.443,0.0,partial,0,9.5,1
E-005845,IK-01-00222,IK-11-02098,IK01,IK11,electricity,0.443,0.0,partial,0,7.6,0
E-005846,IK-06-01163,IK-11-02098,IK06,IK11,water,0.218,2.44,partial,0,13.2,0
E-005847,IK-06-01083,IK-11-02098,IK06,IK11,water,0.218,2.03,partial,0,16.3,0
E-005848,IK-01-00166,IK-11-02099,IK01,IK11,electricity,0.388,0.0,partial,0,10.5,0
E-005849,IK-01-00164,IK-11-02099,IK01,IK11,electricity,0.388,0.0,partial,0,6.4,0
E-005850,IK-06-01152,IK-11-02099,IK06,IK11,water,0.486,2.07,none,0,12.2,1
E-005851,IK-01-00154,IK-11-02100,IK01,IK11,electricity,0.756,0.0,none,0,6.9,1
E-005852,IK-06-01192,IK-11-02100,IK06,IK11,water,0.437,2.41,none,0,3.1,0
E-005853,IK-01-00125,IK-11-02101,IK01,IK11,electricity,0.383,0.0,partial,0,8.0,0
E-005854,IK-01-00076,IK-11-02101,IK01,IK11,electricity,0.383,0.0,partial,0,11.9,1
E-005855,IK-06-01186,IK-11-02101,IK06,IK11,water,0.245,2.43,partial,0,6.5,0
E-005856,IK-06-01084,IK-11-02101,IK06,IK11,water,0.245,2.25,partial,0,11.2,0
E-005857,IK-01-00128,IK-11-02102,IK01,IK11,electricity,0.827,0.0,none,0,12.7,1
E-005858,IK-06-01143,IK-11-02102,IK06,IK11,water,0.491,2.42,none,0,14.7,1
E-005859,IK-01-00208,IK-11-02103,IK01,IK11,electricity,0.952,0.0,none,0,3.1,0
E-005860,IK-06-01129,IK-11-02103,IK06,IK11,water,0.545,2.22,none,0,8.5,0
E-005861,IK-01-00143,IK-11-02104,IK01,IK11,electricity,0.434,0.0,full,0,13.1,0
E-005862,IK-01-00049,IK-11-02104,IK01,IK11,electricity,0.434,0.0,full,0,8.9,0
E-005863,IK-06-01201,IK-11-02104,IK06,IK11,water,0.461,2.37,none,0,7.9,0
E-005864,IK-01-00193,IK-11-02105,IK01,IK11,electricity,0.809,0.0,none,0,11.0,0
E-005865,IK-06-01106,IK-11-02105,IK06,IK11,water,0.451,2.15,none,0,9.8,0
E-005866,IK-01-00128,IK-11-02106,IK01,IK11,electricity,0.447,0.0,partial,0,10.6,1
E-005867,IK-01-00160,IK-11-02106,IK01,IK11,electricity,0.447,0.0,partial,0,9.5,0
E-005868,IK-06-01239,IK-11-02106,IK06,IK11,water,0.548,2.42,none,0,6.0,0
E-005869,IK-01-00022,IK-01-00041,IK01,IK01,electricity,0.55,0.0,none,1,6.3,0
E-005870,IK-01-00001,IK-01-00041,IK01,IK01,electricity,0.55,0.0,none,1,4.2,0
E-005871,IK-01-00037,IK-01-00042,IK01,IK01,electricity,0.55,0.0,none,0,12.5,0
E-005872,IK-01-00035,IK-01-00043,IK01,IK01,electricity,0.55,0.0,partial,0,6.9,0
E-005873,IK-01-00009,IK-01-00043,IK01,IK01,electricity,0.55,0.0,none,0,12.3,1
E-005874,IK-01-00036,IK-01-00044,IK01,IK01,electricity,0.55,0.0,none,0,4.9,0
E-005875,IK-01-00033,IK-01-00045,IK01,IK01,electricity,0.55,0.0,none,0,6.8,0
E-005876,IK-01-00030,IK-01-00046,IK01,IK01,electricity,0.55,0.0,none,0,7.5,0
E-005877,IK-01-00013,IK-01-00047,IK01,IK01,electricity,0.55,0.0,partial,0,12.7,0
E-005878,IK-01-00011,IK-01-00048,IK01,IK01,electricity,0.55,0.0,none,1,6.6,0
E-005879,IK-01-00005,IK-01-00048,IK01,IK01,electricity,0.55,0.0,partial,1,3.0,0
E-005880,IK-01-00013,IK-01-00049,IK01,IK01,electricity,0.55,0.0,none,0,11.3,1
E-005881,IK-01-00026,IK-01-00049,IK01,IK01,electricity,0.55,0.0,partial,0,8.9,0
E-005882,IK-01-00012,IK-01-00050,IK01,IK01,electricity,0.55,0.0,none,0,5.4,1
E-005883,IK-01-00038,IK-01-00051,IK01,IK01,electricity,0.55,0.0,partial,0,8.6,0
E-005884,IK-01-00030,IK-01-00051,IK01,IK01,electricity,0.55,0.0,partial,0,9.7,0
E-005885,IK-01-00017,IK-01-00052,IK01,IK01,electricity,0.55,0.0,partial,0,6.0,0
E-005886,IK-01-00012,IK-01-00052,IK01,IK01,electricity,0.55,0.0,partial,0,17.2,1
E-005887,IK-01-00036,IK-01-00053,IK01,IK01,electricity,0.55,0.0,partial,0,2.9,0
E-005888,IK-01-00010,IK-01-00054,IK01,IK01,electricity,0.55,0.0,none,0,9.6,0
E-005889,IK-01-00022,IK-01-00055,IK01,IK01,electricity,0.55,0.0,partial,0,12.2,0
E-005890,IK-01-00021,IK-01-00055,IK01,IK01,electricity,0.55,0.0,partial,0,6.9,0
E-005891,IK-01-00009,IK-01-00056,IK01,IK01,electricity,0.55,0.0,partial,0,7.6,0
E-005892,IK-01-00035,IK-01-00056,IK01,IK01,electricity,0.55,0.0,none,0,6.6,1
E-005893,IK-01-00023,IK-01-00057,IK01,IK01,electricity,0.55,0.0,partial,0,13.0,1
E-005894,IK-01-00035,IK-01-00057,IK01,IK01,electricity,0.55,0.0,partial,0,12.2,1
E-005895,IK-01-00001,IK-01-00058,IK01,IK01,electricity,0.55,0.0,partial,1,6.5,0
E-005896,IK-01-00020,IK-01-00058,IK01,IK01,electricity,0.55,0.0,none,1,6.4,0
E-005897,IK-01-00001,IK-01-00059,IK01,IK01,electricity,0.55,0.0,partial,1,4.2,1
E-005898,IK-01-00020,IK-01-00059,IK01,IK01,electricity,0.55,0.0,none,1,5.4,0
E-005899,IK-01-00001,IK-01-00060,IK01,IK01,electricity,0.55,0.0,partial,0,6.4,0
E-005900,IK-01-00034,IK-01-00061,IK01,IK01,electricity,0.55,0.0,partial,0,1.0,0
E-005901,IK-01-00010,IK-01-00062,IK01,IK01,electricity,0.55,0.0,partial,0,10.2,1
E-005902,IK-01-00015,IK-01-00063,IK01,IK01,electricity,0.55,0.0,none,0,2.2,1
E-005903,IK-01-00011,IK-01-00064,IK01,IK01,electricity,0.55,0.0,partial,1,3.0,1
E-005904,IK-01-00005,IK-01-00064,IK01,IK01,electricity,0.55,0.0,partial,1,8.9,0
E-005905,IK-01-00002,IK-01-00065,IK01,IK01,electricity,0.55,0.0,partial,0,3.8,1
E-005906,IK-01-00010,IK-01-00066,IK01,IK01,electricity,0.55,0.0,partial,0,3.7,0
E-005907,IK-01-00019,IK-01-00066,IK01,IK01,electricity,0.55,0.0,partial,0,11.4,0
E-005908,IK-01-00002,IK-01-00067,IK01,IK01,electricity,0.55,0.0,partial,0,8.8,1
E-005909,IK-01-00015,IK-01-00068,IK01,IK01,electricity,0.55,0.0,none,0,7.9,1
E-005910,IK-01-00024,IK-01-00068,IK01,IK01,electricity,0.55,0.0,partial,0,6.0,1
E-005911,IK-01-00026,IK-01-00069,IK01,IK01,electricity,0.55,0.0,partial,0,1.4,0
E-005912,IK-01-00013,IK-01-00069,IK01,IK01,electricity,0.55,0.0,none,0,3.5,0
E-005913,IK-01-00027,IK-01-00070,IK01,IK01,electricity,0.55,0.0,none,0,10.6,0
E-005914,IK-01-00016,IK-01-00070,IK01,IK01,electricity,0.55,0.0,none,0,8.6,0
E-005915,IK-01-00006,IK-01-00071,IK01,IK01,electricity,0.55,0.0,none,0,4.4,0
E-005916,IK-01-00013,IK-01-00071,IK01,IK01,electricity,0.55,0.0,partial,0,1.0,1
E-005917,IK-01-00034,IK-01-00072,IK01,IK01,electricity,0.55,0.0,none,0,10.9,0
E-005918,IK-01-00001,IK-01-00073,IK01,IK01,electricity,0.55,0.0,partial,1,11.4,0
E-005919,IK-01-00020,IK-01-00073,IK01,IK01,electricity,0.55,0.0,none,1,3.9,0
E-005920,IK-01-00022,IK-01-00074,IK01,IK01,electricity,0.55,0.0,partial,1,15.7,0
E-005921,IK-01-00011,IK-01-00075,IK01,IK01,electricity,0.55,0.0,partial,1,7.8,0
E-005922,IK-01-00020,IK-01-00075,IK01,IK01,electricity,0.55,0.0,partial,1,3.6,1
E-005923,IK-01-00008,IK-01-00076,IK01,IK01,electricity,0.55,0.0,partial,0,6.7,1
E-005924,IK-01-00004,IK-01-00077,IK01,IK01,electricity,0.55,0.0,partial,0,4.6,0
E-005925,IK-01-00006,IK-01-00078,IK01,IK01,electricity,0.55,0.0,partial,0,9.4,1
E-005926,IK-01-00013,IK-01-00078,IK01,IK01,electricity,0.55,0.0,none,0,4.9,1
E-005927,IK-01-00030,IK-01-00079,IK01,IK01,electricity,0.55,0.0,none,0,7.6,1
E-005928,IK-01-00038,IK-01-00079,IK01,IK01,electricity,0.55,0.0,partial,0,5.7,1
E-005929,IK-01-00010,IK-01-00080,IK01,IK01,electricity,0.55,0.0,none,0,5.1,1
E-005930,IK-01-00004,IK-01-00081,IK01,IK01,electricity,0.55,0.0,partial,0,3.3,0
E-005931,IK-01-00009,IK-01-00081,IK01,IK01,electricity,0.55,0.0,partial,0,14.1,1
E-005932,IK-01-00006,IK-01-00082,IK01,IK01,electricity,0.55,0.0,none,0,9.4,1
E-005933,IK-01-00013,IK-01-00082,IK01,IK01,electricity,0.55,0.0,partial,0,2.8,0
E-005934,IK-01-00025,IK-01-00083,IK01,IK01,electricity,0.55,0.0,none,0,14.8,1
E-005935,IK-01-00007,IK-01-00083,IK01,IK01,electricity,0.55,0.0,none,0,3.3,1
E-005936,IK-01-00001,IK-01-00084,IK01,IK01,electricity,0.55,0.0,partial,1,17.3,0
E-005937,IK-01-00025,IK-01-00085,IK01,IK01,electricity,0.55,0.0,partial,0,8.8,0
E-005938,IK-01-00034,IK-01-00085,IK01,IK01,electricity,0.55,0.0,partial,0,13.4,1
E-005939,IK-01-00039,IK-01-00086,IK01,IK01,electricity,0.55,0.0,none,1,6.7,0
E-005940,IK-01-00036,IK-01-00086,IK01,IK01,electricity,0.55,0.0,partial,0,13.9,1
E-005941,IK-01-00037,IK-01-00087,IK01,IK01,electricity,0.55,0.0,none,0,10.4,0
E-005942,IK-01-00026,IK-01-00087,IK01,IK01,electricity,0.55,0.0,partial,0,8.7,0
E-005943,IK-01-00033,IK-01-00088,IK01,IK01,electricity,0.55,0.0,partial,0,9.2,0
E-005944,IK-01-00011,IK-01-00089,IK01,IK01,electricity,0.55,0.0,none,0,11.5,0
E-005945,IK-01-00008,IK-01-00090,IK01,IK01,electricity,0.55,0.0,none,0,8.2,1
E-005946,IK-01-00006,IK-01-00091,IK01,IK01,electricity,0.55,0.0,partial,0,9.7,0
E-005947,IK-01-00011,IK-01-00092,IK01,IK01,electricity,0.55,0.0,partial,0,6.9,1
E-005948,IK-01-00005,IK-01-00092,IK01,IK01,electricity,0.55,0.0,partial,0,7.3,0
E-005949,IK-01-00011,IK-01-00093,IK01,IK01,electricity,0.55,0.0,none,0,12.3,1
E-005950,IK-01-00015,IK-01-00094,IK01,IK01,electricity,0.55,0.0,partial,0,5.1,0
E-005951,IK-01-00002,IK-01-00095,IK01,IK01,electricity,0.55,0.0,none,0,6.0,0
E-005952,IK-01-00032,IK-01-00095,IK01,IK01,electricity,0.55,0.0,partial,0,5.7,1
E-005953,IK-01-00028,IK-01-00096,IK01,IK01,electricity,0.55,0.0,none,0,9.6,1
E-005954,IK-01-00031,IK-01-00096,IK01,IK01,electricity,0.55,0.0,partial,0,13.4,1
E-005955,IK-01-00005,IK-01-00097,IK01,IK01,electricity,0.55,0.0,partial,0,7.1,1
E-005956,IK-01-00014,IK-01-00097,IK01,IK01,electricity,0.55,0.0,partial,0,13.4,1
E-005957,IK-01-00036,IK-01-00098,IK01,IK01,electricity,0.55,0.0,partial,0,6.1,1
E-005958,IK-01-00026,IK-01-00099,IK01,IK01,electricity,0.55,0.0,none,0,11.2,0
E-005959,IK-01-00037,IK-01-00099,IK01,IK01,electricity,0.55,0.0,partial,0,8.4,0
E-005960,IK-01-00016,IK-01-00100,IK01,IK01,electricity,0.55,0.0,none,0,7.7,1
E-005961,IK-01-00027,IK-01-00100,IK01,IK01,electricity,0.55,0.0,partial,0,11.8,0
E-005962,IK-01-00002,IK-01-00101,IK01,IK01,electricity,0.55,0.0,partial,0,13.8,0
E-005963,IK-01-00031,IK-01-00102,IK01,IK01,electricity,0.55,0.0,partial,0,4.0,0
E-005964,IK-01-00028,IK-01-00102,IK01,IK01,electricity,0.55,0.0,partial,0,7.8,0
E-005965,IK-01-00034,IK-01-00103,IK01,IK01,electricity,0.55,0.0,partial,1,6.9,0
E-005966,IK-01-00016,IK-01-00104,IK01,IK01,electricity,0.55,0.0,partial,0,3.2,0
E-005967,IK-01-00027,IK-01-00104,IK01,IK01,electricity,0.55,0.0,none,0,10.2,1
E-005968,IK-01-00021,IK-01-00105,IK01,IK01,electricity,0.55,0.0,partial,0,15.7,0
E-005969,IK-01-00022,IK-01-00105,IK01,IK01,electricity,0.55,0.0,partial,0,3.8,0
E-005970,IK-01-00032,IK-01-00106,IK01,IK01,electricity,0.55,0.0,partial,0,4.8,0
E-005971,IK-01-00002,IK-01-00106,IK01,IK01,electricity,0.55,0.0,partial,0,8.3,0
E-005972,IK-01-00034,IK-01-00107,IK01,IK01,electricity,0.55,0.0,partial,0,9.1,1
E-005973,IK-01-00025,IK-01-00107,IK01,IK01,electricity,0.55,0.0,partial,0,6.8,0
E-005974,IK-01-00007,IK-01-00108,IK01,IK01,electricity,0.55,0.0,partial,0,7.0,1
E-005975,IK-01-00033,IK-01-00109,IK01,IK01,electricity,0.55,0.0,partial,0,1.0,1
E-005976,IK-01-00009,IK-01-00109,IK01,IK01,electricity,0.55,0.0,partial,0,14.6,0
E-005977,IK-01-00001,IK-01-00110,IK01,IK01,electricity,0.55,0.0,partial,1,6.0,0
E-005978,IK-01-00013,IK-01-00111,IK01,IK01,electricity,0.55,0.0,partial,0,4.6,0
E-005979,IK-01-00013,IK-01-00112,IK01,IK01,electricity,0.55,0.0,none,0,8.1,1
E-005980,IK-01-00037,IK-01-00112,IK01,IK01,electricity,0.55,0.0,partial,0,10.1,1
E-005981,IK-01-00001,IK-01-00113,IK01,IK01,electricity,0.55,0.0,none,1,4.4,0
E-005982,IK-01-00033,IK-01-00114,IK01,IK01,electricity,0.55,0.0,partial,0,1.0,1
E-005983,IK-01-00024,IK-01-00115,IK01,IK01,electricity,0.55,0.0,none,0,3.1,0
E-005984,IK-01-00023,IK-01-00116,IK01,IK01,electricity,0.55,0.0,none,0,7.8,1
E-005985,IK-01-00022,IK-01-00117,IK01,IK01,electricity,0.55,0.0,partial,1,4.3,0
E-005986,IK-01-00040,IK-01-00117,IK01,IK01,electricity,0.55,0.0,partial,1,3.6,1
E-005987,IK-01-00016,IK-01-00118,IK01,IK01,electricity,0.55,0.0,none,0,14.1,1
E-005988,IK-01-00006,IK-01-00119,IK01,IK01,electricity,0.55,0.0,none,0,5.5,1
E-005989,IK-01-00006,IK-01-00120,IK01,IK01,electricity,0.55,0.0,none,0,11.7,0
E-005990,IK-01-00013,IK-01-00120,IK01,IK01,electricity,0.55,0.0,none,0,9.0,1
E-005991,IK-01-00013,IK-01-00121,IK01,IK01,electricity,0.55,0.0,partial,0,7.8,1
E-005992,IK-01-00026,IK-01-00121,IK01,IK01,electricity,0.55,0.0,partial,0,6.9,1
E-005993,IK-01-00039,IK-01-00122,IK01,IK01,electricity,0.55,0.0,partial,1,3.9,1
E-005994,IK-01-00036,IK-01-00122,IK01,IK01,electricity,0.55,0.0,partial,0,12.1,0
E-005995,IK-01-00027,IK-01-00123,IK01,IK01,electricity,0.55,0.0,partial,0,3.1,1
E-005996,IK-01-00015,IK-01-00124,IK01,IK01,electricity,0.55,0.0,partial,0,2.7,0
E-005997,IK-01-00008,IK-01-00125,IK01,IK01,electricity,0.55,0.0,none,0,15.6,1
E-005998,IK-01-00016,IK-01-00126,IK01,IK01,electricity,0.55,0.0,partial,0,1.0,0
E-005999,IK-01-00022,IK-01-00127,IK01,IK01,electricity,0.55,0.0,partial,1,9.3,0
E-006000,IK-01-00001,IK-01-00127,IK01,IK01,electricity,0.55,0.0,partial,1,16.6,1
E-006001,IK-01-00012,IK-01-00128,IK01,IK01,electricity,0.55,0.0,none,0,4.0,0
E-006002,IK-01-00039,IK-01-00129,IK01,IK01,electricity,0.55,0.0,partial,1,10.6,0
E-006003,IK-01-00036,IK-01-00129,IK01,IK01,electricity,0.55,0.0,none,0,12.0,1
E-006004,IK-01-00019,IK-01-00130,IK01,IK01,electricity,0.55,0.0,partial,0,7.4,1
E-006005,IK-01-00010,IK-01-00130,IK01,IK01,electricity,0.55,0.0,partial,0,10.3,1
E-006006,IK-01-00007,IK-01-00131,IK01,IK01,electricity,0.55,0.0,partial,0,8.9,0
E-006007,IK-01-00004,IK-01-00132,IK01,IK01,electricity,0.55,0.0,partial,0,6.6,0
E-006008,IK-01-00018,IK-01-00132,IK01,IK01,electricity,0.55,0.0,none,0,15.7,0
E-006009,IK-01-00022,IK-01-00133,IK01,IK01,electricity,0.55,0.0,partial,0,7.2,0
E-006010,IK-01-00009,IK-01-00134,IK01,IK01,electricity,0.55,0.0,none,0,10.3,1
E-006011,IK-01-00018,IK-01-00134,IK01,IK01,electricity,0.55,0.0,partial,0,10.1,0
E-006012,IK-01-00012,IK-01-00135,IK01,IK01,electricity,0.55,0.0,none,0,16.0,1
E-006013,IK-01-00011,IK-01-00136,IK01,IK01,electricity,0.55,0.0,none,1,8.9,1
E-006014,IK-01-00023,IK-01-00137,IK01,IK01,electricity,0.55,0.0,partial,0,4.8,0
E-006015,IK-01-00035,IK-01-00137,IK01,IK01,electricity,0.55,0.0,partial,0,9.0,1
E-006016,IK-01-00030,IK-01-00138,IK01,IK01,electricity,0.55,0.0,partial,0,6.5,0
E-006017,IK-01-00008,IK-01-00138,IK01,IK01,electricity,0.55,0.0,none,0,1.6,0
E-006018,IK-01-00012,IK-01-00139,IK01,IK01,electricity,0.55,0.0,none,0,7.2,0
E-006019,IK-01-00013,IK-01-00140,IK01,IK01,electricity,0.55,0.0,partial,0,10.7,1
E-006020,IK-01-00002,IK-01-00141,IK01,IK01,electricity,0.55,0.0,partial,0,16.8,0
E-006021,IK-01-00032,IK-01-00141,IK01,IK01,electricity,0.55,0.0,partial,0,13.0,0
E-006022,IK-01-00012,IK-01-00142,IK01,IK01,electricity,0.55,0.0,none,0,10.1,0
E-006023,IK-01-00013,IK-01-00143,IK01,IK01,electricity,0.55,0.0,none,0,2.2,1
E-006024,IK-01-00020,IK-01-00144,IK01,IK01,electricity,0.55,0.0,partial,1,12.7,0
E-006025,IK-01-00011,IK-01-00144,IK01,IK01,electricity,0.55,0.0,none,1,9.1,1
E-006026,IK-01-00034,IK-01-00145,IK01,IK01,electricity,0.55,0.0,none,0,9.6,0
E-006027,IK-01-00030,IK-01-00146,IK01,IK01,electricity,0.55,0.0,partial,0,8.2,0
E-006028,IK-01-00002,IK-01-00147,IK01,IK01,electricity,0.55,0.0,none,0,14.8,1
E-006029,IK-01-00032,IK-01-00147,IK01,IK01,electricity,0.55,0.0,none,0,7.4,1
E-006030,IK-01-00037,IK-01-00148,IK01,IK01,electricity,0.55,0.0,partial,0,9.6,0
E-006031,IK-01-00011,IK-01-00149,IK01,IK01,electricity,0.55,0.0,none,0,5.0,0
E-006032,IK-01-00019,IK-01-00150,IK01,IK01,electricity,0.55,0.0,partial,0,14.6,1
E-006033,IK-01-00004,IK-01-00151,IK01,IK01,electricity,0.55,0.0,partial,0,11.2,0
E-006034,IK-01-00004,IK-01-00152,IK01,IK01,electricity,0.55,0.0,none,0,6.4,0
E-006035,IK-01-00023,IK-01-00153,IK01,IK01,electricity,0.55,0.0,partial,0,8.1,0
E-006036,IK-01-00006,IK-01-00154,IK01,IK01,electricity,0.55,0.0,none,0,5.0,0
E-006037,IK-01-00013,IK-01-00154,IK01,IK01,electricity,0.55,0.0,none,0,1.3,1
E-006038,IK-01-00023,IK-01-00155,IK01,IK01,electricity,0.55,0.0,partial,0,11.1,0
E-006039,IK-01-00037,IK-01-00156,IK01,IK01,electricity,0.55,0.0,none,0,3.4,0
E-006040,IK-01-00026,IK-01-00156,IK01,IK01,electricity,0.55,0.0,none,0,7.7,1
E-006041,IK-01-00020,IK-01-00157,IK01,IK01,electricity,0.55,0.0,partial,1,14.1,0
E-006042,IK-01-00001,IK-01-00157,IK01,IK01,electricity,0.55,0.0,partial,1,3.4,1
E-006043,IK-01-00011,IK-01-00158,IK01,IK01,electricity,0.55,0.0,partial,0,6.2,0
E-006044,IK-01-00005,IK-01-00158,IK01,IK01,electricity,0.55,0.0,none,0,6.3,1
E-006045,IK-01-00006,IK-01-00159,IK01,IK01,electricity,0.55,0.0,none,0,4.5,1
E-006046,IK-01-00017,IK-01-00160,IK01,IK01,electricity,0.55,0.0,partial,0,1.0,0
E-006047,IK-01-00020,IK-01-00161,IK01,IK01,electricity,0.55,0.0,partial,1,3.1,0
E-006048,IK-01-00008,IK-01-00161,IK01,IK01,electricity,0.55,0.0,none,1,1.0,0
E-006049,IK-01-00037,IK-01-00162,IK01,IK01,electricity,0.55,0.0,partial,0,3.2,1
E-006050,IK-01-00026,IK-01-00162,IK01,IK01,electricity,0.55,0.0,partial,0,11.1,0
E-006051,IK-01-00037,IK-01-00163,IK01,IK01,electricity,0.55,0.0,partial,0,10.3,1
E-006052,IK-01-00001,IK-01-00164,IK01,IK01,electricity,0.55,0.0,partial,1,5.9,0
E-006053,IK-01-00024,IK-01-00165,IK01,IK01,electricity,0.55,0.0,none,0,5.3,0
E-006054,IK-01-00015,IK-01-00165,IK01,IK01,electricity,0.55,0.0,none,0,7.7,0
E-006055,IK-01-00001,IK-01-00166,IK01,IK01,electricity,0.55,0.0,partial,1,13.8,1
E-006056,IK-01-00034,IK-01-00166,IK01,IK01,electricity,0.55,0.0,none,1,7.5,1
E-006057,IK-01-00001,IK-01-00167,IK01,IK01,electricity,0.55,0.0,partial,0,9.5,1
E-006058,IK-01-00020,IK-01-00167,IK01,IK01,electricity,0.55,0.0,none,0,13.7,0
E-006059,IK-01-00006,IK-01-00168,IK01,IK01,electricity,0.55,0.0,none,0,13.0,1
E-006060,IK-01-00026,IK-01-00169,IK01,IK01,electricity,0.55,0.0,partial,0,17.3,0
E-006061,IK-01-00026,IK-01-00170,IK01,IK01,electricity,0.55,0.0,partial,0,7.9,0
E-006062,IK-01-00033,IK-01-00171,IK01,IK01,electricity,0.55,0.0,none,0,12.2,0
E-006063,IK-01-00015,IK-01-00172,IK01,IK01,electricity,0.55,0.0,none,0,9.0,0
E-006064,IK-01-00024,IK-01-00172,IK01,IK01,electricity,0.55,0.0,none,0,7.8,0
E-006065,IK-01-00015,IK-01-00173,IK01,IK01,electricity,0.55,0.0,partial,0,8.8,1
E-006066,IK-01-00035,IK-01-00174,IK01,IK01,electricity,0.55,0.0,partial,0,1.0,0
E-006067,IK-01-00009,IK-01-00174,IK01,IK01,electricity,0.55,0.0,partial,0,5.1,0
E-006068,IK-01-00038,IK-01-00175,IK01,IK01,electricity,0.55,0.0,none,0,10.0,0
E-006069,IK-01-00030,IK-01-00175,IK01,IK01,electricity,0.55,0.0,none,0,3.8,0
E-006070,IK-01-00033,IK-01-00176,IK01,IK01,electricity,0.55,0.0,none,0,5.1,1
E-006071,IK-01-00027,IK-01-00177,IK01,IK01,electricity,0.55,0.0,partial,0,5.5,0
E-006072,IK-01-00002,IK-01-00178,IK01,IK01,electricity,0.55,0.0,partial,0,10.9,1
E-006073,IK-01-00032,IK-01-00178,IK01,IK01,electricity,0.55,0.0,partial,0,1.0,0
E-006074,IK-01-00026,IK-01-00179,IK01,IK01,electricity,0.55,0.0,partial,0,5.7,1
E-006075,IK-01-00037,IK-01-00179,IK01,IK01,electricity,0.55,0.0,none,0,8.8,0
E-006076,IK-01-00032,IK-01-00180,IK01,IK01,electricity,0.55,0.0,partial,0,13.9,0
E-006077,IK-01-00002,IK-01-00180,IK01,IK01,electricity,0.55,0.0,none,0,9.8,1
E-006078,IK-01-00021,IK-01-00181,IK01,IK01,electricity,0.55,0.0,partial,0,5.5,0
E-006079,IK-01-00031,IK-01-00182,IK01,IK01,electricity,0.55,0.0,none,0,9.2,0
E-006080,IK-01-00004,IK-01-00183,IK01,IK01,electricity,0.55,0.0,none,0,7.0,1
E-006081,IK-01-00027,IK-01-00183,IK01,IK01,electricity,0.55,0.0,none,0,10.1,1
E-006082,IK-01-00025,IK-01-00184,IK01,IK01,electricity,0.55,0.0,none,0,1.0,0
E-006083,IK-01-00034,IK-01-00184,IK01,IK01,electricity,0.55,0.0,partial,0,10.6,0
E-006084,IK-01-00009,IK-01-00185,IK01,IK01,electricity,0.55,0.0,none,0,10.3,1
E-006085,IK-01-00004,IK-01-00185,IK01,IK01,electricity,0.55,0.0,partial,0,3.5,1
E-006086,IK-01-00023,IK-01-00186,IK01,IK01,electricity,0.55,0.0,none,0,7.3,0
E-006087,IK-01-00035,IK-01-00186,IK01,IK01,electricity,0.55,0.0,partial,0,4.6,0
E-006088,IK-01-00027,IK-01-00187,IK01,IK01,electricity,0.55,0.0,none,0,14.3,0
E-006089,IK-01-00016,IK-01-00187,IK01,IK01,electricity,0.55,0.0,none,0,11.5,0
E-006090,IK-01-00034,IK-01-00188,IK01,IK01,electricity,0.55,0.0,partial,0,5.5,0
E-006091,IK-01-00025,IK-01-00188,IK01,IK01,electricity,0.55,0.0,partial,0,9.1,0
E-006092,IK-01-00010,IK-01-00189,IK01,IK01,electricity,0.55,0.0,partial,0,12.2,1
E-006093,IK-01-00026,IK-01-00190,IK01,IK01,electricity,0.55,0.0,partial,0,13.3,0
E-006094,IK-01-00040,IK-01-00191,IK01,IK01,electricity,0.55,0.0,none,0,6.8,0
E-006095,IK-01-00021,IK-01-00191,IK01,IK01,electricity,0.55,0.0,partial,0,6.3,0
E-006096,IK-01-00026,IK-01-00192,IK01,IK01,electricity,0.55,0.0,none,0,5.7,0
E-006097,IK-01-00013,IK-01-00192,IK01,IK01,electricity,0.55,0.0,none,0,11.3,0
E-006098,IK-01-00013,IK-01-00193,IK01,IK01,electricity,0.55,0.0,none,0,3.5,0
E-006099,IK-01-00038,IK-01-00194,IK01,IK01,electricity,0.55,0.0,none,0,4.7,0
E-006100,IK-01-00015,IK-01-00195,IK01,IK01,electricity,0.55,0.0,partial,0,1.0,0
E-006101,IK-01-00024,IK-01-00195,IK01,IK01,electricity,0.55,0.0,none,0,9.4,0
E-006102,IK-01-00033,IK-01-00196,IK01,IK01,electricity,0.55,0.0,none,0,10.5,0
E-006103,IK-01-00025,IK-01-00197,IK01,IK01,electricity,0.55,0.0,partial,0,1.3,0
E-006104,IK-01-00007,IK-01-00197,IK01,IK01,electricity,0.55,0.0,partial,0,9.7,0
E-006105,IK-01-00013,IK-01-00198,IK01,IK01,electricity,0.55,0.0,partial,0,10.8,0
E-006106,IK-01-00006,IK-01-00198,IK01,IK01,electricity,0.55,0.0,none,0,1.1,0
E-006107,IK-01-00027,IK-01-00199,IK01,IK01,electricity,0.55,0.0,partial,0,7.7,0
E-006108,IK-01-00016,IK-01-00199,IK01,IK01,electricity,0.55,0.0,partial,0,16.0,1
E-006109,IK-01-00024,IK-01-00200,IK01,IK01,electricity,0.55,0.0,none,0,3.5,0
E-006110,IK-01-00015,IK-01-00200,IK01,IK01,electricity,0.55,0.0,none,0,6.4,0
E-006111,IK-01-00001,IK-01-00201,IK01,IK01,electricity,0.55,0.0,partial,0,9.1,0
E-006112,IK-01-00020,IK-01-00201,IK01,IK01,electricity,0.55,0.0,none,0,13.9,1
E-006113,IK-01-00026,IK-01-00202,IK01,IK01,electricity,0.55,0.0,none,0,7.0,1
E-006114,IK-01-00026,IK-01-00203,IK01,IK01,electricity,0.55,0.0,partial,0,10.4,0
E-006115,IK-01-00013,IK-01-00203,IK01,IK01,electricity,0.55,0.0,partial,0,13.5,1
E-006116,IK-01-00018,IK-01-00204,IK01,IK01,electricity,0.55,0.0,partial,0,3.0,1
E-006117,IK-01-00037,IK-01-00205,IK01,IK01,electricity,0.55,0.0,none,0,1.3,0
E-006118,IK-01-00038,IK-01-00206,IK01,IK01,electricity,0.55,0.0,none,0,10.8,1
E-006119,IK-01-00002,IK-01-00207,IK01,IK01,electricity,0.55,0.0,none,0,7.8,0
E-006120,IK-01-00032,IK-01-00207,IK01,IK01,electricity,0.55,0.0,partial,0,8.3,1
E-006121,IK-01-00010,IK-01-00208,IK01,IK01,electricity,0.55,0.0,partial,0,10.2,0
E-006122,IK-01-00019,IK-01-00208,IK01,IK01,electricity,0.55,0.0,partial,0,4.1,0
E-006123,IK-01-00040,IK-01-00209,IK01,IK01,electricity,0.55,0.0,partial,0,14.2,0
E-006124,IK-01-00030,IK-01-00210,IK01,IK01,electricity,0.55,0.0,none,0,1.0,1
E-006125,IK-01-00008,IK-01-00210,IK01,IK01,electricity,0.55,0.0,partial,0,6.5,0
E-006126,IK-01-00037,IK-01-00211,IK01,IK01,electricity,0.55,0.0,none,0,5.5,0
E-006127,IK-01-00022,IK-01-00212,IK01,IK01,electricity,0.55,0.0,partial,0,4.3,0
E-006128,IK-01-00009,IK-01-00213,IK01,IK01,electricity,0.55,0.0,none,0,1.0,0
E-006129,IK-01-00035,IK-01-00213,IK01,IK01,electricity,0.55,0.0,none,0,4.2,1
E-006130,IK-01-00023,IK-01-00214,IK01,IK01,electricity,0.55,0.0,none,0,6.5,0
E-006131,IK-01-00019,IK-01-00215,IK01,IK01,electricity,0.55,0.0,partial,0,3.6,0
E-006132,IK-01-00010,IK-01-00215,IK01,IK01,electricity,0.55,0.0,none,0,1.0,1
E-006133,IK-01-00030,IK-01-00216,IK01,IK01,electricity,0.55,0.0,none,0,1.0,0
E-006134,IK-01-00038,IK-01-00216,IK01,IK01,electricity,0.55,0.0,none,0,3.6,0
E-006135,IK-01-00013,IK-01-00217,IK01,IK01,electricity,0.55,0.0,none,0,12.2,0
E-006136,IK-01-00026,IK-01-00217,IK01,IK01,electricity,0.55,0.0,none,0,13.1,0
E-006137,IK-01-00037,IK-01-00218,IK01,IK01,electricity,0.55,0.0,partial,0,8.5,1
E-006138,IK-01-00034,IK-01-00219,IK01,IK01,electricity,0.55,0.0,partial,0,4.1,0
E-006139,IK-01-00022,IK-01-00220,IK01,IK01,electricity,0.55,0.0,none,0,7.2,0
E-006140,IK-01-00021,IK-01-00220,IK01,IK01,electricity,0.55,0.0,partial,0,8.3,0
E-006141,IK-01-00016,IK-01-00221,IK01,IK01,electricity,0.55,0.0,partial,0,6.3,1
E-006142,IK-01-00039,IK-01-00222,IK01,IK01,electricity,0.55,0.0,none,1,7.4,0
E-006143,IK-01-00036,IK-01-00222,IK01,IK01,electricity,0.55,0.0,partial,0,11.6,1
E-006144,IK-01-00022,IK-01-00223,IK01,IK01,electricity,0.55,0.0,partial,0,8.8,0
E-006145,IK-01-00021,IK-01-00223,IK01,IK01,electricity,0.55,0.0,partial,0,10.6,0
E-006146,IK-01-00009,IK-01-00224,IK01,IK01,electricity,0.55,0.0,none,0,1.0,1
E-006147,IK-01-00033,IK-01-00224,IK01,IK01,electricity,0.55,0.0,none,0,9.4,0
E-006148,IK-01-00013,IK-01-00225,IK01,IK01,electricity,0.55,0.0,none,0,4.1,1
E-006149,IK-01-00026,IK-01-00225,IK01,IK01,electricity,0.55,0.0,none,0,13.5,0
E-006150,IK-01-00022,IK-01-00226,IK01,IK01,electricity,0.55,0.0,partial,0,1.2,1
E-006151,IK-01-00011,IK-01-00227,IK01,IK01,electricity,0.55,0.0,none,0,4.5,1
E-006152,IK-01-00011,IK-01-00228,IK01,IK01,electricity,0.55,0.0,none,1,1.0,1
E-006153,IK-01-00020,IK-01-00228,IK01,IK01,electricity,0.55,0.0,none,1,3.3,0
E-006154,IK-01-00004,IK-01-00229,IK01,IK01,electricity,0.55,0.0,none,0,8.0,1
E-006155,IK-01-00037,IK-01-00230,IK01,IK01,electricity,0.55,0.0,partial,0,9.3,1
E-006156,IK-01-00026,IK-01-00230,IK01,IK01,electricity,0.55,0.0,none,0,6.6,0
E-006157,IK-01-00033,IK-01-00231,IK01,IK01,electricity,0.55,0.0,none,0,9.8,0
E-006158,IK-01-00009,IK-01-00231,IK01,IK01,electricity,0.55,0.0,none,0,5.5,1
E-006159,IK-01-00031,IK-01-00232,IK01,IK01,electricity,0.55,0.0,partial,0,10.7,0
E-006160,IK-01-00013,IK-01-00233,IK01,IK01,electricity,0.55,0.0,none,0,4.8,1
E-006161,IK-01-00010,IK-01-00234,IK01,IK01,electricity,0.55,0.0,none,0,5.8,1
E-006162,IK-01-00019,IK-01-00234,IK01,IK01,electricity,0.55,0.0,none,0,9.6,0
E-006163,IK-01-00026,IK-01-00235,IK01,IK01,electricity,0.55,0.0,none,0,8.7,0
E-006164,IK-01-00023,IK-01-00236,IK01,IK01,electricity,0.55,0.0,none,0,8.6,0
E-006165,IK-01-00020,IK-01-00237,IK01,IK01,electricity,0.55,0.0,partial,1,2.2,0
E-006166,IK-01-00008,IK-01-00237,IK01,IK01,electricity,0.55,0.0,none,1,12.6,0
E-006167,IK-01-00006,IK-01-00238,IK01,IK01,electricity,0.55,0.0,partial,0,15.8,1
E-006168,IK-01-00013,IK-01-00238,IK01,IK01,electricity,0.55,0.0,none,0,6.4,0
E-006169,IK-01-00016,IK-01-00239,IK01,IK01,electricity,0.55,0.0,partial,0,6.2,0
E-006170,IK-01-00027,IK-01-00239,IK01,IK01,electricity,0.55,0.0,partial,0,3.1,1
E-006171,IK-01-00006,IK-01-00240,IK01,IK01,electricity,0.55,0.0,none,0,7.4,1
E-006172,IK-01-00013,IK-01-00240,IK01,IK01,electricity,0.55,0.0,partial,0,20.8,1
E-006173,IK-01-00361,IK-01-00241,IK01,IK01,fuel,0.62,33.6,none,0,7.6,0
E-006174,IK-01-00371,IK-01-00242,IK01,IK01,fuel,0.62,38.9,partial,0,10.2,1
E-006175,IK-01-00365,IK-01-00243,IK01,IK01,fuel,0.62,18.2,partial,0,12.1,0
E-006176,IK-01-00334,IK-01-00244,IK01,IK01,fuel,0.62,31.7,none,0,1.8,0
E-006177,IK-01-00355,IK-01-00245,IK01,IK01,fuel,0.62,44.5,none,0,7.0,0
E-006178,IK-01-00418,IK-01-00246,IK01,IK01,fuel,0.62,32.8,partial,0,10.4,0
E-006179,IK-01-00410,IK-01-00247,IK01,IK01,fuel,0.62,28.7,partial,0,14.6,0
E-006180,IK-01-00323,IK-01-00248,IK01,IK01,fuel,0.62,32.1,none,0,7.5,0
E-006181,IK-01-00340,IK-01-00249,IK01,IK01,fuel,0.62,59.2,partial,0,10.3,1
E-006182,IK-01-00331,IK-01-00250,IK01,IK01,fuel,0.62,54.9,partial,0,5.8,1
E-006183,IK-01-00318,IK-01-00251,IK01,IK01,fuel,0.62,38.1,partial,0,4.8,0
E-006184,IK-01-00334,IK-01-00252,IK01,IK01,fuel,0.62,59.9,none,0,9.1,1
E-006185,IK-01-00312,IK-01-00253,IK01,IK01,fuel,0.62,22.7,partial,0,4.4,1
E-006186,IK-01-00397,IK-01-00254,IK01,IK01,fuel,0.62,29.9,partial,0,4.9,0
E-006187,IK-01-00334,IK-01-00255,IK01,IK01,fuel,0.62,35.4,partial,0,6.0,0
E-006188,IK-01-00331,IK-01-00256,IK01,IK01,fuel,0.62,30.3,none,0,5.7,0
E-006189,IK-01-00388,IK-01-00257,IK01,IK01,fuel,0.62,49.6,partial,0,10.3,1
E-006190,IK-01-00371,IK-01-00258,IK01,IK01,fuel,0.62,28.3,none,0,9.5,0
E-006191,IK-01-00420,IK-01-00259,IK01,IK01,fuel,0.62,57.2,partial,0,4.5,1
E-006192,IK-01-00362,IK-01-00260,IK01,IK01,fuel,0.62,26.4,none,0,3.5,1
E-006193,IK-01-00332,IK-01-00261,IK01,IK01,fuel,0.62,44.9,none,0,10.1,0
E-006194,IK-01-00370,IK-01-00262,IK01,IK01,fuel,0.62,56.9,none,0,4.1,0
E-006195,IK-01-00325,IK-01-00263,IK01,IK01,fuel,0.62,33.7,partial,0,7.7,0
E-006196,IK-01-00361,IK-01-00264,IK01,IK01,fuel,0.62,22.4,partial,0,8.0,1
E-006197,IK-01-00383,IK-01-00265,IK01,IK01,fuel,0.62,32.4,none,0,11.3,1
E-006198,IK-01-00348,IK-01-00266,IK01,IK01,fuel,0.62,22.9,none,0,9.6,0
E-006199,IK-01-00301,IK-01-00267,IK01,IK01,fuel,0.62,59.1,none,0,13.1,0
E-006200,IK-01-00371,IK-01-00268,IK01,IK01,fuel,0.62,47.0,none,0,1.2,0
E-006201,IK-01-00355,IK-01-00269,IK01,IK01,fuel,0.62,32.9,none,0,4.6,1
E-006202,IK-01-00384,IK-01-00270,IK01,IK01,fuel,0.62,51.3,none,0,4.1,0
E-006203,IK-01-00413,IK-01-00271,IK01,IK01,fuel,0.62,41.6,none,0,6.7,1
E-006204,IK-01-00413,IK-01-00272,IK01,IK01,fuel,0.62,48.6,none,0,5.3,0
E-006205,IK-01-00362,IK-01-00273,IK01,IK01,fuel,0.62,24.1,partial,0,5.7,1
E-006206,IK-01-00334,IK-01-00274,IK01,IK01,fuel,0.62,19.5,partial,0,5.8,1
E-006207,IK-01-00408,IK-01-00275,IK01,IK01,fuel,0.62,42.6,none,0,4.8,0
E-006208,IK-01-00386,IK-01-00276,IK01,IK01,fuel,0.62,49.8,partial,0,1.4,0
E-006209,IK-01-00360,IK-01-00277,IK01,IK01,fuel,0.62,58.6,none,0,6.8,1
E-006210,IK-01-00310,IK-01-00278,IK01,IK01,fuel,0.62,45.4,partial,0,8.7,0
E-006211,IK-01-00385,IK-01-00279,IK01,IK01,fuel,0.62,40.1,partial,0,5.6,0
E-006212,IK-01-00371,IK-01-00280,IK01,IK01,fuel,0.62,57.1,none,0,11.8,1
E-006213,IK-01-00375,IK-01-00281,IK01,IK01,fuel,0.62,59.6,none,0,10.6,1
E-006214,IK-01-00376,IK-01-00282,IK01,IK01,fuel,0.62,42.8,partial,0,5.1,1
E-006215,IK-01-00371,IK-01-00283,IK01,IK01,fuel,0.62,51.9,partial,0,9.1,1
E-006216,IK-01-00373,IK-01-00284,IK01,IK01,fuel,0.62,18.8,none,0,11.8,1
E-006217,IK-01-00414,IK-01-00285,IK01,IK01,fuel,0.62,51.3,none,0,4.7,1
E-006218,IK-01-00329,IK-01-00286,IK01,IK01,fuel,0.62,58.8,none,0,1.0,0
E-006219,IK-01-00339,IK-01-00287,IK01,IK01,fuel,0.62,51.7,none,0,2.5,0
E-006220,IK-01-00418,IK-01-00288,IK01,IK01,fuel,0.62,33.2,none,0,10.4,0
E-006221,IK-01-00317,IK-01-00289,IK01,IK01,fuel,0.62,22.0,partial,0,4.5,1
E-006222,IK-01-00315,IK-01-00290,IK01,IK01,fuel,0.62,33.6,none,0,10.0,0
E-006223,IK-01-00319,IK-01-00291,IK01,IK01,fuel,0.62,52.6,partial,0,11.3,1
E-006224,IK-01-00322,IK-01-00292,IK01,IK01,fuel,0.62,29.6,none,0,4.8,1
E-006225,IK-01-00398,IK-01-00293,IK01,IK01,fuel,0.62,29.0,partial,0,13.9,1
E-006226,IK-01-00374,IK-01-00294,IK01,IK01,fuel,0.62,21.9,none,0,11.5,0
E-006227,IK-01-00351,IK-01-00295,IK01,IK01,fuel,0.62,53.3,none,0,6.1,1
E-006228,IK-01-00332,IK-01-00296,IK01,IK01,fuel,0.62,58.8,none,0,9.1,0
E-006229,IK-01-00334,IK-01-00297,IK01,IK01,fuel,0.62,53.4,none,0,7.2,1
E-006230,IK-01-00417,IK-01-00298,IK01,IK01,fuel,0.62,47.4,partial,0,13.1,1
E-006231,IK-01-00408,IK-01-00299,IK01,IK01,fuel,0.62,37.4,none,0,6.0,0
E-006232,IK-01-00376,IK-01-00300,IK01,IK01,fuel,0.62,40.3,none,0,12.5,1
E-006233,IK-01-00278,IK-01-00001,IK01,IK01,generation,0.4,0.0,partial,0,15.7,0
E-006234,IK-01-00288,IK-01-00001,IK01,IK01,generation,0.4,0.0,partial,1,6.4,0
E-006235,IK-01-00253,IK-01-00002,IK01,IK01,generation,0.4,0.0,partial,0,6.5,0
E-006236,IK-01-00263,IK-01-00002,IK01,IK01,generation,0.4,0.0,partial,0,8.9,0
E-006237,IK-01-00241,IK-01-00003,IK01,IK01,generation,0.4,0.0,partial,0,3.9,0
E-006238,IK-01-00264,IK-01-00003,IK01,IK01,generation,0.4,0.0,partial,0,10.1,0
E-006239,IK-01-00259,IK-01-00004,IK01,IK01,generation,0.4,0.0,partial,0,10.1,0
E-006240,IK-01-00243,IK-01-00004,IK01,IK01,generation,0.4,0.0,partial,0,9.0,0
E-006241,IK-01-00285,IK-01-00005,IK01,IK01,generation,0.4,0.0,partial,0,2.7,0
E-006242,IK-01-00266,IK-01-00005,IK01,IK01,generation,0.4,0.0,partial,0,15.5,1
E-006243,IK-01-00250,IK-01-00006,IK01,IK01,generation,0.4,0.0,partial,0,10.4,0
E-006244,IK-01-00256,IK-01-00006,IK01,IK01,generation,0.4,0.0,partial,0,14.8,0
E-006245,IK-01-00251,IK-01-00007,IK01,IK01,generation,0.4,0.0,partial,0,3.1,0
E-006246,IK-01-00267,IK-01-00007,IK01,IK01,generation,0.4,0.0,partial,0,4.4,0
E-006247,IK-01-00281,IK-01-00008,IK01,IK01,generation,0.4,0.0,partial,0,5.2,1
E-006248,IK-01-00276,IK-01-00008,IK01,IK01,generation,0.4,0.0,partial,0,15.8,0
E-006249,IK-01-00243,IK-01-00009,IK01,IK01,generation,0.4,0.0,partial,0,8.7,0
E-006250,IK-01-00259,IK-01-00009,IK01,IK01,generation,0.4,0.0,partial,0,7.8,0
E-006251,IK-01-00284,IK-01-00010,IK01,IK01,generation,0.4,0.0,partial,0,1.0,1
E-006252,IK-01-00275,IK-01-00010,IK01,IK01,generation,0.4,0.0,partial,0,6.5,0
E-006253,IK-01-00298,IK-01-00011,IK01,IK01,generation,0.4,0.0,partial,0,7.2,0
E-006254,IK-01-00249,IK-01-00011,IK01,IK01,generation,0.4,0.0,partial,0,9.2,1
E-006255,IK-01-00267,IK-01-00012,IK01,IK01,generation,0.4,0.0,partial,1,15.9,1
E-006256,IK-01-00247,IK-01-00012,IK01,IK01,generation,0.4,0.0,partial,1,13.8,1
E-006257,IK-01-00261,IK-01-00013,IK01,IK01,generation,0.4,0.0,partial,0,6.9,0
E-006258,IK-01-00296,IK-01-00013,IK01,IK01,generation,0.4,0.0,partial,0,4.3,0
E-006259,IK-01-00285,IK-01-00014,IK01,IK01,generation,0.4,0.0,partial,0,6.9,1
E-006260,IK-01-00266,IK-01-00014,IK01,IK01,generation,0.4,0.0,partial,0,8.3,1
E-006261,IK-01-00255,IK-01-00015,IK01,IK01,generation,0.4,0.0,partial,0,10.3,1
E-006262,IK-01-00274,IK-01-00015,IK01,IK01,generation,0.4,0.0,partial,0,1.0,1
E-006263,IK-01-00259,IK-01-00016,IK01,IK01,generation,0.4,0.0,partial,0,6.9,0
E-006264,IK-01-00289,IK-01-00016,IK01,IK01,generation,0.4,0.0,partial,0,7.2,1
E-006265,IK-01-00257,IK-01-00017,IK01,IK01,generation,0.4,0.0,partial,1,6.8,1
E-006266,IK-01-00267,IK-01-00017,IK01,IK01,generation,0.4,0.0,partial,1,15.8,0
E-006267,IK-01-00259,IK-01-00018,IK01,IK01,generation,0.4,0.0,partial,0,7.4,1
E-006268,IK-01-00243,IK-01-00018,IK01,IK01,generation,0.4,0.0,partial,0,8.0,0
E-006269,IK-01-00275,IK-01-00019,IK01,IK01,generation,0.4,0.0,partial,0,15.2,0
E-006270,IK-01-00299,IK-01-00019,IK01,IK01,generation,0.4,0.0,partial,0,13.7,1
E-006271,IK-01-00254,IK-01-00020,IK01,IK01,generation,0.4,0.0,partial,1,13.0,0
E-006272,IK-01-00278,IK-01-00020,IK01,IK01,generation,0.4,0.0,partial,0,9.0,1
E-006273,IK-01-00300,IK-01-00021,IK01,IK01,generation,0.4,0.0,partial,0,6.2,1
E-006274,IK-01-00282,IK-01-00021,IK01,IK01,generation,0.4,0.0,partial,0,4.2,0
E-006275,IK-01-00300,IK-01-00022,IK01,IK01,generation,0.4,0.0,partial,0,11.9,0
E-006276,IK-01-00282,IK-01-00022,IK01,IK01,generation,0.4,0.0,partial,0,14.8,1
E-006277,IK-01-00270,IK-01-00023,IK01,IK01,generation,0.4,0.0,partial,0,10.3,0
E-006278,IK-01-00290,IK-01-00023,IK01,IK01,generation,0.4,0.0,partial,0,3.6,0
E-006279,IK-01-00297,IK-01-00024,IK01,IK01,generation,0.4,0.0,partial,0,8.7,1
E-006280,IK-01-00244,IK-01-00024,IK01,IK01,generation,0.4,0.0,partial,0,12.8,0
E-006281,IK-01-00251,IK-01-00025,IK01,IK01,generation,0.4,0.0,partial,0,4.5,1
E-006282,IK-01-00267,IK-01-00025,IK01,IK01,generation,0.4,0.0,partial,0,4.7,0
E-006283,IK-01-00277,IK-01-00026,IK01,IK01,generation,0.4,0.0,partial,0,10.0,0
E-006284,IK-01-00291,IK-01-00026,IK01,IK01,generation,0.4,0.0,partial,0,10.3,1
E-006285,IK-01-00259,IK-01-00027,IK01,IK01,generation,0.4,0.0,partial,0,9.8,0
E-006286,IK-01-00243,IK-01-00027,IK01,IK01,generation,0.4,0.0,partial,0,13.4,0
E-006287,IK-01-00264,IK-01-00028,IK01,IK01,generation,0.4,0.0,partial,0,7.9,1
E-006288,IK-01-00241,IK-01-00028,IK01,IK01,generation,0.4,0.0,partial,0,5.9,1
E-006289,IK-01-00250,IK-01-00029,IK01,IK01,generation,0.4,0.0,partial,0,11.6,0
E-006290,IK-01-00256,IK-01-00029,IK01,IK01,generation,0.4,0.0,partial,0,16.9,1
E-006291,IK-01-00281,IK-01-00030,IK01,IK01,generation,0.4,0.0,partial,0,6.2,1
E-006292,IK-01-00276,IK-01-00030,IK01,IK01,generation,0.4,0.0,partial,0,11.0,0
E-006293,IK-01-00264,IK-01-00031,IK01,IK01,generation,0.4,0.0,partial,0,14.0,0
E-006294,IK-01-00241,IK-01-00031,IK01,IK01,generation,0.4,0.0,partial,0,9.3,0
E-006295,IK-01-00253,IK-01-00032,IK01,IK01,generation,0.4,0.0,partial,0,3.7,1
E-006296,IK-01-00263,IK-01-00032,IK01,IK01,generation,0.4,0.0,partial,0,9.4,1
E-006297,IK-01-00248,IK-01-00033,IK01,IK01,generation,0.4,0.0,partial,0,10.1,0
E-006298,IK-01-00243,IK-01-00033,IK01,IK01,generation,0.4,0.0,partial,0,7.1,0
E-006299,IK-01-00251,IK-01-00034,IK01,IK01,generation,0.4,0.0,partial,0,6.9,0
E-006300,IK-01-00267,IK-01-00034,IK01,IK01,generation,0.4,0.0,partial,0,2.8,1
E-006301,IK-01-00294,IK-01-00035,IK01,IK01,generation,0.4,0.0,partial,0,5.3,0
E-006302,IK-01-00271,IK-01-00035,IK01,IK01,generation,0.4,0.0,partial,0,5.8,0
E-006303,IK-01-00247,IK-01-00036,IK01,IK01,generation,0.4,0.0,partial,0,4.7,0
E-006304,IK-01-00292,IK-01-00036,IK01,IK01,generation,0.4,0.0,partial,0,7.7,0
E-006305,IK-01-00279,IK-01-00037,IK01,IK01,generation,0.4,0.0,partial,0,12.2,1
E-006306,IK-01-00257,IK-01-00037,IK01,IK01,generation,0.4,0.0,partial,0,5.6,0
E-006307,IK-01-00281,IK-01-00038,IK01,IK01,generation,0.4,0.0,partial,0,14.4,0
E-006308,IK-01-00276,IK-01-00038,IK01,IK01,generation,0.4,0.0,partial,0,9.9,1
E-006309,IK-01-00247,IK-01-00039,IK01,IK01,generation,0.4,0.0,partial,1,18.6,0
E-006310,IK-01-00267,IK-01-00039,IK01,IK01,generation,0.4,0.0,partial,1,11.0,1
E-006311,IK-01-00300,IK-01-00040,IK01,IK01,generation,0.4,0.0,partial,0,2.1,1
E-006312,IK-01-00282,IK-01-00040,IK01,IK01,generation,0.4,0.0,partial,0,13.5,0
E-006313,IK-01-00198,IK-01-00331,IK01,IK01,electricity,0.8,0.0,partial,0,10.4,0
E-006314,IK-08-01728,IK-01-00331,IK08,IK01,transport,0.3,23.2,partial,0,1.5,1
E-006315,IK-01-00193,IK-01-00332,IK01,IK01,electricity,0.8,0.0,none,0,8.6,1
E-006316,IK-08-01753,IK-01-00332,IK08,IK01,transport,0.3,11.7,partial,0,16.2,0
E-006317,IK-01-00203,IK-01-00333,IK01,IK01,electricity,0.8,0.0,none,0,2.9,0
E-006318,IK-08-01791,IK-01-00333,IK08,IK01,transport,0.3,16.0,partial,0,7.8,1
E-006319,IK-01-00173,IK-01-00334,IK01,IK01,electricity,0.8,0.0,none,0,8.6,0
E-006320,IK-08-01727,IK-01-00334,IK08,IK01,transport,0.3,17.0,partial,0,5.1,1
E-006321,IK-01-00102,IK-01-00335,IK01,IK01,electricity,0.8,0.0,partial,0,4.4,0
E-006322,IK-08-01788,IK-01-00335,IK08,IK01,transport,0.3,13.6,partial,0,4.7,1
E-006323,IK-01-00104,IK-01-00336,IK01,IK01,electricity,0.8,0.0,partial,0,8.7,1
E-006324,IK-08-01712,IK-01-00336,IK08,IK01,transport,0.3,10.2,partial,0,10.2,1
E-006325,IK-01-00058,IK-01-00337,IK01,IK01,electricity,0.8,0.0,none,0,19.0,0
E-006326,IK-08-01738,IK-01-00337,IK08,IK01,transport,0.3,13.5,partial,0,8.3,0
E-006327,IK-01-00041,IK-01-00338,IK01,IK01,electricity,0.8,0.0,none,0,8.0,1
E-006328,IK-08-01792,IK-01-00338,IK08,IK01,transport,0.3,19.2,partial,0,7.7,1
E-006329,IK-01-00119,IK-01-00339,IK01,IK01,electricity,0.8,0.0,none,0,12.0,1
E-006330,IK-08-01754,IK-01-00339,IK08,IK01,transport,0.3,16.9,partial,0,6.6,0
E-006331,IK-01-00092,IK-01-00340,IK01,IK01,electricity,0.8,0.0,none,0,16.4,0
E-006332,IK-08-01628,IK-01-00340,IK08,IK01,transport,0.3,19.1,partial,0,10.5,1
E-006333,IK-01-00113,IK-01-00341,IK01,IK01,electricity,0.8,0.0,partial,0,11.1,0
E-006334,IK-08-01668,IK-01-00341,IK08,IK01,transport,0.3,20.5,partial,0,6.6,0
E-006335,IK-01-00099,IK-01-00342,IK01,IK01,electricity,0.8,0.0,partial,0,9.2,0
E-006336,IK-08-01795,IK-01-00342,IK08,IK01,transport,0.3,13.1,partial,0,1.4,1
E-006337,IK-01-00086,IK-01-00343,IK01,IK01,electricity,0.8,0.0,none,0,5.8,0
E-006338,IK-08-01664,IK-01-00343,IK08,IK01,transport,0.3,11.6,partial,0,7.4,1
E-006339,IK-01-00067,IK-01-00344,IK01,IK01,electricity,0.8,0.0,partial,0,12.9,0
E-006340,IK-08-01675,IK-01-00344,IK08,IK01,transport,0.3,20.1,partial,0,16.2,1
E-006341,IK-01-00110,IK-01-00345,IK01,IK01,electricity,0.8,0.0,partial,0,6.6,0
E-006342,IK-08-01696,IK-01-00345,IK08,IK01,transport,0.3,21.0,partial,0,10.7,0
E-006343,IK-01-00087,IK-01-00346,IK01,IK01,electricity,0.8,0.0,partial,0,12.6,0
E-006344,IK-08-01785,IK-01-00346,IK08,IK01,transport,0.3,19.8,partial,0,12.8,1
E-006345,IK-01-00105,IK-01-00347,IK01,IK01,electricity,0.8,0.0,none,0,9.5,0
E-006346,IK-08-01779,IK-01-00347,IK08,IK01,transport,0.3,17.3,partial,0,13.7,0
E-006347,IK-01-00097,IK-01-00348,IK01,IK01,electricity,0.8,0.0,none,0,5.4,1
E-006348,IK-08-01628,IK-01-00348,IK08,IK01,transport,0.3,19.9,partial,0,11.5,0
E-006349,IK-01-00230,IK-01-00349,IK01,IK01,electricity,0.8,0.0,none,0,9.0,1
E-006350,IK-08-01621,IK-01-00349,IK08,IK01,transport,0.3,8.0,partial,0,11.0,0
E-006351,IK-01-00204,IK-01-00350,IK01,IK01,electricity,0.8,0.0,partial,0,14.4,1
E-006352,IK-08-01814,IK-01-00350,IK08,IK01,transport,0.3,20.6,partial,0,8.8,0
E-006353,IK-01-00234,IK-01-00351,IK01,IK01,electricity,0.8,0.0,partial,0,8.6,0
E-006354,IK-08-01734,IK-01-00351,IK08,IK01,transport,0.3,17.4,partial,0,9.1,1
E-006355,IK-01-00121,IK-01-00352,IK01,IK01,electricity,0.8,0.0,none,0,1.8,0
E-006356,IK-08-01721,IK-01-00352,IK08,IK01,transport,0.3,18.0,partial,0,9.5,1
E-006357,IK-01-00218,IK-01-00353,IK01,IK01,electricity,0.8,0.0,partial,0,3.7,1
E-006358,IK-08-01757,IK-01-00353,IK08,IK01,transport,0.3,11.2,partial,0,14.1,1
E-006359,IK-01-00152,IK-01-00354,IK01,IK01,electricity,0.8,0.0,partial,0,7.8,0
E-006360,IK-08-01622,IK-01-00354,IK08,IK01,transport,0.3,6.2,partial,0,15.0,0
E-006361,IK-01-00103,IK-01-00355,IK01,IK01,electricity,0.8,0.0,partial,0,14.6,1
E-006362,IK-08-01635,IK-01-00355,IK08,IK01,transport,0.3,23.4,partial,0,10.4,0
E-006363,IK-01-00072,IK-01-00356,IK01,IK01,electricity,0.8,0.0,none,0,10.5,0
E-006364,IK-08-01809,IK-01-00356,IK08,IK01,transport,0.3,10.9,partial,0,9.9,0
E-006365,IK-01-00060,IK-01-00357,IK01,IK01,electricity,0.8,0.0,none,0,1.5,1
E-006366,IK-08-01770,IK-01-00357,IK08,IK01,transport,0.3,9.9,partial,0,7.6,0
E-006367,IK-01-00173,IK-01-00358,IK01,IK01,electricity,0.8,0.0,none,0,5.5,0
E-006368,IK-08-01727,IK-01-00358,IK08,IK01,transport,0.3,23.6,partial,0,11.8,0
E-006369,IK-01-00049,IK-01-00359,IK01,IK01,electricity,0.8,0.0,partial,0,14.4,1
E-006370,IK-08-01683,IK-01-00359,IK08,IK01,transport,0.3,22.3,partial,0,11.3,0
E-006371,IK-01-00192,IK-01-00360,IK01,IK01,electricity,0.8,0.0,partial,0,1.0,0
E-006372,IK-08-01723,IK-01-00360,IK08,IK01,transport,0.3,20.4,partial,0,4.3,0
E-006373,IK-01-00096,IK-01-00361,IK01,IK01,electricity,0.8,0.0,none,0,5.8,0
E-006374,IK-08-01639,IK-01-00361,IK08,IK01,transport,0.3,9.7,partial,0,5.4,0
E-006375,IK-01-00115,IK-01-00362,IK01,IK01,electricity,0.8,0.0,none,0,9.5,0
E-006376,IK-08-01741,IK-01-00362,IK08,IK01,transport,0.3,7.9,partial,0,7.3,0
E-006377,IK-01-00202,IK-01-00363,IK01,IK01,electricity,0.8,0.0,none,0,13.2,1
E-006378,IK-08-01681,IK-01-00363,IK08,IK01,transport,0.3,11.4,partial,0,9.9,1
E-006379,IK-01-00168,IK-01-00364,IK01,IK01,electricity,0.8,0.0,partial,0,8.8,1
E-006380,IK-08-01750,IK-01-00364,IK08,IK01,transport,0.3,12.6,partial,0,5.1,0
E-006381,IK-01-00185,IK-01-00365,IK01,IK01,electricity,0.8,0.0,none,0,15.4,0
E-006382,IK-08-01626,IK-01-00365,IK08,IK01,transport,0.3,15.3,partial,0,4.3,1
E-006383,IK-01-00185,IK-01-00366,IK01,IK01,electricity,0.8,0.0,none,0,1.0,0
E-006384,IK-08-01626,IK-01-00366,IK08,IK01,transport,0.3,13.7,partial,0,1.0,0
E-006385,IK-01-00073,IK-01-00367,IK01,IK01,electricity,0.8,0.0,partial,0,2.9,1
E-006386,IK-08-01620,IK-01-00367,IK08,IK01,transport,0.3,8.7,partial,0,6.3,0
E-006387,IK-01-00067,IK-01-00368,IK01,IK01,electricity,0.8,0.0,none,0,7.6,0
E-006388,IK-08-01675,IK-01-00368,IK08,IK01,transport,0.3,10.8,partial,0,6.5,0
E-006389,IK-01-00073,IK-01-00369,IK01,IK01,electricity,0.8,0.0,partial,0,7.7,0
E-006390,IK-08-01618,IK-01-00369,IK08,IK01,transport,0.3,18.0,partial,0,7.5,1
E-006391,IK-01-00156,IK-01-00370,IK01,IK01,electricity,0.8,0.0,partial,0,1.2,0
E-006392,IK-08-01785,IK-01-00370,IK08,IK01,transport,0.3,9.7,partial,0,7.4,0
E-006393,IK-01-00161,IK-01-00371,IK01,IK01,electricity,0.8,0.0,partial,0,5.3,0
E-006394,IK-08-01677,IK-01-00371,IK08,IK01,transport,0.3,23.6,partial,0,4.7,0
E-006395,IK-01-00118,IK-01-00372,IK01,IK01,electricity,0.8,0.0,none,0,7.9,0
E-006396,IK-08-01676,IK-01-00372,IK08,IK01,transport,0.3,14.4,partial,0,1.8,1
E-006397,IK-01-00234,IK-01-00373,IK01,IK01,electricity,0.8,0.0,none,0,7.1,0
E-006398,IK-08-01709,IK-01-00373,IK08,IK01,transport,0.3,12.5,partial,0,5.7,0
E-006399,IK-01-00043,IK-01-00374,IK01,IK01,electricity,0.8,0.0,none,0,6.6,0
E-006400,IK-08-01803,IK-01-00374,IK08,IK01,transport,0.3,19.0,partial,0,8.2,0
E-006401,IK-01-00184,IK-01-00301,IK01,IK01,electricity,0.8,0.0,none,0,2.8,0
E-006402,IK-08-01631,IK-01-00301,IK08,IK01,transport,0.3,13.1,partial,0,6.5,0
E-006403,IK-01-00087,IK-01-00302,IK01,IK01,electricity,0.8,0.0,none,0,10.6,0
E-006404,IK-08-01797,IK-01-00302,IK08,IK01,transport,0.3,19.8,partial,0,6.8,0
E-006405,IK-01-00191,IK-01-00303,IK01,IK01,electricity,0.8,0.0,none,0,11.1,0
E-006406,IK-08-01751,IK-01-00303,IK08,IK01,transport,0.3,8.4,partial,0,6.3,0
E-006407,IK-01-00059,IK-01-00304,IK01,IK01,electricity,0.8,0.0,none,0,14.2,0
E-006408,IK-08-01698,IK-01-00304,IK08,IK01,transport,0.3,20.5,partial,0,5.7,0
E-006409,IK-01-00098,IK-01-00305,IK01,IK01,electricity,0.8,0.0,none,0,7.9,1
E-006410,IK-08-01706,IK-01-00305,IK08,IK01,transport,0.3,7.8,partial,0,9.0,1
E-006411,IK-01-00058,IK-01-00306,IK01,IK01,electricity,0.8,0.0,partial,0,16.1,0
E-006412,IK-08-01738,IK-01-00306,IK08,IK01,transport,0.3,10.6,partial,0,6.2,1
E-006413,IK-01-00211,IK-01-00307,IK01,IK01,electricity,0.8,0.0,partial,0,12.4,0
E-006414,IK-08-01678,IK-01-00307,IK08,IK01,transport,0.3,7.9,partial,0,4.2,1
E-006415,IK-01-00158,IK-01-00308,IK01,IK01,electricity,0.8,0.0,partial,0,8.4,0
E-006416,IK-08-01628,IK-01-00308,IK08,IK01,transport,0.3,19.8,partial,0,16.1,1
E-006417,IK-01-00171,IK-01-00309,IK01,IK01,electricity,0.8,0.0,partial,0,5.9,1
E-006418,IK-08-01648,IK-01-00309,IK08,IK01,transport,0.3,7.2,partial,0,3.5,0
E-006419,IK-01-00060,IK-01-00310,IK01,IK01,electricity,0.8,0.0,none,0,11.4,0
E-006420,IK-08-01770,IK-01-00310,IK08,IK01,transport,0.3,11.6,partial,0,6.7,1
E-006421,IK-01-00041,IK-01-00311,IK01,IK01,electricity,0.8,0.0,none,0,10.1,1
E-006422,IK-08-01710,IK-01-00311,IK08,IK01,transport,0.3,6.8,partial,0,9.4,0
E-006423,IK-01-00065,IK-01-00312,IK01,IK01,electricity,0.8,0.0,partial,0,8.2,0
E-006424,IK-08-01684,IK-01-00312,IK08,IK01,transport,0.3,12.3,partial,0,11.1,1
E-006425,IK-01-00232,IK-01-00313,IK01,IK01,electricity,0.8,0.0,none,0,7.8,0
E-006426,IK-08-01787,IK-01-00313,IK08,IK01,transport,0.3,14.3,partial,0,6.7,1
E-006427,IK-01-00062,IK-01-00314,IK01,IK01,electricity,0.8,0.0,partial,0,5.8,0
E-006428,IK-08-01777,IK-01-00314,IK08,IK01,transport,0.3,19.0,partial,0,1.0,1
E-006429,IK-01-00214,IK-01-00315,IK01,IK01,electricity,0.8,0.0,partial,0,6.8,0
E-006430,IK-08-01643,IK-01-00315,IK08,IK01,transport,0.3,7.6,partial,0,11.1,0
E-006431,IK-01-00096,IK-01-00316,IK01,IK01,electricity,0.8,0.0,none,0,6.9,1
E-006432,IK-08-01802,IK-01-00316,IK08,IK01,transport,0.3,10.8,partial,0,12.1,0
E-006433,IK-01-00204,IK-01-00317,IK01,IK01,electricity,0.8,0.0,none,0,4.4,0
E-006434,IK-08-01814,IK-01-00317,IK08,IK01,transport,0.3,12.2,partial,0,8.8,0
E-006435,IK-01-00188,IK-01-00318,IK01,IK01,electricity,0.8,0.0,none,0,7.6,0
E-006436,IK-08-01693,IK-01-00318,IK08,IK01,transport,0.3,16.1,partial,0,7.4,0
E-006437,IK-01-00179,IK-01-00319,IK01,IK01,electricity,0.8,0.0,partial,0,8.3,0
E-006438,IK-08-01795,IK-01-00319,IK08,IK01,transport,0.3,15.7,partial,0,3.4,0
E-006439,IK-01-00097,IK-01-00320,IK01,IK01,electricity,0.8,0.0,partial,0,12.1,1
E-006440,IK-08-01718,IK-01-00320,IK08,IK01,transport,0.3,17.6,partial,0,2.8,0
E-006441,IK-01-00153,IK-01-00321,IK01,IK01,electricity,0.8,0.0,none,0,6.9,1
E-006442,IK-08-01676,IK-01-00321,IK08,IK01,transport,0.3,15.0,partial,0,4.5,0
E-006443,IK-01-00044,IK-01-00322,IK01,IK01,electricity,0.8,0.0,none,0,11.1,0
E-006444,IK-08-01769,IK-01-00322,IK08,IK01,transport,0.3,21.5,partial,0,8.3,0
E-006445,IK-01-00045,IK-01-00323,IK01,IK01,electricity,0.8,0.0,partial,0,9.6,0
E-006446,IK-08-01648,IK-01-00323,IK08,IK01,transport,0.3,10.5,partial,0,6.8,0
E-006447,IK-01-00160,IK-01-00324,IK01,IK01,electricity,0.8,0.0,partial,0,12.6,0
E-006448,IK-08-01717,IK-01-00324,IK08,IK01,transport,0.3,18.3,partial,0,5.6,0
E-006449,IK-01-00141,IK-01-00325,IK01,IK01,electricity,0.8,0.0,partial,0,7.5,1
E-006450,IK-08-01745,IK-01-00325,IK08,IK01,transport,0.3,13.7,partial,0,1.3,0
E-006451,IK-01-00097,IK-01-00326,IK01,IK01,electricity,0.8,0.0,partial,0,15.6,1
E-006452,IK-08-01718,IK-01-00326,IK08,IK01,transport,0.3,7.3,partial,0,3.5,0
E-006453,IK-01-00218,IK-01-00327,IK01,IK01,electricity,0.8,0.0,partial,0,10.1,1
E-006454,IK-08-01755,IK-01-00327,IK08,IK01,transport,0.3,11.1,partial,0,13.7,0
E-006455,IK-01-00236,IK-01-00328,IK01,IK01,electricity,0.8,0.0,none,0,11.2,0
E-006456,IK-08-01657,IK-01-00328,IK08,IK01,transport,0.3,10.2,partial,0,15.0,0
E-006457,IK-01-00235,IK-01-00329,IK01,IK01,electricity,0.8,0.0,none,0,10.4,0
E-006458,IK-08-01678,IK-01-00329,IK08,IK01,transport,0.3,17.4,partial,0,10.2,1
E-006459,IK-01-00171,IK-01-00330,IK01,IK01,electricity,0.8,0.0,partial,0,1.0,0
E-006460,IK-08-01648,IK-01-00330,IK08,IK01,transport,0.3,21.1,partial,0,1.0,0
E-006461,IK-01-00210,IK-01-00375,IK01,IK01,electricity,0.8,0.0,partial,0,10.4,0
E-006462,IK-08-01644,IK-01-00375,IK08,IK01,transport,0.3,11.2,partial,0,5.6,0
E-006463,IK-01-00181,IK-01-00376,IK01,IK01,electricity,0.8,0.0,none,0,1.4,0
E-006464,IK-08-01771,IK-01-00376,IK08,IK01,transport,0.3,14.0,partial,0,9.9,0
E-006465,IK-01-00160,IK-01-00377,IK01,IK01,electricity,0.8,0.0,partial,0,5.3,0
E-006466,IK-08-01616,IK-01-00377,IK08,IK01,transport,0.3,20.4,partial,0,7.2,1
E-006467,IK-01-00202,IK-01-00378,IK01,IK01,electricity,0.8,0.0,none,0,6.4,0
E-006468,IK-08-01681,IK-01-00378,IK08,IK01,transport,0.3,19.0,partial,0,10.5,1
E-006469,IK-01-00192,IK-01-00379,IK01,IK01,electricity,0.8,0.0,none,0,1.0,0
E-006470,IK-08-01678,IK-01-00379,IK08,IK01,transport,0.3,15.2,partial,0,7.6,0
E-006471,IK-01-00231,IK-01-00380,IK01,IK01,electricity,0.8,0.0,none,0,7.2,0
E-006472,IK-08-01739,IK-01-00380,IK08,IK01,transport,0.3,23.3,partial,0,12.3,0
E-006473,IK-01-00096,IK-01-00381,IK01,IK01,electricity,0.8,0.0,none,0,13.6,0
E-006474,IK-08-01802,IK-01-00381,IK08,IK01,transport,0.3,19.0,partial,0,9.4,0
E-006475,IK-01-00070,IK-01-00382,IK01,IK01,electricity,0.8,0.0,none,0,4.9,1
E-006476,IK-08-01756,IK-01-00382,IK08,IK01,transport,0.3,12.2,partial,0,2.4,1
E-006477,IK-01-00227,IK-01-00383,IK01,IK01,electricity,0.8,0.0,none,0,4.6,1
E-006478,IK-08-01730,IK-01-00383,IK08,IK01,transport,0.3,10.9,partial,0,13.0,1
E-006479,IK-01-00057,IK-01-00384,IK01,IK01,electricity,0.8,0.0,none,0,9.4,0
E-006480,IK-08-01643,IK-01-00384,IK08,IK01,transport,0.3,12.1,partial,0,4.4,1
E-006481,IK-01-00042,IK-01-00385,IK01,IK01,electricity,0.8,0.0,none,0,12.3,0
E-006482,IK-08-01713,IK-01-00385,IK08,IK01,transport,0.3,14.3,partial,0,11.3,0
E-006483,IK-01-00206,IK-01-00386,IK01,IK01,electricity,0.8,0.0,none,0,7.1,0
E-006484,IK-08-01659,IK-01-00386,IK08,IK01,transport,0.3,8.6,partial,0,12.3,1
E-006485,IK-01-00103,IK-01-00387,IK01,IK01,electricity,0.8,0.0,partial,0,11.9,0
E-006486,IK-08-01635,IK-01-00387,IK08,IK01,transport,0.3,22.1,partial,0,11.6,1
E-006487,IK-01-00230,IK-01-00388,IK01,IK01,electricity,0.8,0.0,partial,0,12.6,1
E-006488,IK-08-01621,IK-01-00388,IK08,IK01,transport,0.3,13.6,partial,0,4.5,0
E-006489,IK-01-00156,IK-01-00389,IK01,IK01,electricity,0.8,0.0,partial,0,1.0,1
E-006490,IK-08-01785,IK-01-00389,IK08,IK01,transport,0.3,8.2,partial,0,4.3,1
E-006491,IK-01-00060,IK-01-00390,IK01,IK01,electricity,0.8,0.0,none,0,2.4,0
E-006492,IK-08-01773,IK-01-00390,IK08,IK01,transport,0.3,15.6,partial,0,9.9,0
E-006493,IK-01-00151,IK-01-00391,IK01,IK01,electricity,0.8,0.0,partial,0,5.3,1
E-006494,IK-08-01775,IK-01-00391,IK08,IK01,transport,0.3,7.3,partial,0,4.0,1
E-006495,IK-01-00201,IK-01-00392,IK01,IK01,electricity,0.8,0.0,none,0,13.3,0
E-006496,IK-08-01800,IK-01-00392,IK08,IK01,transport,0.3,16.9,partial,0,9.5,1
E-006497,IK-01-00221,IK-01-00393,IK01,IK01,electricity,0.8,0.0,none,0,8.8,1
E-006498,IK-08-01712,IK-01-00393,IK08,IK01,transport,0.3,7.0,partial,0,9.4,1
E-006499,IK-01-00113,IK-01-00394,IK01,IK01,electricity,0.8,0.0,partial,0,6.3,0
E-006500,IK-08-01692,IK-01-00394,IK08,IK01,transport,0.3,18.2,partial,0,1.0,0
E-006501,IK-01-00062,IK-01-00395,IK01,IK01,electricity,0.8,0.0,partial,0,12.8,0
E-006502,IK-08-01715,IK-01-00395,IK08,IK01,transport,0.3,8.1,partial,0,9.5,1
E-006503,IK-01-00218,IK-01-00396,IK01,IK01,electricity,0.8,0.0,none,0,11.8,1
E-006504,IK-08-01757,IK-01-00396,IK08,IK01,transport,0.3,23.1,partial,0,13.4,0
E-006505,IK-01-00237,IK-01-00397,IK01,IK01,electricity,0.8,0.0,none,0,11.4,1
E-006506,IK-08-01699,IK-01-00397,IK08,IK01,transport,0.3,11.9,partial,0,11.4,1
E-006507,IK-01-00113,IK-01-00398,IK01,IK01,electricity,0.8,0.0,partial,0,4.4,0
E-006508,IK-08-01783,IK-01-00398,IK08,IK01,transport,0.3,14.9,partial,0,6.3,0
E-006509,IK-01-00202,IK-01-00399,IK01,IK01,electricity,0.8,0.0,none,0,12.0,0
E-006510,IK-08-01681,IK-01-00399,IK08,IK01,transport,0.3,14.0,partial,0,3.7,0
E-006511,IK-01-00185,IK-01-00400,IK01,IK01,electricity,0.8,0.0,partial,0,9.6,1
E-006512,IK-08-01775,IK-01-00400,IK08,IK01,transport,0.3,7.9,partial,0,7.7,1
E-006513,IK-01-00194,IK-01-00401,IK01,IK01,electricity,0.8,0.0,none,0,9.4,0
E-006514,IK-08-01691,IK-01-00401,IK08,IK01,transport,0.3,9.4,partial,0,10.8,1
E-006515,IK-01-00193,IK-01-00402,IK01,IK01,electricity,0.8,0.0,partial,0,7.1,1
E-006516,IK-08-01753,IK-01-00402,IK08,IK01,transport,0.3,21.1,partial,0,10.2,0
E-006517,IK-01-00096,IK-01-00403,IK01,IK01,electricity,0.8,0.0,none,0,5.2,0
E-006518,IK-08-01685,IK-01-00403,IK08,IK01,transport,0.3,11.6,partial,0,6.4,1
E-006519,IK-01-00104,IK-01-00404,IK01,IK01,electricity,0.8,0.0,none,0,11.8,0
E-006520,IK-08-01712,IK-01-00404,IK08,IK01,transport,0.3,23.4,partial,0,10.1,1
E-006521,IK-01-00060,IK-01-00405,IK01,IK01,electricity,0.8,0.0,partial,0,4.5,1
E-006522,IK-08-01800,IK-01-00405,IK08,IK01,transport,0.3,19.2,partial,0,4.6,0
E-006523,IK-01-00182,IK-01-00406,IK01,IK01,electricity,0.8,0.0,partial,0,9.8,0
E-006524,IK-08-01638,IK-01-00406,IK08,IK01,transport,0.3,18.6,partial,0,7.2,0
E-006525,IK-01-00082,IK-01-00407,IK01,IK01,electricity,0.8,0.0,none,0,1.0,0
E-006526,IK-08-01793,IK-01-00407,IK08,IK01,transport,0.3,9.8,partial,0,8.2,0
E-006527,IK-01-00234,IK-01-00408,IK01,IK01,electricity,0.8,0.0,none,0,16.0,1
E-006528,IK-08-01734,IK-01-00408,IK08,IK01,transport,0.3,9.9,partial,0,16.4,0
E-006529,IK-01-00219,IK-01-00409,IK01,IK01,electricity,0.8,0.0,partial,0,16.7,0
E-006530,IK-08-01735,IK-01-00409,IK08,IK01,transport,0.3,15.2,partial,0,3.4,1
E-006531,IK-01-00098,IK-01-00410,IK01,IK01,electricity,0.8,0.0,none,0,8.1,0
E-006532,IK-08-01706,IK-01-00410,IK08,IK01,transport,0.3,19.7,partial,0,1.0,1
E-006533,IK-01-00070,IK-01-00411,IK01,IK01,electricity,0.8,0.0,none,0,18.3,0
E-006534,IK-08-01756,IK-01-00411,IK08,IK01,transport,0.3,9.7,partial,0,8.4,0
E-006535,IK-01-00218,IK-01-00412,IK01,IK01,electricity,0.8,0.0,none,0,4.0,1
E-006536,IK-08-01763,IK-01-00412,IK08,IK01,transport,0.3,13.9,partial,0,8.8,1
E-006537,IK-01-00043,IK-01-00413,IK01,IK01,electricity,0.8,0.0,partial,0,11.9,0
E-006538,IK-08-01782,IK-01-00413,IK08,IK01,transport,0.3,19.3,partial,0,9.5,0
E-006539,IK-01-00092,IK-01-00414,IK01,IK01,electricity,0.8,0.0,none,0,10.7,1
E-006540,IK-08-01628,IK-01-00414,IK08,IK01,transport,0.3,21.2,partial,0,6.6,0
E-006541,IK-01-00060,IK-01-00415,IK01,IK01,electricity,0.8,0.0,partial,0,7.3,0
E-006542,IK-08-01670,IK-01-00415,IK08,IK01,transport,0.3,8.0,partial,0,3.2,1
E-006543,IK-01-00041,IK-01-00416,IK01,IK01,electricity,0.8,0.0,none,0,12.3,0
E-006544,IK-08-01792,IK-01-00416,IK08,IK01,transport,0.3,18.3,partial,0,7.4,1
E-006545,IK-01-00158,IK-01-00417,IK01,IK01,electricity,0.8,0.0,partial,0,1.0,1
E-006546,IK-08-01711,IK-01-00417,IK08,IK01,transport,0.3,21.1,partial,0,4.9,0
E-006547,IK-01-00166,IK-01-00418,IK01,IK01,electricity,0.8,0.0,none,0,11.3,0
E-006548,IK-08-01689,IK-01-00418,IK08,IK01,transport,0.3,7.2,partial,0,2.7,0
E-006549,IK-01-00129,IK-01-00419,IK01,IK01,electricity,0.8,0.0,none,0,14.8,1
E-006550,IK-08-01706,IK-01-00419,IK08,IK01,transport,0.3,6.1,partial,0,14.0,0
E-006551,IK-01-00229,IK-01-00420,IK01,IK01,electricity,0.8,0.0,partial,0,8.0,0
E-006552,IK-08-01626,IK-01-00420,IK08,IK01,transport,0.3,6.8,partial,0,8.5,0
