gmina_code,powiat_code,voivodeship_code,gmina_name,gmina_type,population,lat,lon
0201001,0201,02,gmina dolnośląskie-południowy-01-01,wiejska,17584,51.29839,16.46861
0201002,0201,02,gmina dolnośląskie-południowy-01-02,miejska,39929,51.26009,15.98912
0201003,0201,02,gmina dolnośląskie-południowy-01-03,miejsko-wiejska,8534,51.14349,16.08484
0201004,0201,02,gmina dolnośląskie-południowy-01-04,miejsko-wiejska,22987,51.44056,16.58626
0201005,0201,02,gmina dolnośląskie-południowy-01-05,wiejska,9492,51.39137,16.3303
0201006,0201,02,gmina dolnośląskie-południowy-01-06,wiejska,9188,51.07364,16.40344
0201007,0201,02,gmina dolnośląskie-południowy-01-07,wiejska,8412,51.04645,16.31828
0202001,0202,02,gmina dolnośląskie-wschodni-02-01,miejska,25605,51.61885,17.58721
0202002,0202,02,gmina dolnośląskie-wschodni-02-02,miejsko-wiejska,8160,51.41751,17.42571
0202003,0202,02,gmina dolnośląskie-wschodni-02-03,miejska,23722,51.24445,17.38861
0202004,0202,02,gmina dolnośląskie-wschodni-02-04,miejsko-wiejska,5102,51.22263,17.51444
0202005,0202,02,gmina dolnośląskie-wschodni-02-05,wiejska,10327,51.1529,17.394
0202006,0202,02,gmina dolnośląskie-wschodni-02-06,miejska,49877,51.52287,17.61222
0202007,0202,02,gmina dolnośląskie-wschodni-02-07,miejsko-wiejska,8300,51.27531,17.21141
0203001,0203,02,gmina dolnośląskie-zachodni-03-01,wiejska,10033,50.40792,16.42839
0203002,0203,02,gmina dolnośląskie-zachodni-03-02,wiejska,16026,50.34142,15.9474
0203003,0203,02,gmina dolnośląskie-zachodni-03-03,miejsko-wiejska,6648,50.38685,16.1454
0203004,0203,02,gmina dolnośląskie-zachodni-03-04,wiejska,5662,50.39149,16.08805
0203005,0203,02,gmina dolnośląskie-zachodni-03-05,wiejska,5489,50.3991,16.10742
0203006,0203,02,gmina dolnośląskie-zachodni-03-06,miejska,31299,50.39413,15.96731
0203007,0203,02,gmina dolnośląskie-zachodni-03-07,wiejska,6012,50.54552,15.963
0204001,0204,02,gmina dolnośląskie-centralny-04-01,wiejska,2181,50.90654,16.7316
0204002,0204,02,gmina dolnośląskie-centralny-04-02,miejsko-wiejska,8259,51.13329,16.95677
0204003,0204,02,gmina dolnośląskie-centralny-04-03,miejska,5129,51.20005,17.02274
0204004,0204,02,gmina dolnośląskie-centralny-04-04,wiejska,4026,51.09921,16.58302
0204005,0204,02,gmina dolnośląskie-centralny-04-05,miejsko-wiejska,4654,51.10617,16.99729
0204006,0204,02,gmina dolnośląskie-centralny-04-06,miejska,84051,51.10491,17.08803
0204007,0204,02,gmina dolnośląskie-centralny-04-07,miejska,27503,51.37656,16.70834
0205001,0205,02,gmina dolnośląskie-miejski-05-01,wiejska,8788,51.14113,17.03481
0205002,0205,02,gmina dolnośląskie-miejski-05-02,wiejska,13736,51.00168,16.61494
0205003,0205,02,gmina dolnośląskie-miejski-05-03,wiejska,6474,51.02995,16.60346
0205004,0205,02,gmina dolnośląskie-miejski-05-04,wiejska,8260,51.12983,16.43349
0205005,0205,02,gmina dolnośląskie-miejski-05-05,wiejska,9983,51.14887,16.06281
0205006,0205,02,gmina dolnośląskie-miejski-05-06,wiejska,12249,50.96596,16.15679
0205007,0205,02,gmina dolnośląskie-miejski-05-07,miejsko-wiejska,7814,51.10454,16.29906
0206001,0206,02,gmina dolnośląskie-północny-06-01,wiejska,13564,51.25969,17.25047
0206002,0206,02,gmina dolnośląskie-północny-06-02,wiejska,5638,51.42811,17.38077
0206003,0206,02,gmina dolnośląskie-północny-06-03,wiejska,4337,51.52833,17.33976
0206004,0206,02,gmina dolnośląskie-północny-06-04,wiejska,2507,51.17955,17.32545
0206005,0206,02,gmina dolnośląskie-północny-06-05,wiejska,7065,51.42073,17.32247
0206006,0206,02,gmina dolnośląskie-północny-06-06,wiejska,9319,51.55736,17.11668
0206007,0206,02,gmina dolnośląskie-północny-06-07,miejska,13008,51.29204,17.38268
0207001,0207,02,gmina dolnośląskie-południowy-07-01,miejsko-wiejska,17533,51.06902,17.04466
0207002,0207,02,gmina dolnośląskie-południowy-07-02,miejsko-wiejska,2817,51.0168,17.41401
0207003,0207,02,gmina dolnośląskie-południowy-07-03,miejska,20885,51.13011,17.46075
0207004,0207,02,gmina dolnośląskie-południowy-07-04,miejsko-wiejska,15530,51.03721,17.35614
0207005,0207,02,gmina dolnośląskie-południowy-07-05,miejska,36203,50.92546,17.59402
0207006,0207,02,gmina dolnośląskie-południowy-07-06,miejsko-wiejska,8635,51.10592,17.82175
0207007,0207,02,gmina dolnośląskie-południowy-07-07,wiejska,5509,51.39293,17.47715
0208001,0208,02,gmina dolnośląskie-wschodni-08-01,miejsko-wiejska,3671,51.28674,16.2229
0208002,0208,02,gmina dolnośląskie-wschodni-08-02,miejsko-wiejska,5084,51.32926,16.53295
0208003,0208,02,gmina dolnośląskie-wschodni-08-03,miejsko-wiejska,5509,51.40601,16.64732
0208004,0208,02,gmina dolnośląskie-wschodni-08-04,miejsko-wiejska,19742,51.34647,16.68644
0208005,0208,02,gmina dolnośląskie-wschodni-08-05,wiejska,2524,51.23632,16.26266
0208006,0208,02,gmina dolnośląskie-wschodni-08-06,wiejska,8724,51.20336,16.39582
0208007,0208,02,gmina dolnośląskie-wschodni-08-07,wiejska,26028,51.25559,16.50601
0209001,0209,02,gmina dolnośląskie-zachodni-09-01,miejska,23294,51.24997,16.37375
0209002,0209,02,gmina dolnośląskie-zachodni-09-02,wiejska,10699,51.39162,16.68561
0209003,0209,02,gmina dolnośląskie-zachodni-09-03,miejska,32596,51.31677,16.15395
0209004,0209,02,gmina dolnośląskie-zachodni-09-04,miejsko-wiejska,7673,51.36237,16.53714
0209005,0209,02,gmina dolnośląskie-zachodni-09-05,wiejska,9239,51.35536,16.46586
0209006,0209,02,gmina dolnośląskie-zachodni-09-06,wiejska,17054,51.27775,16.30503
0209007,0209,02,gmina dolnośląskie-zachodni-09-07,wiejska,9978,50.85915,16.44536
0210001,0210,02,gmina dolnośląskie-centralny-10-01,wiejska,1800,51.20976,16.95838
0210002,0210,02,gmina dolnośląskie-centralny-10-02,wiejska,10895,51.28269,16.73724
0210003,0210,02,gmina dolnośląskie-centralny-10-03,wiejska,18953,51.37089,17.29869
0210004,0210,02,gmina dolnośląskie-centralny-10-04,miejsko-wiejska,8093,51.48685,17.17975
0210005,0210,02,gmina dolnośląskie-centralny-10-05,miejska,29179,51.30351,16.85169
0210006,0210,02,gmina dolnośląskie-centralny-10-06,miejsko-wiejska,7926,51.25639,16.82393
0210007,0210,02,gmina dolnośląskie-centralny-10-07,miejsko-wiejska,5114,51.55398,16.87912
0211001,0211,02,gmina dolnośląskie-miejski-11-01,miejsko-wiejska,6799,51.01595,16.56788
0211002,0211,02,gmina dolnośląskie-miejski-11-02,wiejska,11877,50.89979,16.32759
0211003,0211,02,gmina dolnośląskie-miejski-11-03,wiejska,16073,50.97615,16.25629
0211004,0211,02,gmina dolnośląskie-miejski-11-04,miejsko-wiejska,10669,51.08999,16.23465
0211005,0211,02,gmina dolnośląskie-miejski-11-05,wiejska,9342,51.12538,16.59662
0211006,0211,02,gmina dolnośląskie-miejski-11-06,miejsko-wiejska,11990,50.8472,16.58839
0211007,0211,02,gmina dolnośląskie-miejski-11-07,wiejska,6716,50.96699,16.6909
0212001,0212,02,gmina dolnośląskie-północny-12-01,wiejska,20275,51.79784,17.06482
0212002,0212,02,gmina dolnośląskie-północny-12-02,miejsko-wiejska,7570,51.61042,16.96071
0212003,0212,02,gmina dolnośląskie-północny-12-03,miejsko-wiejska,8735,51.58157,16.97152
0212004,0212,02,gmina dolnośląskie-północny-12-04,wiejska,7810,51.46976,16.73626
0212005,0212,02,gmina dolnośląskie-północny-12-05,miejsko-wiejska,12004,51.56496,16.87965
0212006,0212,02,gmina dolnośląskie-północny-12-06,wiejska,12276,51.51584,16.9587
0212007,0212,02,gmina dolnośląskie-północny-12-07,wiejska,10248,51.40404,17.08905
0213001,0213,02,gmina dolnośląskie-południowy-13-01,miejsko-wiejska,5940,50.72208,16.50777
0213002,0213,02,gmina dolnośląskie-południowy-13-02,miejsko-wiejska,4302,50.94402,16.6543
0213003,0213,02,gmina dolnośląskie-południowy-13-03,wiejska,6575,51.0178,16.77091
0213004,0213,02,gmina dolnośląskie-południowy-13-04,wiejska,9857,50.99052,16.8234
0213005,0213,02,gmina dolnośląskie-południowy-13-05,miejska,7281,50.88986,16.29209
0213006,0213,02,gmina dolnośląskie-południowy-13-06,miejska,27511,50.93664,16.90498
0213007,0213,02,gmina dolnośląskie-południowy-13-07,miejska,56180,50.9636,16.61126
0214001,0214,02,gmina dolnośląskie-wschodni-14-01,wiejska,10946,51.23365,17.10073
0214002,0214,02,gmina dolnośląskie-wschodni-14-02,wiejska,14934,51.22977,17.25407
0214003,0214,02,gmina dolnośląskie-wschodni-14-03,miejsko-wiejska,12332,51.17816,17.28603
0214004,0214,02,gmina dolnośląskie-wschodni-14-04,miejska,41485,51.31553,16.95615
0214005,0214,02,gmina dolnośląskie-wschodni-14-05,miejsko-wiejska,4756,51.23238,17.20408
0214006,0214,02,gmina dolnośląskie-wschodni-14-06,wiejska,4480,51.35916,16.86506
0214007,0214,02,gmina dolnośląskie-wschodni-14-07,wiejska,7140,51.31653,17.56556
0215001,0215,02,gmina dolnośląskie-zachodni-15-01,wiejska,3449,51.4482,17.16542
0215002,0215,02,gmina dolnośląskie-zachodni-15-02,wiejska,10455,51.27223,17.22145
0215003,0215,02,gmina dolnośląskie-zachodni-15-03,miejska,24458,51.44587,17.05022
0215004,0215,02,gmina dolnośląskie-zachodni-15-04,wiejska,16350,51.17307,17.1255
0215005,0215,02,gmina dolnośląskie-zachodni-15-05,wiejska,4168,51.31599,17.41152
0215006,0215,02,gmina dolnośląskie-zachodni-15-06,wiejska,7723,51.23124,16.92517
0215007,0215,02,gmina dolnośląskie-zachodni-15-07,miejsko-wiejska,7029,51.04978,16.9635
0216001,0216,02,gmina dolnośląskie-centralny-16-01,wiejska,9326,52.0853,17.21022
0216002,0216,02,gmina dolnośląskie-centralny-16-02,miejska,18700,52.10042,16.72278
0216003,0216,02,gmina dolnośląskie-centralny-16-03,miejsko-wiejska,7377,51.97007,16.68823
0216004,0216,02,gmina dolnośląskie-centralny-16-04,wiejska,8677,51.86075,16.41083
0216005,0216,02,gmina dolnośląskie-centralny-16-05,wiejska,3111,51.99875,16.6239
0216006,0216,02,gmina dolnośląskie-centralny-16-06,wiejska,5599,51.91494,16.82751
0216007,0216,02,gmina dolnośląskie-centralny-16-07,miejsko-wiejska,9061,51.82854,16.90947
0217001,0217,02,gmina dolnośląskie-miejski-17-01,wiejska,21570,50.96964,16.63742
0217002,0217,02,gmina dolnośląskie-miejski-17-02,miejska,58105,51.05226,16.5691
0217003,0217,02,gmina dolnośląskie-miejski-17-03,wiejska,11742,50.97291,16.24393
0217004,0217,02,gmina dolnośląskie-miejski-17-04,wiejska,12512,50.72909,16.30145
0217005,0217,02,gmina dolnośląskie-miejski-17-05,miejsko-wiejska,18182,51.01458,16.73503
0217006,0217,02,gmina dolnośląskie-miejski-17-06,wiejska,6846,50.75556,16.40674
0217007,0217,02,gmina dolnośląskie-miejski-17-07,wiejska,8632,50.91562,16.66782
0218001,0218,02,gmina dolnośląskie-północny-18-01,miejska,21504,51.37983,17.33309
0218002,0218,02,gmina dolnośląskie-północny-18-02,wiejska,10712,51.33447,17.37847
0218003,0218,02,gmina dolnośląskie-północny-18-03,wiejska,7000,51.31013,17.4696
0218004,0218,02,gmina dolnośląskie-północny-18-04,wiejska,24299,51.32127,17.47459
0218005,0218,02,gmina dolnośląskie-północny-18-05,wiejska,2207,51.21782,17.47095
0218006,0218,02,gmina dolnośląskie-północny-18-06,miejska,17584,51.51369,17.48959
0218007,0218,02,gmina dolnośląskie-północny-18-07,miejsko-wiejska,18012,51.34209,17.528
0219001,0219,02,gmina dolnośląskie-południowy-19-01,miejska,25462,51.05719,16.76448
0219002,0219,02,gmina dolnośląskie-południowy-19-02,wiejska,1923,50.7965,16.33471
0219003,0219,02,gmina dolnośląskie-południowy-19-03,wiejska,8176,51.14641,16.5278
0219004,0219,02,gmina dolnośląskie-południowy-19-04,wiejska,6385,51.18918,16.63365
0219005,0219,02,gmina dolnośląskie-południowy-19-05,miejsko-wiejska,9082,51.18185,16.48971
0219006,0219,02,gmina dolnośląskie-południowy-19-06,miejska,18994,51.14742,16.45893
0219007,0219,02,gmina dolnośląskie-południowy-19-07,wiejska,8109,51.24818,15.97224
0220001,0220,02,gmina dolnośląskie-wschodni-20-01,wiejska,3364,50.63238,17.18881
0220002,0220,02,gmina dolnośląskie-wschodni-20-02,miejska,22974,50.59075,17.07065
0220003,0220,02,gmina dolnośląskie-wschodni-20-03,wiejska,4751,51.10617,17.60016
0220004,0220,02,gmina dolnośląskie-wschodni-20-04,miejska,20841,50.73943,17.03948
0220005,0220,02,gmina dolnośląskie-wschodni-20-05,wiejska,2482,50.77151,17.06824
0220006,0220,02,gmina dolnośląskie-wschodni-20-06,wiejska,7687,50.57867,17.11305
0220007,0220,02,gmina dolnośląskie-wschodni-20-07,miejska,29500,50.83431,17.33715
0221001,0221,02,gmina dolnośląskie-zachodni-21-01,wiejska,3573,51.49355,17.04669
0221002,0221,02,gmina dolnośląskie-zachodni-21-02,wiejska,11996,51.38106,16.93722
0221003,0221,02,gmina dolnośląskie-zachodni-21-03,miejsko-wiejska,6660,51.42994,17.31519
0221004,0221,02,gmina dolnośląskie-zachodni-21-04,wiejska,7424,51.58157,17.39016
0221005,0221,02,gmina dolnośląskie-zachodni-21-05,miejsko-wiejska,6911,51.47996,17.56615
0221006,0221,02,gmina dolnośląskie-zachodni-21-06,miejsko-wiejska,27323,51.2228,17.02269
0221007,0221,02,gmina dolnośląskie-zachodni-21-07,wiejska,20346,51.24486,16.94745
0222001,0222,02,gmina dolnośląskie-centralny-22-01,wiejska,5994,50.90174,17.00823
0222002,0222,02,gmina dolnośląskie-centralny-22-02,miejsko-wiejska,5413,50.75946,16.89235
0222003,0222,02,gmina dolnośląskie-centralny-22-03,miejsko-wiejska,4697,51.14372,17.08422
0222004,0222,02,gmina dolnośląskie-centralny-22-04,wiejska,14041,50.78353,16.99236
0222005,0222,02,gmina dolnośląskie-centralny-22-05,wiejska,5206,50.50239,16.76587
0222006,0222,02,gmina dolnośląskie-centralny-22-06,miejsko-wiejska,2637,50.55464,16.80057
0222007,0222,02,gmina dolnośląskie-centralny-22-07,wiejska,18425,50.84133,17.2729
0223001,0223,02,gmina dolnośląskie-miejski-23-01,miejska,34710,51.24607,16.84911
0223002,0223,02,gmina dolnośląskie-miejski-23-02,miejsko-wiejska,11213,51.23907,16.91072
0223003,0223,02,gmina dolnośląskie-miejski-23-03,miejsko-wiejska,11463,51.21794,16.91587
0223004,0223,02,gmina dolnośląskie-miejski-23-04,wiejska,4039,50.9904,17.03672
0223005,0223,02,gmina dolnośląskie-miejski-23-05,miejsko-wiejska,9924,51.04131,17.02533
0223006,0223,02,gmina dolnośląskie-miejski-23-06,miejsko-wiejska,11541,51.2247,17.31514
0223007,0223,02,gmina dolnośląskie-miejski-23-07,miejska,59380,51.01417,17.34016
0224001,0224,02,gmina dolnośląskie-północny-24-01,wiejska,5830,51.56697,17.0359
0224002,0224,02,gmina dolnośląskie-północny-24-02,miejsko-wiejska,6275,51.19614,16.99038
0224003,0224,02,gmina dolnośląskie-północny-24-03,wiejska,3081,51.55689,17.31117
0224004,0224,02,gmina dolnośląskie-północny-24-04,wiejska,4943,51.4704,16.88516
0224005,0224,02,gmina dolnośląskie-północny-24-05,miejska,18221,51.53182,17.01566
0224006,0224,02,gmina dolnośląskie-północny-24-06,miejsko-wiejska,23827,51.36845,17.21285
0224007,0224,02,gmina dolnośląskie-północny-24-07,wiejska,8607,51.53459,16.93802
0225001,0225,02,gmina dolnośląskie-południowy-25-01,miejsko-wiejska,7857,51.34298,16.77832
0225002,0225,02,gmina dolnośląskie-południowy-25-02,miejska,40558,51.44252,17.04995
0225003,0225,02,gmina dolnośląskie-południowy-25-03,wiejska,21013,51.5464,16.86593
0225004,0225,02,gmina dolnośląskie-południowy-25-04,wiejska,10211,51.27692,16.94161
0225005,0225,02,gmina dolnośląskie-południowy-25-05,wiejska,5586,51.5686,17.00627
0225006,0225,02,gmina dolnośląskie-południowy-25-06,wiejska,7078,51.51316,16.52475
0225007,0225,02,gmina dolnośląskie-południowy-25-07,wiejska,2324,51.46145,16.94866
0226001,0226,02,gmina dolnośląskie-wschodni-26-01,miejsko-wiejska,9464,51.03744,17.2428
0226002,0226,02,gmina dolnośląskie-wschodni-26-02,miejska,93169,51.31702,17.27945
0226003,0226,02,gmina dolnośląskie-wschodni-26-03,miejsko-wiejska,6172,51.15858,16.84266
0226004,0226,02,gmina dolnośląskie-wschodni-26-04,miejsko-wiejska,9506,51.31978,16.94784
0226005,0226,02,gmina dolnośląskie-wschodni-26-05,wiejska,5377,51.0594,17.06379
0226006,0226,02,gmina dolnośląskie-wschodni-26-06,wiejska,8376,50.9389,17.36392
0226007,0226,02,gmina dolnośląskie-wschodni-26-07,wiejska,12931,51.17723,16.77588
0227001,0227,02,gmina dolnośląskie-zachodni-27-01,wiejska,4368,50.70656,16.19636
0227002,0227,02,gmina dolnośląskie-zachodni-27-02,miejska,21688,50.39288,16.87705
0227003,0227,02,gmina dolnośląskie-zachodni-27-03,miejsko-wiejska,5331,50.59879,16.83162
0227004,0227,02,gmina dolnośląskie-zachodni-27-04,miejsko-wiejska,25297,50.5199,16.79563
0227005,0227,02,gmina dolnośląskie-zachodni-27-05,wiejska,3226,50.70103,16.57968
0227006,0227,02,gmina dolnośląskie-zachodni-27-06,miejsko-wiejska,5723,50.54339,16.42723
0227007,0227,02,gmina dolnośląskie-zachodni-27-07,miejsko-wiejska,9337,50.67205,16.77984
0228001,0228,02,gmina dolnośląskie-centralny-28-01,wiejska,3025,50.90516,16.68961
0228002,0228,02,gmina dolnośląskie-centralny-28-02,miejsko-wiejska,2529,50.78154,16.71516
0228003,0228,02,gmina dolnośląskie-centralny-28-03,miejsko-wiejska,9580,50.97482,16.90192
0228004,0228,02,gmina dolnośląskie-centralny-28-04,miejsko-wiejska,10834,51.00679,17.06366
0228005,0228,02,gmina dolnośląskie-centralny-28-05,wiejska,7097,50.81754,16.6299
0228006,0228,02,gmina dolnośląskie-centralny-28-06,wiejska,10637,50.85279,16.35246
0228007,0228,02,gmina dolnośląskie-centralny-28-07,wiejska,33931,50.96375,16.40949
0229001,0229,02,gmina dolnośląskie-miejski-29-01,wiejska,14298,50.98126,17.67417
0229002,0229,02,gmina dolnośląskie-miejski-29-02,miejska,38124,50.82751,17.78922
0229003,0229,02,gmina dolnośląskie-miejski-29-03,wiejska,26530,51.05605,17.65074
0229004,0229,02,gmina dolnośląskie-miejski-29-04,wiejska,5917,50.94211,17.67397
0229005,0229,02,gmina dolnośląskie-miejski-29-05,wiejska,6410,51.11457,17.39291
0229006,0229,02,gmina dolnośląskie-miejski-29-06,wiejska,13827,50.94609,17.79384
0229007,0229,02,gmina dolnośląskie-miejski-29-07,wiejska,4028,51.16817,17.95889
0230001,0230,02,gmina dolnośląskie-północny-30-01,miejska,48773,50.57406,17.59008
0230002,0230,02,gmina dolnośląskie-północny-30-02,wiejska,10415,50.56229,17.42793
0230003,0230,02,gmina dolnośląskie-północny-30-03,miejsko-wiejska,10157,50.84327,17.46623
0230004,0230,02,gmina dolnośląskie-północny-30-04,miejsko-wiejska,9706,50.96255,17.6655
0230005,0230,02,gmina dolnośląskie-północny-30-05,miejska,4547,50.72971,17.40127
0230006,0230,02,gmina dolnośląskie-północny-30-06,miejsko-wiejska,2734,50.78322,17.66981
0230007,0230,02,gmina dolnośląskie-północny-30-07,wiejska,4131,50.81471,17.25854
0401001,0401,04,gmina kujawsko-pomorskie-południowy-01-01,miejsko-wiejska,5342,52.55257,18.21272
0401002,0401,04,gmina kujawsko-pomorskie-południowy-01-02,wiejska,10792,52.11725,18.66965
0401003,0401,04,gmina kujawsko-pomorskie-południowy-01-03,wiejska,11773,52.33679,18.42516
0401004,0401,04,gmina kujawsko-pomorskie-południowy-01-04,miejsko-wiejska,3380,52.51424,18.25425
0401005,0401,04,gmina kujawsko-pomorskie-południowy-01-05,wiejska,7140,52.29659,18.20549
0401006,0401,04,gmina kujawsko-pomorskie-południowy-01-06,wiejska,12465,52.39378,18.43964
0401007,0401,04,gmina kujawsko-pomorskie-południowy-01-07,wiejska,8059,52.42723,18.23623
0402001,0402,04,gmina kujawsko-pomorskie-wschodni-02-01,wiejska,32287,52.85802,19.062
0402002,0402,04,gmina kujawsko-pomorskie-wschodni-02-02,miejska,62824,52.95107,19.24598
0402003,0402,04,gmina kujawsko-pomorskie-wschodni-02-03,miejsko-wiejska,15020,53.1881,18.82774
0402004,0402,04,gmina kujawsko-pomorskie-wschodni-02-04,wiejska,7082,53.03463,18.89662
0402005,0402,04,gmina kujawsko-pomorskie-wschodni-02-05,wiejska,19316,53.08542,18.64925
0402006,0402,04,gmina kujawsko-pomorskie-wschodni-02-06,wiejska,13509,53.1816,18.94681
0402007,0402,04,gmina kujawsko-pomorskie-wschodni-02-07,wiejska,12864,53.02663,18.64591
0403001,0403,04,gmina kujawsko-pomorskie-zachodni-03-01,miejska,15704,53.05766,18.98136
0403002,0403,04,gmina kujawsko-pomorskie-zachodni-03-02,wiejska,7694,53.21307,18.37477
0403003,0403,04,gmina kujawsko-pomorskie-zachodni-03-03,wiejska,3739,53.41598,18.81006
0403004,0403,04,gmina kujawsko-pomorskie-zachodni-03-04,wiejska,10133,53.08948,19.20969
0403005,0403,04,gmina kujawsko-pomorskie-zachodni-03-05,miejska,24604,53.30798,19.37824
0403006,0403,04,gmina kujawsko-pomorskie-zachodni-03-06,wiejska,20747,53.23042,18.82363
0403007,0403,04,gmina kujawsko-pomorskie-zachodni-03-07,miejska,21986,53.33656,18.91635
0404001,0404,04,gmina kujawsko-pomorskie-centralny-04-01,miejsko-wiejska,6341,53.05821,18.22401
0404002,0404,04,gmina kujawsko-pomorskie-centralny-04-02,wiejska,33716,52.87928,18.58492
0404003,0404,04,gmina kujawsko-pomorskie-centralny-04-03,wiejska,10112,52.99266,18.10803
0404004,0404,04,gmina kujawsko-pomorskie-centralny-04-04,miejsko-wiejska,4772,52.92724,18.43354
0404005,0404,04,gmina kujawsko-pomorskie-centralny-04-05,miejska,27583,52.70025,17.98726
0404006,0404,04,gmina kujawsko-pomorskie-centralny-04-06,wiejska,3344,52.63769,18.26651
0404007,0404,04,gmina kujawsko-pomorskie-centralny-04-07,miejsko-wiejska,16277,52.86574,17.81623
0405001,0405,04,gmina kujawsko-pomorskie-miejski-05-01,wiejska,7199,53.30487,18.79302
0405002,0405,04,gmina kujawsko-pomorskie-miejski-05-02,wiejska,3283,53.27524,18.71889
0405003,0405,04,gmina kujawsko-pomorskie-miejski-05-03,miejsko-wiejska,10710,53.39926,18.41655
0405004,0405,04,gmina kujawsko-pomorskie-miejski-05-04,wiejska,9942,53.42712,18.24098
0405005,0405,04,gmina kujawsko-pomorskie-miejski-05-05,wiejska,13966,53.14754,18.45717
0405006,0405,04,gmina kujawsko-pomorskie-miejski-05-06,wiejska,9052,53.24591,18.39047
0405007,0405,04,gmina kujawsko-pomorskie-miejski-05-07,miejsko-wiejska,5508,53.18671,18.32759
0406001,0406,04,gmina kujawsko-pomorskie-północny-06-01,wiejska,4086,52.5572,17.65817
0406002,0406,04,gmina kujawsko-pomorskie-północny-06-02,miejsko-wiejska,12599,52.36165,17.76909
0406003,0406,04,gmina kujawsko-pomorskie-północny-06-03,miejsko-wiejska,5501,52.68751,17.93945
0406004,0406,04,gmina kujawsko-pomorskie-północny-06-04,wiejska,7106,52.58007,17.47632
0406005,0406,04,gmina kujawsko-pomorskie-północny-06-05,miejsko-wiejska,7889,52.77492,17.90184
0406006,0406,04,gmina kujawsko-pomorskie-północny-06-06,miejsko-wiejska,8451,52.5865,18.04685
0406007,0406,04,gmina kujawsko-pomorskie-północny-06-07,wiejska,2348,52.29654,17.91665
0407001,0407,04,gmina kujawsko-pomorskie-południowy-07-01,miejska,17270,52.82117,18.71356
0407002,0407,04,gmina kujawsko-pomorskie-południowy-07-02,wiejska,2442,52.48577,18.251
0407003,0407,04,gmina kujawsko-pomorskie-południowy-07-03,wiejska,7008,52.62612,18.69279
0407004,0407,04,gmina kujawsko-pomorskie-południowy-07-04,wiejska,15818,52.80642,18.74107
0407005,0407,04,gmina kujawsko-pomorskie-południowy-07-05,miejska,7161,52.73086,18.87896
0407006,0407,04,gmina kujawsko-pomorskie-południowy-07-06,miejsko-wiejska,9816,52.7782,18.55212
0407007,0407,04,gmina kujawsko-pomorskie-południowy-07-07,miejsko-wiejska,28153,52.52588,18.91579
0408001,0408,04,gmina kujawsko-pomorskie-wschodni-08-01,wiejska,2846,52.93319,19.16788
0408002,0408,04,gmina kujawsko-pomorskie-wschodni-08-02,wiejska,6892,53.16331,18.92479
0408003,0408,04,gmina kujawsko-pomorskie-wschodni-08-03,wiejska,7592,53.23142,18.8348
0408004,0408,04,gmina kujawsko-pomorskie-wschodni-08-04,miejsko-wiejska,2686,52.9497,18.9845
0408005,0408,04,gmina kujawsko-pomorskie-wschodni-08-05,miejska,34379,52.8504,18.74214
0408006,0408,04,gmina kujawsko-pomorskie-wschodni-08-06,wiejska,5649,53.00661,18.61835
0408007,0408,04,gmina kujawsko-pomorskie-wschodni-08-07,wiejska,5488,52.9594,19.02636
0409001,0409,04,gmina kujawsko-pomorskie-zachodni-09-01,wiejska,13381,52.81868,18.51271
0409002,0409,04,gmina kujawsko-pomorskie-zachodni-09-02,wiejska,8837,52.73149,18.3693
0409003,0409,04,gmina kujawsko-pomorskie-zachodni-09-03,wiejska,4523,52.75511,18.36614
0409004,0409,04,gmina kujawsko-pomorskie-zachodni-09-04,miejska,29746,52.9325,18.28565
0409005,0409,04,gmina kujawsko-pomorskie-zachodni-09-05,wiejska,8230,52.80905,18.65209
0409006,0409,04,gmina kujawsko-pomorskie-zachodni-09-06,miejsko-wiejska,8038,52.64867,18.34735
0409007,0409,04,gmina kujawsko-pomorskie-zachodni-09-07,wiejska,8252,52.97138,18.1665
0410001,0410,04,gmina kujawsko-pomorskie-centralny-10-01,wiejska,10040,53.39237,18.30079
0410002,0410,04,gmina kujawsko-pomorskie-centralny-10-02,miejska,37840,53.14632,18.30718
0410003,0410,04,gmina kujawsko-pomorskie-centralny-10-03,miejska,9848,52.93296,18.50899
0410004,0410,04,gmina kujawsko-pomorskie-centralny-10-04,miejska,14607,53.1785,18.06644
0410005,0410,04,gmina kujawsko-pomorskie-centralny-10-05,wiejska,3380,53.21512,18.19124
0410006,0410,04,gmina kujawsko-pomorskie-centralny-10-06,miejsko-wiejska,10242,53.29655,18.39082
0410007,0410,04,gmina kujawsko-pomorskie-centralny-10-07,wiejska,9394,53.44283,18.12702
0411001,0411,04,gmina kujawsko-pomorskie-miejski-11-01,wiejska,7831,53.32082,18.3762
0411002,0411,04,gmina kujawsko-pomorskie-miejski-11-02,miejsko-wiejska,3356,53.13296,18.39398
0411003,0411,04,gmina kujawsko-pomorskie-miejski-11-03,wiejska,11103,53.19895,18.09458
0411004,0411,04,gmina kujawsko-pomorskie-miejski-11-04,miejsko-wiejska,6387,53.21104,18.08799
0411005,0411,04,gmina kujawsko-pomorskie-miejski-11-05,wiejska,7891,53.18379,18.00711
0411006,0411,04,gmina kujawsko-pomorskie-miejski-11-06,wiejska,11270,53.55242,17.79831
0411007,0411,04,gmina kujawsko-pomorskie-miejski-11-07,wiejska,9905,53.07475,18.24565
0412001,0412,04,gmina kujawsko-pomorskie-północny-12-01,miejska,27691,52.96108,18.51339
0412002,0412,04,gmina kujawsko-pomorskie-północny-12-02,miejsko-wiejska,9129,53.00921,17.84462
0412003,0412,04,gmina kujawsko-pomorskie-północny-12-03,miejsko-wiejska,21721,52.9108,18.49483
0412004,0412,04,gmina kujawsko-pomorskie-północny-12-04,miejska,12628,52.75404,18.31777
0412005,0412,04,gmina kujawsko-pomorskie-północny-12-05,wiejska,8017,52.89884,18.4961
0412006,0412,04,gmina kujawsko-pomorskie-północny-12-06,wiejska,2712,52.98864,18.29161
0412007,0412,04,gmina kujawsko-pomorskie-północny-12-07,miejsko-wiejska,7141,52.6708,18.38562
0413001,0413,04,gmina kujawsko-pomorskie-południowy-13-01,wiejska,1813,52.62987,18.48433
0413002,0413,04,gmina kujawsko-pomorskie-południowy-13-02,wiejska,8376,52.53009,18.99004
0413003,0413,04,gmina kujawsko-pomorskie-południowy-13-03,miejsko-wiejska,7253,52.45534,18.67158
0413004,0413,04,gmina kujawsko-pomorskie-południowy-13-04,miejska,59230,52.6153,18.69456
0413005,0413,04,gmina kujawsko-pomorskie-południowy-13-05,miejska,23234,52.34185,18.84164
0413006,0413,04,gmina kujawsko-pomorskie-południowy-13-06,wiejska,2721,52.64331,18.79227
0413007,0413,04,gmina kujawsko-pomorskie-południowy-13-07,wiejska,35593,52.40256,18.74832
0414001,0414,04,gmina kujawsko-pomorskie-wschodni-14-01,wiejska,24709,52.97651,18.37459
0414002,0414,04,gmina kujawsko-pomorskie-wschodni-14-02,wiejska,9310,52.82189,18.56044
0414003,0414,04,gmina kujawsko-pomorskie-wschodni-14-03,wiejska,5254,52.81002,18.20324
0414004,0414,04,gmina kujawsko-pomorskie-wschodni-14-04,miejska,29254,52.88013,18.46366
0414005,0414,04,gmina kujawsko-pomorskie-wschodni-14-05,miejska,9883,52.95014,18.57613
0414006,0414,04,gmina kujawsko-pomorskie-wschodni-14-06,miejsko-wiejska,5166,52.78515,18.22174
0414007,0414,04,gmina kujawsko-pomorskie-wschodni-14-07,wiejska,4290,52.75171,18.74027
0415001,0415,04,gmina kujawsko-pomorskie-zachodni-15-01,wiejska,5450,53.26591,18.64331
0415002,0415,04,gmina kujawsko-pomorskie-zachodni-15-02,wiejska,9449,53.1643,18.91147
0415003,0415,04,gmina kujawsko-pomorskie-zachodni-15-03,wiejska,5816,52.97825,18.48302
0415004,0415,04,gmina kujawsko-pomorskie-zachodni-15-04,miejsko-wiejska,5826,53.0203,18.82353
0415005,0415,04,gmina kujawsko-pomorskie-zachodni-15-05,miejsko-wiejska,6070,53.49138,18.41542
0415006,0415,04,gmina kujawsko-pomorskie-zachodni-15-06,miejska,30523,53.03605,18.65184
0415007,0415,04,gmina kujawsko-pomorskie-zachodni-15-07,wiejska,8845,52.88038,18.79059
0416001,0416,04,gmina kujawsko-pomorskie-centralny-16-01,wiejska,26365,53.1939,18.49519
0416002,0416,04,gmina kujawsko-pomorskie-centralny-16-02,miejsko-wiejska,15297,53.23154,18.33545
0416003,0416,04,gmina kujawsko-pomorskie-centralny-16-03,wiejska,1976,53.33618,18.42433
0416004,0416,04,gmina kujawsko-pomorskie-centralny-16-04,miejska,14359,53.26931,18.33493
0416005,0416,04,gmina kujawsko-pomorskie-centralny-16-05,wiejska,5839,53.33167,18.19154
0416006,0416,04,gmina kujawsko-pomorskie-centralny-16-06,wiejska,15511,53.07115,18.31992
0416007,0416,04,gmina kujawsko-pomorskie-centralny-16-07,wiejska,26694,53.39941,18.46437
0417001,0417,04,gmina kujawsko-pomorskie-miejski-17-01,wiejska,4522,52.77034,18.47007
0417002,0417,04,gmina kujawsko-pomorskie-miejski-17-02,wiejska,8293,52.82734,18.45029
0417003,0417,04,gmina kujawsko-pomorskie-miejski-17-03,miejska,23554,52.65169,18.35801
0417004,0417,04,gmina kujawsko-pomorskie-miejski-17-04,wiejska,14286,52.66127,18.42013
0417005,0417,04,gmina kujawsko-pomorskie-miejski-17-05,miejsko-wiejska,4874,52.85363,18.38231
0417006,0417,04,gmina kujawsko-pomorskie-miejski-17-06,wiejska,20251,52.90501,18.20691
0417007,0417,04,gmina kujawsko-pomorskie-miejski-17-07,wiejska,12285,52.73845,18.34652
0418001,0418,04,gmina kujawsko-pomorskie-północny-18-01,wiejska,9843,52.29488,17.87373
0418002,0418,04,gmina kujawsko-pomorskie-północny-18-02,wiejska,5013,52.27835,17.57938
0418003,0418,04,gmina kujawsko-pomorskie-północny-18-03,miejsko-wiejska,5706,52.5017,17.82356
0418004,0418,04,gmina kujawsko-pomorskie-północny-18-04,wiejska,23392,52.6536,17.50825
0418005,0418,04,gmina kujawsko-pomorskie-północny-18-05,miejska,28103,52.2059,17.55634
0418006,0418,04,gmina kujawsko-pomorskie-północny-18-06,wiejska,5482,52.22138,17.50423
0418007,0418,04,gmina kujawsko-pomorskie-północny-18-07,wiejska,7409,52.20064,17.86409
0419001,0419,04,gmina kujawsko-pomorskie-południowy-19-01,miejsko-wiejska,4587,52.86261,17.86575
0419002,0419,04,gmina kujawsko-pomorskie-południowy-19-02,wiejska,8473,52.32898,18.27567
0419003,0419,04,gmina kujawsko-pomorskie-południowy-19-03,wiejska,16221,52.53597,17.69562
0419004,0419,04,gmina kujawsko-pomorskie-południowy-19-04,miejsko-wiejska,9233,52.35158,18.22936
0419005,0419,04,gmina kujawsko-pomorskie-południowy-19-05,wiejska,13382,52.50978,17.4886
0419006,0419,04,gmina kujawsko-pomorskie-południowy-19-06,miejsko-wiejska,4404,52.58678,18.18196
0419007,0419,04,gmina kujawsko-pomorskie-południowy-19-07,miejska,53513,52.29041,18.0088
0420001,0420,04,gmina kujawsko-pomorskie-wschodni-20-01,miejsko-wiejska,15208,52.93633,18.00049
0420002,0420,04,gmina kujawsko-pomorskie-wschodni-20-02,miejsko-wiejska,9602,53.11281,17.65008
0420003,0420,04,gmina kujawsko-pomorskie-wschodni-20-03,wiejska,6621,53.10936,17.97386
0420004,0420,04,gmina kujawsko-pomorskie-wschodni-20-04,wiejska,5713,53.09432,17.99445
0420005,0420,04,gmina kujawsko-pomorskie-wschodni-20-05,miejsko-wiejska,10660,53.11233,17.92416
0420006,0420,04,gmina kujawsko-pomorskie-wschodni-20-06,wiejska,8580,52.90219,18.09263
0420007,0420,04,gmina kujawsko-pomorskie-wschodni-20-07,miejsko-wiejska,8100,53.15707,18.18453
0421001,0421,04,gmina kujawsko-pomorskie-zachodni-21-01,wiejska,2414,52.5997,19.2666
0421002,0421,04,gmina kujawsko-pomorskie-zachodni-21-02,wiejska,8067,52.87842,19.12678
0421003,0421,04,gmina kujawsko-pomorskie-zachodni-21-03,wiejska,12233,52.97754,19.30654
0421004,0421,04,gmina kujawsko-pomorskie-zachodni-21-04,miejska,22886,52.5823,19.36073
0421005,0421,04,gmina kujawsko-pomorskie-zachodni-21-05,wiejska,17282,52.94009,19.04745
0421006,0421,04,gmina kujawsko-pomorskie-zachodni-21-06,miejska,40853,52.96817,19.51076
0421007,0421,04,gmina kujawsko-pomorskie-zachodni-21-07,wiejska,4707,52.82686,19.35656
0422001,0422,04,gmina kujawsko-pomorskie-centralny-22-01,miejsko-wiejska,8396,52.71937,18.98441
0422002,0422,04,gmina kujawsko-pomorskie-centralny-22-02,miejska,38513,52.87606,18.94735
0422003,0422,04,gmina kujawsko-pomorskie-centralny-22-03,miejsko-wiejska,6902,53.0568,18.7345
0422004,0422,04,gmina kujawsko-pomorskie-centralny-22-04,wiejska,5629,52.86605,19.07263
0422005,0422,04,gmina kujawsko-pomorskie-centralny-22-05,miejsko-wiejska,3202,52.69428,18.51846
0422006,0422,04,gmina kujawsko-pomorskie-centralny-22-06,wiejska,8269,52.71924,18.83257
0422007,0422,04,gmina kujawsko-pomorskie-centralny-22-07,wiejska,12210,52.78122,18.94957
0423001,0423,04,gmina kujawsko-pomorskie-miejski-23-01,miejsko-wiejska,6730,52.7326,18.47728
0423002,0423,04,gmina kujawsko-pomorskie-miejski-23-02,wiejska,5276,52.62331,18.58532
0423003,0423,04,gmina kujawsko-pomorskie-miejski-23-03,miejsko-wiejska,10341,52.46362,18.51158
0423004,0423,04,gmina kujawsko-pomorskie-miejski-23-04,wiejska,4136,52.82886,18.58159
0423005,0423,04,gmina kujawsko-pomorskie-miejski-23-05,miejska,32200,52.66567,18.34729
0423006,0423,04,gmina kujawsko-pomorskie-miejski-23-06,wiejska,12341,52.59703,18.43177
0423007,0423,04,gmina kujawsko-pomorskie-miejski-23-07,wiejska,13913,52.5722,18.26993
0601001,0601,06,gmina lubelskie-południowy-01-01,wiejska,3864,50.70061,22.06613
0601002,0601,06,gmina lubelskie-południowy-01-02,wiejska,12739,51.07415,22.68434
0601003,0601,06,gmina lubelskie-południowy-01-03,wiejska,2956,50.93322,22.68373
0601004,0601,06,gmina lubelskie-południowy-01-04,miejsko-wiejska,6104,50.85218,22.03203
0601005,0601,06,gmina lubelskie-południowy-01-05,miejska,31741,50.70073,22.45146
0601006,0601,06,gmina lubelskie-południowy-01-06,wiejska,3078,50.90956,22.60819
0601007,0601,06,gmina lubelskie-południowy-01-07,miejsko-wiejska,4986,50.69119,22.00389
0602001,0602,06,gmina lubelskie-wschodni-02-01,miejsko-wiejska,6869,51.44371,21.35528
0602002,0602,06,gmina lubelskie-wschodni-02-02,wiejska,10730,51.46082,21.44558
0602003,0602,06,gmina lubelskie-wschodni-02-03,wiejska,5745,51.65859,21.76453
0602004,0602,06,gmina lubelskie-wschodni-02-04,miejsko-wiejska,7475,51.5998,21.4294
0602005,0602,06,gmina lubelskie-wschodni-02-05,miejsko-wiejska,8267,51.53847,21.5607
0602006,0602,06,gmina lubelskie-wschodni-02-06,miejsko-wiejska,10614,51.41786,21.74684
0602007,0602,06,gmina lubelskie-wschodni-02-07,miejsko-wiejska,11408,51.14009,21.87613
0603001,0603,06,gmina lubelskie-zachodni-03-01,miejsko-wiejska,1800,51.28499,22.92557
0603002,0603,06,gmina lubelskie-zachodni-03-02,miejska,22098,51.17448,22.52294
0603003,0603,06,gmina lubelskie-zachodni-03-03,miejsko-wiejska,15316,51.11528,22.94526
0603004,0603,06,gmina lubelskie-zachodni-03-04,wiejska,7830,51.21007,22.61996
0603005,0603,06,gmina lubelskie-zachodni-03-05,wiejska,4312,51.47769,22.86991
0603006,0603,06,gmina lubelskie-zachodni-03-06,wiejska,2790,51.31261,22.56674
0603007,0603,06,gmina lubelskie-zachodni-03-07,wiejska,18069,51.18957,23.03555
0604001,0604,06,gmina lubelskie-centralny-04-01,miejsko-wiejska,7937,50.82317,21.67599
0604002,0604,06,gmina lubelskie-centralny-04-02,wiejska,4929,50.80852,21.82269
0604003,0604,06,gmina lubelskie-centralny-04-03,miejska,12565,50.69077,21.73253
0604004,0604,06,gmina lubelskie-centralny-04-04,miejsko-wiejska,2649,50.87644,21.63194
0604005,0604,06,gmina lubelskie-centralny-04-05,miejsko-wiejska,4721,51.23435,21.81539
0604006,0604,06,gmina lubelskie-centralny-04-06,wiejska,9434,50.74329,21.68042
0604007,0604,06,gmina lubelskie-centralny-04-07,wiejska,9260,50.84103,21.9772
0605001,0605,06,gmina lubelskie-miejski-05-01,wiejska,3844,51.19018,22.19743
0605002,0605,06,gmina lubelskie-miejski-05-02,wiejska,8972,51.14415,22.25731
0605003,0605,06,gmina lubelskie-miejski-05-03,miejsko-wiejska,6999,51.13194,22.40095
0605004,0605,06,gmina lubelskie-miejski-05-04,wiejska,9393,51.21589,22.22699
0605005,0605,06,gmina lubelskie-miejski-05-05,wiejska,13277,51.19675,22.25051
0605006,0605,06,gmina lubelskie-miejski-05-06,wiejska,8646,51.44797,22.05411
0605007,0605,06,gmina lubelskie-miejski-05-07,miejska,43360,50.9813,22.35006
0606001,0606,06,gmina lubelskie-północny-06-01,miejska,71435,51.35195,22.64444
0606002,0606,06,gmina lubelskie-północny-06-02,wiejska,5724,51.29246,22.56413
0606003,0606,06,gmina lubelskie-północny-06-03,wiejska,4977,51.25074,22.64971
0606004,0606,06,gmina lubelskie-północny-06-04,miejsko-wiejska,5035,51.1836,22.35357
0606005,0606,06,gmina lubelskie-północny-06-05,wiejska,10324,51.35931,22.65604
0606006,0606,06,gmina lubelskie-północny-06-06,wiejska,14741,51.29984,22.6865
0606007,0606,06,gmina lubelskie-północny-06-07,wiejska,9782,51.27652,22.51116
0607001,0607,06,gmina lubelskie-południowy-07-01,miejsko-wiejska,31977,51.74993,22.34183
0607002,0607,06,gmina lubelskie-południowy-07-02,miejsko-wiejska,10605,51.84142,22.20144
0607003,0607,06,gmina lubelskie-południowy-07-03,miejska,53963,51.79643,22.25727
0607004,0607,06,gmina lubelskie-południowy-07-04,miejsko-wiejska,16933,51.89002,22.22809
0607005,0607,06,gmina lubelskie-południowy-07-05,wiejska,24388,51.89432,22.46641
0607006,0607,06,gmina lubelskie-południowy-07-06,wiejska,21718,51.82939,22.46301
0607007,0607,06,gmina lubelskie-południowy-07-07,miejska,17865,51.88432,22.5589
0608001,0608,06,gmina lubelskie-wschodni-08-01,miejsko-wiejska,8177,50.70837,22.72329
0608002,0608,06,gmina lubelskie-wschodni-08-02,wiejska,7759,50.63772,22.41896
0608003,0608,06,gmina lubelskie-wschodni-08-03,miejsko-wiejska,11503,50.47282,22.73763
0608004,0608,06,gmina lubelskie-wschodni-08-04,wiejska,6024,50.98114,22.60484
0608005,0608,06,gmina lubelskie-wschodni-08-05,wiejska,12196,50.75947,22.72021
0608006,0608,06,gmina lubelskie-wschodni-08-06,miejsko-wiejska,12795,50.75094,22.88795
0608007,0608,06,gmina lubelskie-wschodni-08-07,wiejska,4376,50.84937,22.8739
0609001,0609,06,gmina lubelskie-zachodni-09-01,miejska,40506,51.53274,23.2025
0609002,0609,06,gmina lubelskie-zachodni-09-02,wiejska,3445,51.15434,23.47303
0609003,0609,06,gmina lubelskie-zachodni-09-03,wiejska,11033,51.29689,23.13419
0609004,0609,06,gmina lubelskie-zachodni-09-04,miejska,43280,51.12439,23.56775
0609005,0609,06,gmina lubelskie-zachodni-09-05,miejsko-wiejska,47648,51.33124,23.45834
0609006,0609,06,gmina lubelskie-zachodni-09-06,miejska,19819,51.04827,23.23303
0609007,0609,06,gmina lubelskie-zachodni-09-07,wiejska,4115,51.09549,23.6748
0610001,0610,06,gmina lubelskie-centralny-10-01,wiejska,9596,51.5667,22.73757
0610002,0610,06,gmina lubelskie-centralny-10-02,miejska,24168,51.64273,22.79014
0610003,0610,06,gmina lubelskie-centralny-10-03,miejsko-wiejska,11260,51.49186,22.73127
0610004,0610,06,gmina lubelskie-centralny-10-04,wiejska,3387,51.26023,22.74658
0610005,0610,06,gmina lubelskie-centralny-10-05,wiejska,8391,51.35014,22.78973
0610006,0610,06,gmina lubelskie-centralny-10-06,wiejska,8377,51.23706,22.62241
0610007,0610,06,gmina lubelskie-centralny-10-07,wiejska,10430,51.56766,22.57708
0611001,0611,06,gmina lubelskie-miejski-11-01,wiejska,8939,51.88897,22.09382
0611002,0611,06,gmina lubelskie-miejski-11-02,wiejska,7638,51.69522,21.8266
0611003,0611,06,gmina lubelskie-miejski-11-03,wiejska,10829,51.78142,22.06577
0611004,0611,06,gmina lubelskie-miejski-11-04,wiejska,8793,51.8625,21.96415
0611005,0611,06,gmina lubelskie-miejski-11-05,wiejska,13180,51.86927,21.79332
0611006,0611,06,gmina lubelskie-miejski-11-06,wiejska,2641,51.95671,21.99495
0611007,0611,06,gmina lubelskie-miejski-11-07,wiejska,2799,51.66326,22.09284
0612001,0612,06,gmina lubelskie-północny-12-01,wiejska,6813,50.89032,22.35655
0612002,0612,06,gmina lubelskie-północny-12-02,wiejska,4233,50.85313,22.13054
0612003,0612,06,gmina lubelskie-północny-12-03,wiejska,10322,51.02141,22.26352
0612004,0612,06,gmina lubelskie-północny-12-04,wiejska,9164,51.02051,22.04113
0612005,0612,06,gmina lubelskie-północny-12-05,wiejska,8424,50.97087,22.13125
0612006,0612,06,gmina lubelskie-północny-12-06,miejsko-wiejska,13081,51.02906,22.09878
0612007,0612,06,gmina lubelskie-północny-12-07,miejsko-wiejska,4906,50.96569,22.08506
0613001,0613,06,gmina lubelskie-południowy-13-01,wiejska,9134,51.33872,21.7433
0613002,0613,06,gmina lubelskie-południowy-13-02,wiejska,10528,51.19077,21.86144
0613003,0613,06,gmina lubelskie-południowy-13-03,wiejska,34525,51.00272,21.9044
0613004,0613,06,gmina lubelskie-południowy-13-04,wiejska,4938,51.00617,21.89012
0613005,0613,06,gmina lubelskie-południowy-13-05,miejsko-wiejska,13693,51.09335,22.08205
0613006,0613,06,gmina lubelskie-południowy-13-06,miejska,25364,51.00869,22.35658
0613007,0613,06,gmina lubelskie-południowy-13-07,miejsko-wiejska,10346,50.95834,21.71091
0614001,0614,06,gmina lubelskie-wschodni-14-01,miejsko-wiejska,4516,51.56311,22.40855
0614002,0614,06,gmina lubelskie-wschodni-14-02,miejsko-wiejska,8768,51.4331,22.61676
0614003,0614,06,gmina lubelskie-wschodni-14-03,wiejska,4793,51.30154,22.5204
0614004,0614,06,gmina lubelskie-wschodni-14-04,miejska,39049,51.48459,22.32398
0614005,0614,06,gmina lubelskie-wschodni-14-05,miejsko-wiejska,12333,51.34466,22.37869
0614006,0614,06,gmina lubelskie-wschodni-14-06,wiejska,4513,51.61051,22.59813
0614007,0614,06,gmina lubelskie-wschodni-14-07,wiejska,11791,51.6035,23.01218
0615001,0615,06,gmina lubelskie-zachodni-15-01,miejska,9323,50.5451,21.92436
0615002,0615,06,gmina lubelskie-zachodni-15-02,miejsko-wiejska,4781,50.501,21.9845
0615003,0615,06,gmina lubelskie-zachodni-15-03,wiejska,3811,50.68465,22.05125
0615004,0615,06,gmina lubelskie-zachodni-15-04,miejsko-wiejska,10918,50.70709,22.156
0615005,0615,06,gmina lubelskie-zachodni-15-05,miejsko-wiejska,6428,50.91684,22.08597
0615006,0615,06,gmina lubelskie-zachodni-15-06,miejsko-wiejska,2553,50.51078,21.71073
0615007,0615,06,gmina lubelskie-zachodni-15-07,wiejska,8190,50.62526,21.95243
0616001,0616,06,gmina lubelskie-centralny-16-01,wiejska,28191,51.39051,23.19893
0616002,0616,06,gmina lubelskie-centralny-16-02,wiejska,4549,51.18925,23.06796
0616003,0616,06,gmina lubelskie-centralny-16-03,wiejska,9020,51.07782,23.02671
0616004,0616,06,gmina lubelskie-centralny-16-04,wiejska,8174,51.29117,22.90643
0616005,0616,06,gmina lubelskie-centralny-16-05,miejsko-wiejska,5799,51.29615,23.07822
0616006,0616,06,gmina lubelskie-centralny-16-06,miejska,39142,51.45965,23.00504
0616007,0616,06,gmina lubelskie-centralny-16-07,miejsko-wiejska,6106,51.37604,23.17703
0617001,0617,06,gmina lubelskie-miejski-17-01,wiejska,6190,52.06151,24.38874
0617002,0617,06,gmina lubelskie-miejski-17-02,wiejska,18049,52.18994,24.038
0617003,0617,06,gmina lubelskie-miejski-17-03,wiejska,8173,51.96023,24.18399
0617004,0617,06,gmina lubelskie-miejski-17-04,miejsko-wiejska,5417,51.76564,24.22023
0617005,0617,06,gmina lubelskie-miejski-17-05,wiejska,5032,51.96994,24.05175
0617006,0617,06,gmina lubelskie-miejski-17-06,wiejska,4097,51.98922,24.2313
0617007,0617,06,gmina lubelskie-miejski-17-07,wiejska,11604,52.24292,24.25531
0618001,0618,06,gmina lubelskie-północny-18-01,miejsko-wiejska,10946,51.2174,21.81124
0618002,0618,06,gmina lubelskie-północny-18-02,miejsko-wiejska,21619,51.23743,21.8574
0618003,0618,06,gmina lubelskie-północny-18-03,miejsko-wiejska,7909,51.34575,21.88427
0618004,0618,06,gmina lubelskie-północny-18-04,miejska,22268,51.5173,21.90261
0618005,0618,06,gmina lubelskie-północny-18-05,miejsko-wiejska,3414,51.48002,22.14929
0618006,0618,06,gmina lubelskie-północny-18-06,wiejska,5515,51.1518,21.91427
0618007,0618,06,gmina lubelskie-północny-18-07,miejsko-wiejska,7832,51.50902,21.8588
0619001,0619,06,gmina lubelskie-południowy-19-01,miejska,25529,50.47759,22.2948
0619002,0619,06,gmina lubelskie-południowy-19-02,wiejska,15381,50.2361,22.81032
0619003,0619,06,gmina lubelskie-południowy-19-03,miejska,31349,50.53082,22.85192
0619004,0619,06,gmina lubelskie-południowy-19-04,wiejska,1855,50.2878,22.7735
0619005,0619,06,gmina lubelskie-południowy-19-05,miejska,23839,50.45191,22.89722
0619006,0619,06,gmina lubelskie-południowy-19-06,miejsko-wiejska,11816,50.36196,22.39644
0619007,0619,06,gmina lubelskie-południowy-19-07,wiejska,6109,50.44395,22.54006
0620001,0620,06,gmina lubelskie-wschodni-20-01,miejska,39790,51.00917,22.39565
0620002,0620,06,gmina lubelskie-wschodni-20-02,wiejska,1800,50.72493,22.72993
0620003,0620,06,gmina lubelskie-wschodni-20-03,miejska,19170,50.63314,22.60625
0620004,0620,06,gmina lubelskie-wschodni-20-04,wiejska,8170,51.03472,22.42417
0620005,0620,06,gmina lubelskie-wschodni-20-05,miejska,35750,50.93827,22.50407
0620006,0620,06,gmina lubelskie-wschodni-20-06,miejsko-wiejska,33256,51.01731,22.07129
0620007,0620,06,gmina lubelskie-wschodni-20-07,miejsko-wiejska,10688,51.03947,22.60006
0621001,0621,06,gmina lubelskie-zachodni-21-01,miejsko-wiejska,6219,51.11884,22.69884
0621002,0621,06,gmina lubelskie-zachodni-21-02,wiejska,39933,50.8699,22.42616
0621003,0621,06,gmina lubelskie-zachodni-21-03,miejsko-wiejska,6702,50.90367,22.35347
0621004,0621,06,gmina lubelskie-zachodni-21-04,wiejska,1800,50.91089,22.59275
0621005,0621,06,gmina lubelskie-zachodni-21-05,wiejska,5968,51.219,22.52511
0621006,0621,06,gmina lubelskie-zachodni-21-06,miejsko-wiejska,18041,51.00138,22.67959
0621007,0621,06,gmina lubelskie-zachodni-21-07,miejska,31988,51.14534,22.5332
0622001,0622,06,gmina lubelskie-centralny-22-01,miejska,36592,51.65269,22.63161
0622002,0622,06,gmina lubelskie-centralny-22-02,wiejska,10415,51.89554,22.635
0622003,0622,06,gmina lubelskie-centralny-22-03,wiejska,10509,51.76858,22.90303
0622004,0622,06,gmina lubelskie-centralny-22-04,miejsko-wiejska,8162,51.29523,22.78455
0622005,0622,06,gmina lubelskie-centralny-22-05,wiejska,2046,51.79616,22.71858
0622006,0622,06,gmina lubelskie-centralny-22-06,wiejska,15060,51.4878,22.3914
0622007,0622,06,gmina lubelskie-centralny-22-07,wiejska,9524,51.6007,22.59299
0623001,0623,06,gmina lubelskie-miejski-23-01,wiejska,8539,51.49949,22.18895
0623002,0623,06,gmina lubelskie-miejski-23-02,wiejska,15532,51.24943,22.31149
0623003,0623,06,gmina lubelskie-miejski-23-03,miejsko-wiejska,7202,50.8726,21.99456
0623004,0623,06,gmina lubelskie-miejski-23-04,miejska,44501,51.01365,21.99688
0623005,0623,06,gmina lubelskie-miejski-23-05,miejska,17520,51.33498,22.17279
0623006,0623,06,gmina lubelskie-miejski-23-06,miejska,40293,51.22053,22.02331
0623007,0623,06,gmina lubelskie-miejski-23-07,wiejska,9158,50.98565,21.61497
0624001,0624,06,gmina lubelskie-północny-24-01,wiejska,8893,50.60574,22.56229
0624002,0624,06,gmina lubelskie-północny-24-02,miejsko-wiejska,21466,50.76772,22.14291
0624003,0624,06,gmina lubelskie-północny-24-03,wiejska,6513,50.62606,22.81359
0624004,0624,06,gmina lubelskie-północny-24-04,wiejska,20285,50.70914,22.25885
0624005,0624,06,gmina lubelskie-północny-24-05,miejska,15559,50.66618,22.1234
0624006,0624,06,gmina lubelskie-północny-24-06,wiejska,6989,50.5487,22.63518
0624007,0624,06,gmina lubelskie-północny-24-07,wiejska,6503,50.24652,22.42837
0801001,0801,08,gmina lubuskie-południowy-01-01,miejska,17441,52.1851,16.45589
0801002,0801,08,gmina lubuskie-południowy-01-02,wiejska,6838,52.2823,16.18112
0801003,0801,08,gmina lubuskie-południowy-01-03,wiejska,5880,52.26848,16.35568
0801004,0801,08,gmina lubuskie-południowy-01-04,miejska,9922,52.26647,16.68575
0801005,0801,08,gmina lubuskie-południowy-01-05,miejska,26163,51.92465,16.60649
0801006,0801,08,gmina lubuskie-południowy-01-06,miejsko-wiejska,2895,52.2197,16.30374
0801007,0801,08,gmina lubuskie-południowy-01-07,wiejska,3947,52.12211,16.43753
0802001,0802,08,gmina lubuskie-wschodni-02-01,wiejska,5434,52.32603,15.95576
0802002,0802,08,gmina lubuskie-wschodni-02-02,miejsko-wiejska,14879,52.28605,15.90797
0802003,0802,08,gmina lubuskie-wschodni-02-03,wiejska,4736,52.03533,16.09575
0802004,0802,08,gmina lubuskie-wschodni-02-04,miejska,21593,51.94111,15.93872
0802005,0802,08,gmina lubuskie-wschodni-02-05,wiejska,4634,52.45434,15.71698
0802006,0802,08,gmina lubuskie-wschodni-02-06,wiejska,3315,52.3938,16.29829
0802007,0802,08,gmina lubuskie-wschodni-02-07,miejska,16951,52.16733,16.15759
0803001,0803,08,gmina lubuskie-zachodni-03-01,wiejska,1914,51.76831,14.79494
0803002,0803,08,gmina lubuskie-zachodni-03-02,wiejska,21182,51.95363,14.86746
0803003,0803,08,gmina lubuskie-zachodni-03-03,wiejska,16365,52.28417,14.73868
0803004,0803,08,gmina lubuskie-zachodni-03-04,miejska,26623,52.24714,14.55906
0803005,0803,08,gmina lubuskie-zachodni-03-05,wiejska,15322,51.87789,14.86775
0803006,0803,08,gmina lubuskie-zachodni-03-06,wiejska,6971,51.88573,14.66149
0803007,0803,08,gmina lubuskie-zachodni-03-07,miejsko-wiejska,9617,52.13969,14.82363
0804001,0804,08,gmina lubuskie-centralny-04-01,miejsko-wiejska,8463,51.90751,14.91652
0804002,0804,08,gmina lubuskie-centralny-04-02,miejsko-wiejska,12818,51.93977,15.59582
0804003,0804,08,gmina lubuskie-centralny-04-03,wiejska,6417,51.77371,15.24723
0804004,0804,08,gmina lubuskie-centralny-04-04,miejsko-wiejska,13464,51.7637,15.02453
0804005,0804,08,gmina lubuskie-centralny-04-05,wiejska,11333,51.72567,15.02313
0804006,0804,08,gmina lubuskie-centralny-04-06,wiejska,8565,51.96273,14.98626
0804007,0804,08,gmina lubuskie-centralny-04-07,miejska,8584,51.5841,14.86184
0805001,0805,08,gmina lubuskie-miejski-05-01,wiejska,3589,52.98872,14.82235
0805002,0805,08,gmina lubuskie-miejski-05-02,wiejska,5241,52.90819,14.96454
0805003,0805,08,gmina lubuskie-miejski-05-03,wiejska,18397,53.09487,15.0513
0805004,0805,08,gmina lubuskie-miejski-05-04,wiejska,6088,52.9525,15.11051
0805005,0805,08,gmina lubuskie-miejski-05-05,miejsko-wiejska,11639,52.89083,15.05517
0805006,0805,08,gmina lubuskie-miejski-05-06,wiejska,2299,53.03634,15.19305
0805007,0805,08,gmina lubuskie-miejski-05-07,wiejska,6811,53.24497,14.8808
0806001,0806,08,gmina lubuskie-północny-06-01,miejsko-wiejska,9272,52.51397,14.98433
0806002,0806,08,gmina lubuskie-północny-06-02,wiejska,7548,52.53255,15.1645
0806003,0806,08,gmina lubuskie-północny-06-03,wiejska,19038,52.51834,15.1583
0806004,0806,08,gmina lubuskie-północny-06-04,wiejska,5244,52.6182,14.85861
0806005,0806,08,gmina lubuskie-północny-06-05,miejsko-wiejska,15933,52.80601,14.98019
0806006,0806,08,gmina lubuskie-północny-06-06,wiejska,2081,52.44738,15.23745
0806007,0806,08,gmina lubuskie-północny-06-07,miejsko-wiejska,11417,52.55099,15.19504
0807001,0807,08,gmina lubuskie-południowy-07-01,wiejska,10941,52.7123,15.88641
0807002,0807,08,gmina lubuskie-południowy-07-02,wiejska,20815,52.60064,15.88372
0807003,0807,08,gmina lubuskie-południowy-07-03,miejska,22238,52.47581,16.03601
0807004,0807,08,gmina lubuskie-południowy-07-04,wiejska,9265,52.65863,15.73523
0807005,0807,08,gmina lubuskie-południowy-07-05,miejsko-wiejska,5632,52.55543,15.98456
0807006,0807,08,gmina lubuskie-południowy-07-06,wiejska,11432,52.33151,15.67082
0807007,0807,08,gmina lubuskie-południowy-07-07,wiejska,24465,52.52621,15.36963
0808001,0808,08,gmina lubuskie-wschodni-08-01,miejsko-wiejska,26204,52.22919,15.46428
0808002,0808,08,gmina lubuskie-wschodni-08-02,miejska,21369,52.28119,15.3746
0808003,0808,08,gmina lubuskie-wschodni-08-03,wiejska,16513,52.21097,15.52407
0808004,0808,08,gmina lubuskie-wschodni-08-04,miejsko-wiejska,8868,52.11773,15.67625
0808005,0808,08,gmina lubuskie-wschodni-08-05,miejsko-wiejska,4738,51.92963,15.59432
0808006,0808,08,gmina lubuskie-wschodni-08-06,wiejska,11984,52.20291,15.55505
0808007,0808,08,gmina lubuskie-wschodni-08-07,miejsko-wiejska,6642,52.24285,15.46892
0809001,0809,08,gmina lubuskie-zachodni-09-01,wiejska,5990,51.91063,16.12926
0809002,0809,08,gmina lubuskie-zachodni-09-02,wiejska,2763,52.01615,15.42631
0809003,0809,08,gmina lubuskie-zachodni-09-03,miejsko-wiejska,7577,51.89481,15.34918
0809004,0809,08,gmina lubuskie-zachodni-09-04,miejska,34241,51.90178,15.34649
0809005,0809,08,gmina lubuskie-zachodni-09-05,wiejska,13636,52.13773,16.02846
0809006,0809,08,gmina lubuskie-zachodni-09-06,miejska,33609,51.95717,15.99769
0809007,0809,08,gmina lubuskie-zachodni-09-07,wiejska,22996,52.09854,15.56645
0810001,0810,08,gmina lubuskie-centralny-10-01,wiejska,9180,52.08425,14.48209
0810002,0810,08,gmina lubuskie-centralny-10-02,wiejska,10840,52.3226,14.94751
0810003,0810,08,gmina lubuskie-centralny-10-03,wiejska,20201,52.05089,14.81201
0810004,0810,08,gmina lubuskie-centralny-10-04,wiejska,10263,51.92105,14.6428
0810005,0810,08,gmina lubuskie-centralny-10-05,wiejska,17767,52.20551,14.63761
0810006,0810,08,gmina lubuskie-centralny-10-06,wiejska,14767,52.01581,14.89048
0810007,0810,08,gmina lubuskie-centralny-10-07,miejska,35786,52.15638,14.84164
0811001,0811,08,gmina lubuskie-miejski-11-01,miejsko-wiejska,19424,51.7546,15.71352
0811002,0811,08,gmina lubuskie-miejski-11-02,wiejska,4833,51.99501,15.68419
0811003,0811,08,gmina lubuskie-miejski-11-03,miejsko-wiejska,12607,51.50532,15.43861
0811004,0811,08,gmina lubuskie-miejski-11-04,wiejska,17456,51.75168,15.2313
0811005,0811,08,gmina lubuskie-miejski-11-05,wiejska,15424,51.64369,15.86307
0811006,0811,08,gmina lubuskie-miejski-11-06,wiejska,7673,51.74099,15.81892
0811007,0811,08,gmina lubuskie-miejski-11-07,miejsko-wiejska,4645,51.58531,15.55759
0812001,0812,08,gmina lubuskie-północny-12-01,wiejska,13532,52.62704,15.27107
0812002,0812,08,gmina lubuskie-północny-12-02,miejsko-wiejska,13503,52.72166,15.51348
0812003,0812,08,gmina lubuskie-północny-12-03,wiejska,2562,52.71178,15.58656
0812004,0812,08,gmina lubuskie-północny-12-04,miejsko-wiejska,14426,52.69979,15.9029
0812005,0812,08,gmina lubuskie-północny-12-05,miejsko-wiejska,5300,52.71125,15.8801
0812006,0812,08,gmina lubuskie-północny-12-06,miejska,30671,52.72829,15.55852
0812007,0812,08,gmina lubuskie-północny-12-07,miejsko-wiejska,18749,52.99066,15.43281
0813001,0813,08,gmina lubuskie-południowy-13-01,miejska,26204,52.16664,15.46981
0813002,0813,08,gmina lubuskie-południowy-13-02,wiejska,7828,52.15561,15.87384
0813003,0813,08,gmina lubuskie-południowy-13-03,wiejska,17130,52.11212,15.61655
0813004,0813,08,gmina lubuskie-południowy-13-04,miejsko-wiejska,12232,52.07885,15.76904
0813005,0813,08,gmina lubuskie-południowy-13-05,miejsko-wiejska,7673,52.0289,15.4754
0813006,0813,08,gmina lubuskie-południowy-13-06,wiejska,19874,52.13459,15.96887
0813007,0813,08,gmina lubuskie-południowy-13-07,wiejska,5893,52.19278,16.11181
0814001,0814,08,gmina lubuskie-wschodni-14-01,wiejska,4206,52.44956,15.86511
0814002,0814,08,gmina lubuskie-wschodni-14-02,wiejska,4853,52.69359,15.50934
0814003,0814,08,gmina lubuskie-wschodni-14-03,miejsko-wiejska,9568,52.57271,15.58647
0814004,0814,08,gmina lubuskie-wschodni-14-04,miejska,35556,52.5652,15.48764
0814005,0814,08,gmina lubuskie-wschodni-14-05,miejsko-wiejska,6533,52.51053,15.54037
0814006,0814,08,gmina lubuskie-wschodni-14-06,miejsko-wiejska,8722,52.64434,15.5691
0814007,0814,08,gmina lubuskie-wschodni-14-07,miejska,26573,52.61103,15.75196
1001001,1001,10,gmina łódzkie-południowy-01-01,miejska,65532,51.58348,20.20065
1001002,1001,10,gmina łódzkie-południowy-01-02,wiejska,6984,51.69136,20.40596
1001003,1001,10,gmina łódzkie-południowy-01-03,miejsko-wiejska,11107,51.41331,20.19472
1001004,1001,10,gmina łódzkie-południowy-01-04,wiejska,17402,51.61504,20.29763
1001005,1001,10,gmina łódzkie-południowy-01-05,wiejska,5282,51.45073,20.13528
1001006,1001,10,gmina łódzkie-południowy-01-06,wiejska,2727,51.61268,20.35296
1001007,1001,10,gmina łódzkie-południowy-01-07,miejska,8233,51.47752,19.91237
1002001,1002,10,gmina łódzkie-wschodni-02-01,wiejska,7791,51.91539,20.61051
1002002,1002,10,gmina łódzkie-wschodni-02-02,wiejska,14642,52.02732,20.37234
1002003,1002,10,gmina łódzkie-wschodni-02-03,wiejska,10340,51.85087,20.50754
1002004,1002,10,gmina łódzkie-wschodni-02-04,wiejska,4066,52.07153,20.57004
1002005,1002,10,gmina łódzkie-wschodni-02-05,wiejska,9234,51.94002,20.42073
1002006,1002,10,gmina łódzkie-wschodni-02-06,wiejska,1800,52.00222,20.32313
1002007,1002,10,gmina łódzkie-wschodni-02-07,miejsko-wiejska,7852,52.05478,20.33046
1003001,1003,10,gmina łódzkie-zachodni-03-01,miejska,13267,51.85125,18.83938
1003002,1003,10,gmina łódzkie-zachodni-03-02,wiejska,8701,51.89068,19.02402
1003003,1003,10,gmina łódzkie-zachodni-03-03,wiejska,4132,51.89247,19.07163
1003004,1003,10,gmina łódzkie-zachodni-03-04,wiejska,2764,51.89298,18.71532
1003005,1003,10,gmina łódzkie-zachodni-03-05,miejsko-wiejska,6439,51.75201,18.79433
1003006,1003,10,gmina łódzkie-zachodni-03-06,miejska,84252,51.70525,18.60431
1003007,1003,10,gmina łódzkie-zachodni-03-07,wiejska,3614,52.09419,18.7387
1004001,1004,10,gmina łódzkie-centralny-04-01,miejska,26478,51.22774,20.22857
1004002,1004,10,gmina łódzkie-centralny-04-02,miejska,23253,51.59967,20.6725
1004003,1004,10,gmina łódzkie-centralny-04-03,wiejska,4775,51.36428,20.25002
1004004,1004,10,gmina łódzkie-centralny-04-04,miejsko-wiejska,2693,51.41264,20.62843
1004005,1004,10,gmina łódzkie-centralny-04-05,wiejska,15499,51.21902,20.37632
1004006,1004,10,gmina łódzkie-centralny-04-06,miejska,42824,51.33099,20.33322
1004007,1004,10,gmina łódzkie-centralny-04-07,wiejska,2969,51.2949,20.61302
1005001,1005,10,gmina łódzkie-miejski-05-01,wiejska,3856,52.53803,19.46425
1005002,1005,10,gmina łódzkie-miejski-05-02,wiejska,12901,52.56835,19.26931
1005003,1005,10,gmina łódzkie-miejski-05-03,miejsko-wiejska,2973,52.38563,19.57019
1005004,1005,10,gmina łódzkie-miejski-05-04,wiejska,5790,52.36476,19.0552
1005005,1005,10,gmina łódzkie-miejski-05-05,wiejska,24019,52.56233,19.54754
1005006,1005,10,gmina łódzkie-miejski-05-06,wiejska,14764,52.52996,19.35484
1005007,1005,10,gmina łódzkie-miejski-05-07,wiejska,7320,52.39941,19.90186
1006001,1006,10,gmina łódzkie-północny-06-01,wiejska,11437,51.5941,20.39223
1006002,1006,10,gmina łódzkie-północny-06-02,miejsko-wiejska,4329,51.84998,20.17819
1006003,1006,10,gmina łódzkie-północny-06-03,wiejska,11055,51.79297,20.3769
1006004,1006,10,gmina łódzkie-północny-06-04,wiejska,8591,51.65579,20.29307
1006005,1006,10,gmina łódzkie-północny-06-05,wiejska,5667,51.59596,20.58491
1006006,1006,10,gmina łódzkie-północny-06-06,wiejska,7575,51.55224,20.20569
1006007,1006,10,gmina łódzkie-północny-06-07,miejsko-wiejska,16030,51.74222,20.41025
1007001,1007,10,gmina łódzkie-południowy-07-01,miejsko-wiejska,6907,51.45386,18.88562
1007002,1007,10,gmina łódzkie-południowy-07-02,wiejska,6898,51.50539,19.17401
1007003,1007,10,gmina łódzkie-południowy-07-03,miejska,14635,51.2681,19.02855
1007004,1007,10,gmina łódzkie-południowy-07-04,miejska,78448,51.1303,19.06078
1007005,1007,10,gmina łódzkie-południowy-07-05,miejska,11462,51.29686,18.93866
1007006,1007,10,gmina łódzkie-południowy-07-06,miejska,20728,51.30993,19.00927
1007007,1007,10,gmina łódzkie-południowy-07-07,wiejska,5814,51.1892,19.15608
1008001,1008,10,gmina łódzkie-wschodni-08-01,wiejska,12923,52.15407,18.99023
1008002,1008,10,gmina łódzkie-wschodni-08-02,miejsko-wiejska,9752,52.13234,19.08704
1008003,1008,10,gmina łódzkie-wschodni-08-03,miejsko-wiejska,8149,52.02935,19.63298
1008004,1008,10,gmina łódzkie-wschodni-08-04,wiejska,26720,51.82809,19.75682
1008005,1008,10,gmina łódzkie-wschodni-08-05,wiejska,4594,52.17195,19.46736
1008006,1008,10,gmina łódzkie-wschodni-08-06,wiejska,4370,52.10858,19.26254
1008007,1008,10,gmina łódzkie-wschodni-08-07,wiejska,11426,52.07445,19.51027
1009001,1009,10,gmina łódzkie-zachodni-09-01,wiejska,8490,51.77623,19.61836
1009002,1009,10,gmina łódzkie-zachodni-09-02,wiejska,11612,51.89319,19.28384
1009003,1009,10,gmina łódzkie-zachodni-09-03,wiejska,4238,51.72425,19.29215
1009004,1009,10,gmina łódzkie-zachodni-09-04,wiejska,13193,51.92493,19.38064
1009005,1009,10,gmina łódzkie-zachodni-09-05,wiejska,19676,51.97595,19.45636
1009006,1009,10,gmina łódzkie-zachodni-09-06,miejsko-wiejska,4867,52.00285,19.39852
1009007,1009,10,gmina łódzkie-zachodni-09-07,wiejska,8762,51.7539,19.24105
1010001,1010,10,gmina łódzkie-centralny-10-01,wiejska,3259,52.01055,20.12527
1010002,1010,10,gmina łódzkie-centralny-10-02,wiejska,54009,51.78709,20.03522
1010003,1010,10,gmina łódzkie-centralny-10-03,wiejska,11117,52.12709,20.28639
1010004,1010,10,gmina łódzkie-centralny-10-04,miejska,38360,51.68862,20.14539
1010005,1010,10,gmina łódzkie-centralny-10-05,miejska,13826,51.68192,20.29635
1010006,1010,10,gmina łódzkie-centralny-10-06,miejsko-wiejska,2017,51.75639,20.17205
1010007,1010,10,gmina łódzkie-centralny-10-07,wiejska,4839,51.97981,20.33218
1011001,1011,10,gmina łódzkie-miejski-11-01,wiejska,14103,51.93223,20.07092
1011002,1011,10,gmina łódzkie-miejski-11-02,miejsko-wiejska,8093,51.87387,19.95136
1011003,1011,10,gmina łódzkie-miejski-11-03,miejska,29372,51.78278,19.79101
1011004,1011,10,gmina łódzkie-miejski-11-04,wiejska,4881,51.88923,19.83631
1011005,1011,10,gmina łódzkie-miejski-11-05,wiejska,5371,51.74833,19.62419
1011006,1011,10,gmina łódzkie-miejski-11-06,wiejska,14866,51.84464,19.69024
1011007,1011,10,gmina łódzkie-miejski-11-07,wiejska,13377,51.76156,19.58693
1012001,1012,10,gmina łódzkie-północny-12-01,wiejska,15262,50.95111,19.39551
1012002,1012,10,gmina łódzkie-północny-12-02,miejska,27598,51.16947,19.47701
1012003,1012,10,gmina łódzkie-północny-12-03,miejska,12791,51.09163,19.38105
1012004,1012,10,gmina łódzkie-północny-12-04,miejsko-wiejska,26121,51.02078,19.04854
1012005,1012,10,gmina łódzkie-północny-12-05,miejsko-wiejska,10112,51.27373,19.77262
1012006,1012,10,gmina łódzkie-północny-12-06,miejsko-wiejska,25214,50.88836,19.64651
1012007,1012,10,gmina łódzkie-północny-12-07,miejska,17194,51.05009,19.23134
1013001,1013,10,gmina łódzkie-południowy-13-01,wiejska,5434,51.39166,19.00038
1013002,1013,10,gmina łódzkie-południowy-13-02,wiejska,13312,51.51556,18.57307
1013003,1013,10,gmina łódzkie-południowy-13-03,wiejska,6679,51.38257,18.99489
1013004,1013,10,gmina łódzkie-południowy-13-04,wiejska,16822,51.6169,18.68616
1013005,1013,10,gmina łódzkie-południowy-13-05,wiejska,1800,51.24986,19.09976
1013006,1013,10,gmina łódzkie-południowy-13-06,wiejska,6318,51.38198,19.14176
1013007,1013,10,gmina łódzkie-południowy-13-07,miejsko-wiejska,17754,51.48275,18.7739
1014001,1014,10,gmina łódzkie-wschodni-14-01,miejska,24787,51.49583,19.62024
1014002,1014,10,gmina łódzkie-wschodni-14-02,wiejska,10529,51.56068,19.53839
1014003,1014,10,gmina łódzkie-wschodni-14-03,wiejska,3923,51.56443,19.26026
1014004,1014,10,gmina łódzkie-wschodni-14-04,wiejska,1800,51.18964,19.12279
1014005,1014,10,gmina łódzkie-wschodni-14-05,wiejska,11263,51.48109,19.35126
1014006,1014,10,gmina łódzkie-wschodni-14-06,miejsko-wiejska,27162,51.30132,19.31102
1014007,1014,10,gmina łódzkie-wschodni-14-07,wiejska,9786,51.37058,19.32161
1015001,1015,10,gmina łódzkie-zachodni-15-01,wiejska,3004,52.33133,18.64097
1015002,1015,10,gmina łódzkie-zachodni-15-02,wiejska,28551,52.14382,18.96581
1015003,1015,10,gmina łódzkie-zachodni-15-03,miejska,26028,52.14404,18.65951
1015004,1015,10,gmina łódzkie-zachodni-15-04,miejsko-wiejska,8724,52.18938,18.62147
1015005,1015,10,gmina łódzkie-zachodni-15-05,miejsko-wiejska,7498,52.06873,19.20742
1015006,1015,10,gmina łódzkie-zachodni-15-06,wiejska,7664,52.34892,18.73331
1015007,1015,10,gmina łódzkie-zachodni-15-07,wiejska,9516,51.97626,18.68554
1016001,1016,10,gmina łódzkie-centralny-16-01,miejsko-wiejska,9232,52.01782,19.27589
1016002,1016,10,gmina łódzkie-centralny-16-02,wiejska,19108,51.89493,19.54292
1016003,1016,10,gmina łódzkie-centralny-16-03,miejsko-wiejska,7811,52.12237,19.14148
1016004,1016,10,gmina łódzkie-centralny-16-04,wiejska,5038,51.65433,19.6766
1016005,1016,10,gmina łódzkie-centralny-16-05,wiejska,13467,51.7682,19.47102
1016006,1016,10,gmina łódzkie-centralny-16-06,wiejska,12411,52.06724,18.93962
1016007,1016,10,gmina łódzkie-centralny-16-07,wiejska,6873,51.75151,18.85871
1017001,1017,10,gmina łódzkie-miejski-17-01,miejsko-wiejska,15637,51.64033,20.19205
1017002,1017,10,gmina łódzkie-miejski-17-02,miejsko-wiejska,34998,51.62956,19.9715
1017003,1017,10,gmina łódzkie-miejski-17-03,wiejska,8721,51.80382,19.94384
1017004,1017,10,gmina łódzkie-miejski-17-04,miejsko-wiejska,5479,51.81291,20.12346
1017005,1017,10,gmina łódzkie-miejski-17-05,wiejska,2280,51.51618,20.33675
1017006,1017,10,gmina łódzkie-miejski-17-06,wiejska,10396,51.57639,20.01914
1017007,1017,10,gmina łódzkie-miejski-17-07,wiejska,8169,51.77113,19.79345
1018001,1018,10,gmina łódzkie-północny-18-01,wiejska,4810,52.03996,20.2166
1018002,1018,10,gmina łódzkie-północny-18-02,miejsko-wiejska,11551,51.84464,20.30342
1018003,1018,10,gmina łódzkie-północny-18-03,miejsko-wiejska,15943,52.06777,20.262
1018004,1018,10,gmina łódzkie-północny-18-04,miejsko-wiejska,7635,51.89595,20.22189
1018005,1018,10,gmina łódzkie-północny-18-05,wiejska,17694,51.98901,20.06651
1018006,1018,10,gmina łódzkie-północny-18-06,wiejska,5971,52.03059,20.1646
1018007,1018,10,gmina łódzkie-północny-18-07,wiejska,10947,52.07245,20.40448
1019001,1019,10,gmina łódzkie-południowy-19-01,miejsko-wiejska,19586,51.87075,18.93972
1019002,1019,10,gmina łódzkie-południowy-19-02,wiejska,4627,51.73144,19.03151
1019003,1019,10,gmina łódzkie-południowy-19-03,wiejska,4000,51.68387,19.02707
1019004,1019,10,gmina łódzkie-południowy-19-04,miejsko-wiejska,5342,51.70024,19.34114
1019005,1019,10,gmina łódzkie-południowy-19-05,wiejska,9168,52.06263,19.14963
1019006,1019,10,gmina łódzkie-południowy-19-06,miejska,22475,51.74183,19.16596
1019007,1019,10,gmina łódzkie-południowy-19-07,wiejska,10613,52.01126,18.95662
1020001,1020,10,gmina łódzkie-wschodni-20-01,wiejska,13802,51.74194,19.33486
1020002,1020,10,gmina łódzkie-wschodni-20-02,miejsko-wiejska,13066,51.87972,19.47051
1020003,1020,10,gmina łódzkie-wschodni-20-03,miejska,26754,51.49063,19.3942
1020004,1020,10,gmina łódzkie-wschodni-20-04,wiejska,15518,51.6543,19.4227
1020005,1020,10,gmina łódzkie-wschodni-20-05,wiejska,9341,51.64702,19.54391
1020006,1020,10,gmina łódzkie-wschodni-20-06,miejska,42547,51.5639,19.46135
1020007,1020,10,gmina łódzkie-wschodni-20-07,wiejska,8915,51.84095,19.86862
1021001,1021,10,gmina łódzkie-zachodni-21-01,wiejska,5365,51.98896,18.7546
1021002,1021,10,gmina łódzkie-zachodni-21-02,wiejska,25140,51.71971,19.156
1021003,1021,10,gmina łódzkie-zachodni-21-03,miejska,17907,52.12882,19.01594
1021004,1021,10,gmina łódzkie-zachodni-21-04,wiejska,4315,51.79921,19.05201
1021005,1021,10,gmina łódzkie-zachodni-21-05,wiejska,15562,51.85791,18.91208
1021006,1021,10,gmina łódzkie-zachodni-21-06,wiejska,12967,51.88423,18.65782
1021007,1021,10,gmina łódzkie-zachodni-21-07,wiejska,4894,51.89767,19.13453
1022001,1022,10,gmina łódzkie-centralny-22-01,miejsko-wiejska,22068,51.93573,19.68012
1022002,1022,10,gmina łódzkie-centralny-22-02,wiejska,12890,51.74771,19.59642
1022003,1022,10,gmina łódzkie-centralny-22-03,wiejska,4861,51.67205,19.6889
1022004,1022,10,gmina łódzkie-centralny-22-04,miejsko-wiejska,9090,51.92378,19.72929
1022005,1022,10,gmina łódzkie-centralny-22-05,wiejska,9418,51.90675,19.61742
1022006,1022,10,gmina łódzkie-centralny-22-06,miejsko-wiejska,10467,51.73999,19.69577
1022007,1022,10,gmina łódzkie-centralny-22-07,wiejska,12263,51.74733,19.63538
1023001,1023,10,gmina łódzkie-miejski-23-01,wiejska,5504,52.68819,20.31852
1023002,1023,10,gmina łódzkie-miejski-23-02,wiejska,17761,52.89518,20.63437
1023003,1023,10,gmina łódzkie-miejski-23-03,wiejska,27522,52.73204,21.10829
1023004,1023,10,gmina łódzkie-miejski-23-04,miejsko-wiejska,7036,52.78982,20.45668
1023005,1023,10,gmina łódzkie-miejski-23-05,wiejska,10207,52.86527,20.51062
1023006,1023,10,gmina łódzkie-miejski-23-06,miejsko-wiejska,24381,52.78773,20.58365
1023007,1023,10,gmina łódzkie-miejski-23-07,wiejska,4612,52.81104,20.50679
1024001,1024,10,gmina łódzkie-północny-24-01,wiejska,5557,51.37483,19.84958
1024002,1024,10,gmina łódzkie-północny-24-02,wiejska,6881,51.28636,19.20928
1024003,1024,10,gmina łódzkie-północny-24-03,miejsko-wiejska,7848,51.54684,19.44735
1024004,1024,10,gmina łódzkie-północny-24-04,miejsko-wiejska,12326,51.39194,19.40662
1024005,1024,10,gmina łódzkie-północny-24-05,wiejska,4707,51.39522,19.16758
1024006,1024,10,gmina łódzkie-północny-24-06,wiejska,3878,51.61412,19.47278
1024007,1024,10,gmina łódzkie-północny-24-07,wiejska,14846,51.48088,19.48953
1201001,1201,12,gmina małopolskie-południowy-01-01,miejska,9027,49.65609,19.60876
1201002,1201,12,gmina małopolskie-południowy-01-02,wiejska,11953,49.59329,19.38757
1201003,1201,12,gmina małopolskie-południowy-01-03,miejsko-wiejska,3200,49.45132,19.68244
1201004,1201,12,gmina małopolskie-południowy-01-04,wiejska,12429,49.36606,19.3887
1201005,1201,12,gmina małopolskie-południowy-01-05,wiejska,5174,49.49744,19.31632
1201006,1201,12,gmina małopolskie-południowy-01-06,wiejska,3355,49.43705,19.5915
1201007,1201,12,gmina małopolskie-południowy-01-07,miejsko-wiejska,3897,49.52884,19.77624
1202001,1202,12,gmina małopolskie-wschodni-02-01,miejsko-wiejska,3615,50.19309,20.75792
1202002,1202,12,gmina małopolskie-wschodni-02-02,wiejska,6252,50.14535,20.78428
1202003,1202,12,gmina małopolskie-wschodni-02-03,wiejska,6701,50.36351,20.64472
1202004,1202,12,gmina małopolskie-wschodni-02-04,miejsko-wiejska,6551,50.28229,20.62411
1202005,1202,12,gmina małopolskie-wschodni-02-05,wiejska,15259,50.14865,20.57105
1202006,1202,12,gmina małopolskie-wschodni-02-06,miejska,25896,50.31147,20.36844
1202007,1202,12,gmina małopolskie-wschodni-02-07,wiejska,15222,50.28055,20.313
1203001,1203,12,gmina małopolskie-zachodni-03-01,wiejska,17139,50.11338,19.73057
1203002,1203,12,gmina małopolskie-zachodni-03-02,wiejska,19628,49.83405,19.22453
1203003,1203,12,gmina małopolskie-zachodni-03-03,miejsko-wiejska,2582,49.85611,19.42774
1203004,1203,12,gmina małopolskie-zachodni-03-04,wiejska,4596,49.81479,19.65718
1203005,1203,12,gmina małopolskie-zachodni-03-05,wiejska,3292,49.7646,19.8271
1203006,1203,12,gmina małopolskie-zachodni-03-06,wiejska,4160,49.93602,19.44812
1203007,1203,12,gmina małopolskie-zachodni-03-07,wiejska,11366,49.9656,19.68106
1204001,1204,12,gmina małopolskie-centralny-04-01,miejska,47272,49.13432,20.02213
1204002,1204,12,gmina małopolskie-centralny-04-02,wiejska,4775,49.31777,19.8596
1204003,1204,12,gmina małopolskie-centralny-04-03,wiejska,10946,49.32783,19.65021
1204004,1204,12,gmina małopolskie-centralny-04-04,wiejska,3508,49.39744,19.84584
1204005,1204,12,gmina małopolskie-centralny-04-05,wiejska,16524,49.27821,19.54355
1204006,1204,12,gmina małopolskie-centralny-04-06,wiejska,14750,49.23588,19.87551
1204007,1204,12,gmina małopolskie-centralny-04-07,wiejska,5423,49.49779,19.64398
1205001,1205,12,gmina małopolskie-miejski-05-01,wiejska,6573,49.71025,19.4013
1205002,1205,12,gmina małopolskie-miejski-05-02,wiejska,9945,49.90583,19.51562
1205003,1205,12,gmina małopolskie-miejski-05-03,miejsko-wiejska,10352,49.33885,19.60141
1205004,1205,12,gmina małopolskie-miejski-05-04,wiejska,6673,49.58988,19.81429
1205005,1205,12,gmina małopolskie-miejski-05-05,miejska,21976,49.67321,19.53714
1205006,1205,12,gmina małopolskie-miejski-05-06,wiejska,2469,49.54912,19.79142
1205007,1205,12,gmina małopolskie-miejski-05-07,wiejska,2190,49.59666,19.53286
1206001,1206,12,gmina małopolskie-północny-06-01,miejsko-wiejska,23885,49.86671,19.7423
1206002,1206,12,gmina małopolskie-północny-06-02,wiejska,18193,49.67052,20.03989
1206003,1206,12,gmina małopolskie-północny-06-03,wiejska,3489,49.90631,19.77099
1206004,1206,12,gmina małopolskie-północny-06-04,wiejska,4282,49.73856,19.90086
1206005,1206,12,gmina małopolskie-północny-06-05,wiejska,5962,49.8388,19.73739
1206006,1206,12,gmina małopolskie-północny-06-06,wiejska,11904,49.82428,19.83658
1206007,1206,12,gmina małopolskie-północny-06-07,miejsko-wiejska,6163,49.78649,19.95271
1207001,1207,12,gmina małopolskie-południowy-07-01,miejsko-wiejska,29094,49.55418,19.27857
1207002,1207,12,gmina małopolskie-południowy-07-02,wiejska,54988,49.49913,19.18521
1207003,1207,12,gmina małopolskie-południowy-07-03,wiejska,12537,49.30089,19.00879
1207004,1207,12,gmina małopolskie-południowy-07-04,wiejska,5920,49.51625,19.06004
1207005,1207,12,gmina małopolskie-południowy-07-05,miejska,29310,49.57343,19.25713
1207006,1207,12,gmina małopolskie-południowy-07-06,miejska,24336,49.34496,19.30883
1207007,1207,12,gmina małopolskie-południowy-07-07,wiejska,13092,49.22325,19.03363
1208001,1208,12,gmina małopolskie-wschodni-08-01,wiejska,8978,51.01036,19.36484
1208002,1208,12,gmina małopolskie-wschodni-08-02,wiejska,9662,50.98519,19.20411
1208003,1208,12,gmina małopolskie-wschodni-08-03,wiejska,5335,50.87515,19.19553
1208004,1208,12,gmina małopolskie-wschodni-08-04,miejsko-wiejska,7930,50.66399,19.1164
1208005,1208,12,gmina małopolskie-wschodni-08-05,miejska,27857,50.87253,19.14502
1208006,1208,12,gmina małopolskie-wschodni-08-06,wiejska,10965,50.76885,18.88259
1208007,1208,12,gmina małopolskie-wschodni-08-07,wiejska,6529,51.00844,19.51256
1209001,1209,12,gmina małopolskie-zachodni-09-01,wiejska,13159,49.49235,20.86615
1209002,1209,12,gmina małopolskie-zachodni-09-02,wiejska,9500,49.70631,21.01277
1209003,1209,12,gmina małopolskie-zachodni-09-03,wiejska,4589,49.69166,20.99016
1209004,1209,12,gmina małopolskie-zachodni-09-04,miejska,44887,49.57848,20.84472
1209005,1209,12,gmina małopolskie-zachodni-09-05,wiejska,1800,49.60243,20.81066
1209006,1209,12,gmina małopolskie-zachodni-09-06,miejsko-wiejska,4306,49.70475,20.89967
1209007,1209,12,gmina małopolskie-zachodni-09-07,miejsko-wiejska,1996,49.71124,20.73392
1210001,1210,12,gmina małopolskie-centralny-10-01,miejska,36356,51.03729,19.26134
1210002,1210,12,gmina małopolskie-centralny-10-02,wiejska,6798,51.24333,19.27933
1210003,1210,12,gmina małopolskie-centralny-10-03,wiejska,6917,51.00421,18.97497
1210004,1210,12,gmina małopolskie-centralny-10-04,wiejska,5641,51.20285,19.14007
1210005,1210,12,gmina małopolskie-centralny-10-05,miejska,39641,51.16763,19.07229
1210006,1210,12,gmina małopolskie-centralny-10-06,miejska,22642,51.23329,19.31737
1210007,1210,12,gmina małopolskie-centralny-10-07,wiejska,25967,51.11697,19.24168
1211001,1211,12,gmina małopolskie-miejski-11-01,wiejska,10553,49.95703,19.99274
1211002,1211,12,gmina małopolskie-miejski-11-02,miejsko-wiejska,3100,49.89366,19.88386
1211003,1211,12,gmina małopolskie-miejski-11-03,wiejska,2778,49.85663,19.88891
1211004,1211,12,gmina małopolskie-miejski-11-04,miejska,38636,50.03821,19.91612
1211005,1211,12,gmina małopolskie-miejski-11-05,wiejska,6895,49.7185,19.99394
1211006,1211,12,gmina małopolskie-miejski-11-06,miejsko-wiejska,10377,50.06731,19.95238
1211007,1211,12,gmina małopolskie-miejski-11-07,miejsko-wiejska,15555,49.76303,19.85081
1212001,1212,12,gmina małopolskie-północny-12-01,miejska,41772,50.97416,19.45098
1212002,1212,12,gmina małopolskie-północny-12-02,wiejska,7902,50.47154,18.97297
1212003,1212,12,gmina małopolskie-północny-12-03,wiejska,8780,50.71036,19.14712
1212004,1212,12,gmina małopolskie-północny-12-04,wiejska,8439,50.77188,19.53667
1212005,1212,12,gmina małopolskie-północny-12-05,miejska,29280,50.9166,19.35875
1212006,1212,12,gmina małopolskie-północny-12-06,wiejska,7543,50.89527,19.17133
1212007,1212,12,gmina małopolskie-północny-12-07,miejsko-wiejska,46395,50.80569,19.42959
1213001,1213,12,gmina małopolskie-południowy-13-01,wiejska,11221,50.25082,20.47812
1213002,1213,12,gmina małopolskie-południowy-13-02,wiejska,2995,50.18924,20.26277
1213003,1213,12,gmina małopolskie-południowy-13-03,miejsko-wiejska,8659,49.84049,20.42752
1213004,1213,12,gmina małopolskie-południowy-13-04,miejsko-wiejska,5410,50.01981,20.27356
1213005,1213,12,gmina małopolskie-południowy-13-05,wiejska,26729,50.26448,20.33638
1213006,1213,12,gmina małopolskie-południowy-13-06,miejsko-wiejska,8430,49.95824,20.53768
1213007,1213,12,gmina małopolskie-południowy-13-07,miejsko-wiejska,6608,49.95202,20.51347
1214001,1214,12,gmina małopolskie-wschodni-14-01,wiejska,5803,50.2603,19.39266
1214002,1214,12,gmina małopolskie-wschodni-14-02,miejsko-wiejska,12538,50.51752,19.83014
1214003,1214,12,gmina małopolskie-wschodni-14-03,wiejska,20056,50.15522,19.73801
1214004,1214,12,gmina małopolskie-wschodni-14-04,wiejska,4515,50.2356,19.83983
1214005,1214,12,gmina małopolskie-wschodni-14-05,wiejska,8631,50.08157,19.44325
1214006,1214,12,gmina małopolskie-wschodni-14-06,miejsko-wiejska,3441,50.3291,20.08525
1214007,1214,12,gmina małopolskie-wschodni-14-07,wiejska,18858,50.01873,19.96311
1215001,1215,12,gmina małopolskie-zachodni-15-01,wiejska,14480,49.84826,19.0862
1215002,1215,12,gmina małopolskie-zachodni-15-02,miejsko-wiejska,15982,50.12071,18.89508
1215003,1215,12,gmina małopolskie-zachodni-15-03,wiejska,11833,49.77127,19.10147
1215004,1215,12,gmina małopolskie-zachodni-15-04,wiejska,16408,50.05154,19.04901
1215005,1215,12,gmina małopolskie-zachodni-15-05,wiejska,14064,50.17587,19.39272
1215006,1215,12,gmina małopolskie-zachodni-15-06,miejska,46262,50.18973,19.28306
1215007,1215,12,gmina małopolskie-zachodni-15-07,wiejska,9553,50.06079,19.09873
1216001,1216,12,gmina małopolskie-centralny-16-01,wiejska,3821,49.8853,19.69991
1216002,1216,12,gmina małopolskie-centralny-16-02,wiejska,9411,50.1968,19.74555
1216003,1216,12,gmina małopolskie-centralny-16-03,miejsko-wiejska,15095,50.1498,19.70952
1216004,1216,12,gmina małopolskie-centralny-16-04,wiejska,11715,49.97783,20.0047
1216005,1216,12,gmina małopolskie-centralny-16-05,wiejska,12018,49.85473,19.78418
1216006,1216,12,gmina małopolskie-centralny-16-06,miejsko-wiejska,22512,49.98593,19.83856
1216007,1216,12,gmina małopolskie-centralny-16-07,wiejska,11366,49.87473,19.85052
1217001,1217,12,gmina małopolskie-miejski-17-01,wiejska,3414,50.10689,19.79896
1217002,1217,12,gmina małopolskie-miejski-17-02,wiejska,10109,50.14864,19.6794
1217003,1217,12,gmina małopolskie-miejski-17-03,wiejska,7806,50.18986,19.71937
1217004,1217,12,gmina małopolskie-miejski-17-04,wiejska,5161,50.19346,19.53524
1217005,1217,12,gmina małopolskie-miejski-17-05,wiejska,3031,50.06856,19.89253
1217006,1217,12,gmina małopolskie-miejski-17-06,wiejska,10285,50.01615,19.3019
1217007,1217,12,gmina małopolskie-miejski-17-07,wiejska,7558,50.39117,19.55909
1218001,1218,12,gmina małopolskie-północny-18-01,wiejska,18221,50.32493,20.54653
1218002,1218,12,gmina małopolskie-północny-18-02,miejsko-wiejska,3539,50.40106,20.39335
1218003,1218,12,gmina małopolskie-północny-18-03,wiejska,13837,50.17334,20.49063
1218004,1218,12,gmina małopolskie-północny-18-04,wiejska,10079,50.25916,20.53385
1218005,1218,12,gmina małopolskie-północny-18-05,wiejska,6869,50.1948,20.76203
1218006,1218,12,gmina małopolskie-północny-18-06,miejska,51552,50.18027,20.56499
1218007,1218,12,gmina małopolskie-północny-18-07,miejsko-wiejska,5112,50.12517,20.65341
1219001,1219,12,gmina małopolskie-południowy-19-01,wiejska,2817,50.27955,20.04545
1219002,1219,12,gmina małopolskie-południowy-19-02,miejska,23596,50.21233,20.2039
1219003,1219,12,gmina małopolskie-południowy-19-03,miejska,16117,50.25236,20.11501
1219004,1219,12,gmina małopolskie-południowy-19-04,wiejska,3719,50.13698,20.35591
1219005,1219,12,gmina małopolskie-południowy-19-05,wiejska,22913,50.25232,19.8673
1219006,1219,12,gmina małopolskie-południowy-19-06,wiejska,10983,50.26967,20.23135
1219007,1219,12,gmina małopolskie-południowy-19-07,wiejska,13182,50.20628,20.07971
1220001,1220,12,gmina małopolskie-wschodni-20-01,wiejska,5556,49.87347,19.96458
1220002,1220,12,gmina małopolskie-wschodni-20-02,miejsko-wiejska,9093,50.19268,19.64592
1220003,1220,12,gmina małopolskie-wschodni-20-03,wiejska,12087,50.38729,19.91496
1220004,1220,12,gmina małopolskie-wschodni-20-04,wiejska,7799,50.16037,20.28619
1220005,1220,12,gmina małopolskie-wschodni-20-05,wiejska,4295,50.14662,19.74812
1220006,1220,12,gmina małopolskie-wschodni-20-06,wiejska,5772,50.11375,20.15604
1220007,1220,12,gmina małopolskie-wschodni-20-07,miejsko-wiejska,24750,50.17846,19.8285
1221001,1221,12,gmina małopolskie-zachodni-21-01,miejska,126184,49.77023,19.96555
1221002,1221,12,gmina małopolskie-zachodni-21-02,wiejska,2696,50.0073,20.25804
1221003,1221,12,gmina małopolskie-zachodni-21-03,miejska,120455,49.64517,20.35112
1221004,1221,12,gmina małopolskie-zachodni-21-04,wiejska,8463,49.9306,19.76099
1221005,1221,12,gmina małopolskie-zachodni-21-05,wiejska,20134,49.92806,20.06668
1221006,1221,12,gmina małopolskie-zachodni-21-06,wiejska,12088,49.7263,19.96398
1221007,1221,12,gmina małopolskie-zachodni-21-07,wiejska,6079,49.58496,20.2378
1222001,1222,12,gmina małopolskie-centralny-22-01,wiejska,16962,49.97186,21.1174
1222002,1222,12,gmina małopolskie-centralny-22-02,wiejska,6873,50.10571,20.932
1222003,1222,12,gmina małopolskie-centralny-22-03,miejsko-wiejska,4685,50.1998,21.0391
1222004,1222,12,gmina małopolskie-centralny-22-04,wiejska,28387,50.06905,20.87529
1222005,1222,12,gmina małopolskie-centralny-22-05,miejska,57566,50.14503,21.18935
1222006,1222,12,gmina małopolskie-centralny-22-06,wiejska,16952,49.97817,21.02706
1222007,1222,12,gmina małopolskie-centralny-22-07,wiejska,7285,49.89523,21.00116
1401001,1401,14,gmina mazowieckie-południowy-01-01,wiejska,18556,52.82872,20.95647
1401002,1401,14,gmina mazowieckie-południowy-01-02,wiejska,3088,53.01429,21.19506
1401003,1401,14,gmina mazowieckie-południowy-01-03,wiejska,5424,52.76225,20.93153
1401004,1401,14,gmina mazowieckie-południowy-01-04,wiejska,19581,52.74677,21.47203
1401005,1401,14,gmina mazowieckie-południowy-01-05,wiejska,8366,52.98371,21.26099
1401006,1401,14,gmina mazowieckie-południowy-01-06,miejska,45661,52.89135,21.33065
1401007,1401,14,gmina mazowieckie-południowy-01-07,miejsko-wiejska,10053,52.7676,21.57615
1402001,1402,14,gmina mazowieckie-wschodni-02-01,miejska,15332,51.9106,20.391
1402002,1402,14,gmina mazowieckie-wschodni-02-02,wiejska,10399,51.85421,20.44797
1402003,1402,14,gmina mazowieckie-wschodni-02-03,wiejska,7297,51.70439,20.38998
1402004,1402,14,gmina mazowieckie-wschodni-02-04,wiejska,4095,51.68457,20.41418
1402005,1402,14,gmina mazowieckie-wschodni-02-05,miejsko-wiejska,10965,51.97851,20.49593
1402006,1402,14,gmina mazowieckie-wschodni-02-06,miejska,8117,51.73311,20.76314
1402007,1402,14,gmina mazowieckie-wschodni-02-07,wiejska,4233,51.98945,20.25765
1403001,1403,14,gmina mazowieckie-zachodni-03-01,wiejska,8513,52.57031,21.2512
1403002,1403,14,gmina mazowieckie-zachodni-03-02,miejsko-wiejska,8820,52.59435,20.94498
1403003,1403,14,gmina mazowieckie-zachodni-03-03,miejsko-wiejska,9566,52.49498,21.22573
1403004,1403,14,gmina mazowieckie-zachodni-03-04,miejska,137093,52.82815,21.281
1403005,1403,14,gmina mazowieckie-zachodni-03-05,wiejska,7684,52.40059,20.89328
1403006,1403,14,gmina mazowieckie-zachodni-03-06,miejsko-wiejska,17949,52.54996,21.01165
1403007,1403,14,gmina mazowieckie-zachodni-03-07,wiejska,7312,52.51456,20.91142
1404001,1404,14,gmina mazowieckie-centralny-04-01,miejska,26074,52.26655,19.89969
1404002,1404,14,gmina mazowieckie-centralny-04-02,wiejska,4992,52.45036,19.99638
1404003,1404,14,gmina mazowieckie-centralny-04-03,miejska,24083,52.46005,20.01349
1404004,1404,14,gmina mazowieckie-centralny-04-04,wiejska,6819,52.44361,20.16744
1404005,1404,14,gmina mazowieckie-centralny-04-05,wiejska,7396,52.39293,19.89194
1404006,1404,14,gmina mazowieckie-centralny-04-06,wiejska,4752,52.48244,20.12502
1404007,1404,14,gmina mazowieckie-centralny-04-07,wiejska,10745,52.41896,20.04926
1405001,1405,14,gmina mazowieckie-miejski-05-01,miejsko-wiejska,12478,52.67399,21.42306
1405002,1405,14,gmina mazowieckie-miejski-05-02,wiejska,7612,52.73274,21.29334
1405003,1405,14,gmina mazowieckie-miejski-05-03,miejska,39817,52.5891,21.29686
1405004,1405,14,gmina mazowieckie-miejski-05-04,miejsko-wiejska,5134,52.64361,21.79054
1405005,1405,14,gmina mazowieckie-miejski-05-05,miejska,21324,52.56166,21.16515
1405006,1405,14,gmina mazowieckie-miejski-05-06,wiejska,5987,52.75321,21.12207
1405007,1405,14,gmina mazowieckie-miejski-05-07,miejsko-wiejska,6039,52.34606,21.10598
1406001,1406,14,gmina mazowieckie-północny-06-01,wiejska,2809,51.86017,21.2726
1406002,1406,14,gmina mazowieckie-północny-06-02,miejska,21432,51.56136,20.91166
1406003,1406,14,gmina mazowieckie-północny-06-03,miejsko-wiejska,5163,51.94696,20.68707
1406004,1406,14,gmina mazowieckie-północny-06-04,wiejska,5476,51.75491,20.88464
1406005,1406,14,gmina mazowieckie-północny-06-05,wiejska,7037,51.71347,20.70288
1406006,1406,14,gmina mazowieckie-północny-06-06,wiejska,3682,51.82965,20.40118
1406007,1406,14,gmina mazowieckie-północny-06-07,miejska,20427,51.87676,20.79824
1407001,1407,14,gmina mazowieckie-południowy-07-01,wiejska,11684,52.29175,21.25111
1407002,1407,14,gmina mazowieckie-południowy-07-02,wiejska,14375,52.35821,21.20509
1407003,1407,14,gmina mazowieckie-południowy-07-03,wiejska,12903,52.24308,20.77352
1407004,1407,14,gmina mazowieckie-południowy-07-04,miejsko-wiejska,10515,52.3712,21.23605
1407005,1407,14,gmina mazowieckie-południowy-07-05,miejsko-wiejska,4534,52.18237,21.11624
1407006,1407,14,gmina mazowieckie-południowy-07-06,miejsko-wiejska,7753,52.05506,21.10013
1407007,1407,14,gmina mazowieckie-południowy-07-07,miejska,8531,52.17733,21.28568
1408001,1408,14,gmina mazowieckie-wschodni-08-01,wiejska,25120,51.93093,20.8805
1408002,1408,14,gmina mazowieckie-wschodni-08-02,wiejska,8320,52.32053,20.84943
1408003,1408,14,gmina mazowieckie-wschodni-08-03,wiejska,6028,52.2903,20.87187
1408004,1408,14,gmina mazowieckie-wschodni-08-04,wiejska,12679,51.89694,20.91055
1408005,1408,14,gmina mazowieckie-wschodni-08-05,wiejska,2895,51.95176,21.10253
1408006,1408,14,gmina mazowieckie-wschodni-08-06,miejska,26083,52.04749,20.80082
1408007,1408,14,gmina mazowieckie-wschodni-08-07,wiejska,7067,52.12811,21.12983
1409001,1409,14,gmina mazowieckie-zachodni-09-01,miejsko-wiejska,1800,51.99612,21.11414
1409002,1409,14,gmina mazowieckie-zachodni-09-02,miejska,25303,52.15669,21.13474
1409003,1409,14,gmina mazowieckie-zachodni-09-03,wiejska,6707,52.03576,21.03726
1409004,1409,14,gmina mazowieckie-zachodni-09-04,miejska,54842,52.00909,21.07198
1409005,1409,14,gmina mazowieckie-zachodni-09-05,wiejska,9078,52.3071,21.02685
1409006,1409,14,gmina mazowieckie-zachodni-09-06,miejsko-wiejska,14683,52.26441,21.0718
1409007,1409,14,gmina mazowieckie-zachodni-09-07,miejsko-wiejska,7110,52.06147,21.0353
1410001,1410,14,gmina mazowieckie-centralny-10-01,wiejska,13761,52.7892,19.63305
1410002,1410,14,gmina mazowieckie-centralny-10-02,miejsko-wiejska,4033,52.6334,19.99559
1410003,1410,14,gmina mazowieckie-centralny-10-03,miejska,24094,52.65845,19.86025
1410004,1410,14,gmina mazowieckie-centralny-10-04,wiejska,9650,52.83433,19.56211
1410005,1410,14,gmina mazowieckie-centralny-10-05,miejska,22079,52.73712,19.32562
1410006,1410,14,gmina mazowieckie-centralny-10-06,wiejska,7673,52.79765,19.93993
1410007,1410,14,gmina mazowieckie-centralny-10-07,miejska,28376,52.45573,19.57048
1411001,1411,14,gmina mazowieckie-miejski-11-01,miejska,147044,52.22263,20.94301
1411002,1411,14,gmina mazowieckie-miejski-11-02,miejsko-wiejska,11689,52.01354,20.83986
1411003,1411,14,gmina mazowieckie-miejski-11-03,miejska,21677,52.1219,20.74137
1411004,1411,14,gmina mazowieckie-miejski-11-04,wiejska,3973,52.11134,21.01953
1411005,1411,14,gmina mazowieckie-miejski-11-05,miejska,34364,51.95209,21.23276
1411006,1411,14,gmina mazowieckie-miejski-11-06,miejska,12914,52.32356,20.77109
1411007,1411,14,gmina mazowieckie-miejski-11-07,wiejska,4115,52.16426,21.41328
1412001,1412,14,gmina mazowieckie-północny-12-01,miejsko-wiejska,9850,52.38565,20.79878
1412002,1412,14,gmina mazowieckie-północny-12-02,miejsko-wiejska,4288,52.24876,20.56519
1412003,1412,14,gmina mazowieckie-północny-12-03,miejska,12175,52.36471,20.58205
1412004,1412,14,gmina mazowieckie-północny-12-04,miejska,32798,52.14324,20.85176
1412005,1412,14,gmina mazowieckie-północny-12-05,wiejska,5985,52.49534,20.85696
1412006,1412,14,gmina mazowieckie-północny-12-06,wiejska,17434,52.21425,20.80612
1412007,1412,14,gmina mazowieckie-północny-12-07,wiejska,4410,52.25871,20.74565
1413001,1413,14,gmina mazowieckie-południowy-13-01,wiejska,5166,51.37443,20.91183
1413002,1413,14,gmina mazowieckie-południowy-13-02,wiejska,1899,51.39512,21.29962
1413003,1413,14,gmina mazowieckie-południowy-13-03,wiejska,3007,51.35459,21.52067
1413004,1413,14,gmina mazowieckie-południowy-13-04,miejska,18130,51.57419,21.30244
1413005,1413,14,gmina mazowieckie-południowy-13-05,wiejska,12219,51.33455,21.1365
1413006,1413,14,gmina mazowieckie-południowy-13-06,wiejska,2971,51.85047,20.87737
1413007,1413,14,gmina mazowieckie-południowy-13-07,miejska,14049,51.39717,20.89603
1414001,1414,14,gmina mazowieckie-wschodni-14-01,wiejska,18743,53.17131,20.06599
1414002,1414,14,gmina mazowieckie-wschodni-14-02,wiejska,3573,52.56559,20.11
1414003,1414,14,gmina mazowieckie-wschodni-14-03,wiejska,6659,52.77172,20.19844
1414004,1414,14,gmina mazowieckie-wschodni-14-04,wiejska,10352,52.89839,20.09632
1414005,1414,14,gmina mazowieckie-wschodni-14-05,wiejska,4092,52.94295,20.15876
1414006,1414,14,gmina mazowieckie-wschodni-14-06,miejska,46666,52.9591,19.88625
1414007,1414,14,gmina mazowieckie-wschodni-14-07,wiejska,3330,52.75817,19.95569
1415001,1415,14,gmina mazowieckie-zachodni-15-01,miejsko-wiejska,12942,52.57392,21.02815
1415002,1415,14,gmina mazowieckie-zachodni-15-02,wiejska,10361,52.55537,21.04726
1415003,1415,14,gmina mazowieckie-zachodni-15-03,wiejska,10842,52.5371,21.1006
1415004,1415,14,gmina mazowieckie-zachodni-15-04,wiejska,8702,52.48869,20.66012
1415005,1415,14,gmina mazowieckie-zachodni-15-05,miejska,41600,52.68907,20.8097
1415006,1415,14,gmina mazowieckie-zachodni-15-06,miejska,60530,52.27215,20.80877
1415007,1415,14,gmina mazowieckie-zachodni-15-07,wiejska,7904,52.43374,21.27224
1416001,1416,14,gmina mazowieckie-centralny-16-01,miejska,25821,52.12369,20.42584
1416002,1416,14,gmina mazowieckie-centralny-16-02,miejsko-wiejska,2340,52.07792,20.60773
1416003,1416,14,gmina mazowieckie-centralny-16-03,wiejska,5486,52.06895,20.66972
1416004,1416,14,gmina mazowieckie-centralny-16-04,wiejska,18600,52.24391,20.33444
1416005,1416,14,gmina mazowieckie-centralny-16-05,miejsko-wiejska,6985,52.07216,20.2319
1416006,1416,14,gmina mazowieckie-centralny-16-06,wiejska,4240,52.09635,20.22431
1416007,1416,14,gmina mazowieckie-centralny-16-07,wiejska,3073,52.20522,20.46548
1417001,1417,14,gmina mazowieckie-miejski-17-01,wiejska,23260,51.98603,21.77128
1417002,1417,14,gmina mazowieckie-miejski-17-02,wiejska,9836,52.03991,21.85644
1417003,1417,14,gmina mazowieckie-miejski-17-03,miejska,43505,52.11547,21.66645
1417004,1417,14,gmina mazowieckie-miejski-17-04,wiejska,6492,51.8951,21.5619
1417005,1417,14,gmina mazowieckie-miejski-17-05,wiejska,5510,51.92679,21.79861
1417006,1417,14,gmina mazowieckie-miejski-17-06,wiejska,17015,51.95486,21.76887
1417007,1417,14,gmina mazowieckie-miejski-17-07,wiejska,4267,52.03327,21.58386
1418001,1418,14,gmina mazowieckie-północny-18-01,wiejska,11768,52.33317,22.14499
1418002,1418,14,gmina mazowieckie-północny-18-02,miejsko-wiejska,6958,52.33696,21.71464
1418003,1418,14,gmina mazowieckie-północny-18-03,wiejska,9480,52.53779,22.0047
1418004,1418,14,gmina mazowieckie-północny-18-04,miejsko-wiejska,32470,52.60728,21.89434
1418005,1418,14,gmina mazowieckie-północny-18-05,miejsko-wiejska,6652,52.48247,21.79355
1418006,1418,14,gmina mazowieckie-północny-18-06,wiejska,16698,52.46842,22.0015
1418007,1418,14,gmina mazowieckie-północny-18-07,miejsko-wiejska,12405,52.64538,21.98525
1419001,1419,14,gmina mazowieckie-południowy-19-01,miejska,25082,52.84355,21.42533
1419002,1419,14,gmina mazowieckie-południowy-19-02,miejsko-wiejska,6640,52.64809,21.27862
1419003,1419,14,gmina mazowieckie-południowy-19-03,wiejska,10140,52.47106,20.94843
1419004,1419,14,gmina mazowieckie-południowy-19-04,miejsko-wiejska,4674,52.522,21.11917
1419005,1419,14,gmina mazowieckie-południowy-19-05,miejska,39875,52.62546,21.27881
1419006,1419,14,gmina mazowieckie-południowy-19-06,wiejska,3793,52.58741,21.35308
1419007,1419,14,gmina mazowieckie-południowy-19-07,miejska,38904,52.55323,21.27222
1420001,1420,14,gmina mazowieckie-wschodni-20-01,wiejska,31675,52.86041,21.10974
1420002,1420,14,gmina mazowieckie-wschodni-20-02,miejska,24155,52.87468,21.21273
1420003,1420,14,gmina mazowieckie-wschodni-20-03,miejska,26385,52.67505,21.05855
1420004,1420,14,gmina mazowieckie-wschodni-20-04,wiejska,7386,52.84122,21.13387
1420005,1420,14,gmina mazowieckie-wschodni-20-05,wiejska,7260,52.87063,21.41044
1420006,1420,14,gmina mazowieckie-wschodni-20-06,wiejska,7619,52.91458,21.13855
1420007,1420,14,gmina mazowieckie-wschodni-20-07,wiejska,11552,52.91154,21.40596
1421001,1421,14,gmina mazowieckie-zachodni-21-01,wiejska,12611,52.59118,20.81819
1421002,1421,14,gmina mazowieckie-zachodni-21-02,miejsko-wiejska,9431,52.6529,20.713
1421003,1421,14,gmina mazowieckie-zachodni-21-03,miejska,18222,52.53823,20.91579
1421004,1421,14,gmina mazowieckie-zachodni-21-04,miejsko-wiejska,4861,52.50492,20.81903
1421005,1421,14,gmina mazowieckie-zachodni-21-05,wiejska,2051,52.48609,20.807
1421006,1421,14,gmina mazowieckie-zachodni-21-06,wiejska,7336,52.69871,20.60589
1421007,1421,14,gmina mazowieckie-zachodni-21-07,wiejska,4859,52.17505,20.74552
1422001,1422,14,gmina mazowieckie-centralny-22-01,wiejska,6340,52.15899,20.82688
1422002,1422,14,gmina mazowieckie-centralny-22-02,wiejska,13816,52.23541,20.546
1422003,1422,14,gmina mazowieckie-centralny-22-03,wiejska,15309,52.22272,20.46095
1422004,1422,14,gmina mazowieckie-centralny-22-04,miejsko-wiejska,2795,52.16792,20.7598
1422005,1422,14,gmina mazowieckie-centralny-22-05,wiejska,33238,52.2333,20.471
1422006,1422,14,gmina mazowieckie-centralny-22-06,miejsko-wiejska,3886,52.29704,20.28114
1422007,1422,14,gmina mazowieckie-centralny-22-07,wiejska,11398,52.33159,20.69931
1423001,1423,14,gmina mazowieckie-miejski-23-01,miejsko-wiejska,7071,52.64948,20.38441
1423002,1423,14,gmina mazowieckie-miejski-23-02,miejska,16606,52.81659,20.28511
1423003,1423,14,gmina mazowieckie-miejski-23-03,wiejska,13107,52.26162,20.59446
1423004,1423,14,gmina mazowieckie-miejski-23-04,miejsko-wiejska,20143,52.57992,20.4581
1423005,1423,14,gmina mazowieckie-miejski-23-05,wiejska,11456,52.49248,20.45588
1423006,1423,14,gmina mazowieckie-miejski-23-06,wiejska,4908,52.4969,20.56605
1423007,1423,14,gmina mazowieckie-miejski-23-07,wiejska,14828,52.48421,20.21255
1424001,1424,14,gmina mazowieckie-północny-24-01,wiejska,5430,52.59253,20.70514
1424002,1424,14,gmina mazowieckie-północny-24-02,wiejska,10108,52.59438,20.87837
1424003,1424,14,gmina mazowieckie-północny-24-03,wiejska,15157,52.45773,20.85451
1424004,1424,14,gmina mazowieckie-północny-24-04,wiejska,4420,52.62952,20.7495
1424005,1424,14,gmina mazowieckie-północny-24-05,wiejska,10065,52.48802,20.69511
1424006,1424,14,gmina mazowieckie-północny-24-06,miejska,18441,52.67706,20.93345
1424007,1424,14,gmina mazowieckie-północny-24-07,wiejska,4334,52.53698,20.86738
1425001,1425,14,gmina mazowieckie-południowy-25-01,wiejska,68975,52.68214,21.34066
1425002,1425,14,gmina mazowieckie-południowy-25-02,miejsko-wiejska,19543,52.40574,21.4309
1425003,1425,14,gmina mazowieckie-południowy-25-03,miejsko-wiejska,27904,52.62996,21.08365
1425004,1425,14,gmina mazowieckie-południowy-25-04,wiejska,6339,52.83416,21.48443
1425005,1425,14,gmina mazowieckie-południowy-25-05,miejsko-wiejska,4817,52.55599,21.30664
1425006,1425,14,gmina mazowieckie-południowy-25-06,miejsko-wiejska,10136,52.81904,21.61294
1425007,1425,14,gmina mazowieckie-południowy-25-07,miejska,35693,52.47196,21.16067
1426001,1426,14,gmina mazowieckie-wschodni-26-01,wiejska,11278,52.71694,21.35907
1426002,1426,14,gmina mazowieckie-wschodni-26-02,wiejska,9784,52.74396,21.20732
1426003,1426,14,gmina mazowieckie-wschodni-26-03,miejsko-wiejska,7643,52.95732,21.60362
1426004,1426,14,gmina mazowieckie-wschodni-26-04,miejska,39197,52.90143,21.26015
1426005,1426,14,gmina mazowieckie-wschodni-26-05,wiejska,4171,52.82544,21.47982
1426006,1426,14,gmina mazowieckie-wschodni-26-06,miejska,33146,52.61886,21.25265
1426007,1426,14,gmina mazowieckie-wschodni-26-07,wiejska,17099,52.90215,21.1327
1427001,1427,14,gmina mazowieckie-zachodni-27-01,miejsko-wiejska,34912,51.59886,21.0362
1427002,1427,14,gmina mazowieckie-zachodni-27-02,miejsko-wiejska,10380,51.55483,20.82494
1427003,1427,14,gmina mazowieckie-zachodni-27-03,miejsko-wiejska,30195,51.73304,21.11935
1427004,1427,14,gmina mazowieckie-zachodni-27-04,miejsko-wiejska,11583,51.47219,21.20591
1427005,1427,14,gmina mazowieckie-zachodni-27-05,wiejska,4804,51.63945,20.6517
1427006,1427,14,gmina mazowieckie-zachodni-27-06,wiejska,2286,51.644,20.80945
1427007,1427,14,gmina mazowieckie-zachodni-27-07,wiejska,2360,51.6729,21.366
1428001,1428,14,gmina mazowieckie-centralny-28-01,miejska,63673,51.72119,20.71663
1428002,1428,14,gmina mazowieckie-centralny-28-02,miejska,46647,51.90052,20.64968
1428003,1428,14,gmina mazowieckie-centralny-28-03,miejska,27479,51.79372,20.82019
1428004,1428,14,gmina mazowieckie-centralny-28-04,wiejska,7461,51.73903,20.97712
1428005,1428,14,gmina mazowieckie-centralny-28-05,wiejska,17152,51.8167,21.04158
1428006,1428,14,gmina mazowieckie-centralny-28-06,miejsko-wiejska,6376,51.96563,20.81803
1428007,1428,14,gmina mazowieckie-centralny-28-07,wiejska,61576,51.59962,20.58397
1429001,1429,14,gmina mazowieckie-miejski-29-01,wiejska,10505,52.82591,21.72117
1429002,1429,14,gmina mazowieckie-miejski-29-02,wiejska,5354,52.89191,21.57151
1429003,1429,14,gmina mazowieckie-miejski-29-03,miejsko-wiejska,12542,52.64934,21.61811
1429004,1429,14,gmina mazowieckie-miejski-29-04,wiejska,17364,52.85222,21.38947
1429005,1429,14,gmina mazowieckie-miejski-29-05,miejska,30951,52.76403,21.47239
1429006,1429,14,gmina mazowieckie-miejski-29-06,miejsko-wiejska,8261,52.66396,21.15141
1429007,1429,14,gmina mazowieckie-miejski-29-07,miejsko-wiejska,5083,52.80315,21.34552
1430001,1430,14,gmina mazowieckie-północny-30-01,wiejska,9260,51.99952,20.32327
1430002,1430,14,gmina mazowieckie-północny-30-02,wiejska,20104,51.89961,20.36011
1430003,1430,14,gmina mazowieckie-północny-30-03,wiejska,10927,51.69566,20.29226
1430004,1430,14,gmina mazowieckie-północny-30-04,miejska,49427,51.70855,20.6548
1430005,1430,14,gmina mazowieckie-północny-30-05,miejsko-wiejska,20679,51.88638,20.4979
1430006,1430,14,gmina mazowieckie-północny-30-06,wiejska,16217,51.87373,20.60734
1430007,1430,14,gmina mazowieckie-północny-30-07,miejska,17745,51.87232,20.29059
1431001,1431,14,gmina mazowieckie-południowy-31-01,miejsko-wiejska,10021,52.363,20.29591
1431002,1431,14,gmina mazowieckie-południowy-31-02,miejsko-wiejska,3684,52.07171,20.40586
1431003,1431,14,gmina mazowieckie-południowy-31-03,miejska,84402,52.26364,20.25738
1431004,1431,14,gmina mazowieckie-południowy-31-04,miejsko-wiejska,13030,52.18133,20.25902
1431005,1431,14,gmina mazowieckie-południowy-31-05,miejsko-wiejska,4472,52.39556,19.84844
1431006,1431,14,gmina mazowieckie-południowy-31-06,miejska,44120,52.15217,20.25293
1431007,1431,14,gmina mazowieckie-południowy-31-07,wiejska,23138,52.11962,20.20168
1432001,1432,14,gmina mazowieckie-wschodni-32-01,miejska,24813,51.99877,21.08766
1432002,1432,14,gmina mazowieckie-wschodni-32-02,miejsko-wiejska,3053,51.83243,21.41506
1432003,1432,14,gmina mazowieckie-wschodni-32-03,wiejska,8487,52.00361,21.12194
1432004,1432,14,gmina mazowieckie-wschodni-32-04,wiejska,5383,52.16305,21.13585
1432005,1432,14,gmina mazowieckie-wschodni-32-05,wiejska,6155,52.08747,21.03436
1432006,1432,14,gmina mazowieckie-wschodni-32-06,wiejska,5604,51.9463,21.17166
1432007,1432,14,gmina mazowieckie-wschodni-32-07,miejska,31601,52.21689,21.2355
1433001,1433,14,gmina mazowieckie-zachodni-33-01,wiejska,1854,52.68144,21.34202
1433002,1433,14,gmina mazowieckie-zachodni-33-02,miejska,27637,52.67099,21.32937
1433003,1433,14,gmina mazowieckie-zachodni-33-03,miejska,26039,52.71872,21.23182
1433004,1433,14,gmina mazowieckie-zachodni-33-04,wiejska,4502,53.03211,21.19881
1433005,1433,14,gmina mazowieckie-zachodni-33-05,wiejska,8622,52.44458,21.35695
1433006,1433,14,gmina mazowieckie-zachodni-33-06,wiejska,4543,52.5815,21.53338
1433007,1433,14,gmina mazowieckie-zachodni-33-07,wiejska,10857,52.71291,20.99829
1434001,1434,14,gmina mazowieckie-centralny-34-01,wiejska,25307,51.17437,21.45783
1434002,1434,14,gmina mazowieckie-centralny-34-02,miejsko-wiejska,15265,51.40436,21.00495
1434003,1434,14,gmina mazowieckie-centralny-34-03,miejska,29554,51.26809,21.17292
1434004,1434,14,gmina mazowieckie-centralny-34-04,miejska,23042,51.06429,21.38054
1434005,1434,14,gmina mazowieckie-centralny-34-05,miejsko-wiejska,7705,51.26629,21.06094
1434006,1434,14,gmina mazowieckie-centralny-34-06,wiejska,10119,51.21312,20.73892
1434007,1434,14,gmina mazowieckie-centralny-34-07,wiejska,10429,51.39679,21.12947
1435001,1435,14,gmina mazowieckie-miejski-35-01,wiejska,3977,52.23893,20.94938
1435002,1435,14,gmina mazowieckie-miejski-35-02,wiejska,4286,52.12978,21.38799
1435003,1435,14,gmina mazowieckie-miejski-35-03,miejska,21486,52.16915,21.59903
1435004,1435,14,gmina mazowieckie-miejski-35-04,wiejska,10082,52.27144,21.1574
1435005,1435,14,gmina mazowieckie-miejski-35-05,miejsko-wiejska,5598,51.94314,21.4117
1435006,1435,14,gmina mazowieckie-miejski-35-06,wiejska,10699,52.20408,21.20157
1435007,1435,14,gmina mazowieckie-miejski-35-07,wiejska,12789,52.02526,21.11556
1436001,1436,14,gmina mazowieckie-północny-36-01,miejsko-wiejska,4005,53.04446,20.03159
1436002,1436,14,gmina mazowieckie-północny-36-02,miejsko-wiejska,2067,52.61737,19.84007
1436003,1436,14,gmina mazowieckie-północny-36-03,miejsko-wiejska,6045,52.64199,20.23472
1436004,1436,14,gmina mazowieckie-północny-36-04,miejsko-wiejska,9835,52.87589,19.73374
1436005,1436,14,gmina mazowieckie-północny-36-05,miejska,42100,52.7647,19.81138
1436006,1436,14,gmina mazowieckie-północny-36-06,wiejska,11835,52.60239,20.16866
1436007,1436,14,gmina mazowieckie-północny-36-07,miejska,30124,52.98068,19.66089
1437001,1437,14,gmina mazowieckie-południowy-37-01,wiejska,4571,51.82433,21.37256
1437002,1437,14,gmina mazowieckie-południowy-37-02,wiejska,8441,51.91501,21.13233
1437003,1437,14,gmina mazowieckie-południowy-37-03,miejsko-wiejska,3694,51.96908,21.23654
1437004,1437,14,gmina mazowieckie-południowy-37-04,wiejska,5297,52.1765,21.30936
1437005,1437,14,gmina mazowieckie-południowy-37-05,wiejska,17808,51.90606,21.37151
1437006,1437,14,gmina mazowieckie-południowy-37-06,wiejska,7829,51.75469,21.59638
1437007,1437,14,gmina mazowieckie-południowy-37-07,miejsko-wiejska,7451,52.07241,21.18211
1438001,1438,14,gmina mazowieckie-wschodni-38-01,miejska,24289,51.4863,22.04661
1438002,1438,14,gmina mazowieckie-wschodni-38-02,miejsko-wiejska,9828,51.64671,22.06982
1438003,1438,14,gmina mazowieckie-wschodni-38-03,wiejska,16596,51.69848,21.54164
1438004,1438,14,gmina mazowieckie-wschodni-38-04,wiejska,5264,51.46848,21.95
1438005,1438,14,gmina mazowieckie-wschodni-38-05,wiejska,9007,51.41822,21.77591
1438006,1438,14,gmina mazowieckie-wschodni-38-06,miejska,10653,51.59208,21.49725
1438007,1438,14,gmina mazowieckie-wschodni-38-07,wiejska,11247,51.64813,22.17428
1439001,1439,14,gmina mazowieckie-zachodni-39-01,wiejska,13707,52.285,21.62105
1439002,1439,14,gmina mazowieckie-zachodni-39-02,wiejska,3406,52.21486,21.52892
1439003,1439,14,gmina mazowieckie-zachodni-39-03,wiejska,2125,52.33515,21.27177
1439004,1439,14,gmina mazowieckie-zachodni-39-04,wiejska,8628,52.19987,21.54623
1439005,1439,14,gmina mazowieckie-zachodni-39-05,wiejska,8200,52.52203,21.4669
1439006,1439,14,gmina mazowieckie-zachodni-39-06,wiejska,5031,52.30788,21.21022
1439007,1439,14,gmina mazowieckie-zachodni-39-07,wiejska,10423,52.41666,21.93477
1440001,1440,14,gmina mazowieckie-centralny-40-01,wiejska,5510,51.94823,21.33818
1440002,1440,14,gmina mazowieckie-centralny-40-02,wiejska,9241,52.03266,21.43743
1440003,1440,14,gmina mazowieckie-centralny-40-03,wiejska,15891,51.90283,21.63494
1440004,1440,14,gmina mazowieckie-centralny-40-04,miejska,37566,51.98148,21.38773
1440005,1440,14,gmina mazowieckie-centralny-40-05,miejska,121119,51.87683,21.50418
1440006,1440,14,gmina mazowieckie-centralny-40-06,wiejska,5089,52.21517,21.61607
1440007,1440,14,gmina mazowieckie-centralny-40-07,miejsko-wiejska,5321,52.04968,21.49653
1441001,1441,14,gmina mazowieckie-miejski-41-01,miejsko-wiejska,5882,52.70458,21.20205
1441002,1441,14,gmina mazowieckie-miejski-41-02,miejska,30752,52.60057,21.20998
1441003,1441,14,gmina mazowieckie-miejski-41-03,wiejska,9341,52.6137,21.00629
1441004,1441,14,gmina mazowieckie-miejski-41-04,miejsko-wiejska,23158,52.46947,21.20933
1441005,1441,14,gmina mazowieckie-miejski-41-05,wiejska,6643,52.83476,20.95642
1441006,1441,14,gmina mazowieckie-miejski-41-06,miejska,17053,52.47994,21.18954
1441007,1441,14,gmina mazowieckie-miejski-41-07,wiejska,3458,52.54381,20.71913
1442001,1442,14,gmina mazowieckie-północny-42-01,miejska,31227,52.22404,20.86596
1442002,1442,14,gmina mazowieckie-północny-42-02,wiejska,15884,52.11907,21.30011
1442003,1442,14,gmina mazowieckie-północny-42-03,wiejska,5246,52.49727,21.2911
1442004,1442,14,gmina mazowieckie-północny-42-04,wiejska,4337,52.16985,21.26374
1442005,1442,14,gmina mazowieckie-północny-42-05,wiejska,6886,52.26706,21.39042
1442006,1442,14,gmina mazowieckie-północny-42-06,wiejska,5093,52.30094,21.33007
1442007,1442,14,gmina mazowieckie-północny-42-07,wiejska,13381,52.26832,21.0938
1601001,1601,16,gmina opolskie-południowy-01-01,wiejska,2757,50.23462,17.87935
1601002,1601,16,gmina opolskie-południowy-01-02,wiejska,7439,50.38167,18.01632
1601003,1601,16,gmina opolskie-południowy-01-03,wiejska,3881,50.34123,17.85472
1601004,1601,16,gmina opolskie-południowy-01-04,wiejska,5236,50.55802,17.99149
1601005,1601,16,gmina opolskie-południowy-01-05,wiejska,9700,50.60518,17.53407
1601006,1601,16,gmina opolskie-południowy-01-06,miejsko-wiejska,8064,50.41955,17.64509
1601007,1601,16,gmina opolskie-południowy-01-07,wiejska,9763,50.22807,17.95007
1602001,1602,16,gmina opolskie-wschodni-02-01,miejska,51836,50.67744,17.75884
1602002,1602,16,gmina opolskie-wschodni-02-02,miejska,14773,50.71545,18.1149
1602003,1602,16,gmina opolskie-wschodni-02-03,miejska,5063,50.80361,18.13683
1602004,1602,16,gmina opolskie-wschodni-02-04,wiejska,4876,50.77138,17.98214
1602005,1602,16,gmina opolskie-wschodni-02-05,miejsko-wiejska,5287,50.68863,18.44927
1602006,1602,16,gmina opolskie-wschodni-02-06,wiejska,22172,50.6888,18.19872
1602007,1602,16,gmina opolskie-wschodni-02-07,wiejska,13236,50.47863,18.23326
1603001,1603,16,gmina opolskie-zachodni-03-01,miejska,17066,51.12133,17.27459
1603002,1603,16,gmina opolskie-zachodni-03-02,miejsko-wiejska,11056,51.09528,16.73393
1603003,1603,16,gmina opolskie-zachodni-03-03,miejsko-wiejska,9053,51.16341,17.40254
1603004,1603,16,gmina opolskie-zachodni-03-04,miejsko-wiejska,7603,51.29341,17.37697
1603005,1603,16,gmina opolskie-zachodni-03-05,wiejska,10629,51.21571,17.3867
1603006,1603,16,gmina opolskie-zachodni-03-06,miejska,15417,50.76295,17.22716
1603007,1603,16,gmina opolskie-zachodni-03-07,miejsko-wiejska,12988,51.03403,17.47003
1604001,1604,16,gmina opolskie-centralny-04-01,miejsko-wiejska,8885,50.81995,18.65871
1604002,1604,16,gmina opolskie-centralny-04-02,miejsko-wiejska,10828,50.71827,19.0001
1604003,1604,16,gmina opolskie-centralny-04-03,miejsko-wiejska,2812,50.59291,18.87602
1604004,1604,16,gmina opolskie-centralny-04-04,wiejska,21130,50.68371,18.65919
1604005,1604,16,gmina opolskie-centralny-04-05,wiejska,12957,50.76543,18.64646
1604006,1604,16,gmina opolskie-centralny-04-06,wiejska,9944,50.80597,19.07399
1604007,1604,16,gmina opolskie-centralny-04-07,miejska,42634,50.65824,18.70453
1605001,1605,16,gmina opolskie-miejski-05-01,miejska,38009,50.4024,17.48379
1605002,1605,16,gmina opolskie-miejski-05-02,wiejska,4205,50.58606,17.23112
1605003,1605,16,gmina opolskie-miejski-05-03,miejsko-wiejska,6198,50.43013,17.82605
1605004,1605,16,gmina opolskie-miejski-05-04,wiejska,6235,50.33086,17.3431
1605005,1605,16,gmina opolskie-miejski-05-05,wiejska,22663,50.05183,17.25724
1605006,1605,16,gmina opolskie-miejski-05-06,wiejska,44064,50.49425,17.23762
1605007,1605,16,gmina opolskie-miejski-05-07,wiejska,7895,50.42621,17.60852
1606001,1606,16,gmina opolskie-północny-06-01,miejsko-wiejska,25348,50.82739,18.26185
1606002,1606,16,gmina opolskie-północny-06-02,wiejska,13200,50.68611,18.16808
1606003,1606,16,gmina opolskie-północny-06-03,miejska,9034,50.57341,18.19409
1606004,1606,16,gmina opolskie-północny-06-04,miejsko-wiejska,3904,50.8176,18.13652
1606005,1606,16,gmina opolskie-północny-06-05,wiejska,1800,50.64117,18.27476
1606006,1606,16,gmina opolskie-północny-06-06,wiejska,5567,50.97442,18.24784
1606007,1606,16,gmina opolskie-północny-06-07,miejsko-wiejska,13991,50.77441,18.35637
1607001,1607,16,gmina opolskie-południowy-07-01,wiejska,4827,50.6967,18.48556
1607002,1607,16,gmina opolskie-południowy-07-02,wiejska,9003,50.67363,18.45145
1607003,1607,16,gmina opolskie-południowy-07-03,miejsko-wiejska,14987,50.75983,18.5458
1607004,1607,16,gmina opolskie-południowy-07-04,miejsko-wiejska,8868,50.69344,18.46609
1607005,1607,16,gmina opolskie-południowy-07-05,wiejska,8465,50.62361,18.45139
1607006,1607,16,gmina opolskie-południowy-07-06,wiejska,2962,50.65772,18.73865
1607007,1607,16,gmina opolskie-południowy-07-07,wiejska,5267,51.03203,18.79921
1608001,1608,16,gmina opolskie-wschodni-08-01,wiejska,18191,51.12896,18.71504
1608002,1608,16,gmina opolskie-wschodni-08-02,wiejska,4974,50.69268,18.27824
1608003,1608,16,gmina opolskie-wschodni-08-03,wiejska,11454,51.04528,18.41534
1608004,1608,16,gmina opolskie-wschodni-08-04,wiejska,18379,51.07525,18.51479
1608005,1608,16,gmina opolskie-wschodni-08-05,wiejska,4525,50.88318,18.66968
1608006,1608,16,gmina opolskie-wschodni-08-06,miejsko-wiejska,8626,50.94456,18.24494
1608007,1608,16,gmina opolskie-wschodni-08-07,miejsko-wiejska,5418,50.93342,18.1192
1609001,1609,16,gmina opolskie-zachodni-09-01,miejsko-wiejska,3196,50.88521,19.06755
1609002,1609,16,gmina opolskie-zachodni-09-02,miejsko-wiejska,16097,50.94866,19.23062
1609003,1609,16,gmina opolskie-zachodni-09-03,miejsko-wiejska,5111,50.89483,19.2488
1609004,1609,16,gmina opolskie-zachodni-09-04,wiejska,12632,50.89835,19.38524
1609005,1609,16,gmina opolskie-zachodni-09-05,wiejska,8143,51.01363,19.08714
1609006,1609,16,gmina opolskie-zachodni-09-06,miejsko-wiejska,2633,50.94545,19.31802
1609007,1609,16,gmina opolskie-zachodni-09-07,miejska,38434,50.96544,19.11398
1610001,1610,16,gmina opolskie-centralny-10-01,miejska,16314,50.69376,16.87909
1610002,1610,16,gmina opolskie-centralny-10-02,wiejska,5722,50.76627,16.63032
1610003,1610,16,gmina opolskie-centralny-10-03,miejska,18736,50.83478,16.96309
1610004,1610,16,gmina opolskie-centralny-10-04,wiejska,6490,50.6594,16.82747
1610005,1610,16,gmina opolskie-centralny-10-05,wiejska,1800,50.5042,16.7884
1610006,1610,16,gmina opolskie-centralny-10-06,wiejska,6495,50.65416,17.01266
1610007,1610,16,gmina opolskie-centralny-10-07,miejska,22040,50.48454,16.85978
1611001,1611,16,gmina opolskie-miejski-11-01,miejsko-wiejska,6617,51.28933,17.59283
1611002,1611,16,gmina opolskie-miejski-11-02,wiejska,32530,51.01833,17.57449
1611003,1611,16,gmina opolskie-miejski-11-03,miejska,26841,51.20807,17.81924
1611004,1611,16,gmina opolskie-miejski-11-04,miejsko-wiejska,13416,51.30341,17.59684
1611005,1611,16,gmina opolskie-miejski-11-05,miejska,25099,51.296,17.63338
1611006,1611,16,gmina opolskie-miejski-11-06,wiejska,7211,51.34244,17.79138
1611007,1611,16,gmina opolskie-miejski-11-07,wiejska,3779,51.17303,17.31605
1612001,1612,16,gmina opolskie-północny-12-01,wiejska,13865,50.77353,18.71625
1612002,1612,16,gmina opolskie-północny-12-02,miejska,11089,50.97303,18.50457
1612003,1612,16,gmina opolskie-północny-12-03,miejsko-wiejska,8993,50.85206,18.43272
1612004,1612,16,gmina opolskie-północny-12-04,miejsko-wiejska,5774,50.76428,19.16317
1612005,1612,16,gmina opolskie-północny-12-05,wiejska,9766,50.94982,18.84933
1612006,1612,16,gmina opolskie-północny-12-06,miejsko-wiejska,10179,50.61239,18.8216
1612007,1612,16,gmina opolskie-północny-12-07,wiejska,3200,50.9491,18.65825
1801001,1801,18,gmina podkarpackie-południowy-01-01,miejsko-wiejska,1800,49.34687,21.43584
1801002,1801,18,gmina podkarpackie-południowy-01-02,wiejska,6995,49.48409,21.15009
1801003,1801,18,gmina podkarpackie-południowy-01-03,wiejska,3605,49.38185,21.31759
1801004,1801,18,gmina podkarpackie-południowy-01-04,wiejska,6528,49.55069,21.15005
1801005,1801,18,gmina podkarpackie-południowy-01-05,miejsko-wiejska,9839,49.39998,21.01581
1801006,1801,18,gmina podkarpackie-południowy-01-06,wiejska,3576,49.39269,21.68802
1801007,1801,18,gmina podkarpackie-południowy-01-07,wiejska,11604,49.16681,20.7206
1802001,1802,18,gmina podkarpackie-wschodni-02-01,wiejska,12765,49.379,21.78007
1802002,1802,18,gmina podkarpackie-wschodni-02-02,miejsko-wiejska,4693,49.43704,21.724
1802003,1802,18,gmina podkarpackie-wschodni-02-03,wiejska,6139,49.33612,21.56803
1802004,1802,18,gmina podkarpackie-wschodni-02-04,wiejska,11344,49.38965,21.74829
1802005,1802,18,gmina podkarpackie-wschodni-02-05,wiejska,6085,49.21882,21.93886
1802006,1802,18,gmina podkarpackie-wschodni-02-06,miejsko-wiejska,5569,49.31761,21.55073
1802007,1802,18,gmina podkarpackie-wschodni-02-07,miejsko-wiejska,8447,49.34124,21.55992
1803001,1803,18,gmina podkarpackie-zachodni-03-01,wiejska,7905,50.18979,21.84038
1803002,1803,18,gmina podkarpackie-zachodni-03-02,wiejska,26007,50.14791,22.39862
1803003,1803,18,gmina podkarpackie-zachodni-03-03,wiejska,3448,50.10583,22.16056
1803004,1803,18,gmina podkarpackie-zachodni-03-04,wiejska,20155,50.0909,22.43234
1803005,1803,18,gmina podkarpackie-zachodni-03-05,miejska,17975,50.10822,22.24165
1803006,1803,18,gmina podkarpackie-zachodni-03-06,miejsko-wiejska,17961,49.92138,22.03832
1803007,1803,18,gmina podkarpackie-zachodni-03-07,wiejska,2422,50.02568,22.1341
1804001,1804,18,gmina podkarpackie-centralny-04-01,wiejska,2978,50.00954,20.84018
1804002,1804,18,gmina podkarpackie-centralny-04-02,wiejska,4310,50.26103,21.29966
1804003,1804,18,gmina podkarpackie-centralny-04-03,miejska,30219,49.97462,20.93112
1804004,1804,18,gmina podkarpackie-centralny-04-04,wiejska,3998,50.09936,21.38793
1804005,1804,18,gmina podkarpackie-centralny-04-05,wiejska,14178,50.18696,21.08284
1804006,1804,18,gmina podkarpackie-centralny-04-06,miejsko-wiejska,8227,50.06321,21.18475
1804007,1804,18,gmina podkarpackie-centralny-04-07,wiejska,28653,49.87592,21.17839
1805001,1805,18,gmina podkarpackie-miejski-05-01,miejsko-wiejska,17176,48.93159,21.90758
1805002,1805,18,gmina podkarpackie-miejski-05-02,wiejska,5837,49.09313,21.72666
1805003,1805,18,gmina podkarpackie-miejski-05-03,miejska,38912,49.20878,22.12648
1805004,1805,18,gmina podkarpackie-miejski-05-04,miejsko-wiejska,4723,49.13341,21.859
1805005,1805,18,gmina podkarpackie-miejski-05-05,wiejska,6593,49.40211,22.04807
1805006,1805,18,gmina podkarpackie-miejski-05-06,miejsko-wiejska,3880,49.1456,21.77305
1805007,1805,18,gmina podkarpackie-miejski-05-07,wiejska,3853,48.98681,21.94547
1806001,1806,18,gmina podkarpackie-północny-06-01,miejsko-wiejska,14485,49.89592,22.35203
1806002,1806,18,gmina podkarpackie-północny-06-02,miejska,13611,49.75036,22.30434
1806003,1806,18,gmina podkarpackie-północny-06-03,miejska,18223,49.78454,22.33652
1806004,1806,18,gmina podkarpackie-północny-06-04,wiejska,6527,49.85012,22.55528
1806005,1806,18,gmina podkarpackie-północny-06-05,miejsko-wiejska,7284,49.97404,22.35894
1806006,1806,18,gmina podkarpackie-północny-06-06,wiejska,3262,49.67745,22.09428
1806007,1806,18,gmina podkarpackie-północny-06-07,miejsko-wiejska,4769,49.80899,22.36944
1807001,1807,18,gmina podkarpackie-południowy-07-01,miejska,58582,50.3068,21.99135
1807002,1807,18,gmina podkarpackie-południowy-07-02,wiejska,2228,50.27592,22.08093
1807003,1807,18,gmina podkarpackie-południowy-07-03,wiejska,9076,50.54055,22.31174
1807004,1807,18,gmina podkarpackie-południowy-07-04,wiejska,13183,50.14167,21.97856
1807005,1807,18,gmina podkarpackie-południowy-07-05,wiejska,7640,50.16594,22.17112
1807006,1807,18,gmina podkarpackie-południowy-07-06,miejska,33566,50.12526,22.30343
1808001,1808,18,gmina podkarpackie-wschodni-08-01,miejsko-wiejska,8633,50.06407,22.11631
1808002,1808,18,gmina podkarpackie-wschodni-08-02,wiejska,9646,50.41531,22.06195
1808003,1808,18,gmina podkarpackie-wschodni-08-03,wiejska,13538,50.31318,21.87621
1808004,1808,18,gmina podkarpackie-wschodni-08-04,miejska,11187,50.43478,22.35331
1808005,1808,18,gmina podkarpackie-wschodni-08-05,wiejska,9899,50.48329,22.32683
1808006,1808,18,gmina podkarpackie-wschodni-08-06,wiejska,12380,50.17038,22.45504
1809001,1809,18,gmina podkarpackie-zachodni-09-01,miejska,37515,50.15126,21.48546
1809002,1809,18,gmina podkarpackie-zachodni-09-02,miejska,31546,49.98418,21.74537
1809003,1809,18,gmina podkarpackie-zachodni-09-03,miejsko-wiejska,4486,50.2496,21.51332
1809004,1809,18,gmina podkarpackie-zachodni-09-04,wiejska,6877,50.10302,21.5818
1809005,1809,18,gmina podkarpackie-zachodni-09-05,wiejska,26145,50.38148,21.67978
1809006,1809,18,gmina podkarpackie-zachodni-09-06,wiejska,7976,50.31117,21.82712
1810001,1810,18,gmina podkarpackie-centralny-10-01,wiejska,4844,49.92168,21.76206
1810002,1810,18,gmina podkarpackie-centralny-10-02,miejska,53977,50.2002,22.12345
1810003,1810,18,gmina podkarpackie-centralny-10-03,miejsko-wiejska,2170,50.01091,21.93645
1810004,1810,18,gmina podkarpackie-centralny-10-04,miejsko-wiejska,5370,50.0132,22.1566
1810005,1810,18,gmina podkarpackie-centralny-10-05,miejska,19878,49.8473,22.13214
1810006,1810,18,gmina podkarpackie-centralny-10-06,miejsko-wiejska,6286,49.78755,22.04504
1811001,1811,18,gmina podkarpackie-miejski-11-01,wiejska,10002,50.28865,21.51487
1811002,1811,18,gmina podkarpackie-miejski-11-02,wiejska,14961,49.95575,21.69863
1811003,1811,18,gmina podkarpackie-miejski-11-03,miejska,18315,50.33106,21.89016
1811004,1811,18,gmina podkarpackie-miejski-11-04,wiejska,16294,50.21919,21.89489
1811005,1811,18,gmina podkarpackie-miejski-11-05,wiejska,9149,50.0893,22.14454
1811006,1811,18,gmina podkarpackie-miejski-11-06,miejska,11025,50.36633,21.85753
1812001,1812,18,gmina podkarpackie-północny-12-01,wiejska,9613,50.13375,22.01097
1812002,1812,18,gmina podkarpackie-północny-12-02,miejsko-wiejska,3079,50.18948,21.74665
1812003,1812,18,gmina podkarpackie-północny-12-03,miejska,17677,50.25378,22.05851
1812004,1812,18,gmina podkarpackie-północny-12-04,miejsko-wiejska,6549,50.29953,21.86324
1812005,1812,18,gmina podkarpackie-północny-12-05,wiejska,4658,50.16451,21.79689
1812006,1812,18,gmina podkarpackie-północny-12-06,miejsko-wiejska,5260,50.25374,21.89837
1813001,1813,18,gmina podkarpackie-południowy-13-01,miejsko-wiejska,3022,49.74063,22.53693
1813002,1813,18,gmina podkarpackie-południowy-13-02,wiejska,4887,49.9946,22.60462
1813003,1813,18,gmina podkarpackie-południowy-13-03,miejska,12234,49.77183,22.77438
1813004,1813,18,gmina podkarpackie-południowy-13-04,wiejska,10076,49.90083,22.27879
1813005,1813,18,gmina podkarpackie-południowy-13-05,miejska,19604,49.80056,22.62409
1813006,1813,18,gmina podkarpackie-południowy-13-06,wiejska,5006,50.09749,22.38012
1814001,1814,18,gmina podkarpackie-wschodni-14-01,wiejska,4243,49.18722,20.78835
1814002,1814,18,gmina podkarpackie-wschodni-14-02,wiejska,7518,49.22052,21.44364
1814003,1814,18,gmina podkarpackie-wschodni-14-03,wiejska,2516,49.39368,21.44285
1814004,1814,18,gmina podkarpackie-wschodni-14-04,miejsko-wiejska,17610,49.23579,21.47958
1814005,1814,18,gmina podkarpackie-wschodni-14-05,wiejska,3254,49.33534,21.14042
1814006,1814,18,gmina podkarpackie-wschodni-14-06,wiejska,2910,49.0965,21.28799
1815001,1815,18,gmina podkarpackie-zachodni-15-01,wiejska,4860,49.48566,20.37294
1815002,1815,18,gmina podkarpackie-zachodni-15-02,miejsko-wiejska,2167,49.61518,20.88823
1815003,1815,18,gmina podkarpackie-zachodni-15-03,miejska,14036,49.43638,20.91022
1815004,1815,18,gmina podkarpackie-zachodni-15-04,wiejska,10508,49.45604,20.92459
1815005,1815,18,gmina podkarpackie-zachodni-15-05,miejsko-wiejska,5151,49.44082,20.71312
1815006,1815,18,gmina podkarpackie-zachodni-15-06,wiejska,6842,49.3861,20.73035
1816001,1816,18,gmina podkarpackie-centralny-16-01,wiejska,8277,49.60596,22.56453
1816002,1816,18,gmina podkarpackie-centralny-16-02,wiejska,4423,49.71389,22.35609
1816003,1816,18,gmina podkarpackie-centralny-16-03,wiejska,10117,49.46678,22.58146
1816004,1816,18,gmina podkarpackie-centralny-16-04,miejsko-wiejska,5325,49.90086,22.32134
1816005,1816,18,gmina podkarpackie-centralny-16-05,miejska,26100,49.99105,22.3595
1816006,1816,18,gmina podkarpackie-centralny-16-06,wiejska,17467,49.74734,22.49112
1817001,1817,18,gmina podkarpackie-miejski-17-01,wiejska,8462,50.00196,21.97853
1817002,1817,18,gmina podkarpackie-miejski-17-02,miejska,14616,49.80873,22.12772
1817003,1817,18,gmina podkarpackie-miejski-17-03,wiejska,7066,49.98408,22.35668
1817004,1817,18,gmina podkarpackie-miejski-17-04,wiejska,4424,49.79633,21.83589
1817005,1817,18,gmina podkarpackie-miejski-17-05,wiejska,28533,49.93135,22.19994
1817006,1817,18,gmina podkarpackie-miejski-17-06,wiejska,3530,49.89159,22.20554
1818001,1818,18,gmina podkarpackie-północny-18-01,wiejska,6927,50.55374,23.16948
1818002,1818,18,gmina podkarpackie-północny-18-02,miejska,14955,50.28103,22.56346
1818003,1818,18,gmina podkarpackie-północny-18-03,wiejska,21935,50.54941,22.70448
1818004,1818,18,gmina podkarpackie-północny-18-04,wiejska,8288,50.30775,22.89934
1818005,1818,18,gmina podkarpackie-północny-18-05,miejsko-wiejska,6402,50.38009,22.8459
1818006,1818,18,gmina podkarpackie-północny-18-06,miejska,23943,50.38335,22.73224
1819001,1819,18,gmina podkarpackie-południowy-19-01,miejsko-wiejska,13268,50.18777,22.85571
1819002,1819,18,gmina podkarpackie-południowy-19-02,miejska,44269,49.94775,22.60999
1819003,1819,18,gmina podkarpackie-południowy-19-03,wiejska,12154,49.99599,22.47417
1819004,1819,18,gmina podkarpackie-południowy-19-04,wiejska,6611,49.96295,22.64748
1819005,1819,18,gmina podkarpackie-południowy-19-05,wiejska,20306,50.03611,23.00537
1819006,1819,18,gmina podkarpackie-południowy-19-06,wiejska,9540,49.98431,22.56652
1820001,1820,18,gmina podkarpackie-wschodni-20-01,miejsko-wiejska,8163,50.03671,21.27968
1820002,1820,18,gmina podkarpackie-wschodni-20-02,wiejska,5799,49.99298,21.61799
1820003,1820,18,gmina podkarpackie-wschodni-20-03,miejsko-wiejska,10786,49.95944,21.62852
1820004,1820,18,gmina podkarpackie-wschodni-20-04,miejsko-wiejska,7238,49.66196,21.44734
1820005,1820,18,gmina podkarpackie-wschodni-20-05,wiejska,15819,49.81638,21.56084
1820006,1820,18,gmina podkarpackie-wschodni-20-06,wiejska,21652,49.93613,21.53984
1821001,1821,18,gmina podkarpackie-zachodni-21-01,miejsko-wiejska,3610,49.98567,21.16987
1821002,1821,18,gmina podkarpackie-zachodni-21-02,miejska,27692,49.95019,21.31138
1821003,1821,18,gmina podkarpackie-zachodni-21-03,miejsko-wiejska,4708,49.68998,21.27974
1821004,1821,18,gmina podkarpackie-zachodni-21-04,wiejska,5502,49.49889,21.17558
1821005,1821,18,gmina podkarpackie-zachodni-21-05,wiejska,3236,49.98425,21.21929
1821006,1821,18,gmina podkarpackie-zachodni-21-06,wiejska,4622,49.68331,20.82671
1822001,1822,18,gmina podkarpackie-centralny-22-01,miejsko-wiejska,4098,49.79463,22.22713
1822002,1822,18,gmina podkarpackie-centralny-22-02,wiejska,12712,49.65054,21.72102
1822003,1822,18,gmina podkarpackie-centralny-22-03,wiejska,4478,49.93028,21.76723
1822004,1822,18,gmina podkarpackie-centralny-22-04,wiejska,30082,49.84367,21.47234
1822005,1822,18,gmina podkarpackie-centralny-22-05,wiejska,5362,49.57553,21.78792
1822006,1822,18,gmina podkarpackie-centralny-22-06,wiejska,7805,50.05202,21.59842
1823001,1823,18,gmina podkarpackie-miejski-23-01,wiejska,9339,50.38551,22.94612
1823002,1823,18,gmina podkarpackie-miejski-23-02,wiejska,8675,50.16953,22.96665
1823003,1823,18,gmina podkarpackie-miejski-23-03,miejska,36940,50.34795,23.05476
1823004,1823,18,gmina podkarpackie-miejski-23-04,wiejska,19454,50.42717,22.95997
1823005,1823,18,gmina podkarpackie-miejski-23-05,wiejska,3918,50.22736,22.90469
1823006,1823,18,gmina podkarpackie-miejski-23-06,wiejska,9475,50.24318,22.76863
1824001,1824,18,gmina podkarpackie-północny-24-01,miejsko-wiejska,3878,49.26012,22.17142
1824002,1824,18,gmina podkarpackie-północny-24-02,miejska,10816,49.3447,22.14122
1824003,1824,18,gmina podkarpackie-północny-24-03,wiejska,3539,49.52414,22.3567
1824004,1824,18,gmina podkarpackie-północny-24-04,miejsko-wiejska,5763,49.41796,22.31817
1824005,1824,18,gmina podkarpackie-północny-24-05,wiejska,5204,49.37301,22.44339
1824006,1824,18,gmina podkarpackie-północny-24-06,miejsko-wiejska,14019,49.55297,22.39193
1825001,1825,18,gmina podkarpackie-południowy-25-01,wiejska,2378,49.78059,22.33557
1825002,1825,18,gmina podkarpackie-południowy-25-02,miejsko-wiejska,15164,49.65492,22.27038
1825003,1825,18,gmina podkarpackie-południowy-25-03,miejska,22681,49.65232,22.20185
1825004,1825,18,gmina podkarpackie-południowy-25-04,wiejska,13878,49.39835,22.15818
1825005,1825,18,gmina podkarpackie-południowy-25-05,miejsko-wiejska,28790,49.5232,22.21573
1825006,1825,18,gmina podkarpackie-południowy-25-06,wiejska,4688,49.64825,22.12119
2001001,2001,20,gmina podlaskie-południowy-01-01,miejsko-wiejska,7222,53.16054,22.06023
2001002,2001,20,gmina podlaskie-południowy-01-02,wiejska,13212,53.15708,22.39344
2001003,2001,20,gmina podlaskie-południowy-01-03,wiejska,8840,53.47155,22.39336
2001004,2001,20,gmina podlaskie-południowy-01-04,miejska,32906,52.93632,22.17456
2001005,2001,20,gmina podlaskie-południowy-01-05,wiejska,19620,53.27243,22.47388
2001006,2001,20,gmina podlaskie-południowy-01-06,miejsko-wiejska,13184,52.88695,22.28556
2002001,2002,20,gmina podlaskie-wschodni-02-01,wiejska,3753,53.25938,22.91269
2002002,2002,20,gmina podlaskie-wschodni-02-02,wiejska,11208,53.57019,22.96171
2002003,2002,20,gmina podlaskie-wschodni-02-03,wiejska,11266,53.32475,22.8473
2002004,2002,20,gmina podlaskie-wschodni-02-04,miejska,10568,53.19231,23.00797
2002005,2002,20,gmina podlaskie-wschodni-02-05,wiejska,5079,53.56617,23.07784
2002006,2002,20,gmina podlaskie-wschodni-02-06,wiejska,5519,53.52949,22.74163
2003001,2003,20,gmina podlaskie-zachodni-03-01,miejska,8565,52.91315,22.52217
2003002,2003,20,gmina podlaskie-zachodni-03-02,miejska,20478,53.15391,22.32173
2003003,2003,20,gmina podlaskie-zachodni-03-03,wiejska,10274,52.7678,22.78421
2003004,2003,20,gmina podlaskie-zachodni-03-04,miejsko-wiejska,9750,52.94643,22.43211
2003005,2003,20,gmina podlaskie-zachodni-03-05,miejsko-wiejska,5040,53.01766,22.94809
2003006,2003,20,gmina podlaskie-zachodni-03-06,wiejska,10913,52.78046,22.67604
2004001,2004,20,gmina podlaskie-centralny-04-01,wiejska,36498,52.86468,23.71309
2004002,2004,20,gmina podlaskie-centralny-04-02,wiejska,5120,52.8459,23.55306
2004003,2004,20,gmina podlaskie-centralny-04-03,wiejska,10366,52.75174,23.28153
2004004,2004,20,gmina podlaskie-centralny-04-04,miejsko-wiejska,14954,53.00627,23.72265
2004005,2004,20,gmina podlaskie-centralny-04-05,wiejska,24795,52.86887,23.37621
2004006,2004,20,gmina podlaskie-centralny-04-06,wiejska,18724,52.94407,23.24867
2005001,2005,20,gmina podlaskie-miejski-05-01,wiejska,4269,53.09204,23.34708
2005002,2005,20,gmina podlaskie-miejski-05-02,miejsko-wiejska,7971,53.16752,23.52498
2005003,2005,20,gmina podlaskie-miejski-05-03,wiejska,18481,52.77699,23.42891
2005004,2005,20,gmina podlaskie-miejski-05-04,miejsko-wiejska,12465,52.82963,23.25633
2005005,2005,20,gmina podlaskie-miejski-05-05,miejska,15976,53.03091,23.69005
2005006,2005,20,gmina podlaskie-miejski-05-06,wiejska,28396,52.92223,23.48081
2006001,2006,20,gmina podlaskie-północny-06-01,wiejska,11458,53.28792,24.00217
2006002,2006,20,gmina podlaskie-północny-06-02,miejsko-wiejska,9782,53.45691,24.13583
2006003,2006,20,gmina podlaskie-północny-06-03,wiejska,4199,53.34097,24.09591
2006004,2006,20,gmina podlaskie-północny-06-04,miejsko-wiejska,9850,53.38462,23.96209
2006005,2006,20,gmina podlaskie-północny-06-05,miejsko-wiejska,9175,53.25329,23.54289
2006006,2006,20,gmina podlaskie-północny-06-06,wiejska,7709,53.15066,23.70093
2007001,2007,20,gmina podlaskie-południowy-07-01,wiejska,19714,53.03529,22.38206
2007002,2007,20,gmina podlaskie-południowy-07-02,miejsko-wiejska,5709,53.00824,22.5761
2007003,2007,20,gmina podlaskie-południowy-07-03,wiejska,4852,52.96911,22.55266
2007004,2007,20,gmina podlaskie-południowy-07-04,wiejska,2439,52.96226,22.30616
2007005,2007,20,gmina podlaskie-południowy-07-05,miejska,24761,52.90453,22.41388
2007006,2007,20,gmina podlaskie-południowy-07-06,wiejska,26706,52.92763,22.44316
2008001,2008,20,gmina podlaskie-wschodni-08-01,wiejska,27910,53.43404,23.36247
2008002,2008,20,gmina podlaskie-wschodni-08-02,wiejska,8129,53.73719,23.16022
2008003,2008,20,gmina podlaskie-wschodni-08-03,wiejska,9802,53.49701,22.89911
2008004,2008,20,gmina podlaskie-wschodni-08-04,miejska,28197,53.6222,23.01519
2008005,2008,20,gmina podlaskie-wschodni-08-05,wiejska,6658,53.47294,23.20625
2008006,2008,20,gmina podlaskie-wschodni-08-06,wiejska,17319,53.41881,22.89065
2009001,2009,20,gmina podlaskie-zachodni-09-01,miejsko-wiejska,10251,53.72213,23.6286
2009002,2009,20,gmina podlaskie-zachodni-09-02,miejsko-wiejska,3728,53.48922,23.23405
2009003,2009,20,gmina podlaskie-zachodni-09-03,miejska,22791,53.73212,23.14057
2009004,2009,20,gmina podlaskie-zachodni-09-04,wiejska,2969,53.41584,23.46545
2009005,2009,20,gmina podlaskie-zachodni-09-05,wiejska,11906,53.58042,23.63424
2009006,2009,20,gmina podlaskie-zachodni-09-06,wiejska,2715,53.67803,23.35156
2010001,2010,20,gmina podlaskie-centralny-10-01,wiejska,12753,52.87812,23.39277
2010002,2010,20,gmina podlaskie-centralny-10-02,wiejska,9381,53.20042,23.09063
2010003,2010,20,gmina podlaskie-centralny-10-03,wiejska,8259,52.90909,23.48787
2010004,2010,20,gmina podlaskie-centralny-10-04,wiejska,13119,53.2175,23.29017
2010005,2010,20,gmina podlaskie-centralny-10-05,wiejska,14398,53.22709,23.07961
2010006,2010,20,gmina podlaskie-centralny-10-06,miejska,39326,53.17478,23.34267
2011001,2011,20,gmina podlaskie-miejski-11-01,miejsko-wiejska,3825,53.96396,24.11443
2011002,2011,20,gmina podlaskie-miejski-11-02,miejska,24086,53.83616,24.47829
2011003,2011,20,gmina podlaskie-miejski-11-03,wiejska,5494,53.75238,24.36113
2011004,2011,20,gmina podlaskie-miejski-11-04,miejska,50209,54.13875,24.05592
2011005,2011,20,gmina podlaskie-miejski-11-05,wiejska,9852,53.70013,24.53591
2011006,2011,20,gmina podlaskie-miejski-11-06,miejsko-wiejska,4528,53.75368,24.23038
2012001,2012,20,gmina podlaskie-północny-12-01,wiejska,7729,53.16838,23.38
2012002,2012,20,gmina podlaskie-północny-12-02,wiejska,8074,52.95347,23.42638
2012003,2012,20,gmina podlaskie-północny-12-03,wiejska,7841,53.27739,23.15363
2012004,2012,20,gmina podlaskie-północny-12-04,miejska,9962,53.12194,23.53433
2012005,2012,20,gmina podlaskie-północny-12-05,miejsko-wiejska,8953,53.1004,23.12273
2012006,2012,20,gmina podlaskie-północny-12-06,wiejska,24096,52.99251,23.15028
2013001,2013,20,gmina podlaskie-południowy-13-01,wiejska,11538,53.26769,22.97706
2013002,2013,20,gmina podlaskie-południowy-13-02,wiejska,11932,53.62587,22.84093
2013003,2013,20,gmina podlaskie-południowy-13-03,wiejska,7332,53.37076,22.70828
2013004,2013,20,gmina podlaskie-południowy-13-04,wiejska,4426,53.57217,22.88818
2013005,2013,20,gmina podlaskie-południowy-13-05,miejska,67212,53.5573,22.91056
2013006,2013,20,gmina podlaskie-południowy-13-06,wiejska,6739,53.44679,22.82489
2014001,2014,20,gmina podlaskie-wschodni-14-01,wiejska,6376,53.26156,22.98415
2014002,2014,20,gmina podlaskie-wschodni-14-02,wiejska,4690,53.30917,23.35425
2014003,2014,20,gmina podlaskie-wschodni-14-03,wiejska,4397,53.31375,23.08456
2014004,2014,20,gmina podlaskie-wschodni-14-04,miejsko-wiejska,8186,53.41077,23.3392
2014005,2014,20,gmina podlaskie-wschodni-14-05,wiejska,13272,53.47471,23.05204
2014006,2014,20,gmina podlaskie-wschodni-14-06,wiejska,4397,53.13269,23.13742
2015001,2015,20,gmina podlaskie-zachodni-15-01,wiejska,1882,53.19232,22.63818
2015002,2015,20,gmina podlaskie-zachodni-15-02,miejsko-wiejska,13173,53.2651,22.62752
2015003,2015,20,gmina podlaskie-zachodni-15-03,wiejska,11681,53.31331,22.59563
2015004,2015,20,gmina podlaskie-zachodni-15-04,miejsko-wiejska,5968,52.92999,22.53442
2015005,2015,20,gmina podlaskie-zachodni-15-05,wiejska,5113,53.22893,22.56203
2015006,2015,20,gmina podlaskie-zachodni-15-06,miejska,19568,53.06,22.77416
2016001,2016,20,gmina podlaskie-centralny-16-01,miejska,35029,52.54827,22.06221
2016002,2016,20,gmina podlaskie-centralny-16-02,miejska,10347,52.41537,21.98247
2016003,2016,20,gmina podlaskie-centralny-16-03,miejska,20951,52.50571,22.33071
2016004,2016,20,gmina podlaskie-centralny-16-04,miejsko-wiejska,13406,52.36758,22.18876
2016005,2016,20,gmina podlaskie-centralny-16-05,wiejska,12052,52.39117,22.22114
2016006,2016,20,gmina podlaskie-centralny-16-06,miejsko-wiejska,7336,52.31267,22.14635
2017001,2017,20,gmina podlaskie-miejski-17-01,wiejska,9269,52.64579,22.94061
2017002,2017,20,gmina podlaskie-miejski-17-02,wiejska,5188,52.75471,22.93947
2017003,2017,20,gmina podlaskie-miejski-17-03,wiejska,8983,52.72182,22.72836
2017004,2017,20,gmina podlaskie-miejski-17-04,miejsko-wiejska,4654,52.3881,23.05503
2017005,2017,20,gmina podlaskie-miejski-17-05,wiejska,3821,52.69262,23.01822
2017006,2017,20,gmina podlaskie-miejski-17-06,wiejska,11771,52.51887,22.93535
2201001,2201,22,gmina pomorskie-południowy-01-01,miejska,75778,54.51145,19.85307
2201002,2201,22,gmina pomorskie-południowy-01-02,miejsko-wiejska,9989,54.15793,19.80202
2201003,2201,22,gmina pomorskie-południowy-01-03,wiejska,7346,54.36146,19.54524
2201004,2201,22,gmina pomorskie-południowy-01-04,wiejska,7279,54.30993,19.71227
2201005,2201,22,gmina pomorskie-południowy-01-05,miejska,36537,54.21329,19.41026
2201006,2201,22,gmina pomorskie-południowy-01-06,wiejska,22189,54.61219,19.75049
2202001,2202,22,gmina pomorskie-wschodni-02-01,miejska,11838,54.71976,18.16758
2202002,2202,22,gmina pomorskie-wschodni-02-02,wiejska,18610,54.6626,18.04723
2202003,2202,22,gmina pomorskie-wschodni-02-03,wiejska,9149,54.93268,18.00557
2202004,2202,22,gmina pomorskie-wschodni-02-04,wiejska,3073,54.90104,18.28456
2202005,2202,22,gmina pomorskie-wschodni-02-05,wiejska,7698,54.87296,17.9807
2202006,2202,22,gmina pomorskie-wschodni-02-06,wiejska,4796,54.95372,18.14447
2203001,2203,22,gmina pomorskie-zachodni-03-01,wiejska,10982,54.7274,18.17569
2203002,2203,22,gmina pomorskie-zachodni-03-02,miejska,19105,54.55266,18.26889
2203003,2203,22,gmina pomorskie-zachodni-03-03,miejska,43719,54.50777,18.18753
2203004,2203,22,gmina pomorskie-zachodni-03-04,wiejska,8440,54.55427,18.5537
2203005,2203,22,gmina pomorskie-zachodni-03-05,wiejska,10339,54.59208,18.43697
2203006,2203,22,gmina pomorskie-zachodni-03-06,wiejska,7210,54.43902,18.43099
2204001,2204,22,gmina pomorskie-centralny-04-01,wiejska,6591,54.51162,18.95694
2204002,2204,22,gmina pomorskie-centralny-04-02,miejsko-wiejska,11996,54.34114,18.68522
2204003,2204,22,gmina pomorskie-centralny-04-03,wiejska,3707,54.26384,18.7212
2204004,2204,22,gmina pomorskie-centralny-04-04,wiejska,9341,54.35298,18.87698
2204005,2204,22,gmina pomorskie-centralny-04-05,wiejska,5275,54.20314,18.97759
2204006,2204,22,gmina pomorskie-centralny-04-06,miejsko-wiejska,13069,54.24114,18.68156
2205001,2205,22,gmina pomorskie-miejski-05-01,wiejska,7603,54.63939,18.50322
2205002,2205,22,gmina pomorskie-miejski-05-02,wiejska,39014,54.65996,18.5393
2205003,2205,22,gmina pomorskie-miejski-05-03,wiejska,2848,54.57225,18.64688
2205004,2205,22,gmina pomorskie-miejski-05-04,wiejska,10398,54.06471,18.54147
2205005,2205,22,gmina pomorskie-miejski-05-05,miejsko-wiejska,26615,54.37582,18.70209
2205006,2205,22,gmina pomorskie-miejski-05-06,miejska,4824,54.75723,18.41177
2206001,2206,22,gmina pomorskie-północny-06-01,miejska,6266,54.86226,18.19059
2206002,2206,22,gmina pomorskie-północny-06-02,miejsko-wiejska,10153,54.88029,17.89371
2206003,2206,22,gmina pomorskie-północny-06-03,wiejska,2555,54.8942,18.30438
2206004,2206,22,gmina pomorskie-północny-06-04,miejsko-wiejska,16323,54.54584,17.6841
2206005,2206,22,gmina pomorskie-północny-06-05,wiejska,4795,54.59717,17.98033
2206006,2206,22,gmina pomorskie-północny-06-06,miejsko-wiejska,10341,54.61833,18.11958
2207001,2207,22,gmina pomorskie-południowy-07-01,wiejska,11762,54.33115,19.99594
2207002,2207,22,gmina pomorskie-południowy-07-02,wiejska,2419,54.35922,20.03012
2207003,2207,22,gmina pomorskie-południowy-07-03,wiejska,8996,54.45166,20.07513
2207004,2207,22,gmina pomorskie-południowy-07-04,wiejska,6878,54.43962,20.21911
2207005,2207,22,gmina pomorskie-południowy-07-05,miejska,25356,54.4437,19.99335
2207006,2207,22,gmina pomorskie-południowy-07-06,miejsko-wiejska,5426,54.47038,19.92323
2208001,2208,22,gmina pomorskie-wschodni-08-01,wiejska,10294,54.48844,19.33052
2208002,2208,22,gmina pomorskie-wschodni-08-02,miejsko-wiejska,6611,54.41871,19.07557
2208003,2208,22,gmina pomorskie-wschodni-08-03,wiejska,10274,54.51487,19.54971
2208004,2208,22,gmina pomorskie-wschodni-08-04,miejsko-wiejska,5828,54.73117,19.31612
2208005,2208,22,gmina pomorskie-wschodni-08-05,miejsko-wiejska,4709,54.35559,19.05882
2208006,2208,22,gmina pomorskie-wschodni-08-06,miejska,69579,54.66301,19.50241
2209001,2209,22,gmina pomorskie-zachodni-09-01,miejsko-wiejska,4649,54.67024,18.8526
2209002,2209,22,gmina pomorskie-zachodni-09-02,miejsko-wiejska,6858,54.62162,19.04462
2209003,2209,22,gmina pomorskie-zachodni-09-03,wiejska,31719,54.46711,18.84399
2209004,2209,22,gmina pomorskie-zachodni-09-04,miejsko-wiejska,5545,54.19467,18.8665
2209005,2209,22,gmina pomorskie-zachodni-09-05,wiejska,16475,54.51263,18.92329
2209006,2209,22,gmina pomorskie-zachodni-09-06,miejska,14517,54.46427,19.11186
2210001,2210,22,gmina pomorskie-centralny-10-01,miejsko-wiejska,10583,54.4001,18.35486
2210002,2210,22,gmina pomorskie-centralny-10-02,wiejska,13872,53.97127,18.57902
2210003,2210,22,gmina pomorskie-centralny-10-03,miejsko-wiejska,39878,54.18233,18.46042
2210004,2210,22,gmina pomorskie-centralny-10-04,wiejska,8063,54.31828,18.70319
2210005,2210,22,gmina pomorskie-centralny-10-05,wiejska,10860,54.39822,18.65776
2210006,2210,22,gmina pomorskie-centralny-10-06,wiejska,8187,54.7918,18.53504
2211001,2211,22,gmina pomorskie-miejski-11-01,wiejska,9146,53.88144,18.73341
2211002,2211,22,gmina pomorskie-miejski-11-02,miejsko-wiejska,16504,53.93019,18.42673
2211003,2211,22,gmina pomorskie-miejski-11-03,miejska,27447,54.282,18.84472
2211004,2211,22,gmina pomorskie-miejski-11-04,wiejska,6578,53.8622,18.9226
2211005,2211,22,gmina pomorskie-miejski-11-05,wiejska,12209,53.87217,19.05223
2211006,2211,22,gmina pomorskie-miejski-11-06,wiejska,13026,54.251,18.94754
2212001,2212,22,gmina pomorskie-północny-12-01,miejsko-wiejska,12152,54.14411,19.13108
2212002,2212,22,gmina pomorskie-północny-12-02,miejsko-wiejska,2623,53.88128,18.82623
2212003,2212,22,gmina pomorskie-północny-12-03,miejska,24822,54.12688,19.02776
2212004,2212,22,gmina pomorskie-północny-12-04,wiejska,16197,54.22572,18.80032
2212005,2212,22,gmina pomorskie-północny-12-05,wiejska,9394,53.9662,18.9303
2212006,2212,22,gmina pomorskie-północny-12-06,wiejska,9892,53.63329,19.42421
2213001,2213,22,gmina pomorskie-południowy-13-01,wiejska,11512,54.73497,19.16779
2213002,2213,22,gmina pomorskie-południowy-13-02,wiejska,6532,54.82964,18.70904
2213003,2213,22,gmina pomorskie-południowy-13-03,wiejska,22566,54.79876,18.82999
2213004,2213,22,gmina pomorskie-południowy-13-04,miejsko-wiejska,17091,54.88848,18.79126
2213005,2213,22,gmina pomorskie-południowy-13-05,wiejska,16130,55.14241,18.8619
2213006,2213,22,gmina pomorskie-południowy-13-06,wiejska,8711,54.83459,19.05057
2214001,2214,22,gmina pomorskie-wschodni-14-01,wiejska,5588,54.25505,18.55757
2214002,2214,22,gmina pomorskie-wschodni-14-02,miejsko-wiejska,3889,54.22392,18.83905
2214003,2214,22,gmina pomorskie-wschodni-14-03,miejsko-wiejska,24266,54.36091,18.67639
2214004,2214,22,gmina pomorskie-wschodni-14-04,wiejska,5159,54.46995,19.06374
2214005,2214,22,gmina pomorskie-wschodni-14-05,miejsko-wiejska,8245,54.2337,19.06342
2214006,2214,22,gmina pomorskie-wschodni-14-06,wiejska,4377,54.34219,19.28149
2215001,2215,22,gmina pomorskie-zachodni-15-01,miejska,30556,54.18187,19.19252
2215002,2215,22,gmina pomorskie-zachodni-15-02,wiejska,6054,54.10146,19.24775
2215003,2215,22,gmina pomorskie-zachodni-15-03,wiejska,16204,54.24228,19.04288
2215004,2215,22,gmina pomorskie-zachodni-15-04,miejsko-wiejska,4464,54.26321,19.0077
2215005,2215,22,gmina pomorskie-zachodni-15-05,wiejska,4329,54.52868,19.20318
2215006,2215,22,gmina pomorskie-zachodni-15-06,wiejska,11555,54.39754,19.26105
2216001,2216,22,gmina pomorskie-centralny-16-01,miejska,20824,53.7395,18.3643
2216002,2216,22,gmina pomorskie-centralny-16-02,wiejska,10634,53.74849,18.34271
2216003,2216,22,gmina pomorskie-centralny-16-03,miejsko-wiejska,3554,53.72308,18.37661
2216004,2216,22,gmina pomorskie-centralny-16-04,wiejska,2509,53.77007,18.59884
2216005,2216,22,gmina pomorskie-centralny-16-05,miejsko-wiejska,38854,53.65321,18.31306
2216006,2216,22,gmina pomorskie-centralny-16-06,wiejska,4073,53.73119,18.45386
2217001,2217,22,gmina pomorskie-miejski-17-01,wiejska,4900,53.62075,17.40177
2217002,2217,22,gmina pomorskie-miejski-17-02,miejsko-wiejska,14390,53.5433,17.77114
2217003,2217,22,gmina pomorskie-miejski-17-03,wiejska,3345,53.56778,17.7246
2217004,2217,22,gmina pomorskie-miejski-17-04,wiejska,8046,53.70586,18.05114
2217005,2217,22,gmina pomorskie-miejski-17-05,miejska,42373,53.76857,18.05248
2217006,2217,22,gmina pomorskie-miejski-17-06,miejska,38300,53.63872,17.96945
2218001,2218,22,gmina pomorskie-północny-18-01,miejsko-wiejska,15760,55.00258,18.81597
2218002,2218,22,gmina pomorskie-północny-18-02,wiejska,4809,54.88254,19.24048
2218003,2218,22,gmina pomorskie-północny-18-03,wiejska,7996,55.06606,19.34224
2218004,2218,22,gmina pomorskie-północny-18-04,wiejska,17042,55.07499,18.89532
2218005,2218,22,gmina pomorskie-północny-18-05,wiejska,10929,54.83929,18.77903
2218006,2218,22,gmina pomorskie-północny-18-06,miejsko-wiejska,6780,55.09049,19.17989
2219001,2219,22,gmina pomorskie-południowy-19-01,wiejska,28312,54.14964,18.2387
2219002,2219,22,gmina pomorskie-południowy-19-02,miejska,30033,54.12952,17.53054
2219003,2219,22,gmina pomorskie-południowy-19-03,wiejska,16131,54.06132,17.65068
2219004,2219,22,gmina pomorskie-południowy-19-04,wiejska,17932,54.27717,17.98871
2219005,2219,22,gmina pomorskie-południowy-19-05,miejsko-wiejska,6473,54.11997,17.76225
2219006,2219,22,gmina pomorskie-południowy-19-06,miejsko-wiejska,13162,54.32856,17.84357
2220001,2220,22,gmina pomorskie-wschodni-20-01,wiejska,27568,53.39012,18.25647
2220002,2220,22,gmina pomorskie-wschodni-20-02,wiejska,13545,53.49525,18.68075
2220003,2220,22,gmina pomorskie-wschodni-20-03,wiejska,16913,53.27682,18.25991
2220004,2220,22,gmina pomorskie-wschodni-20-04,miejsko-wiejska,11581,53.4911,18.3835
2220005,2220,22,gmina pomorskie-wschodni-20-05,wiejska,10740,53.28016,18.23878
2220006,2220,22,gmina pomorskie-wschodni-20-06,miejsko-wiejska,7328,53.29109,18.62752
2401001,2401,24,gmina śląskie-południowy-01-01,wiejska,6984,51.2266,19.07477
2401002,2401,24,gmina śląskie-południowy-01-02,wiejska,12636,51.39743,19.54784
2401003,2401,24,gmina śląskie-południowy-01-03,wiejska,9191,51.29443,19.21002
2401004,2401,24,gmina śląskie-południowy-01-04,wiejska,11241,51.26058,19.25026
2401005,2401,24,gmina śląskie-południowy-01-05,wiejska,8825,51.27851,19.1833
2401006,2401,24,gmina śląskie-południowy-01-06,wiejska,6971,51.44172,19.75419
2402001,2402,24,gmina śląskie-wschodni-02-01,miejska,12750,49.92363,19.07393
2402002,2402,24,gmina śląskie-wschodni-02-02,wiejska,7600,50.20381,19.36813
2402003,2402,24,gmina śląskie-wschodni-02-03,wiejska,9015,50.15612,19.12429
2402004,2402,24,gmina śląskie-wschodni-02-04,wiejska,6964,50.08475,18.95479
2402005,2402,24,gmina śląskie-wschodni-02-05,wiejska,3944,49.94156,19.40097
2402006,2402,24,gmina śląskie-wschodni-02-06,wiejska,9434,50.1668,18.90626
2403001,2403,24,gmina śląskie-zachodni-03-01,wiejska,3229,49.79306,18.30852
2403002,2403,24,gmina śląskie-zachodni-03-02,wiejska,17313,49.46981,18.99671
2403003,2403,24,gmina śląskie-zachodni-03-03,miejska,15507,49.8432,19.44602
2403004,2403,24,gmina śląskie-zachodni-03-04,wiejska,1979,49.79724,18.49292
2403005,2403,24,gmina śląskie-zachodni-03-05,wiejska,10557,49.67996,18.86113
2403006,2403,24,gmina śląskie-zachodni-03-06,wiejska,4604,49.80831,18.56128
2404001,2404,24,gmina śląskie-centralny-04-01,miejska,58093,50.2846,18.68613
2404002,2404,24,gmina śląskie-centralny-04-02,wiejska,21782,50.32905,19.31509
2404003,2404,24,gmina śląskie-centralny-04-03,miejska,57367,50.23404,18.93649
2404004,2404,24,gmina śląskie-centralny-04-04,wiejska,8734,50.53622,19.03577
2404005,2404,24,gmina śląskie-centralny-04-05,miejska,30010,50.31182,18.94303
2404006,2404,24,gmina śląskie-centralny-04-06,miejska,60406,50.33828,18.87759
2405001,2405,24,gmina śląskie-miejski-05-01,miejsko-wiejska,5710,50.52852,18.92315
2405002,2405,24,gmina śląskie-miejski-05-02,miejska,16894,50.7953,19.1503
2405003,2405,24,gmina śląskie-miejski-05-03,wiejska,12540,50.27827,19.29753
2405004,2405,24,gmina śląskie-miejski-05-04,miejsko-wiejska,7331,50.53792,19.22393
2405005,2405,24,gmina śląskie-miejski-05-05,wiejska,5958,50.32441,19.36478
2405006,2405,24,gmina śląskie-miejski-05-06,wiejska,9420,50.5597,19.00597
2406001,2406,24,gmina śląskie-północny-06-01,wiejska,3257,50.58307,18.92795
2406002,2406,24,gmina śląskie-północny-06-02,wiejska,9190,50.3742,18.66417
2406003,2406,24,gmina śląskie-północny-06-03,miejska,26027,50.66629,18.73668
2406004,2406,24,gmina śląskie-północny-06-04,miejska,4225,50.62484,18.43074
2406005,2406,24,gmina śląskie-północny-06-05,miejsko-wiejska,3356,50.52946,18.69948
2406006,2406,24,gmina śląskie-północny-06-06,miejsko-wiejska,2929,50.64555,18.76643
2407001,2407,24,gmina śląskie-południowy-07-01,wiejska,8342,50.52838,19.70984
2407002,2407,24,gmina śląskie-południowy-07-02,wiejska,15307,50.44471,20.09817
2407003,2407,24,gmina śląskie-południowy-07-03,miejsko-wiejska,7314,50.62871,19.57138
2407004,2407,24,gmina śląskie-południowy-07-04,miejska,24563,50.72094,19.642
2407005,2407,24,gmina śląskie-południowy-07-05,wiejska,11038,50.65274,19.77361
2407006,2407,24,gmina śląskie-południowy-07-06,miejsko-wiejska,13765,50.35488,19.96179
2408001,2408,24,gmina śląskie-wschodni-08-01,miejsko-wiejska,22115,50.11853,18.58583
2408002,2408,24,gmina śląskie-wschodni-08-02,wiejska,6720,49.84869,18.45421
2408003,2408,24,gmina śląskie-wschodni-08-03,wiejska,11352,49.8264,18.65568
2408004,2408,24,gmina śląskie-wschodni-08-04,wiejska,30410,49.9233,18.25633
2408005,2408,24,gmina śląskie-wschodni-08-05,wiejska,3520,50.03229,18.50042
2408006,2408,24,gmina śląskie-wschodni-08-06,wiejska,13955,49.86197,18.66959
2409001,2409,24,gmina śląskie-zachodni-09-01,miejsko-wiejska,7345,50.71237,18.81857
2409002,2409,24,gmina śląskie-zachodni-09-02,miejsko-wiejska,3857,51.06622,18.87645
2409003,2409,24,gmina śląskie-zachodni-09-03,wiejska,12083,50.73781,18.69489
2409004,2409,24,gmina śląskie-zachodni-09-04,miejsko-wiejska,7009,50.95076,18.79582
2409005,2409,24,gmina śląskie-zachodni-09-05,wiejska,4723,50.82781,18.98957
2409006,2409,24,gmina śląskie-zachodni-09-06,miejsko-wiejska,22439,50.85359,19.01712
2410001,2410,24,gmina śląskie-centralny-10-01,miejsko-wiejska,12656,50.68356,18.57358
2410002,2410,24,gmina śląskie-centralny-10-02,miejsko-wiejska,4138,50.66027,18.90775
2410003,2410,24,gmina śląskie-centralny-10-03,wiejska,9699,50.84378,18.26399
2410004,2410,24,gmina śląskie-centralny-10-04,miejsko-wiejska,28980,50.71719,19.14645
2410005,2410,24,gmina śląskie-centralny-10-05,miejsko-wiejska,3299,50.72784,18.33807
2410006,2410,24,gmina śląskie-centralny-10-06,wiejska,10142,50.69029,18.55274
2411001,2411,24,gmina śląskie-miejski-11-01,wiejska,3460,50.95398,19.2075
2411002,2411,24,gmina śląskie-miejski-11-02,miejsko-wiejska,24920,50.76378,19.1139
2411003,2411,24,gmina śląskie-miejski-11-03,miejska,12095,50.80936,18.97374
2411004,2411,24,gmina śląskie-miejski-11-04,wiejska,10807,50.98513,19.26062
2411005,2411,24,gmina śląskie-miejski-11-05,miejsko-wiejska,4805,50.98272,19.06394
2411006,2411,24,gmina śląskie-miejski-11-06,wiejska,6625,50.76081,18.96593
2412001,2412,24,gmina śląskie-północny-12-01,wiejska,23866,50.43809,19.89377
2412002,2412,24,gmina śląskie-północny-12-02,wiejska,6887,50.71611,20.10854
2412003,2412,24,gmina śląskie-północny-12-03,wiejska,5181,50.36256,19.81988
2412004,2412,24,gmina śląskie-północny-12-04,miejsko-wiejska,8870,50.30697,19.94397
2412005,2412,24,gmina śląskie-północny-12-05,miejsko-wiejska,19936,50.22736,19.64624
2412006,2412,24,gmina śląskie-północny-12-06,wiejska,6005,50.34135,20.2403
2413001,2413,24,gmina śląskie-południowy-13-01,miejsko-wiejska,15079,50.28529,18.43215
2413002,2413,24,gmina śląskie-południowy-13-02,wiejska,6785,49.97381,18.63091
2413003,2413,24,gmina śląskie-południowy-13-03,miejsko-wiejska,10986,50.32971,18.44232
2413004,2413,24,gmina śląskie-południowy-13-04,wiejska,7421,50.18464,18.65184
2413005,2413,24,gmina śląskie-południowy-13-05,miejsko-wiejska,3256,50.25822,18.47849
2413006,2413,24,gmina śląskie-południowy-13-06,wiejska,4203,49.89153,18.45645
2414001,2414,24,gmina śląskie-wschodni-14-01,wiejska,19882,50.34726,19.3163
2414002,2414,24,gmina śląskie-wschodni-14-02,wiejska,27349,50.12397,19.42991
2414003,2414,24,gmina śląskie-wschodni-14-03,miejska,20337,50.06265,19.12005
2414004,2414,24,gmina śląskie-wschodni-14-04,wiejska,2258,50.29687,19.12687
2414005,2414,24,gmina śląskie-wschodni-14-05,wiejska,4930,49.97615,19.20995
2414006,2414,24,gmina śląskie-wschodni-14-06,miejsko-wiejska,24182,50.40174,18.93322
2415001,2415,24,gmina śląskie-zachodni-15-01,wiejska,6504,49.57054,19.53839
2415002,2415,24,gmina śląskie-zachodni-15-02,wiejska,9678,49.62226,19.3644
2415003,2415,24,gmina śląskie-zachodni-15-03,wiejska,6026,49.91486,19.45453
2415004,2415,24,gmina śląskie-zachodni-15-04,miejska,40753,49.35831,19.33792
2415005,2415,24,gmina śląskie-zachodni-15-05,miejsko-wiejska,29483,49.87741,18.99966
2415006,2415,24,gmina śląskie-zachodni-15-06,wiejska,6672,49.54881,19.67572
2416001,2416,24,gmina śląskie-centralny-16-01,miejska,31302,49.99546,19.63779
2416002,2416,24,gmina śląskie-centralny-16-02,wiejska,1800,49.95423,19.63822
2416003,2416,24,gmina śląskie-centralny-16-03,miejska,45447,49.8429,19.55888
2416004,2416,24,gmina śląskie-centralny-16-04,wiejska,15153,49.90658,19.67484
2416005,2416,24,gmina śląskie-centralny-16-05,wiejska,8441,50.31814,19.58757
2416006,2416,24,gmina śląskie-centralny-16-06,miejsko-wiejska,7285,50.20641,19.37929
2417001,2417,24,gmina śląskie-miejski-17-01,wiejska,7066,49.33094,18.541
2417002,2417,24,gmina śląskie-miejski-17-02,wiejska,13711,49.46222,18.42514
2417003,2417,24,gmina śląskie-miejski-17-03,wiejska,8819,49.58394,18.40943
2417004,2417,24,gmina śląskie-miejski-17-04,miejsko-wiejska,8866,49.36507,18.55542
2417005,2417,24,gmina śląskie-miejski-17-05,wiejska,2948,49.57358,18.42026
2417006,2417,24,gmina śląskie-miejski-17-06,miejsko-wiejska,15308,49.3094,18.44854
2418001,2418,24,gmina śląskie-północny-18-01,wiejska,17190,49.78834,18.58522
2418002,2418,24,gmina śląskie-północny-18-02,wiejska,12989,49.62163,18.54398
2418003,2418,24,gmina śląskie-północny-18-03,miejska,17850,49.77667,18.41382
2418004,2418,24,gmina śląskie-północny-18-04,wiejska,20349,49.61808,18.54947
2418005,2418,24,gmina śląskie-północny-18-05,wiejska,12970,49.66224,18.48897
2418006,2418,24,gmina śląskie-północny-18-06,wiejska,7953,49.77534,18.41963
2419001,2419,24,gmina śląskie-południowy-19-01,wiejska,7493,50.39545,19.0657
2419002,2419,24,gmina śląskie-południowy-19-02,wiejska,7616,50.62919,18.87169
2419003,2419,24,gmina śląskie-południowy-19-03,miejska,23216,50.37188,18.65127
2419004,2419,24,gmina śląskie-południowy-19-04,wiejska,4260,50.32512,19.11724
2419005,2419,24,gmina śląskie-południowy-19-05,miejska,26356,50.33111,19.13447
2419006,2419,24,gmina śląskie-południowy-19-06,wiejska,21199,50.55731,18.73934
2420001,2420,24,gmina śląskie-wschodni-20-01,wiejska,5960,50.43951,18.95827
2420002,2420,24,gmina śląskie-wschodni-20-02,miejsko-wiejska,6864,50.29711,19.10384
2420003,2420,24,gmina śląskie-wschodni-20-03,wiejska,5685,50.23225,19.0885
2420004,2420,24,gmina śląskie-wschodni-20-04,wiejska,3946,50.20532,18.70072
2420005,2420,24,gmina śląskie-wschodni-20-05,wiejska,4403,50.13052,19.0031
2420006,2420,24,gmina śląskie-wschodni-20-06,wiejska,6636,50.11943,18.92225
2421001,2421,24,gmina śląskie-zachodni-21-01,wiejska,3979,50.43303,18.66027
2421002,2421,24,gmina śląskie-zachodni-21-02,miejska,25613,50.35095,18.51626
2421003,2421,24,gmina śląskie-zachodni-21-03,wiejska,2303,50.44708,19.03467
2421004,2421,24,gmina śląskie-zachodni-21-04,miejska,24932,50.3618,18.5866
2421005,2421,24,gmina śląskie-zachodni-21-05,wiejska,22473,50.50404,18.03574
2421006,2421,24,gmina śląskie-zachodni-21-06,miejsko-wiejska,11490,50.71164,18.56357
2422001,2422,24,gmina śląskie-centralny-22-01,wiejska,3960,50.60524,19.12114
2422002,2422,24,gmina śląskie-centralny-22-02,wiejska,17401,50.44434,19.37858
2422003,2422,24,gmina śląskie-centralny-22-03,wiejska,4760,50.49756,19.64684
2422004,2422,24,gmina śląskie-centralny-22-04,wiejska,8639,50.4959,19.14688
2422005,2422,24,gmina śląskie-centralny-22-05,wiejska,2539,50.40593,19.38574
2422006,2422,24,gmina śląskie-centralny-22-06,wiejska,14879,50.49575,19.66287
2423001,2423,24,gmina śląskie-miejski-23-01,miejsko-wiejska,5193,50.41537,19.10097
2423002,2423,24,gmina śląskie-miejski-23-02,miejska,49725,50.71899,18.97134
2423003,2423,24,gmina śląskie-miejski-23-03,miejska,21706,50.61073,19.03117
2423004,2423,24,gmina śląskie-miejski-23-04,wiejska,11514,50.6051,19.32095
2423005,2423,24,gmina śląskie-miejski-23-05,miejsko-wiejska,11397,50.67523,19.67629
2423006,2423,24,gmina śląskie-miejski-23-06,miejsko-wiejska,7797,50.3771,19.13129
2424001,2424,24,gmina śląskie-północny-24-01,wiejska,14849,50.23431,20.0713
2424002,2424,24,gmina śląskie-północny-24-02,wiejska,8635,50.34725,20.17246
2424003,2424,24,gmina śląskie-północny-24-03,wiejska,39735,50.39683,20.03656
2424004,2424,24,gmina śląskie-północny-24-04,wiejska,15206,50.44379,20.39276
2424005,2424,24,gmina śląskie-północny-24-05,miejska,29795,50.38034,19.78038
2424006,2424,24,gmina śląskie-północny-24-06,wiejska,2968,50.174,20.19136
2425001,2425,24,gmina śląskie-południowy-25-01,wiejska,3482,50.43013,18.83685
2425002,2425,24,gmina śląskie-południowy-25-02,wiejska,6964,50.1572,18.94933
2425003,2425,24,gmina śląskie-południowy-25-03,wiejska,4920,50.1388,19.05689
2425004,2425,24,gmina śląskie-południowy-25-04,miejska,33518,50.23636,18.95297
2425005,2425,24,gmina śląskie-południowy-25-05,wiejska,8148,50.31669,18.6759
2425006,2425,24,gmina śląskie-południowy-25-06,miejsko-wiejska,29250,50.19155,19.12674
2426001,2426,24,gmina śląskie-wschodni-26-01,miejska,23930,50.11858,18.57176
2426002,2426,24,gmina śląskie-wschodni-26-02,miejsko-wiejska,16498,49.90438,18.63663
2426003,2426,24,gmina śląskie-wschodni-26-03,miejsko-wiejska,25458,49.98003,18.43885
2426004,2426,24,gmina śląskie-wschodni-26-04,miejsko-wiejska,5857,49.96862,18.75743
2426005,2426,24,gmina śląskie-wschodni-26-05,miejsko-wiejska,4347,49.89118,18.73833
2426006,2426,24,gmina śląskie-wschodni-26-06,wiejska,11934,50.28931,18.34668
2427001,2427,24,gmina śląskie-zachodni-27-01,wiejska,8763,49.74121,18.53839
2427002,2427,24,gmina śląskie-zachodni-27-02,miejsko-wiejska,2697,49.91614,18.57262
2427003,2427,24,gmina śląskie-zachodni-27-03,wiejska,7819,49.77635,18.34116
2427004,2427,24,gmina śląskie-zachodni-27-04,miejska,42242,49.67486,18.60842
2427005,2427,24,gmina śląskie-zachodni-27-05,wiejska,29323,50.02022,18.22519
2427006,2427,24,gmina śląskie-zachodni-27-06,wiejska,5809,49.88189,18.49781
2428001,2428,24,gmina śląskie-centralny-28-01,miejska,11297,50.32323,19.18196
2428002,2428,24,gmina śląskie-centralny-28-02,miejska,88157,50.24022,19.40578
2428003,2428,24,gmina śląskie-centralny-28-03,miejsko-wiejska,3693,50.1395,19.32098
2428004,2428,24,gmina śląskie-centralny-28-04,miejsko-wiejska,15865,50.14868,19.18843
2428005,2428,24,gmina śląskie-centralny-28-05,wiejska,3440,50.24958,19.34288
2428006,2428,24,gmina śląskie-centralny-28-06,wiejska,6187,50.24077,18.9692
2429001,2429,24,gmina śląskie-miejski-29-01,wiejska,5420,50.54798,18.59282
2429002,2429,24,gmina śląskie-miejski-29-02,miejsko-wiejska,4352,50.27851,18.27545
2429003,2429,24,gmina śląskie-miejski-29-03,miejska,14345,50.49627,18.55189
2429004,2429,24,gmina śląskie-miejski-29-04,wiejska,26166,50.30703,18.57212
2429005,2429,24,gmina śląskie-miejski-29-05,miejsko-wiejska,12056,49.97199,18.6179
2429006,2429,24,gmina śląskie-miejski-29-06,wiejska,7860,50.51262,18.76225
2430001,2430,24,gmina śląskie-północny-30-01,miejsko-wiejska,4012,50.80355,19.35684
2430002,2430,24,gmina śląskie-północny-30-02,miejska,15355,50.66769,19.36815
2430003,2430,24,gmina śląskie-północny-30-03,miejska,69832,50.68635,19.44576
2430004,2430,24,gmina śląskie-północny-30-04,wiejska,14163,50.78414,19.55556
2430005,2430,24,gmina śląskie-północny-30-05,wiejska,19537,50.7212,19.43853
2430006,2430,24,gmina śląskie-północny-30-06,miejsko-wiejska,17470,50.63025,19.413
2431001,2431,24,gmina śląskie-południowy-31-01,wiejska,23561,50.45018,18.63935
2431002,2431,24,gmina śląskie-południowy-31-02,wiejska,6116,50.42954,18.79298
2431003,2431,24,gmina śląskie-południowy-31-03,wiejska,9854,50.19749,18.70392
2431004,2431,24,gmina śląskie-południowy-31-04,wiejska,7994,50.15297,18.66542
2431005,2431,24,gmina śląskie-południowy-31-05,miejsko-wiejska,9552,50.19053,18.81263
2431006,2431,24,gmina śląskie-południowy-31-06,miejsko-wiejska,18017,50.36542,18.58841
2432001,2432,24,gmina śląskie-wschodni-32-01,wiejska,12946,50.51853,18.8686
2432002,2432,24,gmina śląskie-wschodni-32-02,wiejska,12296,50.5274,19.59616
2432003,2432,24,gmina śląskie-wschodni-32-03,miejska,66403,50.60085,19.15073
2432004,2432,24,gmina śląskie-wschodni-32-04,wiejska,8968,50.37792,18.77298
2432005,2432,24,gmina śląskie-wschodni-32-05,wiejska,4717,50.5022,18.70334
2432006,2432,24,gmina śląskie-wschodni-32-06,miejska,19197,50.47621,19.06246
2433001,2433,24,gmina śląskie-zachodni-33-01,wiejska,5376,49.70531,19.29015
2433002,2433,24,gmina śląskie-zachodni-33-02,miejska,40559,49.67687,18.94962
2433003,2433,24,gmina śląskie-zachodni-33-03,wiejska,7962,49.64988,18.81648
2433004,2433,24,gmina śląskie-zachodni-33-04,wiejska,15161,49.69514,18.75462
2433005,2433,24,gmina śląskie-zachodni-33-05,wiejska,7889,49.76505,18.5878
2433006,2433,24,gmina śląskie-zachodni-33-06,miejska,26232,49.86255,19.04834
2434001,2434,24,gmina śląskie-centralny-34-01,miejsko-wiejska,32288,50.56221,18.78047
2434002,2434,24,gmina śląskie-centralny-34-02,wiejska,45984,50.49813,18.53615
2434003,2434,24,gmina śląskie-centralny-34-03,miejska,49203,50.32687,18.52563
2434004,2434,24,gmina śląskie-centralny-34-04,miejsko-wiejska,5423,50.45131,18.38131
2434005,2434,24,gmina śląskie-centralny-34-05,wiejska,5292,50.45332,18.479
2434006,2434,24,gmina śląskie-centralny-34-06,miejska,8143,50.21035,18.28719
2435001,2435,24,gmina śląskie-miejski-35-01,wiejska,4687,50.42602,18.24145
2435002,2435,24,gmina śląskie-miejski-35-02,wiejska,15685,50.47,18.40351
2435003,2435,24,gmina śląskie-miejski-35-03,wiejska,11815,50.3994,18.40873
2435004,2435,24,gmina śląskie-miejski-35-04,wiejska,14328,50.42103,18.44135
2435005,2435,24,gmina śląskie-miejski-35-05,wiejska,1892,50.33438,18.14175
2435006,2435,24,gmina śląskie-miejski-35-06,miejska,54976,50.57642,17.92432
2436001,2436,24,gmina śląskie-północny-36-01,wiejska,19436,50.65546,19.46954
2436002,2436,24,gmina śląskie-północny-36-02,wiejska,7007,50.76638,19.39027
2436003,2436,24,gmina śląskie-północny-36-03,wiejska,12123,50.89607,19.88664
2436004,2436,24,gmina śląskie-północny-36-04,miejsko-wiejska,6193,50.8026,19.68059
2436005,2436,24,gmina śląskie-północny-36-05,wiejska,23076,50.4393,19.50455
2436006,2436,24,gmina śląskie-północny-36-06,wiejska,8130,50.66663,19.63729
2601001,2601,26,gmina świętokrzyskie-południowy-01-01,wiejska,7493,50.71854,20.81215
2601002,2601,26,gmina świętokrzyskie-południowy-01-02,miejska,39713,50.77333,20.71379
2601003,2601,26,gmina świętokrzyskie-południowy-01-03,miejsko-wiejska,7311,50.80307,20.46924
2601004,2601,26,gmina świętokrzyskie-południowy-01-04,miejska,35816,50.74541,21.03959
2601005,2601,26,gmina świętokrzyskie-południowy-01-05,wiejska,11689,50.95615,20.60781
2601006,2601,26,gmina świętokrzyskie-południowy-01-06,wiejska,6436,50.64252,20.66591
2602001,2602,26,gmina świętokrzyskie-wschodni-02-01,miejska,58472,50.1776,19.74586
2602002,2602,26,gmina świętokrzyskie-wschodni-02-02,wiejska,6098,49.97432,20.07528
2602003,2602,26,gmina świętokrzyskie-wschodni-02-03,miejska,9035,49.77584,20.05704
2602004,2602,26,gmina świętokrzyskie-wschodni-02-04,miejsko-wiejska,2420,49.92615,19.99481
2602005,2602,26,gmina świętokrzyskie-wschodni-02-05,wiejska,10485,49.96581,19.89452
2602006,2602,26,gmina świętokrzyskie-wschodni-02-06,wiejska,13679,50.02131,19.84108
2603001,2603,26,gmina świętokrzyskie-zachodni-03-01,wiejska,8294,50.83817,20.3368
2603002,2603,26,gmina świętokrzyskie-zachodni-03-02,wiejska,13194,50.94625,19.89431
2603003,2603,26,gmina świętokrzyskie-zachodni-03-03,miejsko-wiejska,5854,50.75776,19.98305
2603004,2603,26,gmina świętokrzyskie-zachodni-03-04,wiejska,4337,50.95293,20.17817
2603005,2603,26,gmina świętokrzyskie-zachodni-03-05,miejsko-wiejska,6704,50.87178,20.05268
2603006,2603,26,gmina świętokrzyskie-zachodni-03-06,wiejska,12661,50.6136,19.98265
2604001,2604,26,gmina świętokrzyskie-centralny-04-01,wiejska,7816,51.25254,21.57911
2604002,2604,26,gmina świętokrzyskie-centralny-04-02,miejsko-wiejska,1800,51.03085,21.68691
2604003,2604,26,gmina świętokrzyskie-centralny-04-03,wiejska,8430,51.39036,21.80923
2604004,2604,26,gmina świętokrzyskie-centralny-04-04,wiejska,8523,51.16726,21.9083
2604005,2604,26,gmina świętokrzyskie-centralny-04-05,wiejska,5620,51.15323,21.49155
2604006,2604,26,gmina świętokrzyskie-centralny-04-06,wiejska,19530,51.22249,21.56408
2605001,2605,26,gmina świętokrzyskie-miejski-05-01,miejsko-wiejska,7547,50.51914,20.09176
2605002,2605,26,gmina świętokrzyskie-miejski-05-02,miejska,19314,50.36783,20.2038
2605003,2605,26,gmina świętokrzyskie-miejski-05-03,wiejska,6489,50.3939,19.88555
2605004,2605,26,gmina świętokrzyskie-miejski-05-04,wiejska,8502,50.42933,20.07829
2605005,2605,26,gmina świętokrzyskie-miejski-05-05,wiejska,9165,50.55013,20.2727
2605006,2605,26,gmina świętokrzyskie-miejski-05-06,miejsko-wiejska,11415,50.4216,20.03167
2606001,2606,26,gmina świętokrzyskie-północny-06-01,miejska,14083,50.91236,21.48984
2606002,2606,26,gmina świętokrzyskie-północny-06-02,miejska,16522,51.00196,21.30267
2606003,2606,26,gmina świętokrzyskie-północny-06-03,miejsko-wiejska,2893,51.09599,21.39597
2606004,2606,26,gmina świętokrzyskie-północny-06-04,wiejska,4822,50.84727,21.56649
2606005,2606,26,gmina świętokrzyskie-północny-06-05,wiejska,19004,50.93707,21.44515
2606006,2606,26,gmina świętokrzyskie-północny-06-06,wiejska,15747,50.75411,21.85982
2607001,2607,26,gmina świętokrzyskie-południowy-07-01,wiejska,36876,50.08368,20.71844
2607002,2607,26,gmina świętokrzyskie-południowy-07-02,miejsko-wiejska,5188,50.40108,20.65748
2607003,2607,26,gmina świętokrzyskie-południowy-07-03,miejsko-wiejska,13403,50.42087,20.5639
2607004,2607,26,gmina świętokrzyskie-południowy-07-04,miejsko-wiejska,7282,50.50242,20.51206
2607005,2607,26,gmina świętokrzyskie-południowy-07-05,wiejska,2919,50.69456,20.61491
2607006,2607,26,gmina świętokrzyskie-południowy-07-06,wiejska,7441,50.38379,20.84111
2608001,2608,26,gmina świętokrzyskie-wschodni-08-01,miejska,80751,51.66748,19.40304
2608002,2608,26,gmina świętokrzyskie-wschodni-08-02,wiejska,3435,51.54022,19.64057
2608003,2608,26,gmina świętokrzyskie-wschodni-08-03,miejsko-wiejska,2786,51.6986,19.48513
2608004,2608,26,gmina świętokrzyskie-wschodni-08-04,wiejska,20452,51.82877,19.64436
2608005,2608,26,gmina świętokrzyskie-wschodni-08-05,wiejska,10637,51.43194,19.81003
2608006,2608,26,gmina świętokrzyskie-wschodni-08-06,miejska,19754,51.45075,19.63656
2609001,2609,26,gmina świętokrzyskie-zachodni-09-01,miejsko-wiejska,6070,50.37092,20.54746
2609002,2609,26,gmina świętokrzyskie-zachodni-09-02,miejska,16532,50.63874,20.11526
2609003,2609,26,gmina świętokrzyskie-zachodni-09-03,miejska,73245,50.28104,20.36683
2609004,2609,26,gmina świętokrzyskie-zachodni-09-04,wiejska,5979,50.36851,20.51928
2609005,2609,26,gmina świętokrzyskie-zachodni-09-05,wiejska,20535,50.56796,20.2901
2609006,2609,26,gmina świętokrzyskie-zachodni-09-06,miejska,30158,50.31152,20.17863
2610001,2610,26,gmina świętokrzyskie-centralny-10-01,wiejska,3981,50.6453,21.09436
2610002,2610,26,gmina świętokrzyskie-centralny-10-02,miejsko-wiejska,2476,50.69615,21.33497
2610003,2610,26,gmina świętokrzyskie-centralny-10-03,miejsko-wiejska,16245,50.62611,20.78152
2610004,2610,26,gmina świętokrzyskie-centralny-10-04,miejsko-wiejska,10776,50.40091,21.25786
2610005,2610,26,gmina świętokrzyskie-centralny-10-05,wiejska,7098,50.94025,20.71881
2610006,2610,26,gmina świętokrzyskie-centralny-10-06,miejska,47536,50.68911,20.98403
2611001,2611,26,gmina świętokrzyskie-miejski-11-01,wiejska,3465,51.06928,19.75224
2611002,2611,26,gmina świętokrzyskie-miejski-11-02,miejsko-wiejska,24508,51.12288,19.51093
2611003,2611,26,gmina świętokrzyskie-miejski-11-03,wiejska,4348,50.81393,19.90368
2611004,2611,26,gmina świętokrzyskie-miejski-11-04,wiejska,5001,51.18426,19.72353
2611005,2611,26,gmina świętokrzyskie-miejski-11-05,miejsko-wiejska,9942,50.95194,19.7493
2611006,2611,26,gmina świętokrzyskie-miejski-11-06,wiejska,8025,50.94383,19.75601
2612001,2612,26,gmina świętokrzyskie-północny-12-01,wiejska,7411,50.99208,20.39632
2612002,2612,26,gmina świętokrzyskie-północny-12-02,miejsko-wiejska,7787,51.15942,20.19612
2612003,2612,26,gmina świętokrzyskie-północny-12-03,miejsko-wiejska,3828,51.32142,20.57621
2612004,2612,26,gmina świętokrzyskie-północny-12-04,miejska,46534,51.04544,20.22529
2612005,2612,26,gmina świętokrzyskie-północny-12-05,wiejska,19092,51.04986,20.16216
2612006,2612,26,gmina świętokrzyskie-północny-12-06,miejsko-wiejska,25868,51.08966,20.61835
2613001,2613,26,gmina świętokrzyskie-południowy-13-01,miejsko-wiejska,3404,51.45165,20.64834
2613002,2613,26,gmina świętokrzyskie-południowy-13-02,miejska,27404,51.34997,20.03296
2613003,2613,26,gmina świętokrzyskie-południowy-13-03,wiejska,15852,51.28417,20.23682
2613004,2613,26,gmina świętokrzyskie-południowy-13-04,wiejska,3769,51.58669,20.47426
2613005,2613,26,gmina świętokrzyskie-południowy-13-05,wiejska,7945,51.23425,20.54665
2613006,2613,26,gmina świętokrzyskie-południowy-13-06,wiejska,6458,51.24061,19.92003
2614001,2614,26,gmina świętokrzyskie-wschodni-14-01,miejsko-wiejska,5428,50.46899,20.77928
2614002,2614,26,gmina świętokrzyskie-wschodni-14-02,wiejska,12855,50.60929,20.9652
2614003,2614,26,gmina świętokrzyskie-wschodni-14-03,wiejska,5174,50.66656,21.26259
2614004,2614,26,gmina świętokrzyskie-wschodni-14-04,wiejska,6528,50.70807,20.60017
2614005,2614,26,gmina świętokrzyskie-wschodni-14-05,wiejska,20794,50.59605,21.09722
2614006,2614,26,gmina świętokrzyskie-wschodni-14-06,wiejska,7507,50.7376,21.02511
2801001,2801,28,gmina warmińsko-mazurskie-południowy-01-01,miejsko-wiejska,6121,54.23186,20.60224
2801002,2801,28,gmina warmińsko-mazurskie-południowy-01-02,miejsko-wiejska,13125,54.03918,20.81287
2801003,2801,28,gmina warmińsko-mazurskie-południowy-01-03,miejska,20202,54.09641,20.54226
2801004,2801,28,gmina warmińsko-mazurskie-południowy-01-04,miejsko-wiejska,9447,54.09565,20.64382
2801005,2801,28,gmina warmińsko-mazurskie-południowy-01-05,wiejska,7831,54.10733,20.62934
2801006,2801,28,gmina warmińsko-mazurskie-południowy-01-06,wiejska,7481,53.95919,21.19214
2802001,2802,28,gmina warmińsko-mazurskie-wschodni-02-01,wiejska,15625,53.19497,21.01862
2802002,2802,28,gmina warmińsko-mazurskie-wschodni-02-02,miejsko-wiejska,2375,52.82697,20.72005
2802003,2802,28,gmina warmińsko-mazurskie-wschodni-02-03,wiejska,3447,53.12871,20.83499
2802004,2802,28,gmina warmińsko-mazurskie-wschodni-02-04,wiejska,14337,53.0115,20.87185
2802005,2802,28,gmina warmińsko-mazurskie-wschodni-02-05,wiejska,8175,53.20465,20.69716
2802006,2802,28,gmina warmińsko-mazurskie-wschodni-02-06,wiejska,19101,53.14601,21.13301
2803001,2803,28,gmina warmińsko-mazurskie-zachodni-03-01,wiejska,4963,53.50353,20.61806
2803002,2803,28,gmina warmińsko-mazurskie-zachodni-03-02,wiejska,6613,53.48916,20.57256
2803003,2803,28,gmina warmińsko-mazurskie-zachodni-03-03,miejska,5164,53.00879,20.87116
2803004,2803,28,gmina warmińsko-mazurskie-zachodni-03-04,miejsko-wiejska,17374,53.65231,20.62607
2803005,2803,28,gmina warmińsko-mazurskie-zachodni-03-05,miejsko-wiejska,3635,53.35241,20.63157
2803006,2803,28,gmina warmińsko-mazurskie-zachodni-03-06,wiejska,4340,53.62127,21.05491
2804001,2804,28,gmina warmińsko-mazurskie-centralny-04-01,wiejska,10900,53.25757,20.49944
2804002,2804,28,gmina warmińsko-mazurskie-centralny-04-02,wiejska,21137,53.2689,20.69054
2804003,2804,28,gmina warmińsko-mazurskie-centralny-04-03,miejska,36254,53.18284,20.77339
2804004,2804,28,gmina warmińsko-mazurskie-centralny-04-04,wiejska,3313,53.4003,20.72564
2804005,2804,28,gmina warmińsko-mazurskie-centralny-04-05,miejsko-wiejska,16621,53.23283,20.7196
2804006,2804,28,gmina warmińsko-mazurskie-centralny-04-06,miejsko-wiejska,3821,53.35775,20.57907
2805001,2805,28,gmina warmińsko-mazurskie-miejski-05-01,wiejska,5993,53.49363,19.81758
2805002,2805,28,gmina warmińsko-mazurskie-miejski-05-02,wiejska,2813,53.46349,19.94564
2805003,2805,28,gmina warmińsko-mazurskie-miejski-05-03,wiejska,6408,53.46427,19.82541
2805004,2805,28,gmina warmińsko-mazurskie-miejski-05-04,miejsko-wiejska,7494,53.35952,19.78764
2805005,2805,28,gmina warmińsko-mazurskie-miejski-05-05,wiejska,15007,53.35684,19.7234
2805006,2805,28,gmina warmińsko-mazurskie-miejski-05-06,wiejska,3440,53.61587,19.777
2806001,2806,28,gmina warmińsko-mazurskie-północny-06-01,wiejska,4783,54.08324,20.40422
2806002,2806,28,gmina warmińsko-mazurskie-północny-06-02,wiejska,4269,53.88143,20.43021
2806003,2806,28,gmina warmińsko-mazurskie-północny-06-03,wiejska,18798,53.97594,20.72148
2806004,2806,28,gmina warmińsko-mazurskie-północny-06-04,miejsko-wiejska,4824,54.16999,20.43794
2806005,2806,28,gmina warmińsko-mazurskie-północny-06-05,wiejska,8302,54.07812,21.07518
2806006,2806,28,gmina warmińsko-mazurskie-północny-06-06,miejska,39769,53.99417,20.76306
2807001,2807,28,gmina warmińsko-mazurskie-południowy-07-01,wiejska,30505,53.35484,21.13808
2807002,2807,28,gmina warmińsko-mazurskie-południowy-07-02,wiejska,6996,53.51247,21.23493
2807003,2807,28,gmina warmińsko-mazurskie-południowy-07-03,miejska,11984,53.7492,21.02785
2807004,2807,28,gmina warmińsko-mazurskie-południowy-07-04,wiejska,7157,53.70265,21.29241
2807005,2807,28,gmina warmińsko-mazurskie-południowy-07-05,wiejska,4415,53.39136,21.25445
2807006,2807,28,gmina warmińsko-mazurskie-południowy-07-06,miejsko-wiejska,5067,53.59337,21.03187
2808001,2808,28,gmina warmińsko-mazurskie-wschodni-08-01,wiejska,13414,53.64757,20.55373
2808002,2808,28,gmina warmińsko-mazurskie-wschodni-08-02,miejsko-wiejska,19800,53.57564,20.37975
2808003,2808,28,gmina warmińsko-mazurskie-wschodni-08-03,wiejska,5769,53.60752,20.50038
2808004,2808,28,gmina warmińsko-mazurskie-wschodni-08-04,wiejska,4841,53.36955,20.41108
2808005,2808,28,gmina warmińsko-mazurskie-wschodni-08-05,wiejska,10128,53.65026,20.74558
2808006,2808,28,gmina warmińsko-mazurskie-wschodni-08-06,miejsko-wiejska,27238,53.73126,20.78034
2809001,2809,28,gmina warmińsko-mazurskie-zachodni-09-01,wiejska,13035,54.12448,20.51084
2809002,2809,28,gmina warmińsko-mazurskie-zachodni-09-02,miejsko-wiejska,14613,53.99402,20.12019
2809003,2809,28,gmina warmińsko-mazurskie-zachodni-09-03,miejsko-wiejska,7898,53.85827,20.27722
2809004,2809,28,gmina warmińsko-mazurskie-zachodni-09-04,wiejska,5184,53.87735,19.7117
2809005,2809,28,gmina warmińsko-mazurskie-zachodni-09-05,wiejska,23583,53.87353,20.24574
2809006,2809,28,gmina warmińsko-mazurskie-zachodni-09-06,miejska,66424,53.94123,20.43361
2810001,2810,28,gmina warmińsko-mazurskie-centralny-10-01,wiejska,3752,54.29069,20.41315
2810002,2810,28,gmina warmińsko-mazurskie-centralny-10-02,wiejska,9225,54.16429,19.98456
2810003,2810,28,gmina warmińsko-mazurskie-centralny-10-03,wiejska,6775,54.16678,19.85186
2810004,2810,28,gmina warmińsko-mazurskie-centralny-10-04,wiejska,11469,54.04821,20.58075
2810005,2810,28,gmina warmińsko-mazurskie-centralny-10-05,miejsko-wiejska,3036,54.18828,20.1003
2810006,2810,28,gmina warmińsko-mazurskie-centralny-10-06,miejsko-wiejska,6141,53.82017,19.99991
2811001,2811,28,gmina warmińsko-mazurskie-miejski-11-01,wiejska,10406,53.49898,21.3901
2811002,2811,28,gmina warmińsko-mazurskie-miejski-11-02,miejsko-wiejska,5372,53.48589,21.14917
2811003,2811,28,gmina warmińsko-mazurskie-miejski-11-03,miejska,33148,53.60752,21.25595
2811004,2811,28,gmina warmińsko-mazurskie-miejski-11-04,miejsko-wiejska,12477,53.78429,21.19053
2811005,2811,28,gmina warmińsko-mazurskie-miejski-11-05,wiejska,4241,53.65347,21.33887
2811006,2811,28,gmina warmińsko-mazurskie-miejski-11-06,wiejska,3275,53.5278,21.1128
2812001,2812,28,gmina warmińsko-mazurskie-północny-12-01,miejsko-wiejska,7123,53.30565,19.30731
2812002,2812,28,gmina warmińsko-mazurskie-północny-12-02,miejska,9944,53.19922,19.10953
2812003,2812,28,gmina warmińsko-mazurskie-północny-12-03,miejsko-wiejska,7266,53.21548,19.05769
2812004,2812,28,gmina warmińsko-mazurskie-północny-12-04,miejsko-wiejska,6319,53.35345,19.20183
2812005,2812,28,gmina warmińsko-mazurskie-północny-12-05,wiejska,5376,53.5967,19.26573
2812006,2812,28,gmina warmińsko-mazurskie-północny-12-06,wiejska,4912,53.41687,19.19653
2813001,2813,28,gmina warmińsko-mazurskie-południowy-13-01,wiejska,17207,54.33411,22.04792
2813002,2813,28,gmina warmińsko-mazurskie-południowy-13-02,wiejska,8316,54.60606,22.1474
2813003,2813,28,gmina warmińsko-mazurskie-południowy-13-03,miejsko-wiejska,9155,54.37806,21.99839
2813004,2813,28,gmina warmińsko-mazurskie-południowy-13-04,wiejska,7245,54.6306,21.91704
2813005,2813,28,gmina warmińsko-mazurskie-południowy-13-05,wiejska,6301,54.35241,21.67165
2813006,2813,28,gmina warmińsko-mazurskie-południowy-13-06,wiejska,11442,54.30556,22.11078
2814001,2814,28,gmina warmińsko-mazurskie-wschodni-14-01,wiejska,3635,53.66254,19.65328
2814002,2814,28,gmina warmińsko-mazurskie-wschodni-14-02,miejska,7084,53.90837,19.35394
2814003,2814,28,gmina warmińsko-mazurskie-wschodni-14-03,wiejska,8843,53.72029,19.5727
2814004,2814,28,gmina warmińsko-mazurskie-wschodni-14-04,miejska,31882,53.77566,19.53336
2814005,2814,28,gmina warmińsko-mazurskie-wschodni-14-05,wiejska,24142,53.7139,19.80802
2814006,2814,28,gmina warmińsko-mazurskie-wschodni-14-06,wiejska,14166,53.41125,19.93085
2815001,2815,28,gmina warmińsko-mazurskie-zachodni-15-01,wiejska,5675,53.87644,20.34767
2815002,2815,28,gmina warmińsko-mazurskie-zachodni-15-02,wiejska,15644,53.59252,20.46147
2815003,2815,28,gmina warmińsko-mazurskie-zachodni-15-03,wiejska,6925,53.88729,20.42593
2815004,2815,28,gmina warmińsko-mazurskie-zachodni-15-04,miejska,48063,53.40069,20.32632
2815005,2815,28,gmina warmińsko-mazurskie-zachodni-15-05,miejska,34701,53.71109,20.5252
2815006,2815,28,gmina warmińsko-mazurskie-zachodni-15-06,wiejska,6458,53.68836,20.56701
2816001,2816,28,gmina warmińsko-mazurskie-centralny-16-01,wiejska,1972,53.80445,19.8242
2816002,2816,28,gmina warmińsko-mazurskie-centralny-16-02,wiejska,4602,53.77158,20.12086
2816003,2816,28,gmina warmińsko-mazurskie-centralny-16-03,wiejska,15433,53.71027,20.05403
2816004,2816,28,gmina warmińsko-mazurskie-centralny-16-04,miejsko-wiejska,13879,53.71647,19.75595
2816005,2816,28,gmina warmińsko-mazurskie-centralny-16-05,wiejska,5465,53.83675,19.87963
2816006,2816,28,gmina warmińsko-mazurskie-centralny-16-06,miejsko-wiejska,4235,53.5088,20.04569
2817001,2817,28,gmina warmińsko-mazurskie-miejski-17-01,wiejska,5773,54.06318,21.02402
2817002,2817,28,gmina warmińsko-mazurskie-miejski-17-02,miejska,11949,54.01436,20.75605
2817003,2817,28,gmina warmińsko-mazurskie-miejski-17-03,wiejska,10254,54.18132,20.53588
2817004,2817,28,gmina warmińsko-mazurskie-miejski-17-04,miejsko-wiejska,11536,54.15433,20.75307
2817005,2817,28,gmina warmińsko-mazurskie-miejski-17-05,wiejska,7441,54.07463,20.854
2817006,2817,28,gmina warmińsko-mazurskie-miejski-17-06,wiejska,11626,54.0932,20.60191
2818001,2818,28,gmina warmińsko-mazurskie-północny-18-01,wiejska,14972,53.38381,20.91992
2818002,2818,28,gmina warmińsko-mazurskie-północny-18-02,wiejska,3208,53.21721,20.9215
2818003,2818,28,gmina warmińsko-mazurskie-północny-18-03,wiejska,3985,53.18531,20.61678
2818004,2818,28,gmina warmińsko-mazurskie-północny-18-04,miejska,39203,53.2537,20.57186
2818005,2818,28,gmina warmińsko-mazurskie-północny-18-05,wiejska,10075,53.22478,20.98268
2818006,2818,28,gmina warmińsko-mazurskie-północny-18-06,miejska,21104,53.12794,20.7381
2819001,2819,28,gmina warmińsko-mazurskie-południowy-19-01,wiejska,5804,54.58247,20.62269
2819002,2819,28,gmina warmińsko-mazurskie-południowy-19-02,miejsko-wiejska,7199,54.52499,20.52781
2819003,2819,28,gmina warmińsko-mazurskie-południowy-19-03,wiejska,38360,54.47983,20.48857
2819004,2819,28,gmina warmińsko-mazurskie-południowy-19-04,miejska,207355,54.63475,20.33238
2819005,2819,28,gmina warmińsko-mazurskie-południowy-19-05,wiejska,13663,54.46171,20.7673
2819006,2819,28,gmina warmińsko-mazurskie-południowy-19-06,wiejska,7109,54.52285,20.90032
2820001,2820,28,gmina warmińsko-mazurskie-wschodni-20-01,wiejska,11512,53.79831,20.50453
2820002,2820,28,gmina warmińsko-mazurskie-wschodni-20-02,wiejska,6151,53.7513,20.65165
2820003,2820,28,gmina warmińsko-mazurskie-wschodni-20-03,miejska,29247,53.90603,20.58349
2820004,2820,28,gmina warmińsko-mazurskie-wschodni-20-04,miejska,30681,53.70451,20.44798
2820005,2820,28,gmina warmińsko-mazurskie-wschodni-20-05,miejska,12384,53.66011,20.46393
2820006,2820,28,gmina warmińsko-mazurskie-wschodni-20-06,miejsko-wiejska,6260,53.71572,20.42595
2821001,2821,28,gmina warmińsko-mazurskie-zachodni-21-01,wiejska,13091,54.12,19.57989
2821002,2821,28,gmina warmińsko-mazurskie-zachodni-21-02,wiejska,3471,54.26659,19.52117
2821003,2821,28,gmina warmińsko-mazurskie-zachodni-21-03,miejsko-wiejska,7706,53.98927,19.45533
2821004,2821,28,gmina warmińsko-mazurskie-zachodni-21-04,miejsko-wiejska,21106,54.21399,19.63256
2821005,2821,28,gmina warmińsko-mazurskie-zachodni-21-05,miejsko-wiejska,7580,54.11429,19.56215
2821006,2821,28,gmina warmińsko-mazurskie-zachodni-21-06,miejsko-wiejska,7201,54.07775,19.46431
3001001,3001,30,gmina wielkopolskie-południowy-01-01,wiejska,9474,52.48902,16.7998
3001002,3001,30,gmina wielkopolskie-południowy-01-02,wiejska,5520,52.55479,16.51304
3001003,3001,30,gmina wielkopolskie-południowy-01-03,miejsko-wiejska,5681,52.39371,16.48155
3001004,3001,30,gmina wielkopolskie-południowy-01-04,wiejska,15210,52.33649,16.55245
3001005,3001,30,gmina wielkopolskie-południowy-01-05,wiejska,17647,52.38829,16.64949
3001006,3001,30,gmina wielkopolskie-południowy-01-06,wiejska,4326,52.57075,16.84612
3002001,3002,30,gmina wielkopolskie-wschodni-02-01,wiejska,12812,53.17205,16.81818
3002002,3002,30,gmina wielkopolskie-wschodni-02-02,wiejska,5854,52.99622,17.04928
3002003,3002,30,gmina wielkopolskie-wschodni-02-03,miejska,43225,53.01204,16.81177
3002004,3002,30,gmina wielkopolskie-wschodni-02-04,miejsko-wiejska,6727,52.9555,16.83795
3002005,3002,30,gmina wielkopolskie-wschodni-02-05,wiejska,6262,52.97834,16.52316
3002006,3002,30,gmina wielkopolskie-wschodni-02-06,miejska,10203,53.05388,16.78803
3003001,3003,30,gmina wielkopolskie-zachodni-03-01,miejska,15635,53.1184,16.28049
3003002,3003,30,gmina wielkopolskie-zachodni-03-02,miejska,38471,53.01002,16.14339
3003003,3003,30,gmina wielkopolskie-zachodni-03-03,wiejska,8697,52.86965,16.39543
3003004,3003,30,gmina wielkopolskie-zachodni-03-04,miejsko-wiejska,4532,53.15317,16.22863
3003005,3003,30,gmina wielkopolskie-zachodni-03-05,wiejska,15658,52.88786,16.16416
3003006,3003,30,gmina wielkopolskie-zachodni-03-06,wiejska,10261,53.18596,16.6096
3004001,3004,30,gmina wielkopolskie-centralny-04-01,wiejska,8313,52.86207,17.02063
3004002,3004,30,gmina wielkopolskie-centralny-04-02,miejska,53169,52.50068,17.15551
3004003,3004,30,gmina wielkopolskie-centralny-04-03,wiejska,1897,52.47735,17.16434
3004004,3004,30,gmina wielkopolskie-centralny-04-04,miejska,11923,52.67866,17.2479
3004005,3004,30,gmina wielkopolskie-centralny-04-05,miejsko-wiejska,5938,52.4972,16.98557
3004006,3004,30,gmina wielkopolskie-centralny-04-06,wiejska,4452,52.61,17.09507
3005001,3005,30,gmina wielkopolskie-miejski-05-01,wiejska,6702,52.28743,16.86088
3005002,3005,30,gmina wielkopolskie-miejski-05-02,wiejska,19200,51.9344,17.0114
3005003,3005,30,gmina wielkopolskie-miejski-05-03,miejska,56023,52.21684,16.91772
3005004,3005,30,gmina wielkopolskie-miejski-05-04,miejska,37954,52.12451,16.89498
3005005,3005,30,gmina wielkopolskie-miejski-05-05,wiejska,11871,52.31188,17.08719
3005006,3005,30,gmina wielkopolskie-miejski-05-06,wiejska,11511,52.15714,16.71998
3006001,3006,30,gmina wielkopolskie-północny-06-01,wiejska,10778,52.72858,16.60983
3006002,3006,30,gmina wielkopolskie-północny-06-02,miejska,102785,52.82784,16.58128
3006003,3006,30,gmina wielkopolskie-północny-06-03,wiejska,16557,52.73756,16.6369
3006004,3006,30,gmina wielkopolskie-północny-06-04,miejsko-wiejska,17578,52.86632,16.42521
3006005,3006,30,gmina wielkopolskie-północny-06-05,wiejska,11353,52.80922,17.01448
3006006,3006,30,gmina wielkopolskie-północny-06-06,wiejska,5564,52.99742,17.05929
3007001,3007,30,gmina wielkopolskie-południowy-07-01,wiejska,4781,51.73193,16.96418
3007002,3007,30,gmina wielkopolskie-południowy-07-02,wiejska,4762,51.79219,16.84761
3007003,3007,30,gmina wielkopolskie-południowy-07-03,miejsko-wiejska,6960,51.76341,16.90388
3007004,3007,30,gmina wielkopolskie-południowy-07-04,miejska,29780,51.6792,16.78486
3007005,3007,30,gmina wielkopolskie-południowy-07-05,miejska,24996,51.75123,16.80696
3007006,3007,30,gmina wielkopolskie-południowy-07-06,miejsko-wiejska,9905,51.52113,16.75155
3008001,3008,30,gmina wielkopolskie-wschodni-08-01,wiejska,6812,51.94579,17.02126
3008002,3008,30,gmina wielkopolskie-wschodni-08-02,miejsko-wiejska,8198,52.08006,16.6199
3008003,3008,30,gmina wielkopolskie-wschodni-08-03,wiejska,8024,51.8991,16.67944
3008004,3008,30,gmina wielkopolskie-wschodni-08-04,miejsko-wiejska,4532,52.02102,16.22533
3008005,3008,30,gmina wielkopolskie-wschodni-08-05,wiejska,4026,52.24739,16.86949
3008006,3008,30,gmina wielkopolskie-wschodni-08-06,miejska,60949,52.23748,16.83958
3009001,3009,30,gmina wielkopolskie-zachodni-09-01,wiejska,6119,52.23416,16.17977
3009002,3009,30,gmina wielkopolskie-zachodni-09-02,wiejska,8434,52.69322,15.89252
3009003,3009,30,gmina wielkopolskie-zachodni-09-03,wiejska,27534,52.34862,16.21574
3009004,3009,30,gmina wielkopolskie-zachodni-09-04,wiejska,23200,52.23602,15.86974
3009005,3009,30,gmina wielkopolskie-zachodni-09-05,miejska,14179,52.20911,16.08863
3009006,3009,30,gmina wielkopolskie-zachodni-09-06,miejsko-wiejska,7173,52.37581,16.06758
3010001,3010,30,gmina wielkopolskie-centralny-10-01,wiejska,2561,51.95333,17.09881
3010002,3010,30,gmina wielkopolskie-centralny-10-02,miejsko-wiejska,11272,51.86674,17.42559
3010003,3010,30,gmina wielkopolskie-centralny-10-03,wiejska,7593,51.50998,17.17599
3010004,3010,30,gmina wielkopolskie-centralny-10-04,wiejska,9176,51.6516,17.19316
3010005,3010,30,gmina wielkopolskie-centralny-10-05,miejsko-wiejska,6478,51.61149,17.29272
3010006,3010,30,gmina wielkopolskie-centralny-10-06,wiejska,5712,51.73322,17.07725
3011001,3011,30,gmina wielkopolskie-miejski-11-01,miejska,57872,52.19605,15.50442
3011002,3011,30,gmina wielkopolskie-miejski-11-02,miejsko-wiejska,6165,52.26154,15.74576
3011003,3011,30,gmina wielkopolskie-miejski-11-03,wiejska,12108,52.29066,15.60457
3011004,3011,30,gmina wielkopolskie-miejski-11-04,wiejska,3443,52.08747,15.45044
3011005,3011,30,gmina wielkopolskie-miejski-11-05,miejsko-wiejska,5166,52.06298,15.13368
3011006,3011,30,gmina wielkopolskie-miejski-11-06,wiejska,3516,52.16802,15.4762
3012001,3012,30,gmina wielkopolskie-północny-12-01,miejsko-wiejska,4955,52.7085,16.96737
3012002,3012,30,gmina wielkopolskie-północny-12-02,wiejska,15933,52.67723,17.1821
3012003,3012,30,gmina wielkopolskie-północny-12-03,wiejska,9191,52.51597,17.03257
3012004,3012,30,gmina wielkopolskie-północny-12-04,miejska,12505,52.68418,16.90823
3012005,3012,30,gmina wielkopolskie-północny-12-05,wiejska,10268,52.52373,17.05259
3012006,3012,30,gmina wielkopolskie-północny-12-06,wiejska,11555,52.81623,16.90461
3013001,3013,30,gmina wielkopolskie-południowy-13-01,wiejska,8192,52.15267,16.46969
3013002,3013,30,gmina wielkopolskie-południowy-13-02,miejska,10738,52.01029,16.70859
3013003,3013,30,gmina wielkopolskie-południowy-13-03,miejska,22712,51.8829,16.06506
3013004,3013,30,gmina wielkopolskie-południowy-13-04,wiejska,1800,52.16005,16.3296
3013005,3013,30,gmina wielkopolskie-południowy-13-05,wiejska,4604,52.06754,16.35123
3013006,3013,30,gmina wielkopolskie-południowy-13-06,wiejska,2737,51.95693,16.1324
3014001,3014,30,gmina wielkopolskie-wschodni-14-01,miejsko-wiejska,5082,52.67941,16.85203
3014002,3014,30,gmina wielkopolskie-wschodni-14-02,miejska,30726,52.69821,17.19649
3014003,3014,30,gmina wielkopolskie-wschodni-14-03,miejska,30462,52.74448,16.81734
3014004,3014,30,gmina wielkopolskie-wschodni-14-04,miejsko-wiejska,10997,52.6746,17.06049
3014005,3014,30,gmina wielkopolskie-wschodni-14-05,miejsko-wiejska,15520,52.62408,17.34887
3014006,3014,30,gmina wielkopolskie-wschodni-14-06,miejsko-wiejska,19842,52.81547,16.90582
3015001,3015,30,gmina wielkopolskie-zachodni-15-01,miejska,6936,53.44564,17.15226
3015002,3015,30,gmina wielkopolskie-zachodni-15-02,miejsko-wiejska,5105,53.45795,16.9674
3015003,3015,30,gmina wielkopolskie-zachodni-15-03,wiejska,6229,53.37363,16.91952
3015004,3015,30,gmina wielkopolskie-zachodni-15-04,wiejska,7571,53.44698,17.17121
3015005,3015,30,gmina wielkopolskie-zachodni-15-05,miejsko-wiejska,17560,53.45276,17.13257
3015006,3015,30,gmina wielkopolskie-zachodni-15-06,miejska,6318,53.16164,17.27613
3016001,3016,30,gmina wielkopolskie-centralny-16-01,miejsko-wiejska,3099,52.50486,16.8725
3016002,3016,30,gmina wielkopolskie-centralny-16-02,miejska,66912,52.47258,16.68593
3016003,3016,30,gmina wielkopolskie-centralny-16-03,wiejska,7843,52.59295,16.77888
3016004,3016,30,gmina wielkopolskie-centralny-16-04,miejsko-wiejska,15530,52.44344,16.83102
3016005,3016,30,gmina wielkopolskie-centralny-16-05,miejsko-wiejska,10678,52.4953,16.96773
3016006,3016,30,gmina wielkopolskie-centralny-16-06,miejsko-wiejska,8887,52.64988,16.84507
3017001,3017,30,gmina wielkopolskie-miejski-17-01,miejsko-wiejska,10232,52.62816,17.12395
3017002,3017,30,gmina wielkopolskie-miejski-17-02,miejska,57476,52.79299,17.04944
3017003,3017,30,gmina wielkopolskie-miejski-17-03,wiejska,9064,52.40178,17.13475
3017004,3017,30,gmina wielkopolskie-miejski-17-04,wiejska,14703,52.6941,17.2662
3017005,3017,30,gmina wielkopolskie-miejski-17-05,wiejska,1800,52.65938,17.30807
3017006,3017,30,gmina wielkopolskie-miejski-17-06,wiejska,10812,52.83548,17.20385
3018001,3018,30,gmina wielkopolskie-północny-18-01,miejska,24277,52.70248,16.57441
3018002,3018,30,gmina wielkopolskie-północny-18-02,miejsko-wiejska,3706,52.63544,16.40709
3018003,3018,30,gmina wielkopolskie-północny-18-03,miejska,68554,52.84049,16.65505
3018004,3018,30,gmina wielkopolskie-północny-18-04,miejsko-wiejska,5893,52.64289,16.79113
3018005,3018,30,gmina wielkopolskie-północny-18-05,wiejska,2107,52.80354,16.60289
3018006,3018,30,gmina wielkopolskie-północny-18-06,miejska,31036,52.78122,16.26406
3019001,3019,30,gmina wielkopolskie-południowy-19-01,miejsko-wiejska,4931,52.13721,16.4896
3019002,3019,30,gmina wielkopolskie-południowy-19-02,miejsko-wiejska,14786,52.07678,16.69368
3019003,3019,30,gmina wielkopolskie-południowy-19-03,wiejska,8938,52.35941,16.61119
3019004,3019,30,gmina wielkopolskie-południowy-19-04,miejska,43936,52.21216,16.71902
3019005,3019,30,gmina wielkopolskie-południowy-19-05,miejsko-wiejska,3191,51.89157,16.70822
3019006,3019,30,gmina wielkopolskie-południowy-19-06,miejsko-wiejska,10586,52.29637,16.53675
3020001,3020,30,gmina wielkopolskie-wschodni-20-01,wiejska,20406,52.64072,17.80408
3020002,3020,30,gmina wielkopolskie-wschodni-20-02,wiejska,11715,52.92394,17.66387
3020003,3020,30,gmina wielkopolskie-wschodni-20-03,miejsko-wiejska,5404,52.50574,18.01906
3020004,3020,30,gmina wielkopolskie-wschodni-20-04,miejska,34936,52.7594,18.31628
3020005,3020,30,gmina wielkopolskie-wschodni-20-05,miejsko-wiejska,9912,52.5312,17.68689
3020006,3020,30,gmina wielkopolskie-wschodni-20-06,wiejska,4427,52.64904,17.64762
3021001,3021,30,gmina wielkopolskie-zachodni-21-01,miejsko-wiejska,5631,52.04451,16.96895
3021002,3021,30,gmina wielkopolskie-zachodni-21-02,wiejska,9752,52.19633,16.81032
3021003,3021,30,gmina wielkopolskie-zachodni-21-03,wiejska,10851,52.26148,16.79652
3021004,3021,30,gmina wielkopolskie-zachodni-21-04,miejsko-wiejska,8804,52.31277,16.80946
3021005,3021,30,gmina wielkopolskie-zachodni-21-05,miejsko-wiejska,8963,52.19699,16.95715
3021006,3021,30,gmina wielkopolskie-zachodni-21-06,wiejska,6025,52.27651,16.74501
3022001,3022,30,gmina wielkopolskie-centralny-22-01,wiejska,5552,52.41433,16.6976
3022002,3022,30,gmina wielkopolskie-centralny-22-02,wiejska,5971,52.32979,16.64105
3022003,3022,30,gmina wielkopolskie-centralny-22-03,miejska,31731,52.68392,16.87016
3022004,3022,30,gmina wielkopolskie-centralny-22-04,miejsko-wiejska,1800,52.60272,16.65878
3022005,3022,30,gmina wielkopolskie-centralny-22-05,wiejska,10731,52.51751,16.72822
3022006,3022,30,gmina wielkopolskie-centralny-22-06,miejsko-wiejska,7605,52.51643,17.02027
3023001,3023,30,gmina wielkopolskie-miejski-23-01,miejsko-wiejska,8004,52.9029,15.8401
3023002,3023,30,gmina wielkopolskie-miejski-23-02,wiejska,12253,52.52952,15.87368
3023003,3023,30,gmina wielkopolskie-miejski-23-03,wiejska,6100,52.85482,15.47674
3023004,3023,30,gmina wielkopolskie-miejski-23-04,miejsko-wiejska,3886,53.01871,15.47969
3023005,3023,30,gmina wielkopolskie-miejski-23-05,wiejska,16491,52.77717,15.5817
3023006,3023,30,gmina wielkopolskie-miejski-23-06,wiejska,7880,52.59264,15.65891
3024001,3024,30,gmina wielkopolskie-północny-24-01,wiejska,4141,52.03444,16.64548
3024002,3024,30,gmina wielkopolskie-północny-24-02,miejsko-wiejska,9486,51.89317,16.63145
3024003,3024,30,gmina wielkopolskie-północny-24-03,miejsko-wiejska,8067,52.01537,16.61154
3024004,3024,30,gmina wielkopolskie-północny-24-04,wiejska,7305,51.93431,16.82075
3024005,3024,30,gmina wielkopolskie-północny-24-05,miejsko-wiejska,8016,52.07527,16.3927
3024006,3024,30,gmina wielkopolskie-północny-24-06,miejska,55914,52.01762,16.17612
3025001,3025,30,gmina wielkopolskie-południowy-25-01,wiejska,5319,51.69074,16.52811
3025002,3025,30,gmina wielkopolskie-południowy-25-02,wiejska,6918,51.69678,16.51211
3025003,3025,30,gmina wielkopolskie-południowy-25-03,wiejska,6868,51.49669,16.43257
3025004,3025,30,gmina wielkopolskie-południowy-25-04,wiejska,4837,51.51885,16.42862
3025005,3025,30,gmina wielkopolskie-południowy-25-05,wiejska,2847,51.49365,16.31242
3025006,3025,30,gmina wielkopolskie-południowy-25-06,wiejska,15327,51.27848,16.29751
3026001,3026,30,gmina wielkopolskie-wschodni-26-01,wiejska,6010,52.17705,16.78112
3026002,3026,30,gmina wielkopolskie-wschodni-26-02,wiejska,24675,52.13833,16.71145
3026003,3026,30,gmina wielkopolskie-wschodni-26-03,miejsko-wiejska,9401,52.00621,16.95268
3026004,3026,30,gmina wielkopolskie-wschodni-26-04,miejsko-wiejska,3547,51.94516,16.87597
3026005,3026,30,gmina wielkopolskie-wschodni-26-05,wiejska,17326,51.76598,17.05054
3026006,3026,30,gmina wielkopolskie-wschodni-26-06,wiejska,7428,51.80734,16.21906
3027001,3027,30,gmina wielkopolskie-zachodni-27-01,wiejska,3139,52.82037,16.7527
3027002,3027,30,gmina wielkopolskie-zachodni-27-02,miejsko-wiejska,11999,52.7515,16.55469
3027003,3027,30,gmina wielkopolskie-zachodni-27-03,wiejska,6272,52.8273,16.80907
3027004,3027,30,gmina wielkopolskie-zachodni-27-04,wiejska,4967,52.94012,16.64715
3027005,3027,30,gmina wielkopolskie-zachodni-27-05,miejsko-wiejska,4725,52.75242,16.96944
3027006,3027,30,gmina wielkopolskie-zachodni-27-06,wiejska,7462,52.73264,16.94118
3028001,3028,30,gmina wielkopolskie-centralny-28-01,wiejska,30592,52.03555,17.10311
3028002,3028,30,gmina wielkopolskie-centralny-28-02,wiejska,15403,51.92956,16.87374
3028003,3028,30,gmina wielkopolskie-centralny-28-03,miejska,12146,51.98165,16.7497
3028004,3028,30,gmina wielkopolskie-centralny-28-04,wiejska,6312,51.9108,16.81413
3028005,3028,30,gmina wielkopolskie-centralny-28-05,wiejska,11270,51.99276,16.51445
3028006,3028,30,gmina wielkopolskie-centralny-28-06,miejsko-wiejska,5102,51.81077,16.91505
3029001,3029,30,gmina wielkopolskie-miejski-29-01,wiejska,11070,52.83204,16.21361
3029002,3029,30,gmina wielkopolskie-miejski-29-02,wiejska,9443,52.73758,16.14696
3029003,3029,30,gmina wielkopolskie-miejski-29-03,wiejska,12835,52.90503,16.54351
3029004,3029,30,gmina wielkopolskie-miejski-29-04,wiejska,5557,52.95201,16.26944
3029005,3029,30,gmina wielkopolskie-miejski-29-05,wiejska,12151,52.73227,16.32066
3029006,3029,30,gmina wielkopolskie-miejski-29-06,miejsko-wiejska,1805,52.75944,16.38053
3030001,3030,30,gmina wielkopolskie-północny-30-01,wiejska,6284,52.28228,16.98633
3030002,3030,30,gmina wielkopolskie-północny-30-02,wiejska,5713,51.93635,17.10008
3030003,3030,30,gmina wielkopolskie-północny-30-03,wiejska,15359,52.24612,17.07405
3030004,3030,30,gmina wielkopolskie-północny-30-04,miejska,17184,51.90355,17.45539
3030005,3030,30,gmina wielkopolskie-północny-30-05,wiejska,16236,52.0402,16.94194
3030006,3030,30,gmina wielkopolskie-północny-30-06,wiejska,3604,52.07616,17.31157
3031001,3031,30,gmina wielkopolskie-południowy-31-01,miejsko-wiejska,2250,52.27405,17.5636
3031002,3031,30,gmina wielkopolskie-południowy-31-02,wiejska,7080,52.50947,17.37944
3031003,3031,30,gmina wielkopolskie-południowy-31-03,miejska,13735,52.27777,17.23167
3031004,3031,30,gmina wielkopolskie-południowy-31-04,wiejska,4489,52.18974,17.54241
3031005,3031,30,gmina wielkopolskie-południowy-31-05,wiejska,4420,52.45602,17.17319
3031006,3031,30,gmina wielkopolskie-południowy-31-06,miejsko-wiejska,7975,52.38886,17.14239
3032001,3032,30,gmina wielkopolskie-wschodni-32-01,wiejska,11523,52.12877,17.36946
3032002,3032,30,gmina wielkopolskie-wschodni-32-02,wiejska,1800,52.36532,17.44823
3032003,3032,30,gmina wielkopolskie-wschodni-32-03,miejsko-wiejska,11918,52.22602,17.06368
3032004,3032,30,gmina wielkopolskie-wschodni-32-04,miejska,17553,52.41902,16.89985
3032005,3032,30,gmina wielkopolskie-wschodni-32-05,miejsko-wiejska,8036,52.4353,17.23214
3032006,3032,30,gmina wielkopolskie-wschodni-32-06,wiejska,11222,52.42389,17.18301
3033001,3033,30,gmina wielkopolskie-zachodni-33-01,wiejska,2439,52.02401,16.71227
3033002,3033,30,gmina wielkopolskie-zachodni-33-02,wiejska,5661,52.06896,17.16264
3033003,3033,30,gmina wielkopolskie-zachodni-33-03,wiejska,7914,52.0787,16.6189
3033004,3033,30,gmina wielkopolskie-zachodni-33-04,wiejska,9435,51.99888,17.1269
3033005,3033,30,gmina wielkopolskie-zachodni-33-05,miejsko-wiejska,5795,51.97526,17.09452
3033006,3033,30,gmina wielkopolskie-zachodni-33-06,wiejska,7653,51.86252,17.37816
3034001,3034,30,gmina wielkopolskie-centralny-34-01,wiejska,4151,52.31153,16.29713
3034002,3034,30,gmina wielkopolskie-centralny-34-02,wiejska,9565,52.29527,16.19616
3034003,3034,30,gmina wielkopolskie-centralny-34-03,miejsko-wiejska,7004,52.17487,16.6398
3034004,3034,30,gmina wielkopolskie-centralny-34-04,miejska,23472,52.39754,16.16768
3034005,3034,30,gmina wielkopolskie-centralny-34-05,miejska,21591,52.26073,15.93679
3034006,3034,30,gmina wielkopolskie-centralny-34-06,miejsko-wiejska,7335,52.26703,16.45385
3035001,3035,30,gmina wielkopolskie-miejski-35-01,wiejska,3858,51.73085,17.10646
3035002,3035,30,gmina wielkopolskie-miejski-35-02,miejska,65799,51.69286,17.384
3035003,3035,30,gmina wielkopolskie-miejski-35-03,wiejska,14786,51.78688,17.01557
3035004,3035,30,gmina wielkopolskie-miejski-35-04,miejska,11547,51.91765,17.03765
3035005,3035,30,gmina wielkopolskie-miejski-35-05,miejsko-wiejska,10332,51.82075,17.34882
3035006,3035,30,gmina wielkopolskie-miejski-35-06,wiejska,10855,51.6845,17.09181
3201001,3201,32,gmina zachodniopomorskie-południowy-01-01,miejsko-wiejska,12622,53.18483,13.51522
3201002,3201,32,gmina zachodniopomorskie-południowy-01-02,wiejska,12115,53.13193,14.12651
3201003,3201,32,gmina zachodniopomorskie-południowy-01-03,wiejska,19216,53.26882,14.22695
3201004,3201,32,gmina zachodniopomorskie-południowy-01-04,miejsko-wiejska,8913,53.47301,13.83595
3201005,3201,32,gmina zachodniopomorskie-południowy-01-05,wiejska,8061,53.35415,14.00157
3201006,3201,32,gmina zachodniopomorskie-południowy-01-06,miejsko-wiejska,16553,53.21047,14.43093
3202001,3202,32,gmina zachodniopomorskie-wschodni-02-01,miejsko-wiejska,30204,53.40012,15.3254
3202002,3202,32,gmina zachodniopomorskie-wschodni-02-02,wiejska,16963,53.20911,14.97113
3202003,3202,32,gmina zachodniopomorskie-wschodni-02-03,miejska,58628,53.39907,15.17737
3202004,3202,32,gmina zachodniopomorskie-wschodni-02-04,wiejska,8159,53.05326,15.1842
3202005,3202,32,gmina zachodniopomorskie-wschodni-02-05,wiejska,5080,53.4828,15.40947
3202006,3202,32,gmina zachodniopomorskie-wschodni-02-06,wiejska,11585,53.41486,14.93591
3203001,3203,32,gmina zachodniopomorskie-zachodni-03-01,miejska,38800,52.61514,14.01344
3203002,3203,32,gmina zachodniopomorskie-zachodni-03-02,wiejska,30130,52.31329,13.70304
3203003,3203,32,gmina zachodniopomorskie-zachodni-03-03,miejsko-wiejska,5114,52.55575,13.7794
3203004,3203,32,gmina zachodniopomorskie-zachodni-03-04,miejska,23268,52.66691,13.56758
3203005,3203,32,gmina zachodniopomorskie-zachodni-03-05,miejska,14108,52.40017,13.70839
3203006,3203,32,gmina zachodniopomorskie-zachodni-03-06,wiejska,3783,52.52701,13.74541
3204001,3204,32,gmina zachodniopomorskie-centralny-04-01,wiejska,4975,53.16289,15.39234
3204002,3204,32,gmina zachodniopomorskie-centralny-04-02,miejsko-wiejska,15659,53.02394,15.39905
3204003,3204,32,gmina zachodniopomorskie-centralny-04-03,miejsko-wiejska,5716,53.04838,15.53897
3204004,3204,32,gmina zachodniopomorskie-centralny-04-04,miejsko-wiejska,6279,53.11669,15.24923
3204005,3204,32,gmina zachodniopomorskie-centralny-04-05,wiejska,12972,52.97391,15.56547
3204006,3204,32,gmina zachodniopomorskie-centralny-04-06,miejsko-wiejska,8415,53.24702,15.18438
3205001,3205,32,gmina zachodniopomorskie-miejski-05-01,miejska,10772,53.42727,14.75894
3205002,3205,32,gmina zachodniopomorskie-miejski-05-02,wiejska,3438,53.58818,15.02123
3205003,3205,32,gmina zachodniopomorskie-miejski-05-03,miejsko-wiejska,6018,53.45707,14.90854
3205004,3205,32,gmina zachodniopomorskie-miejski-05-04,wiejska,22544,53.41176,14.77081
3205005,3205,32,gmina zachodniopomorskie-miejski-05-05,miejsko-wiejska,13273,53.47933,15.40939
3205006,3205,32,gmina zachodniopomorskie-miejski-05-06,wiejska,5847,53.61736,15.22764
3206001,3206,32,gmina zachodniopomorskie-północny-06-01,miejsko-wiejska,5865,52.87016,14.12512
3206002,3206,32,gmina zachodniopomorskie-północny-06-02,wiejska,11573,52.78336,13.76986
3206003,3206,32,gmina zachodniopomorskie-północny-06-03,wiejska,1800,53.04414,13.93451
3206004,3206,32,gmina zachodniopomorskie-północny-06-04,miejska,24330,52.74685,13.77562
3206005,3206,32,gmina zachodniopomorskie-północny-06-05,miejska,20003,52.87934,14.00665
3206006,3206,32,gmina zachodniopomorskie-północny-06-06,wiejska,11634,53.26179,13.98046
3207001,3207,32,gmina zachodniopomorskie-południowy-07-01,miejsko-wiejska,16180,53.46227,14.31381
3207002,3207,32,gmina zachodniopomorskie-południowy-07-02,miejsko-wiejska,6513,53.36247,14.63484
3207003,3207,32,gmina zachodniopomorskie-południowy-07-03,wiejska,4994,53.31611,14.96189
3207004,3207,32,gmina zachodniopomorskie-południowy-07-04,miejsko-wiejska,5806,53.35728,14.8027
3207005,3207,32,gmina zachodniopomorskie-południowy-07-05,wiejska,5157,53.71189,14.49271
3207006,3207,32,gmina zachodniopomorskie-południowy-07-06,wiejska,5794,53.615,14.74476
3208001,3208,32,gmina zachodniopomorskie-wschodni-08-01,wiejska,13048,53.59685,14.59722
3208002,3208,32,gmina zachodniopomorskie-wschodni-08-02,wiejska,12865,53.63459,14.46967
3208003,3208,32,gmina zachodniopomorskie-wschodni-08-03,wiejska,3307,53.68641,14.50479
3208004,3208,32,gmina zachodniopomorskie-wschodni-08-04,wiejska,6270,53.77463,14.22549
3208005,3208,32,gmina zachodniopomorskie-wschodni-08-05,miejsko-wiejska,22455,53.60562,14.55711
3208006,3208,32,gmina zachodniopomorskie-wschodni-08-06,wiejska,6342,53.3918,14.47025
3209001,3209,32,gmina zachodniopomorskie-zachodni-09-01,wiejska,9972,53.5936,14.64934
3209002,3209,32,gmina zachodniopomorskie-zachodni-09-02,wiejska,2081,53.30527,15.07685
3209003,3209,32,gmina zachodniopomorskie-zachodni-09-03,wiejska,4115,53.69121,14.50949
3209004,3209,32,gmina zachodniopomorskie-zachodni-09-04,miejsko-wiejska,7236,53.58697,14.53113
3209005,3209,32,gmina zachodniopomorskie-zachodni-09-05,wiejska,21745,53.51553,14.77453
3209006,3209,32,gmina zachodniopomorskie-zachodni-09-06,miejska,22790,53.59132,14.98694
3210001,3210,32,gmina zachodniopomorskie-centralny-10-01,miejska,24800,53.92041,14.92765
3210002,3210,32,gmina zachodniopomorskie-centralny-10-02,miejska,43206,53.75913,14.84082
3210003,3210,32,gmina zachodniopomorskie-centralny-10-03,miejsko-wiejska,9251,53.69651,14.88174
3210004,3210,32,gmina zachodniopomorskie-centralny-10-04,miejsko-wiejska,10116,53.71457,15.03006
3210005,3210,32,gmina zachodniopomorskie-centralny-10-05,wiejska,7765,53.68385,14.97399
3210006,3210,32,gmina zachodniopomorskie-centralny-10-06,wiejska,8836,53.61184,15.54864
3211001,3211,32,gmina zachodniopomorskie-miejski-11-01,miejsko-wiejska,3381,52.70843,13.26791
3211002,3211,32,gmina zachodniopomorskie-miejski-11-02,miejska,95330,52.61283,13.44493
3211003,3211,32,gmina zachodniopomorskie-miejski-11-03,miejsko-wiejska,9452,52.82782,13.59891
3211004,3211,32,gmina zachodniopomorskie-miejski-11-04,miejsko-wiejska,17219,52.72583,13.40086
3211005,3211,32,gmina zachodniopomorskie-miejski-11-05,wiejska,2551,52.79733,13.21314
3211006,3211,32,gmina zachodniopomorskie-miejski-11-06,wiejska,7218,52.56535,13.44093
3212001,3212,32,gmina zachodniopomorskie-północny-12-01,wiejska,2830,53.79994,15.02021
3212002,3212,32,gmina zachodniopomorskie-północny-12-02,wiejska,4784,53.93078,15.36495
3212003,3212,32,gmina zachodniopomorskie-północny-12-03,wiejska,16522,53.98342,15.10641
3212004,3212,32,gmina zachodniopomorskie-północny-12-04,wiejska,20524,53.59014,15.39501
3212005,3212,32,gmina zachodniopomorskie-północny-12-05,miejska,19813,53.65972,15.37
3212006,3212,32,gmina zachodniopomorskie-północny-12-06,miejsko-wiejska,14557,53.89964,15.29407
3213001,3213,32,gmina zachodniopomorskie-południowy-13-01,wiejska,8793,53.08065,13.63481
3213002,3213,32,gmina zachodniopomorskie-południowy-13-02,miejska,37633,53.03868,13.73722
3213003,3213,32,gmina zachodniopomorskie-południowy-13-03,miejsko-wiejska,2954,52.99509,13.31416
3213004,3213,32,gmina zachodniopomorskie-południowy-13-04,miejska,31938,53.22561,13.48701
3213005,3213,32,gmina zachodniopomorskie-południowy-13-05,miejska,29111,53.1105,13.18422
3213006,3213,32,gmina zachodniopomorskie-południowy-13-06,wiejska,5862,53.05955,13.02666
3214001,3214,32,gmina zachodniopomorskie-wschodni-14-01,wiejska,4422,53.58074,15.30253
3214002,3214,32,gmina zachodniopomorskie-wschodni-14-02,wiejska,10219,53.55232,15.15283
3214003,3214,32,gmina zachodniopomorskie-wschodni-14-03,wiejska,11433,53.3966,15.13396
3214004,3214,32,gmina zachodniopomorskie-wschodni-14-04,wiejska,5474,53.60188,15.40106
3214005,3214,32,gmina zachodniopomorskie-wschodni-14-05,miejsko-wiejska,19063,53.38458,14.93074
3214006,3214,32,gmina zachodniopomorskie-wschodni-14-06,wiejska,17885,53.50834,15.17439
3215001,3215,32,gmina zachodniopomorskie-zachodni-15-01,wiejska,5470,54.13843,14.67776
3215002,3215,32,gmina zachodniopomorskie-zachodni-15-02,miejska,39859,54.26235,15.19386
3215003,3215,32,gmina zachodniopomorskie-zachodni-15-03,miejska,41742,53.90343,14.92145
3215004,3215,32,gmina zachodniopomorskie-zachodni-15-04,wiejska,30534,53.97017,14.87272
3215005,3215,32,gmina zachodniopomorskie-zachodni-15-05,miejsko-wiejska,19465,54.16332,15.35519
3215006,3215,32,gmina zachodniopomorskie-zachodni-15-06,miejsko-wiejska,5144,53.95442,15.11654
3216001,3216,32,gmina zachodniopomorskie-centralny-16-01,wiejska,3860,53.23317,14.09631
3216002,3216,32,gmina zachodniopomorskie-centralny-16-02,miejska,51139,53.3386,14.19562
3216003,3216,32,gmina zachodniopomorskie-centralny-16-03,wiejska,6313,53.4167,14.87369
3216004,3216,32,gmina zachodniopomorskie-centralny-16-04,wiejska,12439,53.27171,13.86219
3216005,3216,32,gmina zachodniopomorskie-centralny-16-05,wiejska,5457,53.23097,14.00721
3216006,3216,32,gmina zachodniopomorskie-centralny-16-06,wiejska,8022,53.48989,14.34574
3217001,3217,32,gmina zachodniopomorskie-miejski-17-01,miejska,24380,53.24727,14.6895
3217002,3217,32,gmina zachodniopomorskie-miejski-17-02,miejska,26097,53.1799,14.57076
3217003,3217,32,gmina zachodniopomorskie-miejski-17-03,wiejska,15304,53.08898,14.27873
3217004,3217,32,gmina zachodniopomorskie-miejski-17-04,wiejska,7566,53.49984,14.33741
3217005,3217,32,gmina zachodniopomorskie-miejski-17-05,miejsko-wiejska,4837,53.49888,14.34642
3217006,3217,32,gmina zachodniopomorskie-miejski-17-06,wiejska,11339,53.25985,14.17846
3218001,3218,32,gmina zachodniopomorskie-północny-18-01,miejska,42970,53.0471,15.90209
3218002,3218,32,gmina zachodniopomorskie-północny-18-02,wiejska,5824,52.91091,15.98536
3218003,3218,32,gmina zachodniopomorskie-północny-18-03,wiejska,3151,53.17696,15.97772
3218004,3218,32,gmina zachodniopomorskie-północny-18-04,wiejska,13811,52.92486,15.57168
3218005,3218,32,gmina zachodniopomorskie-północny-18-05,miejska,23618,52.84591,15.5441
3218006,3218,32,gmina zachodniopomorskie-północny-18-06,wiejska,12085,53.09869,15.5274
3219001,3219,32,gmina zachodniopomorskie-południowy-19-01,wiejska,12322,54.13742,15.51171
3219002,3219,32,gmina zachodniopomorskie-południowy-19-02,miejsko-wiejska,11531,54.21598,15.31547
3219003,3219,32,gmina zachodniopomorskie-południowy-19-03,wiejska,14876,53.91103,15.2017
3219004,3219,32,gmina zachodniopomorskie-południowy-19-04,wiejska,7909,54.04667,15.30917
3219005,3219,32,gmina zachodniopomorskie-południowy-19-05,miejsko-wiejska,12007,54.12935,15.19121
3219006,3219,32,gmina zachodniopomorskie-południowy-19-06,wiejska,5135,54.22099,15.29128
3220001,3220,32,gmina zachodniopomorskie-wschodni-20-01,miejsko-wiejska,4308,53.0249,14.73903
3220002,3220,32,gmina zachodniopomorskie-wschodni-20-02,wiejska,8282,53.02429,14.96111
3220003,3220,32,gmina zachodniopomorskie-wschodni-20-03,wiejska,21643,52.89978,15.20447
3220004,3220,32,gmina zachodniopomorskie-wschodni-20-04,miejsko-wiejska,31437,53.19012,15.06427
3220005,3220,32,gmina zachodniopomorskie-wschodni-20-05,wiejska,4011,52.87301,14.99207
3220006,3220,32,gmina zachodniopomorskie-wschodni-20-06,wiejska,5292,52.95654,15.00826
3221001,3221,32,gmina zachodniopomorskie-zachodni-21-01,miejsko-wiejska,7605,53.70614,14.60822
3221002,3221,32,gmina zachodniopomorskie-zachodni-21-02,wiejska,5308,53.6223,14.80626
3221003,3221,32,gmina zachodniopomorskie-zachodni-21-03,wiejska,25300,53.67325,14.53682
3221004,3221,32,gmina zachodniopomorskie-zachodni-21-04,miejska,34866,53.714,14.81963
3221005,3221,32,gmina zachodniopomorskie-zachodni-21-05,miejska,12678,53.87161,14.64012
3221006,3221,32,gmina zachodniopomorskie-zachodni-21-06,miejsko-wiejska,12205,53.66907,14.95755
