node_id,hazard_code,exposure_score,mitigation_level,assessment_date
IK-01-00001,Z07,43.6,częściowe,2025-11-15
IK-01-00001,Z02,42.7,częściowe,2026-02-26
IK-01-00001,Z08,40.9,brak,2025-06-10
IK-01-00001,Z16,28.0,częściowe,2026-05-18
IK-01-00001,Z04,39.1,częściowe,2024-11-02
IK-01-00002,Z07,22.2,częściowe,2025-12-14
IK-01-00002,Z02,28.1,pełne,2026-08-22
IK-01-00002,Z08,53.7,częściowe,2025-07-16
IK-01-00002,Z16,56.3,częściowe,2025-01-15
IK-01-00002,Z04,18.0,częściowe,2025-08-21
IK-01-00003,Z07,27.7,częściowe,2024-11-01
IK-01-00003,Z02,30.9,brak,2025-04-14
IK-01-00003,Z08,51.9,brak,2026-04-07
IK-01-00003,Z16,43.4,częściowe,2025-06-08
IK-01-00003,Z04,32.0,pełne,2025-11-09
IK-01-00004,Z07,55.1,brak,2026-07-02
IK-01-00004,Z02,28.6,pełne,2025-09-25
IK-01-00004,Z08,21.7,brak,2026-02-13
IK-01-00004,Z16,55.0,częściowe,2025-12-03
IK-01-00004,Z04,41.5,częściowe,2024-11-06
IK-01-00005,Z07,34.9,częściowe,2024-11-10
IK-01-00005,Z02,36.5,brak,2025-09-06
IK-01-00005,Z08,32.0,częściowe,2026-03-06
IK-01-00005,Z16,66.4,częściowe,2024-10-29
IK-01-00005,Z04,49.4,częściowe,2025-02-14
IK-01-00006,Z07,35.4,brak,2026-08-12
IK-01-00006,Z02,25.9,brak,2025-09-16
IK-01-00006,Z08,37.0,częściowe,2025-07-22
IK-01-00006,Z16,37.9,częściowe,2025-03-25
IK-01-00006,Z04,64.7,pełne,2024-12-01
IK-01-00007,Z07,29.9,częściowe,2025-01-14
IK-01-00007,Z02,62.6,częściowe,2025-06-24
IK-01-00007,Z08,67.8,brak,2026-08-21
IK-01-00007,Z16,20.5,częściowe,2025-04-03
IK-01-00007,Z04,52.4,brak,2026-07-13
IK-01-00008,Z07,30.9,częściowe,2025-09-23
IK-01-00008,Z02,64.0,brak,2025-06-11
IK-01-00008,Z08,65.2,brak,2025-06-14
IK-01-00008,Z16,18.7,częściowe,2025-12-29
IK-01-00008,Z04,47.3,częściowe,2025-03-06
IK-01-00009,Z07,31.6,częściowe,2026-02-27
IK-01-00009,Z02,86.2,częściowe,2025-01-02
IK-01-00009,Z08,68.5,częściowe,2025-07-25
IK-01-00009,Z16,40.7,pełne,2025-02-25
IK-01-00009,Z04,18.0,pełne,2024-10-10
IK-01-00010,Z07,38.8,brak,2025-07-05
IK-01-00010,Z02,46.9,brak,2026-03-27
IK-01-00010,Z08,60.3,częściowe,2026-07-24
IK-01-00010,Z16,59.3,częściowe,2025-08-08
IK-01-00010,Z04,57.9,częściowe,2025-03-26
IK-01-00011,Z07,25.0,brak,2025-04-10
IK-01-00011,Z02,56.7,częściowe,2025-09-09
IK-01-00011,Z08,49.3,brak,2025-01-03
IK-01-00011,Z16,34.5,częściowe,2025-09-05
IK-01-00011,Z04,51.4,częściowe,2025-12-29
IK-01-00012,Z07,16.5,częściowe,2026-07-30
IK-01-00012,Z02,39.0,pełne,2026-02-18
IK-01-00012,Z08,32.8,częściowe,2025-08-15
IK-01-00012,Z16,52.5,brak,2026-07-08
IK-01-00012,Z04,22.0,częściowe,2024-11-27
IK-01-00013,Z07,41.1,częściowe,2025-07-28
IK-01-00013,Z02,84.3,brak,2024-11-18
IK-01-00013,Z08,57.4,brak,2026-07-29
IK-01-00013,Z16,59.3,brak,2026-04-16
IK-01-00013,Z04,68.7,brak,2025-11-28
IK-01-00014,Z07,27.9,częściowe,2026-01-10
IK-01-00014,Z02,21.5,częściowe,2024-10-29
IK-01-00014,Z08,33.0,częściowe,2025-10-23
IK-01-00014,Z16,42.4,częściowe,2026-03-12
IK-01-00014,Z04,62.5,częściowe,2025-09-05
IK-01-00015,Z07,63.5,brak,2025-03-30
IK-01-00015,Z02,56.7,pełne,2025-10-30
IK-01-00015,Z08,45.7,częściowe,2025-05-01
IK-01-00015,Z16,53.5,częściowe,2025-04-15
IK-01-00015,Z04,60.5,pełne,2026-04-30
IK-01-00016,Z07,58.8,częściowe,2026-05-06
IK-01-00016,Z02,89.2,częściowe,2025-10-05
IK-01-00016,Z08,47.2,częściowe,2024-11-06
IK-01-00016,Z16,63.7,brak,2026-01-25
IK-01-00016,Z04,53.6,częściowe,2025-02-16
IK-01-00017,Z07,19.1,częściowe,2025-04-29
IK-01-00017,Z02,64.9,pełne,2026-08-09
IK-01-00017,Z08,53.4,brak,2026-04-16
IK-01-00017,Z16,15.2,brak,2025-08-16
IK-01-00017,Z04,21.8,pełne,2026-07-14
IK-01-00018,Z07,27.9,pełne,2025-05-10
IK-01-00018,Z02,34.6,częściowe,2025-03-18
IK-01-00018,Z08,32.8,brak,2025-02-03
IK-01-00018,Z16,43.5,częściowe,2026-04-19
IK-01-00018,Z04,42.3,częściowe,2026-07-08
IK-01-00019,Z07,54.4,częściowe,2025-10-05
IK-01-00019,Z02,46.9,częściowe,2026-03-22
IK-01-00019,Z08,47.3,pełne,2026-06-26
IK-01-00019,Z16,34.9,częściowe,2025-02-13
IK-01-00019,Z04,64.2,brak,2025-06-08
IK-01-00020,Z07,16.8,brak,2025-10-07
IK-01-00020,Z02,19.2,częściowe,2026-05-03
IK-01-00020,Z08,19.3,częściowe,2024-12-09
IK-01-00020,Z16,58.7,brak,2026-04-21
IK-01-00020,Z04,61.0,pełne,2024-10-19
IK-01-00021,Z07,37.3,częściowe,2025-10-27
IK-01-00021,Z02,23.9,częściowe,2026-03-19
IK-01-00021,Z08,35.2,brak,2024-10-31
IK-01-00021,Z16,41.1,częściowe,2025-09-24
IK-01-00021,Z04,49.0,brak,2025-12-16
IK-01-00022,Z07,24.1,pełne,2025-03-01
IK-01-00022,Z02,33.2,częściowe,2025-04-23
IK-01-00022,Z08,64.0,brak,2025-04-04
IK-01-00022,Z16,61.1,pełne,2024-11-14
IK-01-00022,Z04,58.9,brak,2024-10-31
IK-01-00023,Z07,68.5,częściowe,2026-04-06
IK-01-00023,Z02,89.6,częściowe,2024-11-23
IK-01-00023,Z08,32.0,brak,2025-08-12
IK-01-00023,Z16,53.5,brak,2024-12-18
IK-01-00023,Z04,64.3,pełne,2024-12-31
IK-01-00024,Z07,35.3,brak,2026-04-03
IK-01-00024,Z02,19.7,pełne,2026-03-14
IK-01-00024,Z08,59.6,pełne,2024-11-25
IK-01-00024,Z16,56.9,brak,2025-10-01
IK-01-00024,Z04,15.6,brak,2025-10-30
IK-01-00025,Z07,68.3,częściowe,2025-03-14
IK-01-00025,Z02,28.6,brak,2025-12-05
IK-01-00025,Z08,62.0,częściowe,2026-01-06
IK-01-00025,Z16,24.4,częściowe,2026-04-07
IK-01-00025,Z04,40.9,pełne,2026-01-26
IK-01-00026,Z07,63.7,brak,2025-10-15
IK-01-00026,Z02,78.5,częściowe,2026-07-08
IK-01-00026,Z08,40.7,częściowe,2026-04-10
IK-01-00026,Z16,39.3,brak,2026-01-13
IK-01-00026,Z04,20.3,brak,2025-02-08
IK-01-00027,Z07,23.8,częściowe,2025-03-03
IK-01-00027,Z02,73.6,pełne,2026-04-08
IK-01-00027,Z08,43.3,brak,2026-07-15
IK-01-00027,Z16,60.2,częściowe,2024-12-24
IK-01-00027,Z04,25.6,częściowe,2026-02-11
IK-01-00028,Z07,48.7,brak,2026-05-19
IK-01-00028,Z02,33.1,częściowe,2025-12-25
IK-01-00028,Z08,54.4,częściowe,2025-09-13
IK-01-00028,Z16,64.4,brak,2026-03-09
IK-01-00028,Z04,18.8,częściowe,2026-04-20
IK-01-00029,Z07,27.5,częściowe,2026-04-29
IK-01-00029,Z02,80.2,pełne,2025-08-11
IK-01-00029,Z08,31.8,częściowe,2026-01-30
IK-01-00029,Z16,68.9,częściowe,2026-06-11
IK-01-00029,Z04,62.0,brak,2024-10-29
IK-01-00030,Z07,63.6,częściowe,2025-07-15
IK-01-00030,Z02,30.7,brak,2024-10-16
IK-01-00030,Z08,52.3,brak,2025-01-24
IK-01-00030,Z16,27.8,pełne,2025-06-18
IK-01-00030,Z04,43.1,pełne,2025-05-21
IK-01-00031,Z07,42.4,częściowe,2026-03-02
IK-01-00031,Z02,36.4,brak,2024-11-27
IK-01-00031,Z08,65.5,pełne,2025-01-08
IK-01-00031,Z16,38.2,pełne,2025-02-04
IK-01-00031,Z04,57.7,częściowe,2026-06-16
IK-01-00032,Z07,42.6,częściowe,2026-06-08
IK-01-00032,Z02,18.4,brak,2025-09-15
IK-01-00032,Z08,34.7,brak,2026-04-13
IK-01-00032,Z16,20.1,pełne,2025-10-13
IK-01-00032,Z04,63.2,brak,2024-12-23
IK-01-00033,Z07,15.2,brak,2025-11-14
IK-01-00033,Z02,72.1,częściowe,2026-06-18
IK-01-00033,Z08,67.6,pełne,2025-06-12
IK-01-00033,Z16,45.5,pełne,2025-07-29
IK-01-00033,Z04,16.9,brak,2026-07-23
IK-01-00034,Z07,61.0,pełne,2025-12-20
IK-01-00034,Z02,32.8,częściowe,2026-08-18
IK-01-00034,Z08,43.3,brak,2024-12-13
IK-01-00034,Z16,61.1,częściowe,2024-12-30
IK-01-00034,Z04,40.5,brak,2025-03-07
IK-01-00035,Z07,60.9,brak,2026-05-11
IK-01-00035,Z02,67.9,częściowe,2025-01-11
IK-01-00035,Z08,19.2,pełne,2025-09-24
IK-01-00035,Z16,51.6,częściowe,2025-02-18
IK-01-00035,Z04,53.5,pełne,2025-07-25
IK-01-00036,Z07,17.1,pełne,2024-11-29
IK-01-00036,Z02,56.5,brak,2025-03-12
IK-01-00036,Z08,48.2,częściowe,2025-12-11
IK-01-00036,Z16,28.0,częściowe,2025-12-04
IK-01-00036,Z04,48.9,pełne,2026-02-07
IK-01-00037,Z07,35.3,pełne,2025-12-20
IK-01-00037,Z02,17.0,częściowe,2026-02-02
IK-01-00037,Z08,23.4,pełne,2025-09-24
IK-01-00037,Z16,37.3,częściowe,2025-07-05
IK-01-00037,Z04,16.6,brak,2024-12-12
IK-01-00038,Z07,35.1,częściowe,2025-12-28
IK-01-00038,Z02,27.6,częściowe,2025-07-02
IK-01-00038,Z08,15.5,brak,2026-05-03
IK-01-00038,Z16,49.6,pełne,2026-02-18
IK-01-00038,Z04,27.8,częściowe,2025-03-18
IK-01-00039,Z07,32.9,pełne,2025-08-20
IK-01-00039,Z02,68.2,brak,2024-12-17
IK-01-00039,Z08,46.2,pełne,2026-01-21
IK-01-00039,Z16,69.3,częściowe,2025-11-25
IK-01-00039,Z04,18.2,brak,2025-08-02
IK-01-00040,Z07,43.9,brak,2026-02-04
IK-01-00040,Z02,28.6,brak,2024-12-09
IK-01-00040,Z08,43.9,częściowe,2024-12-01
IK-01-00040,Z16,64.0,częściowe,2025-01-20
IK-01-00040,Z04,24.1,częściowe,2026-01-11
IK-01-00041,Z07,65.4,częściowe,2025-08-29
IK-01-00041,Z02,58.6,brak,2025-10-02
IK-01-00041,Z08,32.3,pełne,2025-07-07
IK-01-00041,Z16,49.8,częściowe,2026-06-12
IK-01-00041,Z04,29.5,częściowe,2025-04-17
IK-01-00042,Z07,31.2,pełne,2024-12-06
IK-01-00042,Z02,90.8,pełne,2025-02-17
IK-01-00042,Z08,22.9,częściowe,2025-12-10
IK-01-00042,Z16,28.2,brak,2026-06-14
IK-01-00042,Z04,21.8,pełne,2025-05-28
IK-01-00043,Z07,53.3,częściowe,2026-01-06
IK-01-00043,Z02,22.5,częściowe,2024-11-14
IK-01-00043,Z08,30.3,częściowe,2025-12-25
IK-01-00043,Z16,47.3,pełne,2026-01-04
IK-01-00043,Z04,50.6,pełne,2026-02-19
IK-01-00044,Z07,69.1,pełne,2024-11-03
IK-01-00044,Z02,32.6,brak,2025-02-06
IK-01-00044,Z08,28.7,częściowe,2026-04-06
IK-01-00044,Z16,48.6,brak,2025-09-20
IK-01-00044,Z04,59.9,brak,2026-02-23
IK-01-00045,Z07,40.5,częściowe,2025-03-19
IK-01-00045,Z02,82.6,częściowe,2026-08-18
IK-01-00045,Z08,69.6,częściowe,2025-05-03
IK-01-00045,Z16,45.8,częściowe,2025-03-21
IK-01-00045,Z04,21.7,brak,2025-02-19
IK-01-00046,Z07,48.8,pełne,2025-09-02
IK-01-00046,Z02,62.0,częściowe,2025-04-07
IK-01-00046,Z08,66.5,częściowe,2025-02-16
IK-01-00046,Z16,54.0,brak,2026-06-05
IK-01-00046,Z04,37.6,pełne,2025-10-01
IK-01-00047,Z07,41.2,pełne,2025-01-25
IK-01-00047,Z02,22.7,brak,2026-01-30
IK-01-00047,Z08,29.1,częściowe,2025-12-11
IK-01-00047,Z16,19.4,częściowe,2025-05-08
IK-01-00047,Z04,36.5,częściowe,2025-09-04
IK-01-00048,Z07,52.9,brak,2026-04-27
IK-01-00048,Z02,33.4,pełne,2025-12-20
IK-01-00048,Z08,61.0,częściowe,2025-09-01
IK-01-00048,Z16,44.0,brak,2025-06-04
IK-01-00048,Z04,47.8,brak,2026-02-02
IK-01-00049,Z07,68.6,częściowe,2026-04-05
IK-01-00049,Z02,34.0,brak,2025-08-01
IK-01-00049,Z08,57.4,brak,2026-02-04
IK-01-00049,Z16,68.2,częściowe,2025-06-27
IK-01-00049,Z04,23.7,częściowe,2025-01-27
IK-01-00050,Z07,53.4,częściowe,2024-10-18
IK-01-00050,Z02,48.8,brak,2026-04-23
IK-01-00050,Z08,23.3,częściowe,2025-03-22
IK-01-00050,Z16,29.1,częściowe,2026-06-26
IK-01-00050,Z04,42.1,brak,2026-06-05
IK-01-00051,Z07,43.2,pełne,2025-11-11
IK-01-00051,Z02,39.3,pełne,2024-12-15
IK-01-00051,Z08,54.6,pełne,2025-12-18
IK-01-00051,Z16,58.9,częściowe,2025-11-22
IK-01-00051,Z04,21.4,brak,2026-05-14
IK-01-00052,Z07,32.7,pełne,2026-06-15
IK-01-00052,Z02,69.8,brak,2025-11-10
IK-01-00052,Z08,50.8,pełne,2025-08-25
IK-01-00052,Z16,20.4,częściowe,2025-07-29
IK-01-00052,Z04,66.2,częściowe,2025-12-02
IK-01-00053,Z07,46.3,częściowe,2026-03-04
IK-01-00053,Z02,61.8,pełne,2026-07-17
IK-01-00053,Z08,20.9,brak,2026-03-15
IK-01-00053,Z16,23.3,częściowe,2025-06-28
IK-01-00053,Z04,63.0,częściowe,2025-10-14
IK-01-00054,Z07,29.2,częściowe,2024-10-28
IK-01-00054,Z02,61.6,pełne,2025-02-18
IK-01-00054,Z08,56.8,częściowe,2024-12-13
IK-01-00054,Z16,57.7,pełne,2026-02-25
IK-01-00054,Z04,18.8,częściowe,2025-05-02
IK-01-00055,Z07,34.6,brak,2026-05-12
IK-01-00055,Z02,26.5,częściowe,2026-01-27
IK-01-00055,Z08,40.3,częściowe,2026-01-10
IK-01-00055,Z16,43.9,częściowe,2026-02-28
IK-01-00055,Z04,41.4,brak,2024-10-11
IK-01-00056,Z07,22.2,częściowe,2026-08-20
IK-01-00056,Z02,96.5,brak,2025-04-09
IK-01-00056,Z08,66.2,pełne,2025-07-27
IK-01-00056,Z16,69.6,częściowe,2024-10-18
IK-01-00056,Z04,47.4,częściowe,2025-05-14
IK-01-00057,Z07,46.9,częściowe,2024-11-15
IK-01-00057,Z02,79.5,częściowe,2026-04-09
IK-01-00057,Z08,33.2,pełne,2025-02-10
IK-01-00057,Z16,25.6,częściowe,2026-02-16
IK-01-00057,Z04,56.5,pełne,2024-12-28
IK-01-00058,Z07,47.0,brak,2025-12-13
IK-01-00058,Z02,36.9,częściowe,2024-11-25
IK-01-00058,Z08,38.4,pełne,2025-10-29
IK-01-00058,Z16,46.7,pełne,2026-04-14
IK-01-00058,Z04,69.1,brak,2026-03-20
IK-01-00059,Z07,48.1,częściowe,2024-10-11
IK-01-00059,Z02,34.0,brak,2025-05-07
IK-01-00059,Z08,62.3,częściowe,2025-02-08
IK-01-00059,Z16,60.8,brak,2025-12-17
IK-01-00059,Z04,27.5,częściowe,2026-04-20
IK-01-00060,Z07,67.3,brak,2025-01-30
IK-01-00060,Z02,26.2,częściowe,2026-04-05
IK-01-00060,Z08,60.3,pełne,2026-08-03
IK-01-00060,Z16,47.1,pełne,2025-07-18
IK-01-00060,Z04,44.5,brak,2026-03-11
IK-01-00061,Z07,69.1,częściowe,2024-12-31
IK-01-00061,Z02,31.9,pełne,2024-11-18
IK-01-00061,Z08,52.9,pełne,2026-03-12
IK-01-00061,Z16,30.8,pełne,2025-09-10
IK-01-00061,Z04,22.9,częściowe,2025-05-04
IK-01-00062,Z07,16.3,brak,2026-05-30
IK-01-00062,Z02,50.1,brak,2026-02-26
IK-01-00062,Z08,47.2,częściowe,2026-02-21
IK-01-00062,Z16,56.6,częściowe,2025-09-04
IK-01-00062,Z04,39.4,brak,2026-08-22
IK-01-00063,Z07,29.9,częściowe,2025-12-17
IK-01-00063,Z02,22.9,brak,2025-07-01
IK-01-00063,Z08,46.4,pełne,2025-02-14
IK-01-00063,Z16,50.2,pełne,2025-07-20
IK-01-00063,Z04,20.6,częściowe,2026-01-05
IK-01-00064,Z07,39.0,pełne,2024-10-24
IK-01-00064,Z02,40.2,częściowe,2025-03-10
IK-01-00064,Z08,65.8,częściowe,2025-04-21
IK-01-00064,Z16,52.6,brak,2025-03-16
IK-01-00064,Z04,53.2,częściowe,2025-05-26
IK-01-00065,Z07,52.3,brak,2025-01-29
IK-01-00065,Z02,43.3,częściowe,2025-08-20
IK-01-00065,Z08,41.2,częściowe,2025-04-14
IK-01-00065,Z16,40.7,brak,2025-03-21
IK-01-00065,Z04,22.6,brak,2025-06-22
IK-01-00066,Z07,50.0,brak,2025-09-25
IK-01-00066,Z02,46.1,pełne,2026-01-05
IK-01-00066,Z08,36.0,częściowe,2025-06-28
IK-01-00066,Z16,24.6,częściowe,2025-12-08
IK-01-00066,Z04,17.1,częściowe,2025-04-19
IK-01-00067,Z07,29.0,pełne,2024-12-20
IK-01-00067,Z02,35.3,częściowe,2024-11-25
IK-01-00067,Z08,33.4,częściowe,2025-04-14
IK-01-00067,Z16,28.8,częściowe,2026-06-01
IK-01-00067,Z04,33.7,częściowe,2024-11-23
IK-01-00068,Z07,28.7,częściowe,2026-02-15
IK-01-00068,Z02,66.2,częściowe,2025-06-01
IK-01-00068,Z08,17.7,brak,2025-08-07
IK-01-00068,Z16,66.2,częściowe,2025-08-26
IK-01-00068,Z04,20.5,częściowe,2025-02-17
IK-01-00069,Z07,27.9,brak,2025-07-08
IK-01-00069,Z02,87.0,częściowe,2026-04-16
IK-01-00069,Z08,57.1,częściowe,2026-08-13
IK-01-00069,Z16,31.6,brak,2025-09-12
IK-01-00069,Z04,28.3,brak,2026-03-04
IK-01-00070,Z07,35.6,częściowe,2025-05-28
IK-01-00070,Z02,77.3,częściowe,2025-09-23
IK-01-00070,Z08,48.5,pełne,2025-03-05
IK-01-00070,Z16,27.2,pełne,2025-05-13
IK-01-00070,Z04,53.8,brak,2025-11-13
IK-01-00071,Z07,53.0,częściowe,2026-07-01
IK-01-00071,Z02,51.0,częściowe,2025-10-21
IK-01-00071,Z08,49.2,częściowe,2025-01-01
IK-01-00071,Z16,47.1,częściowe,2026-06-28
IK-01-00071,Z04,17.7,brak,2025-01-29
IK-01-00072,Z07,60.5,brak,2025-02-24
IK-01-00072,Z02,17.9,brak,2026-07-22
IK-01-00072,Z08,58.0,brak,2026-01-11
IK-01-00072,Z16,51.5,częściowe,2025-05-25
IK-01-00072,Z04,29.4,częściowe,2025-12-04
IK-01-00073,Z07,31.2,częściowe,2025-07-31
IK-01-00073,Z02,69.9,częściowe,2026-06-03
IK-01-00073,Z08,52.2,częściowe,2025-04-15
IK-01-00073,Z16,69.2,częściowe,2025-08-14
IK-01-00073,Z04,35.4,brak,2026-02-25
IK-01-00074,Z07,64.0,częściowe,2025-01-06
IK-01-00074,Z02,21.7,częściowe,2025-03-09
IK-01-00074,Z08,56.2,częściowe,2024-10-16
IK-01-00074,Z16,33.9,pełne,2025-01-08
IK-01-00074,Z04,18.9,częściowe,2025-11-22
IK-01-00075,Z07,58.1,częściowe,2025-08-15
IK-01-00075,Z02,33.8,brak,2026-01-29
IK-01-00075,Z08,43.4,brak,2026-06-24
IK-01-00075,Z16,26.4,pełne,2025-09-13
IK-01-00075,Z04,15.6,częściowe,2025-02-07
IK-01-00076,Z07,39.1,brak,2025-04-24
IK-01-00076,Z02,54.5,częściowe,2025-12-19
IK-01-00076,Z08,35.5,pełne,2025-12-03
IK-01-00076,Z16,64.9,częściowe,2026-03-24
IK-01-00076,Z04,36.1,brak,2026-02-22
IK-01-00077,Z07,34.5,brak,2026-08-22
IK-01-00077,Z02,95.7,brak,2026-04-14
IK-01-00077,Z08,20.3,częściowe,2024-11-06
IK-01-00077,Z16,21.3,częściowe,2025-04-26
IK-01-00077,Z04,23.7,częściowe,2024-10-11
IK-01-00078,Z07,49.6,częściowe,2025-04-11
IK-01-00078,Z02,34.4,pełne,2026-06-20
IK-01-00078,Z08,38.0,częściowe,2026-03-11
IK-01-00078,Z16,63.0,częściowe,2026-05-31
IK-01-00078,Z04,64.4,częściowe,2025-04-15
IK-01-00079,Z07,30.8,częściowe,2025-06-29
IK-01-00079,Z02,51.7,brak,2025-10-11
IK-01-00079,Z08,62.9,pełne,2026-06-09
IK-01-00079,Z16,17.7,pełne,2025-07-04
IK-01-00079,Z04,39.5,częściowe,2025-11-14
IK-01-00080,Z07,58.4,pełne,2025-01-13
IK-01-00080,Z02,67.6,częściowe,2024-10-24
IK-01-00080,Z08,23.9,częściowe,2025-03-31
IK-01-00080,Z16,26.1,częściowe,2025-12-31
IK-01-00080,Z04,21.3,brak,2026-01-01
IK-01-00081,Z07,53.1,częściowe,2025-02-10
IK-01-00081,Z02,25.8,częściowe,2025-12-23
IK-01-00081,Z08,28.0,pełne,2025-09-05
IK-01-00081,Z16,57.3,częściowe,2024-11-19
IK-01-00081,Z04,32.7,częściowe,2024-10-27
IK-01-00082,Z07,65.6,częściowe,2025-03-08
IK-01-00082,Z02,81.8,pełne,2025-11-30
IK-01-00082,Z08,58.3,brak,2026-04-26
IK-01-00082,Z16,18.0,brak,2025-05-19
IK-01-00082,Z04,19.3,częściowe,2026-02-10
IK-01-00083,Z07,28.6,częściowe,2025-06-07
IK-01-00083,Z02,35.0,brak,2026-01-22
IK-01-00083,Z08,22.8,częściowe,2026-03-17
IK-01-00083,Z16,67.9,częściowe,2025-07-01
IK-01-00083,Z04,21.3,pełne,2025-08-24
IK-01-00084,Z07,24.9,częściowe,2025-04-25
IK-01-00084,Z02,50.4,pełne,2025-10-05
IK-01-00084,Z08,63.8,brak,2026-05-05
IK-01-00084,Z16,16.3,częściowe,2025-11-11
IK-01-00084,Z04,51.0,brak,2026-03-29
IK-01-00085,Z07,52.1,brak,2024-12-29
IK-01-00085,Z02,28.5,brak,2025-10-16
IK-01-00085,Z08,49.2,pełne,2025-12-19
IK-01-00085,Z16,50.2,brak,2024-10-15
IK-01-00085,Z04,24.8,brak,2025-06-10
IK-01-00086,Z07,54.3,brak,2024-12-06
IK-01-00086,Z02,48.0,brak,2026-05-18
IK-01-00086,Z08,31.3,brak,2026-04-26
IK-01-00086,Z16,41.3,pełne,2025-06-18
IK-01-00086,Z04,34.3,brak,2025-07-13
IK-01-00087,Z07,50.6,częściowe,2025-08-04
IK-01-00087,Z02,60.1,pełne,2026-05-05
IK-01-00087,Z08,24.4,częściowe,2025-04-19
IK-01-00087,Z16,54.9,brak,2024-11-09
IK-01-00087,Z04,57.4,częściowe,2025-12-09
IK-01-00088,Z07,32.1,częściowe,2026-01-13
IK-01-00088,Z02,92.9,częściowe,2026-02-23
IK-01-00088,Z08,36.2,brak,2025-07-20
IK-01-00088,Z16,45.8,częściowe,2026-02-22
IK-01-00088,Z04,58.4,częściowe,2025-04-30
IK-01-00089,Z07,39.8,częściowe,2025-03-29
IK-01-00089,Z02,50.3,częściowe,2025-02-28
IK-01-00089,Z08,61.4,częściowe,2026-03-11
IK-01-00089,Z16,37.7,brak,2025-02-22
IK-01-00089,Z04,57.3,pełne,2026-01-30
IK-01-00090,Z07,51.5,brak,2025-07-07
IK-01-00090,Z02,27.5,brak,2025-04-16
IK-01-00090,Z08,21.4,częściowe,2025-03-14
IK-01-00090,Z16,25.7,częściowe,2026-03-06
IK-01-00090,Z04,56.9,częściowe,2025-12-28
IK-01-00091,Z07,37.8,częściowe,2026-08-01
IK-01-00091,Z02,65.5,częściowe,2025-06-28
IK-01-00091,Z08,54.2,pełne,2025-02-27
IK-01-00091,Z16,22.3,częściowe,2025-02-02
IK-01-00091,Z04,18.3,częściowe,2026-01-02
IK-01-00092,Z07,64.3,pełne,2026-03-13
IK-01-00092,Z02,55.1,częściowe,2026-08-10
IK-01-00092,Z08,65.1,brak,2025-12-08
IK-01-00092,Z16,51.0,brak,2026-07-22
IK-01-00092,Z04,19.8,częściowe,2025-02-23
IK-01-00093,Z07,60.7,częściowe,2025-06-24
IK-01-00093,Z02,19.7,brak,2025-09-24
IK-01-00093,Z08,17.1,częściowe,2026-01-02
IK-01-00093,Z16,47.3,częściowe,2025-08-02
IK-01-00093,Z04,25.0,częściowe,2025-10-27
IK-01-00094,Z07,36.7,częściowe,2026-01-27
IK-01-00094,Z02,15.6,częściowe,2024-12-15
IK-01-00094,Z08,60.6,częściowe,2024-10-30
IK-01-00094,Z16,28.8,częściowe,2026-05-19
IK-01-00094,Z04,48.5,brak,2025-01-24
IK-01-00095,Z07,24.8,częściowe,2026-01-14
IK-01-00095,Z02,20.3,pełne,2025-03-03
IK-01-00095,Z08,38.3,częściowe,2026-02-02
IK-01-00095,Z16,64.4,częściowe,2025-03-27
IK-01-00095,Z04,30.8,częściowe,2025-04-03
IK-01-00096,Z07,61.3,brak,2025-07-08
IK-01-00096,Z02,62.6,częściowe,2025-07-31
IK-01-00096,Z08,20.2,częściowe,2026-08-23
IK-01-00096,Z16,25.4,częściowe,2025-06-03
IK-01-00096,Z04,64.2,pełne,2026-08-17
IK-01-00097,Z07,18.7,częściowe,2025-03-07
IK-01-00097,Z02,31.8,częściowe,2024-12-07
IK-01-00097,Z08,19.1,częściowe,2024-10-16
IK-01-00097,Z16,55.0,częściowe,2025-12-10
IK-01-00097,Z04,22.4,częściowe,2025-10-07
IK-01-00098,Z07,24.7,brak,2024-11-10
IK-01-00098,Z02,64.4,pełne,2025-03-17
IK-01-00098,Z08,55.5,częściowe,2026-08-16
IK-01-00098,Z16,41.7,brak,2025-01-02
IK-01-00098,Z04,51.1,brak,2025-03-18
IK-01-00099,Z07,25.7,częściowe,2025-02-11
IK-01-00099,Z02,37.2,częściowe,2026-07-23
IK-01-00099,Z08,46.9,brak,2026-05-27
IK-01-00099,Z16,28.0,pełne,2025-01-20
IK-01-00099,Z04,31.6,brak,2025-12-17
IK-01-00100,Z07,54.8,brak,2026-01-05
IK-01-00100,Z02,21.9,częściowe,2025-10-08
IK-01-00100,Z08,47.5,częściowe,2025-09-02
IK-01-00100,Z16,43.7,częściowe,2025-09-07
IK-01-00100,Z04,38.9,brak,2025-08-18
IK-01-00101,Z07,69.2,brak,2026-04-29
IK-01-00101,Z02,61.0,częściowe,2025-10-21
IK-01-00101,Z08,45.5,częściowe,2025-01-02
IK-01-00101,Z16,59.7,częściowe,2025-07-03
IK-01-00101,Z04,69.0,częściowe,2025-12-13
IK-01-00102,Z07,47.0,częściowe,2026-05-21
IK-01-00102,Z02,25.0,częściowe,2025-05-19
IK-01-00102,Z08,64.4,brak,2026-07-24
IK-01-00102,Z16,69.6,brak,2024-11-09
IK-01-00102,Z04,37.3,częściowe,2025-05-10
IK-01-00103,Z07,56.6,brak,2026-05-04
IK-01-00103,Z02,65.3,brak,2024-10-18
IK-01-00103,Z08,62.5,pełne,2026-07-24
IK-01-00103,Z16,26.8,częściowe,2025-09-07
IK-01-00103,Z04,22.4,częściowe,2025-09-08
IK-01-00104,Z07,33.8,częściowe,2026-07-08
IK-01-00104,Z02,88.9,brak,2024-11-13
IK-01-00104,Z08,58.8,brak,2025-02-06
IK-01-00104,Z16,19.7,brak,2025-06-06
IK-01-00104,Z04,68.3,brak,2026-04-10
IK-01-00105,Z07,69.9,częściowe,2026-08-19
IK-01-00105,Z02,65.8,częściowe,2024-10-29
IK-01-00105,Z08,23.0,częściowe,2026-07-27
IK-01-00105,Z16,26.7,częściowe,2025-03-03
IK-01-00105,Z04,29.2,brak,2025-01-09
IK-01-00106,Z07,59.2,częściowe,2025-09-23
IK-01-00106,Z02,39.4,częściowe,2025-07-23
IK-01-00106,Z08,65.0,pełne,2026-03-24
IK-01-00106,Z16,30.7,brak,2024-12-04
IK-01-00106,Z04,57.1,częściowe,2025-03-14
IK-01-00107,Z07,20.0,brak,2026-08-24
IK-01-00107,Z02,22.2,pełne,2025-10-24
IK-01-00107,Z08,54.8,częściowe,2025-04-22
IK-01-00107,Z16,31.6,częściowe,2025-04-04
IK-01-00107,Z04,52.5,brak,2025-03-31
IK-01-00108,Z07,45.8,częściowe,2025-11-14
IK-01-00108,Z02,52.7,częściowe,2025-04-30
IK-01-00108,Z08,42.1,częściowe,2025-01-28
IK-01-00108,Z16,53.6,pełne,2025-10-25
IK-01-00108,Z04,40.7,pełne,2026-02-16
IK-01-00109,Z07,19.8,pełne,2025-05-21
IK-01-00109,Z02,35.5,częściowe,2025-09-29
IK-01-00109,Z08,65.7,brak,2025-02-22
IK-01-00109,Z16,69.7,częściowe,2026-02-27
IK-01-00109,Z04,26.6,pełne,2025-09-08
IK-01-00110,Z07,33.0,pełne,2025-07-11
IK-01-00110,Z02,64.5,pełne,2025-01-03
IK-01-00110,Z08,29.5,brak,2025-09-29
IK-01-00110,Z16,24.3,częściowe,2025-05-08
IK-01-00110,Z04,64.1,brak,2025-04-01
IK-01-00111,Z07,57.2,brak,2024-10-24
IK-01-00111,Z02,84.8,częściowe,2025-09-04
IK-01-00111,Z08,27.2,częściowe,2026-06-17
IK-01-00111,Z16,50.3,częściowe,2026-03-19
IK-01-00111,Z04,59.8,pełne,2025-02-07
IK-01-00112,Z07,21.8,częściowe,2025-05-04
IK-01-00112,Z02,40.4,brak,2026-06-15
IK-01-00112,Z08,65.6,pełne,2026-07-12
IK-01-00112,Z16,20.7,częściowe,2026-05-12
IK-01-00112,Z04,34.7,pełne,2024-12-09
IK-01-00113,Z07,47.2,częściowe,2025-09-18
IK-01-00113,Z02,60.9,częściowe,2025-04-30
IK-01-00113,Z08,54.2,pełne,2026-03-04
IK-01-00113,Z16,29.4,brak,2025-09-14
IK-01-00113,Z04,26.0,brak,2025-01-26
IK-01-00114,Z07,37.0,pełne,2025-05-16
IK-01-00114,Z02,91.5,częściowe,2025-12-04
IK-01-00114,Z08,16.4,częściowe,2026-03-07
IK-01-00114,Z16,42.5,częściowe,2024-12-09
IK-01-00114,Z04,20.7,częściowe,2026-01-15
IK-01-00115,Z07,38.7,częściowe,2026-06-15
IK-01-00115,Z02,27.4,brak,2025-12-01
IK-01-00115,Z08,33.1,częściowe,2026-01-31
IK-01-00115,Z16,68.0,częściowe,2026-07-25
IK-01-00115,Z04,54.5,częściowe,2026-08-04
IK-01-00116,Z07,46.1,częściowe,2026-04-22
IK-01-00116,Z02,85.3,częściowe,2025-01-21
IK-01-00116,Z08,62.8,częściowe,2025-07-07
IK-01-00116,Z16,64.0,częściowe,2025-09-05
IK-01-00116,Z04,43.3,brak,2026-08-07
IK-01-00117,Z07,40.2,brak,2025-03-19
IK-01-00117,Z02,64.9,pełne,2026-07-28
IK-01-00117,Z08,69.5,pełne,2025-07-23
IK-01-00117,Z16,30.0,częściowe,2025-04-26
IK-01-00117,Z04,18.6,częściowe,2025-07-17
IK-01-00118,Z07,48.3,pełne,2026-02-13
IK-01-00118,Z02,90.6,częściowe,2026-08-21
IK-01-00118,Z08,26.7,częściowe,2024-10-22
IK-01-00118,Z16,69.6,częściowe,2025-08-06
IK-01-00118,Z04,38.0,pełne,2025-09-17
IK-01-00119,Z07,25.8,brak,2026-06-03
IK-01-00119,Z02,56.0,częściowe,2026-07-07
IK-01-00119,Z08,51.9,częściowe,2025-12-15
IK-01-00119,Z16,26.9,częściowe,2025-03-18
IK-01-00119,Z04,56.1,pełne,2025-07-04
IK-01-00120,Z07,36.9,częściowe,2025-06-21
IK-01-00120,Z02,24.5,częściowe,2025-07-18
IK-01-00120,Z08,65.0,brak,2025-05-27
IK-01-00120,Z16,59.1,częściowe,2025-11-16
IK-01-00120,Z04,23.3,brak,2024-10-20
IK-01-00121,Z07,50.6,pełne,2025-03-13
IK-01-00121,Z02,80.4,częściowe,2025-12-25
IK-01-00121,Z08,51.4,brak,2026-03-26
IK-01-00121,Z16,45.4,brak,2025-03-06
IK-01-00121,Z04,53.5,pełne,2025-10-13
IK-01-00122,Z07,42.5,częściowe,2025-12-27
IK-01-00122,Z02,23.9,brak,2025-03-15
IK-01-00122,Z08,40.0,częściowe,2026-07-20
IK-01-00122,Z16,68.7,częściowe,2026-04-06
IK-01-00122,Z04,64.3,częściowe,2024-12-01
IK-01-00123,Z07,35.0,częściowe,2025-10-04
IK-01-00123,Z02,66.5,brak,2025-03-30
IK-01-00123,Z08,18.3,częściowe,2026-07-07
IK-01-00123,Z16,35.5,pełne,2025-10-24
IK-01-00123,Z04,61.3,częściowe,2024-12-31
IK-01-00124,Z07,69.9,pełne,2025-07-26
IK-01-00124,Z02,18.1,brak,2025-10-28
IK-01-00124,Z08,45.4,częściowe,2026-01-23
IK-01-00124,Z16,27.1,częściowe,2026-04-09
IK-01-00124,Z04,53.2,częściowe,2024-10-31
IK-01-00125,Z07,48.4,pełne,2025-06-02
IK-01-00125,Z02,58.5,brak,2026-05-24
IK-01-00125,Z08,68.4,pełne,2026-03-07
IK-01-00125,Z16,46.1,częściowe,2025-02-22
IK-01-00125,Z04,52.6,pełne,2026-06-17
IK-01-00126,Z07,17.0,częściowe,2025-08-26
IK-01-00126,Z02,77.8,brak,2025-04-03
IK-01-00126,Z08,65.4,częściowe,2026-01-23
IK-01-00126,Z16,56.1,częściowe,2024-10-18
IK-01-00126,Z04,29.0,brak,2025-08-13
IK-01-00127,Z07,60.3,częściowe,2024-11-12
IK-01-00127,Z02,45.0,częściowe,2025-08-24
IK-01-00127,Z08,25.4,brak,2025-07-04
IK-01-00127,Z16,34.6,pełne,2025-10-29
IK-01-00127,Z04,31.1,częściowe,2024-11-06
IK-01-00128,Z07,61.2,pełne,2025-10-05
IK-01-00128,Z02,32.4,częściowe,2025-08-05
IK-01-00128,Z08,63.5,brak,2026-03-10
IK-01-00128,Z16,57.5,częściowe,2025-08-15
IK-01-00128,Z04,52.4,częściowe,2025-08-03
IK-01-00129,Z07,19.7,częściowe,2026-03-29
IK-01-00129,Z02,64.0,częściowe,2025-04-07
IK-01-00129,Z08,41.0,brak,2026-02-01
IK-01-00129,Z16,46.3,brak,2025-01-26
IK-01-00129,Z04,17.0,częściowe,2025-03-07
IK-01-00130,Z07,22.0,pełne,2026-08-17
IK-01-00130,Z02,68.0,częściowe,2025-08-18
IK-01-00130,Z08,17.3,pełne,2024-11-08
IK-01-00130,Z16,35.3,częściowe,2024-11-14
IK-01-00130,Z04,45.4,częściowe,2024-11-15
IK-01-00131,Z07,58.6,pełne,2025-11-16
IK-01-00131,Z02,20.7,pełne,2026-04-08
IK-01-00131,Z08,33.2,częściowe,2025-02-08
IK-01-00131,Z16,66.1,brak,2025-05-08
IK-01-00131,Z04,57.9,częściowe,2025-09-08
IK-01-00132,Z07,35.5,częściowe,2025-11-18
IK-01-00132,Z02,84.9,częściowe,2024-11-21
IK-01-00132,Z08,30.7,częściowe,2025-10-17
IK-01-00132,Z16,52.9,częściowe,2025-07-25
IK-01-00132,Z04,36.3,brak,2026-05-13
IK-01-00133,Z07,56.4,częściowe,2026-05-01
IK-01-00133,Z02,22.3,brak,2025-05-20
IK-01-00133,Z08,34.7,pełne,2025-08-05
IK-01-00133,Z16,27.8,brak,2025-11-28
IK-01-00133,Z04,26.0,pełne,2026-03-22
IK-01-00134,Z07,33.4,częściowe,2025-09-11
IK-01-00134,Z02,88.0,częściowe,2024-11-18
IK-01-00134,Z08,47.5,brak,2024-11-09
IK-01-00134,Z16,60.2,częściowe,2025-07-20
IK-01-00134,Z04,38.4,pełne,2024-12-10
IK-01-00135,Z07,24.6,pełne,2026-02-04
IK-01-00135,Z02,52.6,częściowe,2026-02-15
IK-01-00135,Z08,32.7,częściowe,2026-05-28
IK-01-00135,Z16,22.7,brak,2026-05-28
IK-01-00135,Z04,33.4,częściowe,2025-06-28
IK-01-00136,Z07,65.5,częściowe,2026-05-18
IK-01-00136,Z02,15.4,częściowe,2024-12-08
IK-01-00136,Z08,66.1,częściowe,2026-03-19
IK-01-00136,Z16,59.4,częściowe,2026-03-17
IK-01-00136,Z04,63.3,brak,2024-11-30
IK-01-00137,Z07,38.1,brak,2025-02-12
IK-01-00137,Z02,81.3,brak,2026-06-23
IK-01-00137,Z08,21.3,brak,2025-02-07
IK-01-00137,Z16,16.4,częściowe,2025-03-14
IK-01-00137,Z04,27.0,częściowe,2025-08-08
IK-01-00138,Z07,28.2,częściowe,2025-06-02
IK-01-00138,Z02,18.6,częściowe,2026-04-23
IK-01-00138,Z08,31.7,częściowe,2025-05-15
IK-01-00138,Z16,65.4,brak,2026-01-16
IK-01-00138,Z04,34.2,brak,2026-07-13
IK-01-00139,Z07,64.4,brak,2025-08-13
IK-01-00139,Z02,63.2,częściowe,2026-07-02
IK-01-00139,Z08,61.0,brak,2025-03-06
IK-01-00139,Z16,45.7,częściowe,2026-05-27
IK-01-00139,Z04,21.5,częściowe,2026-04-15
IK-01-00140,Z07,69.2,częściowe,2024-11-28
IK-01-00140,Z02,34.1,brak,2026-01-26
IK-01-00140,Z08,30.1,częściowe,2024-11-05
IK-01-00140,Z16,48.1,częściowe,2025-03-30
IK-01-00140,Z04,16.2,częściowe,2026-03-13
IK-01-00141,Z07,34.3,częściowe,2026-08-19
IK-01-00141,Z02,25.6,brak,2025-10-27
IK-01-00141,Z08,43.4,brak,2026-08-08
IK-01-00141,Z16,59.8,pełne,2024-11-26
IK-01-00141,Z04,37.7,częściowe,2025-05-04
IK-01-00142,Z07,62.7,brak,2025-11-11
IK-01-00142,Z02,46.4,brak,2026-04-23
IK-01-00142,Z08,30.2,częściowe,2025-11-12
IK-01-00142,Z16,66.6,brak,2025-12-21
IK-01-00142,Z04,32.9,częściowe,2025-09-25
IK-01-00143,Z07,64.5,brak,2024-10-14
IK-01-00143,Z02,79.5,brak,2025-05-17
IK-01-00143,Z08,68.8,częściowe,2025-07-12
IK-01-00143,Z16,50.0,brak,2025-01-05
IK-01-00143,Z04,68.6,częściowe,2025-01-06
IK-01-00144,Z07,42.6,pełne,2025-10-28
IK-01-00144,Z02,47.8,częściowe,2025-12-13
IK-01-00144,Z08,53.6,częściowe,2025-03-09
IK-01-00144,Z16,65.5,brak,2026-01-10
IK-01-00144,Z04,46.3,częściowe,2025-10-07
IK-01-00145,Z07,37.8,częściowe,2025-05-31
IK-01-00145,Z02,54.5,częściowe,2025-03-03
IK-01-00145,Z08,67.5,częściowe,2025-09-01
IK-01-00145,Z16,45.8,brak,2024-10-31
IK-01-00145,Z04,17.1,częściowe,2025-10-21
IK-01-00146,Z07,50.7,częściowe,2025-07-20
IK-01-00146,Z02,18.7,częściowe,2025-04-24
IK-01-00146,Z08,62.7,brak,2026-04-24
IK-01-00146,Z16,38.8,częściowe,2025-06-16
IK-01-00146,Z04,32.8,brak,2024-12-01
IK-01-00147,Z07,68.9,brak,2026-03-28
IK-01-00147,Z02,56.2,pełne,2025-05-21
IK-01-00147,Z08,48.0,brak,2026-01-05
IK-01-00147,Z16,55.0,brak,2025-08-18
IK-01-00147,Z04,26.0,brak,2025-04-20
IK-01-00148,Z07,67.3,brak,2025-09-26
IK-01-00148,Z02,95.3,pełne,2025-09-20
IK-01-00148,Z08,58.2,częściowe,2025-02-23
IK-01-00148,Z16,65.9,brak,2025-07-25
IK-01-00148,Z04,20.0,pełne,2025-03-20
IK-01-00149,Z07,46.7,brak,2026-08-15
IK-01-00149,Z02,24.8,pełne,2026-07-30
IK-01-00149,Z08,52.3,częściowe,2025-03-10
IK-01-00149,Z16,15.8,częściowe,2024-12-02
IK-01-00149,Z04,56.6,brak,2026-06-30
IK-01-00150,Z07,60.3,częściowe,2025-10-16
IK-01-00150,Z02,49.8,pełne,2024-10-28
IK-01-00150,Z08,38.4,częściowe,2025-07-19
IK-01-00150,Z16,34.2,częściowe,2026-03-13
IK-01-00150,Z04,52.0,częściowe,2025-09-15
IK-01-00151,Z07,35.8,pełne,2026-08-12
IK-01-00151,Z02,47.8,częściowe,2025-09-25
IK-01-00151,Z08,15.2,częściowe,2025-03-09
IK-01-00151,Z16,25.1,brak,2026-04-01
IK-01-00151,Z04,63.0,brak,2026-06-02
IK-01-00152,Z07,24.9,częściowe,2024-12-17
IK-01-00152,Z02,82.4,brak,2025-08-06
IK-01-00152,Z08,37.6,częściowe,2025-08-15
IK-01-00152,Z16,40.8,brak,2025-01-24
IK-01-00152,Z04,30.9,brak,2025-05-10
IK-01-00153,Z07,16.2,brak,2026-01-06
IK-01-00153,Z02,95.9,częściowe,2025-09-15
IK-01-00153,Z08,33.8,brak,2025-05-02
IK-01-00153,Z16,41.4,częściowe,2026-08-11
IK-01-00153,Z04,32.7,brak,2026-04-07
IK-01-00154,Z07,53.8,pełne,2025-05-12
IK-01-00154,Z02,81.8,częściowe,2024-10-23
IK-01-00154,Z08,17.6,częściowe,2025-01-15
IK-01-00154,Z16,40.9,częściowe,2026-08-05
IK-01-00154,Z04,38.0,pełne,2024-11-14
IK-01-00155,Z07,69.0,częściowe,2025-07-13
IK-01-00155,Z02,37.5,częściowe,2025-04-25
IK-01-00155,Z08,52.5,pełne,2025-09-18
IK-01-00155,Z16,61.7,częściowe,2024-11-15
IK-01-00155,Z04,25.7,brak,2025-09-05
IK-01-00156,Z07,27.5,brak,2025-02-13
IK-01-00156,Z02,82.1,częściowe,2026-07-14
IK-01-00156,Z08,32.2,częściowe,2025-07-16
IK-01-00156,Z16,61.6,częściowe,2026-05-22
IK-01-00156,Z04,21.6,pełne,2026-01-14
IK-01-00157,Z07,42.4,częściowe,2025-12-02
IK-01-00157,Z02,30.2,brak,2025-06-17
IK-01-00157,Z08,64.2,brak,2025-12-29
IK-01-00157,Z16,47.8,częściowe,2026-07-14
IK-01-00157,Z04,61.3,częściowe,2025-06-20
IK-01-00158,Z07,50.8,pełne,2025-02-16
IK-01-00158,Z02,17.3,częściowe,2025-02-06
IK-01-00158,Z08,41.5,brak,2026-07-01
IK-01-00158,Z16,67.0,brak,2025-05-13
IK-01-00158,Z04,61.9,pełne,2026-07-03
IK-01-00159,Z07,59.7,częściowe,2026-02-21
IK-01-00159,Z02,23.3,częściowe,2024-11-10
IK-01-00159,Z08,20.8,częściowe,2026-06-04
IK-01-00159,Z16,43.5,częściowe,2025-12-09
IK-01-00159,Z04,62.2,częściowe,2025-09-05
IK-01-00160,Z07,32.6,brak,2024-12-03
IK-01-00160,Z02,60.3,brak,2026-06-18
IK-01-00160,Z08,37.7,częściowe,2025-01-29
IK-01-00160,Z16,40.2,brak,2026-07-29
IK-01-00160,Z04,63.2,brak,2024-12-30
IK-01-00161,Z07,67.9,częściowe,2026-07-14
IK-01-00161,Z02,41.8,brak,2025-07-02
IK-01-00161,Z08,60.5,brak,2025-12-23
IK-01-00161,Z16,63.0,brak,2026-07-01
IK-01-00161,Z04,26.9,częściowe,2025-11-01
IK-01-00162,Z07,52.7,brak,2025-10-08
IK-01-00162,Z02,16.5,częściowe,2025-01-15
IK-01-00162,Z08,31.1,częściowe,2025-12-01
IK-01-00162,Z16,18.8,brak,2025-03-28
IK-01-00162,Z04,23.8,częściowe,2026-05-02
IK-01-00163,Z07,56.3,pełne,2026-04-13
IK-01-00163,Z02,77.6,częściowe,2025-11-21
IK-01-00163,Z08,54.8,pełne,2026-02-01
IK-01-00163,Z16,39.1,brak,2026-03-26
IK-01-00163,Z04,51.2,częściowe,2025-05-11
IK-01-00164,Z07,18.3,częściowe,2024-11-05
IK-01-00164,Z02,27.2,brak,2026-03-12
IK-01-00164,Z08,63.6,częściowe,2026-03-26
IK-01-00164,Z16,45.3,częściowe,2025-10-20
IK-01-00164,Z04,40.3,pełne,2025-03-29
IK-01-00165,Z07,41.0,częściowe,2025-09-20
IK-01-00165,Z02,24.1,brak,2024-10-27
IK-01-00165,Z08,36.9,częściowe,2025-09-25
IK-01-00165,Z16,29.3,częściowe,2024-10-18
IK-01-00165,Z04,21.1,brak,2026-08-13
IK-01-00166,Z07,61.0,brak,2026-02-04
IK-01-00166,Z02,69.8,pełne,2026-03-08
IK-01-00166,Z08,69.4,pełne,2025-06-25
IK-01-00166,Z16,24.8,częściowe,2024-10-25
IK-01-00166,Z04,47.6,częściowe,2025-06-21
IK-01-00167,Z07,22.2,brak,2026-01-19
IK-01-00167,Z02,44.5,pełne,2025-06-30
IK-01-00167,Z08,56.6,częściowe,2025-05-12
IK-01-00167,Z16,27.3,brak,2025-02-03
IK-01-00167,Z04,21.1,częściowe,2025-03-12
IK-01-00168,Z07,55.7,brak,2024-11-30
IK-01-00168,Z02,85.4,częściowe,2024-12-14
IK-01-00168,Z08,23.9,pełne,2025-02-08
IK-01-00168,Z16,15.1,brak,2026-04-22
IK-01-00168,Z04,20.1,pełne,2025-08-16
IK-01-00169,Z07,67.9,pełne,2026-07-10
IK-01-00169,Z02,89.8,brak,2026-04-08
IK-01-00169,Z08,24.1,brak,2026-06-08
IK-01-00169,Z16,27.7,częściowe,2026-08-08
IK-01-00169,Z04,44.8,częściowe,2025-03-24
IK-01-00170,Z07,66.7,brak,2026-05-31
IK-01-00170,Z02,58.1,częściowe,2025-11-16
IK-01-00170,Z08,21.2,częściowe,2026-03-25
IK-01-00170,Z16,18.7,częściowe,2026-01-28
IK-01-00170,Z04,63.5,brak,2025-02-10
IK-01-00171,Z07,43.9,brak,2024-11-02
IK-01-00171,Z02,92.0,częściowe,2025-08-04
IK-01-00171,Z08,63.1,częściowe,2025-04-07
IK-01-00171,Z16,64.5,częściowe,2026-01-22
IK-01-00171,Z04,28.3,częściowe,2025-06-01
IK-01-00172,Z07,61.8,pełne,2026-03-28
IK-01-00172,Z02,43.6,brak,2026-04-26
IK-01-00172,Z08,20.6,pełne,2026-07-21
IK-01-00172,Z16,30.8,częściowe,2025-12-29
IK-01-00172,Z04,69.8,pełne,2026-04-25
IK-01-00173,Z07,54.5,częściowe,2024-12-22
IK-01-00173,Z02,59.4,częściowe,2025-10-29
IK-01-00173,Z08,31.2,częściowe,2026-01-22
IK-01-00173,Z16,35.1,częściowe,2026-08-06
IK-01-00173,Z04,34.7,częściowe,2025-09-06
IK-01-00174,Z07,49.7,częściowe,2026-05-22
IK-01-00174,Z02,36.3,brak,2025-06-18
IK-01-00174,Z08,48.2,pełne,2026-02-02
IK-01-00174,Z16,54.7,częściowe,2024-12-31
IK-01-00174,Z04,63.7,częściowe,2024-10-16
IK-01-00175,Z07,15.9,częściowe,2024-11-07
IK-01-00175,Z02,45.0,brak,2026-05-14
IK-01-00175,Z08,40.5,pełne,2025-07-02
IK-01-00175,Z16,59.8,częściowe,2025-01-05
IK-01-00175,Z04,44.1,częściowe,2025-09-12
IK-01-00176,Z07,34.8,częściowe,2024-11-13
IK-01-00176,Z02,50.9,brak,2026-05-20
IK-01-00176,Z08,43.0,częściowe,2025-05-06
IK-01-00176,Z16,26.9,częściowe,2025-06-24
IK-01-00176,Z04,23.9,częściowe,2026-05-11
IK-01-00177,Z07,36.3,częściowe,2025-06-24
IK-01-00177,Z02,32.1,częściowe,2025-05-23
IK-01-00177,Z08,62.3,częściowe,2026-04-23
IK-01-00177,Z16,40.0,częściowe,2025-07-13
IK-01-00177,Z04,32.7,brak,2026-06-13
IK-01-00178,Z07,45.3,pełne,2026-06-09
IK-01-00178,Z02,35.8,brak,2025-10-09
IK-01-00178,Z08,55.8,pełne,2024-11-04
IK-01-00178,Z16,22.4,częściowe,2026-03-09
IK-01-00178,Z04,63.1,częściowe,2025-08-10
IK-01-00179,Z07,66.7,częściowe,2024-10-14
IK-01-00179,Z02,59.9,częściowe,2024-11-25
IK-01-00179,Z08,30.2,częściowe,2025-08-09
IK-01-00179,Z16,54.0,częściowe,2025-06-18
IK-01-00179,Z04,60.9,częściowe,2026-03-23
IK-01-00180,Z07,44.2,częściowe,2024-12-26
IK-01-00180,Z02,32.8,pełne,2025-03-30
IK-01-00180,Z08,65.7,brak,2025-08-30
IK-01-00180,Z16,43.9,pełne,2026-05-07
IK-01-00180,Z04,38.9,pełne,2026-05-21
IK-01-00181,Z07,56.9,brak,2025-04-08
IK-01-00181,Z02,38.2,pełne,2024-10-28
IK-01-00181,Z08,58.8,brak,2026-04-05
IK-01-00181,Z16,35.0,częściowe,2026-02-20
IK-01-00181,Z04,31.4,pełne,2026-08-04
IK-01-00182,Z07,65.5,częściowe,2025-05-18
IK-01-00182,Z02,60.0,częściowe,2024-11-01
IK-01-00182,Z08,44.4,częściowe,2025-07-15
IK-01-00182,Z16,61.8,częściowe,2025-10-01
IK-01-00182,Z04,57.9,częściowe,2024-11-21
IK-01-00183,Z07,51.1,częściowe,2025-06-01
IK-01-00183,Z02,41.8,brak,2025-02-26
IK-01-00183,Z08,38.3,częściowe,2026-05-31
IK-01-00183,Z16,45.4,częściowe,2024-11-04
IK-01-00183,Z04,46.6,brak,2025-01-14
IK-01-00184,Z07,43.3,częściowe,2026-06-06
IK-01-00184,Z02,35.8,pełne,2026-08-05
IK-01-00184,Z08,68.1,częściowe,2026-02-15
IK-01-00184,Z16,66.1,częściowe,2024-10-26
IK-01-00184,Z04,34.2,brak,2024-10-25
IK-01-00185,Z07,50.8,częściowe,2026-05-12
IK-01-00185,Z02,78.7,brak,2026-01-27
IK-01-00185,Z08,47.1,częściowe,2026-04-27
IK-01-00185,Z16,31.1,pełne,2026-02-09
IK-01-00185,Z04,38.2,brak,2026-02-20
IK-01-00186,Z07,64.4,brak,2026-08-10
IK-01-00186,Z02,87.8,częściowe,2025-05-20
IK-01-00186,Z08,36.0,częściowe,2026-07-10
IK-01-00186,Z16,17.4,brak,2026-03-22
IK-01-00186,Z04,62.8,brak,2024-10-11
IK-01-00187,Z07,61.9,brak,2025-12-01
IK-01-00187,Z02,93.7,częściowe,2026-04-06
IK-01-00187,Z08,35.8,częściowe,2024-12-14
IK-01-00187,Z16,38.1,częściowe,2026-08-02
IK-01-00187,Z04,64.1,pełne,2025-01-28
IK-01-00188,Z07,19.8,brak,2026-06-10
IK-01-00188,Z02,47.9,pełne,2025-05-07
IK-01-00188,Z08,36.4,pełne,2026-03-23
IK-01-00188,Z16,37.0,brak,2024-11-10
IK-01-00188,Z04,16.6,częściowe,2025-05-03
IK-01-00189,Z07,51.3,częściowe,2024-10-21
IK-01-00189,Z02,43.2,częściowe,2025-09-23
IK-01-00189,Z08,53.9,częściowe,2025-11-30
IK-01-00189,Z16,52.2,pełne,2025-06-12
IK-01-00189,Z04,31.4,częściowe,2025-01-19
IK-01-00190,Z07,48.9,częściowe,2025-01-18
IK-01-00190,Z02,84.5,częściowe,2026-05-23
IK-01-00190,Z08,58.4,pełne,2026-03-11
IK-01-00190,Z16,30.3,pełne,2026-02-17
IK-01-00190,Z04,66.4,brak,2025-07-25
IK-01-00191,Z07,45.3,częściowe,2025-06-10
IK-01-00191,Z02,68.2,częściowe,2026-07-30
IK-01-00191,Z08,46.0,pełne,2026-02-12
IK-01-00191,Z16,42.3,brak,2026-04-23
IK-01-00191,Z04,35.3,brak,2025-11-04
IK-01-00192,Z07,41.6,częściowe,2025-11-11
IK-01-00192,Z02,78.0,częściowe,2025-06-20
IK-01-00192,Z08,54.5,brak,2025-05-30
IK-01-00192,Z16,68.9,brak,2025-04-09
IK-01-00192,Z04,26.0,częściowe,2026-01-22
IK-01-00193,Z07,66.4,brak,2025-11-17
IK-01-00193,Z02,81.7,częściowe,2024-11-12
IK-01-00193,Z08,68.4,częściowe,2025-02-21
IK-01-00193,Z16,27.0,częściowe,2025-07-22
IK-01-00193,Z04,60.4,częściowe,2025-03-02
IK-01-00194,Z07,18.2,częściowe,2025-09-30
IK-01-00194,Z02,57.8,brak,2025-06-30
IK-01-00194,Z08,62.1,brak,2025-02-12
IK-01-00194,Z16,23.9,brak,2024-11-08
IK-01-00194,Z04,58.5,częściowe,2026-01-07
IK-01-00195,Z07,56.9,częściowe,2025-07-29
IK-01-00195,Z02,45.1,brak,2024-12-27
IK-01-00195,Z08,32.1,częściowe,2024-10-15
IK-01-00195,Z16,31.2,brak,2025-11-17
IK-01-00195,Z04,50.3,brak,2026-03-30
IK-01-00196,Z07,46.2,częściowe,2025-09-21
IK-01-00196,Z02,78.0,częściowe,2025-05-13
IK-01-00196,Z08,17.6,brak,2024-12-21
IK-01-00196,Z16,28.5,pełne,2026-01-29
IK-01-00196,Z04,37.6,pełne,2026-06-01
IK-01-00197,Z07,67.0,częściowe,2025-10-07
IK-01-00197,Z02,42.1,pełne,2025-02-05
IK-01-00197,Z08,37.1,brak,2025-03-19
IK-01-00197,Z16,42.0,częściowe,2026-07-30
IK-01-00197,Z04,29.0,brak,2025-08-15
IK-01-00198,Z07,61.5,brak,2026-08-25
IK-01-00198,Z02,95.5,brak,2025-11-18
IK-01-00198,Z08,42.3,brak,2025-10-09
IK-01-00198,Z16,45.8,brak,2026-02-15
IK-01-00198,Z04,26.3,brak,2024-12-29
IK-01-00199,Z07,18.8,częściowe,2025-06-03
IK-01-00199,Z02,86.8,częściowe,2025-05-28
IK-01-00199,Z08,63.8,brak,2026-02-13
IK-01-00199,Z16,35.8,brak,2024-12-13
IK-01-00199,Z04,52.9,pełne,2025-04-25
IK-01-00200,Z07,45.6,częściowe,2025-09-22
IK-01-00200,Z02,59.7,częściowe,2026-07-05
IK-01-00200,Z08,20.0,brak,2026-02-15
IK-01-00200,Z16,52.5,brak,2025-03-06
IK-01-00200,Z04,31.4,częściowe,2026-01-28
IK-01-00201,Z07,21.9,częściowe,2026-05-03
IK-01-00201,Z02,60.9,częściowe,2024-11-12
IK-01-00201,Z08,55.2,pełne,2025-05-27
IK-01-00201,Z16,16.6,brak,2025-08-18
IK-01-00201,Z04,68.4,częściowe,2025-07-05
IK-01-00202,Z07,54.3,częściowe,2026-04-13
IK-01-00202,Z02,45.1,częściowe,2026-07-29
IK-01-00202,Z08,40.1,częściowe,2026-02-14
IK-01-00202,Z16,46.7,częściowe,2025-10-10
IK-01-00202,Z04,56.0,częściowe,2025-05-02
IK-01-00203,Z07,16.9,częściowe,2024-10-11
IK-01-00203,Z02,54.6,brak,2025-01-06
IK-01-00203,Z08,58.0,częściowe,2026-05-04
IK-01-00203,Z16,53.2,częściowe,2025-12-31
IK-01-00203,Z04,48.7,częściowe,2025-11-18
IK-01-00204,Z07,24.2,pełne,2026-01-06
IK-01-00204,Z02,91.2,pełne,2025-02-19
IK-01-00204,Z08,62.7,częściowe,2026-01-01
IK-01-00204,Z16,62.8,brak,2024-10-20
IK-01-00204,Z04,22.0,pełne,2025-03-21
IK-01-00205,Z07,43.2,częściowe,2025-08-27
IK-01-00205,Z02,29.3,pełne,2024-10-22
IK-01-00205,Z08,17.0,pełne,2026-05-03
IK-01-00205,Z16,29.7,brak,2025-09-04
IK-01-00205,Z04,55.7,brak,2026-04-17
IK-01-00206,Z07,38.7,częściowe,2024-11-18
IK-01-00206,Z02,58.9,pełne,2025-11-03
IK-01-00206,Z08,51.9,częściowe,2025-04-22
IK-01-00206,Z16,16.8,brak,2026-06-01
IK-01-00206,Z04,57.8,częściowe,2025-04-16
IK-01-00207,Z07,19.1,częściowe,2025-10-30
IK-01-00207,Z02,40.5,pełne,2024-12-11
IK-01-00207,Z08,57.4,częściowe,2025-11-17
IK-01-00207,Z16,59.0,częściowe,2025-05-04
IK-01-00207,Z04,16.2,brak,2025-04-27
IK-01-00208,Z07,32.5,częściowe,2025-06-11
IK-01-00208,Z02,35.7,pełne,2026-05-20
IK-01-00208,Z08,46.4,częściowe,2026-05-25
IK-01-00208,Z16,54.7,częściowe,2026-08-07
IK-01-00208,Z04,23.6,pełne,2026-03-12
IK-01-00209,Z07,67.3,pełne,2026-07-08
IK-01-00209,Z02,33.1,częściowe,2026-03-13
IK-01-00209,Z08,63.5,częściowe,2025-10-17
IK-01-00209,Z16,33.2,brak,2025-11-12
IK-01-00209,Z04,18.8,częściowe,2026-05-18
IK-01-00210,Z07,55.5,częściowe,2025-03-04
IK-01-00210,Z02,30.0,częściowe,2025-12-10
IK-01-00210,Z08,18.2,częściowe,2025-07-04
IK-01-00210,Z16,27.8,pełne,2025-10-18
IK-01-00210,Z04,67.1,pełne,2025-02-16
IK-01-00211,Z07,57.4,częściowe,2026-04-23
IK-01-00211,Z02,51.7,częściowe,2025-04-19
IK-01-00211,Z08,19.0,częściowe,2024-12-06
IK-01-00211,Z16,52.1,brak,2025-08-10
IK-01-00211,Z04,57.0,częściowe,2025-04-12
IK-01-00212,Z07,33.1,częściowe,2025-04-25
IK-01-00212,Z02,46.9,częściowe,2026-03-19
IK-01-00212,Z08,42.2,pełne,2025-02-18
IK-01-00212,Z16,37.7,pełne,2025-01-01
IK-01-00212,Z04,45.1,częściowe,2026-06-25
IK-01-00213,Z07,54.0,częściowe,2025-04-13
IK-01-00213,Z02,56.4,brak,2025-12-26
IK-01-00213,Z08,69.6,częściowe,2026-07-18
IK-01-00213,Z16,49.2,brak,2026-04-05
IK-01-00213,Z04,33.5,pełne,2026-05-25
IK-01-00214,Z07,45.7,pełne,2026-03-12
IK-01-00214,Z02,36.1,pełne,2025-11-26
IK-01-00214,Z08,51.5,częściowe,2025-06-27
IK-01-00214,Z16,37.7,pełne,2025-02-10
IK-01-00214,Z04,65.2,pełne,2026-08-16
IK-01-00215,Z07,67.9,częściowe,2025-09-07
IK-01-00215,Z02,62.4,częściowe,2026-02-18
IK-01-00215,Z08,65.2,brak,2024-10-15
IK-01-00215,Z16,41.7,brak,2026-03-27
IK-01-00215,Z04,19.4,pełne,2025-10-26
IK-01-00216,Z07,31.9,częściowe,2025-10-25
IK-01-00216,Z02,24.0,brak,2026-01-12
IK-01-00216,Z08,22.1,pełne,2025-08-10
IK-01-00216,Z16,34.4,brak,2026-03-12
IK-01-00216,Z04,52.4,pełne,2025-01-11
IK-01-00217,Z07,59.3,częściowe,2025-11-14
IK-01-00217,Z02,45.9,częściowe,2026-03-19
IK-01-00217,Z08,31.1,częściowe,2025-08-14
IK-01-00217,Z16,48.5,częściowe,2025-10-19
IK-01-00217,Z04,35.9,częściowe,2024-11-03
IK-01-00218,Z07,47.3,pełne,2025-08-28
IK-01-00218,Z02,72.5,częściowe,2026-02-04
IK-01-00218,Z08,63.6,częściowe,2026-06-25
IK-01-00218,Z16,69.2,pełne,2025-09-30
IK-01-00218,Z04,34.4,częściowe,2026-05-17
IK-01-00219,Z07,33.3,częściowe,2024-11-05
IK-01-00219,Z02,31.9,częściowe,2025-07-14
IK-01-00219,Z08,67.6,częściowe,2025-01-06
IK-01-00219,Z16,41.4,brak,2026-04-22
IK-01-00219,Z04,27.1,częściowe,2025-06-03
IK-01-00220,Z07,26.0,pełne,2025-11-24
IK-01-00220,Z02,19.8,brak,2026-04-25
IK-01-00220,Z08,47.0,częściowe,2024-12-16
IK-01-00220,Z16,51.9,pełne,2024-11-12
IK-01-00220,Z04,23.7,częściowe,2025-11-22
IK-01-00221,Z07,68.3,częściowe,2025-07-04
IK-01-00221,Z02,55.7,częściowe,2026-01-05
IK-01-00221,Z08,64.7,częściowe,2025-05-09
IK-01-00221,Z16,37.6,pełne,2025-08-07
IK-01-00221,Z04,29.1,częściowe,2024-10-18
IK-01-00222,Z07,19.0,brak,2026-07-22
IK-01-00222,Z02,51.9,brak,2026-03-01
IK-01-00222,Z08,56.7,częściowe,2024-12-03
IK-01-00222,Z16,31.9,brak,2024-11-26
IK-01-00222,Z04,26.2,częściowe,2026-06-09
IK-01-00223,Z07,62.2,częściowe,2025-01-26
IK-01-00223,Z02,44.9,brak,2026-03-07
IK-01-00223,Z08,69.7,pełne,2026-01-20
IK-01-00223,Z16,26.9,częściowe,2024-10-10
IK-01-00223,Z04,67.7,brak,2026-03-04
IK-01-00224,Z07,60.8,częściowe,2026-01-26
IK-01-00224,Z02,28.0,częściowe,2026-03-01
IK-01-00224,Z08,59.2,częściowe,2026-07-30
IK-01-00224,Z16,40.1,częściowe,2026-06-28
IK-01-00224,Z04,34.5,częściowe,2024-10-19
IK-01-00225,Z07,35.2,brak,2025-01-18
IK-01-00225,Z02,72.5,częściowe,2025-08-03
IK-01-00225,Z08,49.9,częściowe,2025-09-16
IK-01-00225,Z16,27.3,częściowe,2026-03-12
IK-01-00225,Z04,19.8,częściowe,2026-02-23
IK-01-00226,Z07,31.7,pełne,2026-08-20
IK-01-00226,Z02,50.6,brak,2026-05-16
IK-01-00226,Z08,21.4,częściowe,2025-11-06
IK-01-00226,Z16,42.0,częściowe,2026-04-27
IK-01-00226,Z04,61.0,brak,2025-02-08
IK-01-00227,Z07,47.0,brak,2026-03-21
IK-01-00227,Z02,35.1,pełne,2025-08-12
IK-01-00227,Z08,41.9,częściowe,2025-02-13
IK-01-00227,Z16,38.8,pełne,2025-03-15
IK-01-00227,Z04,61.2,częściowe,2026-04-13
IK-01-00228,Z07,37.4,brak,2025-07-01
IK-01-00228,Z02,65.7,częściowe,2025-11-22
IK-01-00228,Z08,36.9,brak,2024-12-26
IK-01-00228,Z16,55.8,częściowe,2025-03-14
IK-01-00228,Z04,47.4,częściowe,2024-11-27
IK-01-00229,Z07,66.5,pełne,2026-03-02
IK-01-00229,Z02,89.0,pełne,2026-07-02
IK-01-00229,Z08,23.7,brak,2024-12-11
IK-01-00229,Z16,55.2,częściowe,2026-06-04
IK-01-00229,Z04,28.7,częściowe,2024-11-04
IK-01-00230,Z07,26.1,częściowe,2026-08-02
IK-01-00230,Z02,76.3,brak,2026-06-14
IK-01-00230,Z08,44.3,pełne,2025-08-28
IK-01-00230,Z16,39.7,częściowe,2026-04-02
IK-01-00230,Z04,15.9,częściowe,2025-04-01
IK-01-00231,Z07,63.9,brak,2024-11-19
IK-01-00231,Z02,67.0,częściowe,2024-10-16
IK-01-00231,Z08,29.6,pełne,2025-10-08
IK-01-00231,Z16,55.8,brak,2025-01-01
IK-01-00231,Z04,41.6,pełne,2026-06-10
IK-01-00232,Z07,27.5,brak,2024-10-17
IK-01-00232,Z02,47.2,częściowe,2026-01-21
IK-01-00232,Z08,29.1,pełne,2026-04-01
IK-01-00232,Z16,60.7,pełne,2025-05-19
IK-01-00232,Z04,54.3,brak,2025-06-16
IK-01-00233,Z07,34.7,częściowe,2025-08-10
IK-01-00233,Z02,80.2,pełne,2024-12-01
IK-01-00233,Z08,25.2,częściowe,2024-12-28
IK-01-00233,Z16,58.4,pełne,2026-02-25
IK-01-00233,Z04,33.3,częściowe,2025-11-13
IK-01-00234,Z07,36.3,częściowe,2026-01-17
IK-01-00234,Z02,33.0,pełne,2025-11-30
IK-01-00234,Z08,68.8,pełne,2025-09-02
IK-01-00234,Z16,67.1,brak,2025-01-22
IK-01-00234,Z04,48.2,brak,2024-11-24
IK-01-00235,Z07,69.2,częściowe,2025-02-04
IK-01-00235,Z02,25.9,częściowe,2025-12-18
IK-01-00235,Z08,64.8,częściowe,2024-12-29
IK-01-00235,Z16,36.4,częściowe,2025-02-11
IK-01-00235,Z04,28.2,częściowe,2025-08-06
IK-01-00236,Z07,38.8,brak,2025-12-15
IK-01-00236,Z02,81.7,częściowe,2025-06-17
IK-01-00236,Z08,25.1,częściowe,2025-09-30
IK-01-00236,Z16,55.3,pełne,2025-07-29
IK-01-00236,Z04,23.1,częściowe,2025-06-22
IK-01-00237,Z07,30.5,częściowe,2026-02-19
IK-01-00237,Z02,48.8,brak,2026-01-25
IK-01-00237,Z08,16.2,częściowe,2025-05-16
IK-01-00237,Z16,29.1,częściowe,2025-07-22
IK-01-00237,Z04,65.0,pełne,2025-01-05
IK-01-00238,Z07,45.8,brak,2025-02-08
IK-01-00238,Z02,78.6,pełne,2025-05-22
IK-01-00238,Z08,36.0,częściowe,2026-07-16
IK-01-00238,Z16,23.2,częściowe,2025-12-17
IK-01-00238,Z04,62.4,częściowe,2025-06-21
IK-01-00239,Z07,19.3,częściowe,2025-02-26
IK-01-00239,Z02,72.7,częściowe,2024-12-21
IK-01-00239,Z08,19.6,pełne,2025-05-01
IK-01-00239,Z16,47.6,brak,2026-08-25
IK-01-00239,Z04,29.8,częściowe,2025-01-25
IK-01-00240,Z07,55.1,brak,2025-10-09
IK-01-00240,Z02,38.1,częściowe,2025-08-03
IK-01-00240,Z08,61.1,częściowe,2026-04-13
IK-01-00240,Z16,26.3,pełne,2024-10-28
IK-01-00240,Z04,52.8,brak,2025-04-16
IK-01-00241,Z07,59.1,częściowe,2025-01-19
IK-01-00241,Z02,66.1,pełne,2025-10-24
IK-01-00241,Z08,21.7,częściowe,2024-12-11
IK-01-00241,Z16,53.9,pełne,2025-08-23
IK-01-00241,Z04,62.6,częściowe,2026-05-08
IK-01-00242,Z07,51.4,brak,2025-06-07
IK-01-00242,Z02,67.9,brak,2026-08-10
IK-01-00242,Z08,44.4,częściowe,2025-11-17
IK-01-00242,Z16,52.1,częściowe,2026-02-05
IK-01-00242,Z04,36.3,pełne,2026-02-23
IK-01-00243,Z07,52.8,brak,2025-12-28
IK-01-00243,Z02,86.2,częściowe,2025-11-28
IK-01-00243,Z08,53.2,częściowe,2024-10-23
IK-01-00243,Z16,68.4,częściowe,2026-05-07
IK-01-00243,Z04,69.7,brak,2026-06-16
IK-01-00244,Z07,26.5,częściowe,2025-05-24
IK-01-00244,Z02,44.8,brak,2025-06-18
IK-01-00244,Z08,18.1,brak,2026-06-19
IK-01-00244,Z16,31.7,częściowe,2025-06-21
IK-01-00244,Z04,67.7,częściowe,2026-03-26
IK-01-00245,Z07,56.1,częściowe,2025-07-30
IK-01-00245,Z02,56.9,brak,2025-04-24
IK-01-00245,Z08,34.8,częściowe,2025-08-01
IK-01-00245,Z16,46.9,częściowe,2024-10-14
IK-01-00245,Z04,26.5,pełne,2025-03-12
IK-01-00246,Z07,45.4,częściowe,2025-05-21
IK-01-00246,Z02,48.5,brak,2024-11-15
IK-01-00246,Z08,47.2,częściowe,2026-02-24
IK-01-00246,Z16,19.1,pełne,2025-11-14
IK-01-00246,Z04,48.3,częściowe,2025-02-13
IK-01-00247,Z07,51.5,częściowe,2025-07-15
IK-01-00247,Z02,69.3,częściowe,2025-07-27
IK-01-00247,Z08,19.5,brak,2025-01-02
IK-01-00247,Z16,51.9,brak,2025-10-09
IK-01-00247,Z04,48.1,brak,2025-12-23
IK-01-00248,Z07,68.9,częściowe,2025-04-18
IK-01-00248,Z02,41.7,pełne,2026-02-28
IK-01-00248,Z08,42.4,brak,2025-02-25
IK-01-00248,Z16,55.7,częściowe,2026-07-09
IK-01-00248,Z04,39.9,pełne,2025-09-17
IK-01-00249,Z07,68.0,częściowe,2026-08-01
IK-01-00249,Z02,52.5,częściowe,2025-05-13
IK-01-00249,Z08,43.6,brak,2026-08-20
IK-01-00249,Z16,34.7,częściowe,2026-07-10
IK-01-00249,Z04,17.7,częściowe,2025-09-09
IK-01-00250,Z07,58.8,pełne,2025-04-05
IK-01-00250,Z02,16.7,częściowe,2024-12-26
IK-01-00250,Z08,64.6,częściowe,2025-09-18
IK-01-00250,Z16,20.8,brak,2026-02-01
IK-01-00250,Z04,21.5,częściowe,2025-12-24
IK-01-00251,Z07,42.4,częściowe,2026-04-23
IK-01-00251,Z02,36.6,pełne,2025-08-26
IK-01-00251,Z08,61.1,częściowe,2026-08-02
IK-01-00251,Z16,21.0,częściowe,2025-11-18
IK-01-00251,Z04,58.8,częściowe,2025-08-28
IK-01-00252,Z07,54.8,częściowe,2026-04-02
IK-01-00252,Z02,38.9,pełne,2026-05-20
IK-01-00252,Z08,20.5,częściowe,2026-03-29
IK-01-00252,Z16,60.5,częściowe,2025-08-29
IK-01-00252,Z04,69.4,brak,2026-03-29
IK-01-00253,Z07,43.7,pełne,2025-09-16
IK-01-00253,Z02,46.1,częściowe,2025-04-14
IK-01-00253,Z08,69.9,pełne,2025-05-02
IK-01-00253,Z16,36.5,częściowe,2026-03-14
IK-01-00253,Z04,63.5,częściowe,2025-10-15
IK-01-00254,Z07,49.6,brak,2026-04-16
IK-01-00254,Z02,64.3,częściowe,2024-11-14
IK-01-00254,Z08,59.0,brak,2024-10-15
IK-01-00254,Z16,18.9,pełne,2026-08-20
IK-01-00254,Z04,52.8,częściowe,2025-08-02
IK-01-00255,Z07,31.8,brak,2026-01-03
IK-01-00255,Z02,65.1,częściowe,2025-05-19
IK-01-00255,Z08,50.5,częściowe,2026-03-11
IK-01-00255,Z16,56.7,brak,2025-09-21
IK-01-00255,Z04,31.3,częściowe,2025-03-11
IK-01-00256,Z07,42.9,częściowe,2025-05-25
IK-01-00256,Z02,84.3,brak,2026-05-01
IK-01-00256,Z08,17.9,brak,2025-11-14
IK-01-00256,Z16,49.2,częściowe,2025-10-07
IK-01-00256,Z04,34.5,brak,2024-10-25
IK-01-00257,Z07,49.4,brak,2026-01-13
IK-01-00257,Z02,48.2,częściowe,2025-04-17
IK-01-00257,Z08,64.5,pełne,2026-06-12
IK-01-00257,Z16,62.9,brak,2024-11-25
IK-01-00257,Z04,38.1,pełne,2025-10-16
IK-01-00258,Z07,37.0,częściowe,2026-05-22
IK-01-00258,Z02,43.8,brak,2026-01-19
IK-01-00258,Z08,61.1,brak,2026-07-27
IK-01-00258,Z16,63.7,pełne,2026-07-17
IK-01-00258,Z04,46.9,pełne,2025-06-18
IK-01-00259,Z07,36.3,częściowe,2025-09-15
IK-01-00259,Z02,77.2,częściowe,2024-10-25
IK-01-00259,Z08,67.9,brak,2025-05-02
IK-01-00259,Z16,33.0,częściowe,2025-01-30
IK-01-00259,Z04,45.7,częściowe,2025-07-19
IK-01-00260,Z07,63.2,pełne,2025-07-21
IK-01-00260,Z02,45.1,pełne,2026-05-30
IK-01-00260,Z08,47.6,częściowe,2025-11-12
IK-01-00260,Z16,68.5,częściowe,2025-06-29
IK-01-00260,Z04,50.6,częściowe,2026-07-21
IK-01-00261,Z07,19.5,częściowe,2025-09-07
IK-01-00261,Z02,53.3,brak,2026-02-26
IK-01-00261,Z08,54.1,brak,2026-06-22
IK-01-00261,Z16,44.7,brak,2025-01-31
IK-01-00261,Z04,59.1,pełne,2024-11-19
IK-01-00262,Z07,26.1,brak,2025-09-15
IK-01-00262,Z02,39.5,brak,2025-07-05
IK-01-00262,Z08,45.0,częściowe,2026-04-29
IK-01-00262,Z16,43.4,częściowe,2026-04-14
IK-01-00262,Z04,41.7,brak,2026-02-28
IK-01-00263,Z07,48.2,częściowe,2025-05-24
IK-01-00263,Z02,27.3,częściowe,2025-11-01
IK-01-00263,Z08,67.5,częściowe,2026-07-07
IK-01-00263,Z16,26.7,brak,2025-02-22
IK-01-00263,Z04,41.2,częściowe,2026-03-31
IK-01-00264,Z07,69.8,brak,2025-12-09
IK-01-00264,Z02,54.7,częściowe,2026-07-16
IK-01-00264,Z08,23.1,pełne,2025-06-07
IK-01-00264,Z16,25.5,częściowe,2024-12-01
IK-01-00264,Z04,39.7,pełne,2024-11-26
IK-01-00265,Z07,15.8,brak,2025-10-13
IK-01-00265,Z02,49.0,brak,2025-09-19
IK-01-00265,Z08,31.0,częściowe,2025-03-21
IK-01-00265,Z16,30.2,brak,2025-11-07
IK-01-00265,Z04,39.3,częściowe,2024-12-02
IK-01-00266,Z07,40.3,częściowe,2024-10-20
IK-01-00266,Z02,59.4,częściowe,2025-12-23
IK-01-00266,Z08,58.4,częściowe,2026-05-29
IK-01-00266,Z16,42.9,częściowe,2024-11-09
IK-01-00266,Z04,46.7,częściowe,2025-12-17
IK-01-00267,Z07,34.3,brak,2025-04-17
IK-01-00267,Z02,58.4,pełne,2025-02-17
IK-01-00267,Z08,27.6,częściowe,2024-12-23
IK-01-00267,Z16,22.6,częściowe,2025-11-03
IK-01-00267,Z04,15.3,częściowe,2025-01-13
IK-01-00268,Z07,45.8,pełne,2026-02-03
IK-01-00268,Z02,56.8,brak,2025-10-23
IK-01-00268,Z08,38.3,brak,2024-11-13
IK-01-00268,Z16,15.2,częściowe,2026-03-21
IK-01-00268,Z04,26.4,częściowe,2025-06-06
IK-01-00269,Z07,46.7,częściowe,2026-04-13
IK-01-00269,Z02,30.3,częściowe,2025-10-20
IK-01-00269,Z08,31.4,brak,2026-06-21
IK-01-00269,Z16,24.6,pełne,2026-01-03
IK-01-00269,Z04,53.8,częściowe,2025-08-12
IK-01-00270,Z07,54.5,brak,2025-11-28
IK-01-00270,Z02,47.0,częściowe,2026-01-19
IK-01-00270,Z08,32.7,brak,2026-03-23
IK-01-00270,Z16,65.8,brak,2026-03-04
IK-01-00270,Z04,21.2,pełne,2025-11-10
IK-01-00271,Z07,50.4,brak,2026-01-13
IK-01-00271,Z02,40.6,pełne,2026-01-03
IK-01-00271,Z08,26.4,częściowe,2025-10-15
IK-01-00271,Z16,47.2,brak,2026-08-17
IK-01-00271,Z04,38.9,częściowe,2025-05-12
IK-01-00272,Z07,65.8,pełne,2025-11-21
IK-01-00272,Z02,86.7,częściowe,2025-07-11
IK-01-00272,Z08,40.0,częściowe,2025-02-05
IK-01-00272,Z16,56.4,brak,2025-10-18
IK-01-00272,Z04,34.3,częściowe,2025-08-07
IK-01-00273,Z07,64.9,częściowe,2026-06-08
IK-01-00273,Z02,40.2,częściowe,2025-12-10
IK-01-00273,Z08,50.6,brak,2026-08-04
IK-01-00273,Z16,43.2,brak,2025-07-15
IK-01-00273,Z04,53.0,brak,2025-06-25
IK-01-00274,Z07,44.1,częściowe,2025-05-07
IK-01-00274,Z02,42.8,częściowe,2025-10-02
IK-01-00274,Z08,54.1,brak,2026-05-05
IK-01-00274,Z16,69.5,częściowe,2026-01-21
IK-01-00274,Z04,26.0,częściowe,2026-02-07
IK-01-00275,Z07,66.7,częściowe,2025-08-14
IK-01-00275,Z02,53.1,częściowe,2025-11-17
IK-01-00275,Z08,40.9,pełne,2025-06-19
IK-01-00275,Z16,33.4,częściowe,2025-08-05
IK-01-00275,Z04,57.4,częściowe,2025-04-05
IK-01-00276,Z07,41.5,brak,2025-09-14
IK-01-00276,Z02,45.8,częściowe,2025-01-24
IK-01-00276,Z08,60.0,częściowe,2024-11-21
IK-01-00276,Z16,18.3,częściowe,2026-02-01
IK-01-00276,Z04,23.5,brak,2025-12-22
IK-01-00277,Z07,65.2,częściowe,2026-03-24
IK-01-00277,Z02,87.4,brak,2026-03-10
IK-01-00277,Z08,57.2,pełne,2025-07-24
IK-01-00277,Z16,30.8,częściowe,2025-05-24
IK-01-00277,Z04,42.4,częściowe,2025-08-13
IK-01-00278,Z07,27.7,częściowe,2026-04-29
IK-01-00278,Z02,21.8,częściowe,2026-02-25
IK-01-00278,Z08,30.7,częściowe,2025-01-02
IK-01-00278,Z16,22.2,częściowe,2026-01-10
IK-01-00278,Z04,29.5,częściowe,2026-03-13
IK-01-00279,Z07,21.9,częściowe,2026-01-09
IK-01-00279,Z02,51.7,częściowe,2025-05-05
IK-01-00279,Z08,47.4,częściowe,2025-06-27
IK-01-00279,Z16,18.0,pełne,2025-01-07
IK-01-00279,Z04,48.4,częściowe,2024-10-20
IK-01-00280,Z07,54.4,częściowe,2025-07-19
IK-01-00280,Z02,32.9,pełne,2026-01-27
IK-01-00280,Z08,33.6,brak,2025-11-07
IK-01-00280,Z16,36.5,częściowe,2025-09-20
IK-01-00280,Z04,29.2,brak,2025-06-13
IK-01-00281,Z07,62.7,częściowe,2025-07-09
IK-01-00281,Z02,38.4,częściowe,2024-10-14
IK-01-00281,Z08,69.5,pełne,2025-06-03
IK-01-00281,Z16,16.1,częściowe,2025-09-29
IK-01-00281,Z04,64.6,brak,2026-02-19
IK-01-00282,Z07,18.3,brak,2026-01-07
IK-01-00282,Z02,25.1,brak,2025-05-02
IK-01-00282,Z08,27.8,częściowe,2025-04-16
IK-01-00282,Z16,55.3,brak,2026-01-18
IK-01-00282,Z04,65.1,częściowe,2025-02-02
IK-01-00283,Z07,64.8,pełne,2026-02-11
IK-01-00283,Z02,45.7,częściowe,2026-04-24
IK-01-00283,Z08,63.6,brak,2025-12-22
IK-01-00283,Z16,70.0,pełne,2026-03-12
IK-01-00283,Z04,55.5,częściowe,2024-11-10
IK-01-00284,Z07,32.1,pełne,2024-11-24
IK-01-00284,Z02,26.1,brak,2025-10-11
IK-01-00284,Z08,30.5,częściowe,2024-11-13
IK-01-00284,Z16,64.7,częściowe,2025-06-16
IK-01-00284,Z04,34.7,częściowe,2026-05-01
IK-01-00285,Z07,49.6,częściowe,2025-05-12
IK-01-00285,Z02,40.4,brak,2024-12-09
IK-01-00285,Z08,48.0,brak,2026-02-15
IK-01-00285,Z16,25.7,brak,2026-01-14
IK-01-00285,Z04,55.7,pełne,2025-10-08
IK-01-00286,Z07,62.5,brak,2025-04-09
IK-01-00286,Z02,23.3,częściowe,2024-12-29
IK-01-00286,Z08,49.4,częściowe,2026-07-16
IK-01-00286,Z16,41.9,częściowe,2024-11-07
IK-01-00286,Z04,28.1,pełne,2025-06-23
IK-01-00287,Z07,60.4,częściowe,2025-01-18
IK-01-00287,Z02,52.3,pełne,2025-10-25
IK-01-00287,Z08,25.7,pełne,2026-07-11
IK-01-00287,Z16,34.7,pełne,2026-07-23
IK-01-00287,Z04,38.4,częściowe,2025-07-01
IK-01-00288,Z07,28.2,brak,2025-11-04
IK-01-00288,Z02,40.7,częściowe,2025-09-17
IK-01-00288,Z08,30.8,brak,2025-09-13
IK-01-00288,Z16,33.3,pełne,2025-07-14
IK-01-00288,Z04,17.5,częściowe,2025-08-07
IK-01-00289,Z07,17.3,pełne,2025-08-02
IK-01-00289,Z02,90.7,brak,2025-11-02
IK-01-00289,Z08,47.3,częściowe,2026-06-22
IK-01-00289,Z16,33.1,brak,2026-08-08
IK-01-00289,Z04,19.8,częściowe,2025-05-26
IK-01-00290,Z07,32.1,brak,2024-12-13
IK-01-00290,Z02,36.0,częściowe,2026-01-13
IK-01-00290,Z08,26.9,brak,2025-03-04
IK-01-00290,Z16,26.4,pełne,2025-09-24
IK-01-00290,Z04,44.3,częściowe,2025-02-19
IK-01-00291,Z07,29.1,częściowe,2025-06-22
IK-01-00291,Z02,58.5,pełne,2026-05-09
IK-01-00291,Z08,26.2,pełne,2026-01-02
IK-01-00291,Z16,25.5,pełne,2025-09-23
IK-01-00291,Z04,35.7,częściowe,2024-12-29
IK-01-00292,Z07,15.6,częściowe,2026-06-29
IK-01-00292,Z02,46.7,brak,2025-03-27
IK-01-00292,Z08,25.4,brak,2025-08-01
IK-01-00292,Z16,25.9,częściowe,2026-07-29
IK-01-00292,Z04,39.6,częściowe,2025-03-14
IK-01-00293,Z07,48.2,pełne,2026-08-24
IK-01-00293,Z02,47.2,pełne,2026-02-15
IK-01-00293,Z08,38.0,pełne,2026-03-17
IK-01-00293,Z16,45.5,częściowe,2026-02-19
IK-01-00293,Z04,18.8,pełne,2026-04-13
IK-01-00294,Z07,39.4,pełne,2026-05-31
IK-01-00294,Z02,92.2,pełne,2026-04-17
IK-01-00294,Z08,22.4,pełne,2026-04-13
IK-01-00294,Z16,18.7,brak,2025-07-20
IK-01-00294,Z04,62.3,brak,2025-02-12
IK-01-00295,Z07,64.6,częściowe,2025-09-08
IK-01-00295,Z02,63.1,częściowe,2024-12-26
IK-01-00295,Z08,68.6,brak,2024-10-10
IK-01-00295,Z16,51.2,częściowe,2025-11-26
IK-01-00295,Z04,17.3,częściowe,2026-01-27
IK-01-00296,Z07,23.0,częściowe,2025-01-09
IK-01-00296,Z02,80.2,brak,2025-03-19
IK-01-00296,Z08,58.6,częściowe,2025-07-19
IK-01-00296,Z16,43.0,brak,2026-06-08
IK-01-00296,Z04,32.0,częściowe,2024-11-12
IK-01-00297,Z07,45.8,pełne,2026-03-07
IK-01-00297,Z02,45.3,częściowe,2025-01-15
IK-01-00297,Z08,44.4,pełne,2026-03-20
IK-01-00297,Z16,57.8,brak,2025-12-04
IK-01-00297,Z04,34.8,częściowe,2025-12-31
IK-01-00298,Z07,22.1,brak,2026-03-09
IK-01-00298,Z02,38.5,częściowe,2025-11-29
IK-01-00298,Z08,69.4,częściowe,2026-02-11
IK-01-00298,Z16,48.6,częściowe,2025-04-14
IK-01-00298,Z04,53.2,pełne,2024-10-15
IK-01-00299,Z07,61.6,częściowe,2025-03-04
IK-01-00299,Z02,53.0,brak,2026-06-10
IK-01-00299,Z08,21.5,pełne,2024-10-16
IK-01-00299,Z16,19.3,częściowe,2026-05-17
IK-01-00299,Z04,49.3,częściowe,2025-01-04
IK-01-00300,Z07,31.0,brak,2025-06-06
IK-01-00300,Z02,64.2,częściowe,2025-04-21
IK-01-00300,Z08,59.3,brak,2024-12-01
IK-01-00300,Z16,49.4,pełne,2025-03-18
IK-01-00300,Z04,36.6,częściowe,2025-07-12
IK-01-00301,Z07,40.1,brak,2025-11-28
IK-01-00301,Z02,67.6,częściowe,2026-05-21
IK-01-00301,Z08,47.4,brak,2026-01-06
IK-01-00301,Z16,26.1,częściowe,2025-12-08
IK-01-00301,Z04,37.4,częściowe,2025-02-14
IK-01-00302,Z07,58.9,brak,2026-05-03
IK-01-00302,Z02,54.7,częściowe,2026-01-22
IK-01-00302,Z08,52.7,pełne,2025-04-01
IK-01-00302,Z16,64.2,pełne,2025-10-03
IK-01-00302,Z04,43.9,pełne,2026-04-23
IK-01-00303,Z07,48.9,brak,2026-06-24
IK-01-00303,Z02,34.9,częściowe,2024-10-22
IK-01-00303,Z08,30.2,częściowe,2025-11-02
IK-01-00303,Z16,68.4,częściowe,2026-07-16
IK-01-00303,Z04,28.9,brak,2025-10-11
IK-01-00304,Z07,64.3,częściowe,2026-06-10
IK-01-00304,Z02,66.2,częściowe,2026-03-05
IK-01-00304,Z08,29.9,częściowe,2025-08-20
IK-01-00304,Z16,42.2,częściowe,2026-01-21
IK-01-00304,Z04,22.3,częściowe,2026-06-10
IK-01-00305,Z07,41.4,pełne,2026-06-19
IK-01-00305,Z02,22.9,brak,2025-01-24
IK-01-00305,Z08,50.4,pełne,2025-05-06
IK-01-00305,Z16,18.1,częściowe,2026-01-09
IK-01-00305,Z04,28.9,brak,2026-05-11
IK-01-00306,Z07,25.3,częściowe,2026-07-09
IK-01-00306,Z02,31.8,brak,2025-08-22
IK-01-00306,Z08,37.2,częściowe,2026-04-29
IK-01-00306,Z16,15.2,brak,2026-01-09
IK-01-00306,Z04,57.1,pełne,2026-08-06
IK-01-00307,Z07,57.7,częściowe,2026-07-03
IK-01-00307,Z02,69.1,częściowe,2025-12-06
IK-01-00307,Z08,30.0,brak,2025-03-31
IK-01-00307,Z16,39.4,częściowe,2025-03-31
IK-01-00307,Z04,33.8,częściowe,2025-11-01
IK-01-00308,Z07,27.6,brak,2026-02-09
IK-01-00308,Z02,51.4,częściowe,2026-02-06
IK-01-00308,Z08,64.8,częściowe,2026-08-05
IK-01-00308,Z16,29.0,częściowe,2026-01-16
IK-01-00308,Z04,36.5,brak,2025-09-30
IK-01-00309,Z07,67.2,częściowe,2026-01-11
IK-01-00309,Z02,88.5,brak,2026-05-02
IK-01-00309,Z08,30.5,brak,2025-04-28
IK-01-00309,Z16,16.5,częściowe,2025-08-17
IK-01-00309,Z04,64.6,częściowe,2025-06-19
IK-01-00310,Z07,21.8,częściowe,2025-01-28
IK-01-00310,Z02,55.1,częściowe,2025-05-25
IK-01-00310,Z08,65.7,częściowe,2026-07-15
IK-01-00310,Z16,21.6,brak,2025-08-08
IK-01-00310,Z04,62.2,częściowe,2025-12-23
IK-01-00311,Z07,26.4,częściowe,2025-11-25
IK-01-00311,Z02,51.7,brak,2024-11-28
IK-01-00311,Z08,41.1,pełne,2026-08-08
IK-01-00311,Z16,51.1,częściowe,2026-06-03
IK-01-00311,Z04,47.4,brak,2024-12-19
IK-01-00312,Z07,37.2,brak,2025-11-09
IK-01-00312,Z02,47.4,częściowe,2026-07-03
IK-01-00312,Z08,52.6,brak,2025-11-17
IK-01-00312,Z16,39.0,brak,2026-06-17
IK-01-00312,Z04,45.5,brak,2024-10-23
IK-01-00313,Z07,22.7,brak,2025-06-05
IK-01-00313,Z02,69.2,brak,2024-10-31
IK-01-00313,Z08,69.6,pełne,2026-05-15
IK-01-00313,Z16,33.9,częściowe,2026-01-28
IK-01-00313,Z04,15.3,częściowe,2025-06-27
IK-01-00314,Z07,54.0,częściowe,2024-12-25
IK-01-00314,Z02,30.5,pełne,2026-04-24
IK-01-00314,Z08,63.9,brak,2026-04-20
IK-01-00314,Z16,34.5,częściowe,2026-07-25
IK-01-00314,Z04,23.7,brak,2025-08-05
IK-01-00315,Z07,24.7,częściowe,2026-07-11
IK-01-00315,Z02,77.6,brak,2025-12-03
IK-01-00315,Z08,37.4,brak,2025-01-13
IK-01-00315,Z16,66.9,częściowe,2026-04-04
IK-01-00315,Z04,47.1,pełne,2025-04-08
IK-01-00316,Z07,27.1,częściowe,2026-07-27
IK-01-00316,Z02,39.7,brak,2025-02-19
IK-01-00316,Z08,52.8,pełne,2025-11-04
IK-01-00316,Z16,57.5,brak,2025-09-17
IK-01-00316,Z04,34.6,brak,2025-07-31
IK-01-00317,Z07,25.3,częściowe,2025-02-13
IK-01-00317,Z02,82.3,częściowe,2026-07-31
IK-01-00317,Z08,15.1,częściowe,2026-05-25
IK-01-00317,Z16,15.4,częściowe,2026-01-06
IK-01-00317,Z04,62.4,częściowe,2026-07-08
IK-01-00318,Z07,51.5,częściowe,2026-04-03
IK-01-00318,Z02,64.1,brak,2025-08-07
IK-01-00318,Z08,60.3,częściowe,2024-12-24
IK-01-00318,Z16,49.8,częściowe,2026-03-18
IK-01-00318,Z04,38.3,brak,2026-03-26
IK-01-00319,Z07,37.5,częściowe,2025-10-13
IK-01-00319,Z02,74.3,częściowe,2025-07-17
IK-01-00319,Z08,17.4,częściowe,2024-11-06
IK-01-00319,Z16,62.9,brak,2025-11-20
IK-01-00319,Z04,53.8,częściowe,2026-07-08
IK-01-00320,Z07,66.4,pełne,2026-01-28
IK-01-00320,Z02,51.1,częściowe,2025-10-18
IK-01-00320,Z08,60.3,częściowe,2025-01-28
IK-01-00320,Z16,49.2,częściowe,2024-10-13
IK-01-00320,Z04,39.7,brak,2024-11-20
IK-01-00321,Z07,58.2,brak,2024-12-27
IK-01-00321,Z02,90.3,częściowe,2026-04-08
IK-01-00321,Z08,29.9,brak,2026-03-29
IK-01-00321,Z16,16.2,brak,2025-07-19
IK-01-00321,Z04,44.0,częściowe,2026-06-06
IK-01-00322,Z07,35.1,częściowe,2025-03-22
IK-01-00322,Z02,55.7,brak,2025-11-09
IK-01-00322,Z08,66.4,pełne,2025-04-12
IK-01-00322,Z16,67.8,pełne,2025-05-28
IK-01-00322,Z04,32.8,pełne,2026-04-05
IK-01-00323,Z07,27.4,brak,2025-03-13
IK-01-00323,Z02,84.0,częściowe,2025-12-02
IK-01-00323,Z08,63.7,brak,2025-09-13
IK-01-00323,Z16,46.1,pełne,2025-04-15
IK-01-00323,Z04,28.7,częściowe,2025-11-19
IK-01-00324,Z07,19.5,częściowe,2026-03-09
IK-01-00324,Z02,19.6,częściowe,2025-10-28
IK-01-00324,Z08,66.8,częściowe,2025-03-20
IK-01-00324,Z16,61.6,częściowe,2025-04-24
IK-01-00324,Z04,19.6,brak,2024-11-22
IK-01-00325,Z07,34.6,brak,2026-07-07
IK-01-00325,Z02,20.4,częściowe,2026-03-16
IK-01-00325,Z08,28.0,częściowe,2025-08-21
IK-01-00325,Z16,41.6,pełne,2025-06-12
IK-01-00325,Z04,65.0,częściowe,2024-11-08
IK-01-00326,Z07,52.6,pełne,2026-05-27
IK-01-00326,Z02,47.3,częściowe,2025-10-30
IK-01-00326,Z08,40.8,częściowe,2025-04-05
IK-01-00326,Z16,16.9,częściowe,2024-11-16
IK-01-00326,Z04,26.6,częściowe,2025-11-30
IK-01-00327,Z07,32.0,brak,2026-08-13
IK-01-00327,Z02,95.1,częściowe,2026-03-25
IK-01-00327,Z08,23.1,częściowe,2025-08-09
IK-01-00327,Z16,30.7,częściowe,2025-12-02
IK-01-00327,Z04,21.3,pełne,2026-06-15
IK-01-00328,Z07,58.8,częściowe,2025-11-25
IK-01-00328,Z02,30.1,brak,2026-01-15
IK-01-00328,Z08,66.0,brak,2026-02-28
IK-01-00328,Z16,50.6,pełne,2026-01-05
IK-01-00328,Z04,16.7,częściowe,2026-02-12
IK-01-00329,Z07,69.5,pełne,2025-03-17
IK-01-00329,Z02,51.8,brak,2024-10-26
IK-01-00329,Z08,21.9,pełne,2026-08-10
IK-01-00329,Z16,39.9,brak,2025-04-17
IK-01-00329,Z04,17.6,pełne,2026-05-01
IK-01-00330,Z07,17.3,częściowe,2026-05-27
IK-01-00330,Z02,85.9,częściowe,2025-03-13
IK-01-00330,Z08,68.8,częściowe,2025-04-08
IK-01-00330,Z16,69.1,brak,2024-10-17
IK-01-00330,Z04,17.7,częściowe,2025-02-15
IK-01-00331,Z07,39.9,częściowe,2025-11-28
IK-01-00331,Z02,50.0,częściowe,2026-07-23
IK-01-00331,Z08,23.6,częściowe,2025-02-15
IK-01-00331,Z16,28.9,częściowe,2025-06-01
IK-01-00331,Z04,50.9,brak,2026-07-10
IK-01-00332,Z07,30.9,brak,2025-04-12
IK-01-00332,Z02,77.8,częściowe,2024-10-27
IK-01-00332,Z08,47.1,częściowe,2026-06-20
IK-01-00332,Z16,37.6,brak,2026-01-01
IK-01-00332,Z04,43.4,pełne,2025-02-03
IK-01-00333,Z07,29.0,częściowe,2025-03-04
IK-01-00333,Z02,62.5,częściowe,2025-08-31
IK-01-00333,Z08,28.0,częściowe,2025-02-14
IK-01-00333,Z16,63.0,brak,2026-06-04
IK-01-00333,Z04,62.4,pełne,2025-02-22
IK-01-00334,Z07,30.1,częściowe,2025-01-20
IK-01-00334,Z02,58.8,brak,2026-02-23
IK-01-00334,Z08,49.1,brak,2026-03-02
IK-01-00334,Z16,21.7,brak,2025-11-12
IK-01-00334,Z04,64.9,częściowe,2025-11-11
IK-01-00335,Z07,16.1,częściowe,2026-06-16
IK-01-00335,Z02,50.2,częściowe,2026-05-12
IK-01-00335,Z08,58.7,pełne,2024-10-25
IK-01-00335,Z16,56.9,brak,2025-10-30
IK-01-00335,Z04,68.5,brak,2024-11-20
IK-01-00336,Z07,39.4,pełne,2025-05-06
IK-01-00336,Z02,79.7,brak,2025-12-27
IK-01-00336,Z08,23.0,pełne,2026-06-21
IK-01-00336,Z16,39.1,pełne,2026-05-26
IK-01-00336,Z04,17.5,brak,2026-02-12
IK-01-00337,Z07,35.8,brak,2025-04-09
IK-01-00337,Z02,19.5,częściowe,2025-01-19
IK-01-00337,Z08,64.6,częściowe,2025-04-09
IK-01-00337,Z16,40.2,pełne,2026-05-08
IK-01-00337,Z04,64.0,częściowe,2025-04-05
IK-01-00338,Z07,47.2,pełne,2026-07-04
IK-01-00338,Z02,56.4,pełne,2024-11-19
IK-01-00338,Z08,17.2,brak,2025-07-27
IK-01-00338,Z16,45.0,brak,2025-06-17
IK-01-00338,Z04,37.3,pełne,2026-05-16
IK-01-00339,Z07,27.3,częściowe,2026-01-28
IK-01-00339,Z02,77.2,pełne,2025-03-25
IK-01-00339,Z08,50.3,częściowe,2025-08-10
IK-01-00339,Z16,39.0,brak,2025-02-19
IK-01-00339,Z04,65.4,częściowe,2025-08-24
IK-01-00340,Z07,22.0,częściowe,2026-03-29
IK-01-00340,Z02,23.4,brak,2026-02-23
IK-01-00340,Z08,49.1,brak,2024-12-08
IK-01-00340,Z16,21.4,brak,2025-07-05
IK-01-00340,Z04,31.8,częściowe,2025-12-02
IK-01-00341,Z07,63.2,pełne,2025-10-05
IK-01-00341,Z02,19.7,pełne,2025-12-26
IK-01-00341,Z08,15.6,częściowe,2025-03-05
IK-01-00341,Z16,23.3,częściowe,2025-07-30
IK-01-00341,Z04,69.6,częściowe,2026-07-03
IK-01-00342,Z07,43.6,pełne,2024-12-12
IK-01-00342,Z02,53.5,brak,2025-10-18
IK-01-00342,Z08,16.1,częściowe,2026-04-11
IK-01-00342,Z16,16.5,częściowe,2025-06-29
IK-01-00342,Z04,24.3,brak,2025-08-02
IK-01-00343,Z07,54.3,częściowe,2025-10-05
IK-01-00343,Z02,67.9,częściowe,2025-05-02
IK-01-00343,Z08,57.5,brak,2025-12-08
IK-01-00343,Z16,34.0,częściowe,2025-08-04
IK-01-00343,Z04,67.7,pełne,2025-10-30
IK-01-00344,Z07,26.0,częściowe,2026-04-20
IK-01-00344,Z02,49.7,częściowe,2025-10-07
IK-01-00344,Z08,19.6,częściowe,2024-10-19
IK-01-00344,Z16,69.4,częściowe,2026-07-22
IK-01-00344,Z04,50.1,brak,2025-11-30
IK-01-00345,Z07,52.6,częściowe,2024-12-14
IK-01-00345,Z02,65.5,częściowe,2025-08-09
IK-01-00345,Z08,32.8,częściowe,2025-05-16
IK-01-00345,Z16,44.9,pełne,2025-04-09
IK-01-00345,Z04,57.2,brak,2026-04-03
IK-01-00346,Z07,36.5,częściowe,2025-01-10
IK-01-00346,Z02,91.7,pełne,2024-11-22
IK-01-00346,Z08,30.4,brak,2026-05-26
IK-01-00346,Z16,46.6,częściowe,2026-07-31
IK-01-00346,Z04,62.0,częściowe,2026-04-19
IK-01-00347,Z07,30.5,pełne,2024-10-30
IK-01-00347,Z02,54.8,pełne,2026-01-12
IK-01-00347,Z08,21.4,częściowe,2025-12-08
IK-01-00347,Z16,16.5,brak,2025-05-30
IK-01-00347,Z04,52.9,brak,2025-04-18
IK-01-00348,Z07,57.0,częściowe,2025-11-26
IK-01-00348,Z02,17.8,częściowe,2025-04-11
IK-01-00348,Z08,34.1,częściowe,2024-12-10
IK-01-00348,Z16,36.4,częściowe,2026-01-06
IK-01-00348,Z04,22.1,częściowe,2026-04-30
IK-01-00349,Z07,18.0,brak,2025-07-21
IK-01-00349,Z02,90.2,częściowe,2026-06-13
IK-01-00349,Z08,20.6,brak,2025-05-20
IK-01-00349,Z16,20.0,brak,2026-05-29
IK-01-00349,Z04,41.9,częściowe,2026-04-09
IK-01-00350,Z07,23.0,brak,2026-03-27
IK-01-00350,Z02,86.8,brak,2025-06-08
IK-01-00350,Z08,57.8,pełne,2026-04-26
IK-01-00350,Z16,47.8,pełne,2026-05-26
IK-01-00350,Z04,33.1,brak,2025-03-23
IK-01-00351,Z07,36.6,częściowe,2025-01-15
IK-01-00351,Z02,48.3,brak,2024-10-23
IK-01-00351,Z08,23.3,pełne,2026-04-11
IK-01-00351,Z16,55.9,częściowe,2025-04-23
IK-01-00351,Z04,68.1,częściowe,2025-03-17
IK-01-00352,Z07,47.4,brak,2025-08-16
IK-01-00352,Z02,85.9,częściowe,2025-06-07
IK-01-00352,Z08,60.3,częściowe,2026-07-30
IK-01-00352,Z16,53.2,pełne,2026-02-05
IK-01-00352,Z04,52.4,pełne,2025-05-15
IK-01-00353,Z07,27.0,brak,2025-04-08
IK-01-00353,Z02,44.0,brak,2026-07-26
IK-01-00353,Z08,44.7,częściowe,2026-08-03
IK-01-00353,Z16,52.3,pełne,2025-01-18
IK-01-00353,Z04,33.1,pełne,2026-07-29
IK-01-00354,Z07,44.3,częściowe,2025-09-05
IK-01-00354,Z02,53.5,częściowe,2026-03-25
IK-01-00354,Z08,48.9,brak,2025-03-27
IK-01-00354,Z16,62.0,częściowe,2025-09-27
IK-01-00354,Z04,60.1,brak,2026-01-19
IK-01-00355,Z07,16.9,częściowe,2025-01-15
IK-01-00355,Z02,32.0,brak,2025-01-30
IK-01-00355,Z08,53.2,brak,2025-10-16
IK-01-00355,Z16,35.7,częściowe,2025-04-25
IK-01-00355,Z04,27.6,brak,2025-02-18
IK-01-00356,Z07,31.9,pełne,2025-03-27
IK-01-00356,Z02,32.8,częściowe,2026-03-17
IK-01-00356,Z08,53.0,brak,2025-06-10
IK-01-00356,Z16,15.3,brak,2026-04-23
IK-01-00356,Z04,60.3,brak,2025-09-16
IK-01-00357,Z07,37.2,częściowe,2025-11-14
IK-01-00357,Z02,49.1,częściowe,2025-12-28
IK-01-00357,Z08,25.6,częściowe,2025-02-05
IK-01-00357,Z16,27.8,pełne,2024-11-30
IK-01-00357,Z04,53.2,częściowe,2026-04-03
IK-01-00358,Z07,54.2,częściowe,2025-05-19
IK-01-00358,Z02,61.2,częściowe,2025-04-26
IK-01-00358,Z08,64.7,pełne,2025-09-01
IK-01-00358,Z16,48.6,częściowe,2025-12-26
IK-01-00358,Z04,20.0,pełne,2024-11-04
IK-01-00359,Z07,61.4,brak,2025-07-02
IK-01-00359,Z02,63.8,pełne,2025-06-22
IK-01-00359,Z08,34.3,częściowe,2024-12-28
IK-01-00359,Z16,43.2,brak,2025-06-04
IK-01-00359,Z04,56.8,częściowe,2026-07-10
IK-01-00360,Z07,64.1,częściowe,2025-05-31
IK-01-00360,Z02,86.6,pełne,2025-05-28
IK-01-00360,Z08,45.7,brak,2025-01-20
IK-01-00360,Z16,38.5,brak,2025-12-10
IK-01-00360,Z04,57.5,brak,2025-10-09
IK-01-00361,Z07,66.7,częściowe,2026-07-14
IK-01-00361,Z02,28.7,częściowe,2026-04-08
IK-01-00361,Z08,25.6,brak,2025-08-03
IK-01-00361,Z16,18.4,częściowe,2026-04-18
IK-01-00361,Z04,58.9,pełne,2025-02-07
IK-01-00362,Z07,38.4,częściowe,2026-01-05
IK-01-00362,Z02,62.6,częściowe,2025-09-04
IK-01-00362,Z08,45.0,częściowe,2024-12-06
IK-01-00362,Z16,20.4,pełne,2025-05-09
IK-01-00362,Z04,65.2,brak,2025-10-17
IK-01-00363,Z07,64.6,częściowe,2025-07-25
IK-01-00363,Z02,80.1,częściowe,2026-01-15
IK-01-00363,Z08,59.8,brak,2026-08-10
IK-01-00363,Z16,22.1,pełne,2024-11-22
IK-01-00363,Z04,31.1,częściowe,2025-12-06
IK-01-00364,Z07,35.3,częściowe,2025-08-06
IK-01-00364,Z02,68.9,pełne,2025-05-03
IK-01-00364,Z08,61.1,pełne,2025-11-22
IK-01-00364,Z16,25.9,częściowe,2024-10-12
IK-01-00364,Z04,55.2,brak,2024-10-21
IK-01-00365,Z07,15.8,brak,2025-08-31
IK-01-00365,Z02,86.8,częściowe,2026-04-29
IK-01-00365,Z08,60.9,częściowe,2026-02-03
IK-01-00365,Z16,46.8,pełne,2025-03-06
IK-01-00365,Z04,48.9,pełne,2026-04-19
IK-01-00366,Z07,39.9,brak,2024-11-17
IK-01-00366,Z02,74.4,częściowe,2026-01-12
IK-01-00366,Z08,24.4,częściowe,2026-06-29
IK-01-00366,Z16,67.7,brak,2026-08-11
IK-01-00366,Z04,65.1,częściowe,2025-03-23
IK-01-00367,Z07,33.7,brak,2025-09-28
IK-01-00367,Z02,18.3,częściowe,2026-05-03
IK-01-00367,Z08,39.1,częściowe,2026-01-06
IK-01-00367,Z16,17.3,częściowe,2024-10-29
IK-01-00367,Z04,66.0,częściowe,2025-12-29
IK-01-00368,Z07,18.2,pełne,2026-02-17
IK-01-00368,Z02,24.5,częściowe,2026-03-30
IK-01-00368,Z08,52.4,częściowe,2026-06-19
IK-01-00368,Z16,67.6,brak,2026-07-05
IK-01-00368,Z04,18.9,pełne,2024-10-17
IK-01-00369,Z07,45.1,pełne,2025-07-04
IK-01-00369,Z02,30.4,częściowe,2025-11-01
IK-01-00369,Z08,44.6,częściowe,2025-12-05
IK-01-00369,Z16,28.2,częściowe,2026-03-10
IK-01-00369,Z04,67.5,częściowe,2025-04-03
IK-01-00370,Z07,57.1,częściowe,2025-03-31
IK-01-00370,Z02,82.6,brak,2025-12-18
IK-01-00370,Z08,22.5,brak,2025-12-06
IK-01-00370,Z16,68.5,częściowe,2026-04-27
IK-01-00370,Z04,42.9,częściowe,2025-05-20
IK-01-00371,Z07,49.6,częściowe,2025-03-28
IK-01-00371,Z02,28.8,pełne,2024-10-11
IK-01-00371,Z08,63.3,brak,2025-12-06
IK-01-00371,Z16,15.3,brak,2026-06-18
IK-01-00371,Z04,65.2,częściowe,2024-10-11
IK-01-00372,Z07,52.7,brak,2026-06-27
IK-01-00372,Z02,82.3,pełne,2024-10-27
IK-01-00372,Z08,32.8,częściowe,2024-10-16
IK-01-00372,Z16,20.1,częściowe,2026-03-05
IK-01-00372,Z04,68.0,brak,2026-03-11
IK-01-00373,Z07,66.5,brak,2025-07-29
IK-01-00373,Z02,45.0,pełne,2026-02-06
IK-01-00373,Z08,47.5,częściowe,2024-12-24
IK-01-00373,Z16,49.3,pełne,2024-10-24
IK-01-00373,Z04,61.7,częściowe,2026-01-24
IK-01-00374,Z07,42.1,brak,2026-05-18
IK-01-00374,Z02,73.0,częściowe,2025-12-04
IK-01-00374,Z08,67.0,pełne,2025-11-03
IK-01-00374,Z16,57.9,częściowe,2025-04-04
IK-01-00374,Z04,41.9,pełne,2026-05-22
IK-01-00375,Z07,40.3,częściowe,2026-04-08
IK-01-00375,Z02,32.0,brak,2026-06-04
IK-01-00375,Z08,24.9,brak,2025-06-19
IK-01-00375,Z16,42.8,częściowe,2024-10-17
IK-01-00375,Z04,23.5,brak,2026-08-04
IK-01-00376,Z07,20.0,częściowe,2025-10-09
IK-01-00376,Z02,61.3,brak,2025-01-10
IK-01-00376,Z08,43.6,częściowe,2025-06-14
IK-01-00376,Z16,55.1,częściowe,2025-01-23
IK-01-00376,Z04,37.4,częściowe,2026-01-26
IK-01-00377,Z07,20.0,brak,2025-04-02
IK-01-00377,Z02,16.8,brak,2026-03-13
IK-01-00377,Z08,20.7,częściowe,2026-03-17
IK-01-00377,Z16,27.4,częściowe,2025-06-03
IK-01-00377,Z04,15.4,częściowe,2025-12-19
IK-01-00378,Z07,31.9,brak,2026-04-13
IK-01-00378,Z02,77.3,brak,2025-01-09
IK-01-00378,Z08,16.3,brak,2024-10-26
IK-01-00378,Z16,46.1,brak,2024-11-28
IK-01-00378,Z04,69.0,brak,2025-03-07
IK-01-00379,Z07,34.7,pełne,2025-02-11
IK-01-00379,Z02,38.3,częściowe,2026-01-29
IK-01-00379,Z08,49.5,częściowe,2024-11-27
IK-01-00379,Z16,33.1,częściowe,2025-10-28
IK-01-00379,Z04,65.2,brak,2026-05-07
IK-01-00380,Z07,25.2,częściowe,2025-11-17
IK-01-00380,Z02,86.2,pełne,2026-08-22
IK-01-00380,Z08,32.6,częściowe,2025-01-20
IK-01-00380,Z16,27.7,częściowe,2025-07-11
IK-01-00380,Z04,56.5,częściowe,2026-04-17
IK-01-00381,Z07,68.2,częściowe,2025-03-26
IK-01-00381,Z02,53.9,brak,2024-11-19
IK-01-00381,Z08,54.8,brak,2026-07-28
IK-01-00381,Z16,35.6,brak,2026-02-25
IK-01-00381,Z04,18.6,częściowe,2024-12-11
IK-01-00382,Z07,67.7,częściowe,2025-08-05
IK-01-00382,Z02,51.5,brak,2025-11-18
IK-01-00382,Z08,31.8,brak,2025-11-03
IK-01-00382,Z16,42.2,częściowe,2025-10-04
IK-01-00382,Z04,65.9,częściowe,2026-01-01
IK-01-00383,Z07,54.0,pełne,2025-05-31
IK-01-00383,Z02,39.0,częściowe,2026-02-28
IK-01-00383,Z08,15.7,częściowe,2026-08-23
IK-01-00383,Z16,39.5,brak,2026-08-11
IK-01-00383,Z04,39.0,częściowe,2026-06-21
IK-01-00384,Z07,35.2,częściowe,2026-08-17
IK-01-00384,Z02,79.0,brak,2026-05-13
IK-01-00384,Z08,47.9,pełne,2026-01-07
IK-01-00384,Z16,54.8,brak,2025-03-12
IK-01-00384,Z04,69.0,brak,2025-11-30
IK-01-00385,Z07,47.0,częściowe,2025-10-24
IK-01-00385,Z02,95.5,pełne,2025-05-08
IK-01-00385,Z08,44.6,częściowe,2025-07-30
IK-01-00385,Z16,43.6,częściowe,2025-04-02
IK-01-00385,Z04,62.7,brak,2025-04-17
IK-01-00386,Z07,60.4,częściowe,2025-03-20
IK-01-00386,Z02,18.5,pełne,2025-06-11
IK-01-00386,Z08,43.8,pełne,2025-07-29
IK-01-00386,Z16,36.4,częściowe,2026-02-24
IK-01-00386,Z04,60.0,brak,2026-02-16
IK-01-00387,Z07,30.9,częściowe,2025-10-30
IK-01-00387,Z02,42.3,częściowe,2025-08-02
IK-01-00387,Z08,43.1,częściowe,2026-07-25
IK-01-00387,Z16,64.1,częściowe,2024-11-24
IK-01-00387,Z04,47.4,częściowe,2024-12-30
IK-01-00388,Z07,25.2,brak,2026-04-09
IK-01-00388,Z02,21.0,częściowe,2025-06-15
IK-01-00388,Z08,25.4,częściowe,2025-10-13
IK-01-00388,Z16,39.5,brak,2025-07-12
IK-01-00388,Z04,16.7,brak,2025-12-29
IK-01-00389,Z07,58.4,częściowe,2025-07-08
IK-01-00389,Z02,37.3,częściowe,2024-11-12
IK-01-00389,Z08,32.2,częściowe,2025-01-19
IK-01-00389,Z16,16.0,brak,2026-07-23
IK-01-00389,Z04,49.9,brak,2026-07-16
IK-01-00390,Z07,58.2,brak,2025-08-21
IK-01-00390,Z02,45.0,brak,2025-05-26
IK-01-00390,Z08,62.5,brak,2026-04-15
IK-01-00390,Z16,63.8,pełne,2026-03-11
IK-01-00390,Z04,67.3,brak,2025-03-09
IK-01-00391,Z07,63.2,brak,2025-09-26
IK-01-00391,Z02,61.3,pełne,2025-10-09
IK-01-00391,Z08,55.2,brak,2025-01-01
IK-01-00391,Z16,37.6,brak,2025-09-22
IK-01-00391,Z04,53.3,częściowe,2025-02-28
IK-01-00392,Z07,52.3,brak,2026-07-08
IK-01-00392,Z02,38.1,pełne,2024-12-07
IK-01-00392,Z08,40.9,częściowe,2025-12-07
IK-01-00392,Z16,66.4,brak,2025-04-08
IK-01-00392,Z04,68.7,brak,2024-10-24
IK-01-00393,Z07,50.5,częściowe,2025-12-13
IK-01-00393,Z02,24.2,pełne,2025-02-18
IK-01-00393,Z08,44.1,częściowe,2025-12-10
IK-01-00393,Z16,24.4,pełne,2026-01-24
IK-01-00393,Z04,53.7,częściowe,2026-02-04
IK-01-00394,Z07,62.6,częściowe,2026-08-19
IK-01-00394,Z02,69.6,częściowe,2026-01-30
IK-01-00394,Z08,22.3,częściowe,2026-01-18
IK-01-00394,Z16,58.5,brak,2026-03-06
IK-01-00394,Z04,58.0,częściowe,2025-02-23
IK-01-00395,Z07,53.8,częściowe,2026-03-22
IK-01-00395,Z02,62.5,pełne,2025-03-03
IK-01-00395,Z08,16.9,częściowe,2025-04-20
IK-01-00395,Z16,57.1,częściowe,2024-10-15
IK-01-00395,Z04,45.0,częściowe,2026-04-20
IK-01-00396,Z07,69.3,brak,2025-11-25
IK-01-00396,Z02,20.1,częściowe,2025-05-01
IK-01-00396,Z08,22.5,częściowe,2025-03-17
IK-01-00396,Z16,45.8,pełne,2026-05-30
IK-01-00396,Z04,20.9,brak,2025-10-10
IK-01-00397,Z07,24.8,brak,2025-04-06
IK-01-00397,Z02,32.9,częściowe,2025-12-21
IK-01-00397,Z08,27.9,brak,2025-02-09
IK-01-00397,Z16,47.7,częściowe,2025-09-26
IK-01-00397,Z04,54.3,pełne,2025-09-18
IK-01-00398,Z07,50.7,brak,2026-01-16
IK-01-00398,Z02,48.4,brak,2025-07-13
IK-01-00398,Z08,67.6,częściowe,2025-05-01
IK-01-00398,Z16,64.6,brak,2024-10-19
IK-01-00398,Z04,54.1,częściowe,2025-01-29
IK-01-00399,Z07,30.5,pełne,2026-08-19
IK-01-00399,Z02,86.7,częściowe,2026-05-17
IK-01-00399,Z08,46.2,pełne,2024-12-05
IK-01-00399,Z16,49.6,częściowe,2025-04-28
IK-01-00399,Z04,27.7,częściowe,2025-09-18
IK-01-00400,Z07,63.4,częściowe,2024-12-08
IK-01-00400,Z02,21.9,częściowe,2025-08-14
IK-01-00400,Z08,65.0,brak,2025-07-13
IK-01-00400,Z16,51.7,częściowe,2025-01-29
IK-01-00400,Z04,65.2,częściowe,2025-09-01
IK-01-00401,Z07,57.4,pełne,2025-04-08
IK-01-00401,Z02,38.8,brak,2025-06-01
IK-01-00401,Z08,57.7,częściowe,2025-08-12
IK-01-00401,Z16,24.0,częściowe,2025-01-06
IK-01-00401,Z04,53.3,brak,2026-06-29
IK-01-00402,Z07,23.1,pełne,2025-05-04
IK-01-00402,Z02,61.6,częściowe,2026-07-16
IK-01-00402,Z08,22.4,pełne,2025-01-10
IK-01-00402,Z16,55.3,częściowe,2025-10-13
IK-01-00402,Z04,27.7,pełne,2026-03-17
IK-01-00403,Z07,21.9,brak,2024-12-08
IK-01-00403,Z02,64.9,brak,2025-05-12
IK-01-00403,Z08,46.6,częściowe,2025-12-31
IK-01-00403,Z16,25.4,częściowe,2026-03-01
IK-01-00403,Z04,24.2,pełne,2026-06-07
IK-01-00404,Z07,45.4,częściowe,2026-04-07
IK-01-00404,Z02,69.7,pełne,2026-03-20
IK-01-00404,Z08,20.2,częściowe,2024-11-23
IK-01-00404,Z16,26.1,częściowe,2026-02-21
IK-01-00404,Z04,52.9,brak,2025-05-16
IK-01-00405,Z07,26.6,częściowe,2025-09-01
IK-01-00405,Z02,47.3,brak,2024-11-08
IK-01-00405,Z08,44.1,częściowe,2026-02-24
IK-01-00405,Z16,35.6,częściowe,2025-02-08
IK-01-00405,Z04,54.3,brak,2024-10-23
IK-01-00406,Z07,67.2,częściowe,2024-12-04
IK-01-00406,Z02,17.2,częściowe,2026-05-30
IK-01-00406,Z08,54.0,pełne,2026-07-07
IK-01-00406,Z16,15.2,pełne,2026-01-31
IK-01-00406,Z04,60.2,częściowe,2025-05-28
IK-01-00407,Z07,19.9,częściowe,2025-04-27
IK-01-00407,Z02,43.0,pełne,2026-08-09
IK-01-00407,Z08,69.3,pełne,2025-03-18
IK-01-00407,Z16,68.6,pełne,2025-08-24
IK-01-00407,Z04,53.6,częściowe,2026-04-13
IK-01-00408,Z07,28.3,częściowe,2026-01-30
IK-01-00408,Z02,48.3,częściowe,2025-11-20
IK-01-00408,Z08,28.1,częściowe,2026-01-10
IK-01-00408,Z16,36.7,częściowe,2026-07-22
IK-01-00408,Z04,65.8,częściowe,2025-08-26
IK-01-00409,Z07,67.6,częściowe,2025-05-29
IK-01-00409,Z02,28.3,częściowe,2025-04-12
IK-01-00409,Z08,40.3,częściowe,2026-02-10
IK-01-00409,Z16,46.4,częściowe,2026-06-19
IK-01-00409,Z04,50.2,brak,2025-02-01
IK-01-00410,Z07,27.0,częściowe,2025-11-26
IK-01-00410,Z02,69.3,częściowe,2026-08-18
IK-01-00410,Z08,55.2,pełne,2026-07-29
IK-01-00410,Z16,52.8,pełne,2026-08-01
IK-01-00410,Z04,25.3,brak,2025-08-06
IK-01-00411,Z07,62.0,pełne,2025-12-27
IK-01-00411,Z02,89.7,brak,2025-07-03
IK-01-00411,Z08,21.6,częściowe,2026-08-09
IK-01-00411,Z16,58.4,częściowe,2025-10-10
IK-01-00411,Z04,36.9,częściowe,2025-12-22
IK-01-00412,Z07,35.7,brak,2025-04-11
IK-01-00412,Z02,93.1,brak,2025-08-21
IK-01-00412,Z08,50.9,częściowe,2025-01-31
IK-01-00412,Z16,42.7,częściowe,2025-05-19
IK-01-00412,Z04,35.9,pełne,2025-01-17
IK-01-00413,Z07,67.9,brak,2026-03-04
IK-01-00413,Z02,29.8,pełne,2025-02-02
IK-01-00413,Z08,35.7,częściowe,2026-06-24
IK-01-00413,Z16,28.9,częściowe,2024-12-20
IK-01-00413,Z04,19.5,częściowe,2026-04-07
IK-01-00414,Z07,62.7,częściowe,2026-07-03
IK-01-00414,Z02,35.4,pełne,2026-03-06
IK-01-00414,Z08,29.7,brak,2026-04-03
IK-01-00414,Z16,47.6,brak,2026-06-27
IK-01-00414,Z04,22.8,brak,2025-11-12
IK-01-00415,Z07,42.0,pełne,2026-04-19
IK-01-00415,Z02,36.7,częściowe,2025-06-04
IK-01-00415,Z08,48.9,częściowe,2026-02-17
IK-01-00415,Z16,50.8,częściowe,2025-05-02
IK-01-00415,Z04,22.8,brak,2026-06-23
IK-01-00416,Z07,65.0,częściowe,2025-10-31
IK-01-00416,Z02,23.7,częściowe,2025-10-04
IK-01-00416,Z08,39.6,brak,2025-01-03
IK-01-00416,Z16,48.2,częściowe,2025-01-09
IK-01-00416,Z04,55.0,brak,2026-01-22
IK-01-00417,Z07,24.8,częściowe,2025-07-02
IK-01-00417,Z02,22.9,częściowe,2025-03-21
IK-01-00417,Z08,24.5,pełne,2025-05-08
IK-01-00417,Z16,62.5,brak,2026-08-20
IK-01-00417,Z04,61.4,brak,2026-06-30
IK-01-00418,Z07,15.2,częściowe,2025-12-01
IK-01-00418,Z02,66.3,pełne,2024-12-19
IK-01-00418,Z08,23.2,częściowe,2026-04-30
IK-01-00418,Z16,26.6,brak,2024-12-27
IK-01-00418,Z04,66.2,częściowe,2026-03-02
IK-01-00419,Z07,49.5,częściowe,2025-06-19
IK-01-00419,Z02,57.0,pełne,2026-01-04
IK-01-00419,Z08,57.5,brak,2026-02-18
IK-01-00419,Z16,24.6,brak,2026-03-10
IK-01-00419,Z04,23.4,brak,2026-08-05
IK-01-00420,Z07,16.6,częściowe,2025-12-24
IK-01-00420,Z02,39.3,częściowe,2026-01-31
IK-01-00420,Z08,57.2,brak,2026-04-10
IK-01-00420,Z16,33.1,brak,2025-11-15
IK-01-00420,Z04,52.5,brak,2025-06-06
IK-02-00421,Z12,58.8,brak,2025-06-17
IK-02-00421,Z07,37.0,brak,2025-10-04
IK-02-00421,Z08,29.1,pełne,2025-06-13
IK-02-00421,Z04,23.7,częściowe,2026-08-19
IK-02-00422,Z12,27.2,częściowe,2026-08-02
IK-02-00422,Z07,58.5,brak,2025-06-01
IK-02-00422,Z08,40.2,pełne,2024-11-26
IK-02-00422,Z04,35.6,brak,2025-02-09
IK-02-00423,Z12,51.0,brak,2025-01-11
IK-02-00423,Z07,23.3,pełne,2025-08-09
IK-02-00423,Z08,40.4,częściowe,2025-02-08
IK-02-00423,Z04,23.2,pełne,2024-11-01
IK-02-00424,Z12,37.3,częściowe,2025-07-02
IK-02-00424,Z07,56.0,brak,2026-01-10
IK-02-00424,Z08,17.1,pełne,2026-03-30
IK-02-00424,Z04,29.5,częściowe,2025-10-19
IK-02-00425,Z12,31.4,częściowe,2025-12-25
IK-02-00425,Z07,31.0,częściowe,2025-11-20
IK-02-00425,Z08,46.2,pełne,2025-03-15
IK-02-00425,Z04,65.5,częściowe,2026-02-10
IK-02-00426,Z12,39.6,pełne,2026-01-03
IK-02-00426,Z07,30.9,częściowe,2026-05-11
IK-02-00426,Z08,58.9,pełne,2024-12-17
IK-02-00426,Z04,35.9,częściowe,2026-06-12
IK-02-00427,Z12,67.2,pełne,2025-02-04
IK-02-00427,Z07,68.4,brak,2026-08-25
IK-02-00427,Z08,34.7,częściowe,2026-03-01
IK-02-00427,Z04,60.4,częściowe,2026-04-03
IK-02-00428,Z12,40.8,brak,2024-12-08
IK-02-00428,Z07,51.7,częściowe,2026-06-14
IK-02-00428,Z08,57.8,pełne,2026-03-26
IK-02-00428,Z04,54.3,częściowe,2025-10-21
IK-02-00429,Z12,20.9,pełne,2026-06-18
IK-02-00429,Z07,27.0,częściowe,2026-08-04
IK-02-00429,Z08,68.9,brak,2025-01-23
IK-02-00429,Z04,65.6,pełne,2026-04-27
IK-02-00430,Z12,31.3,pełne,2025-12-28
IK-02-00430,Z07,53.7,częściowe,2025-09-23
IK-02-00430,Z08,24.3,częściowe,2026-08-02
IK-02-00430,Z04,28.9,częściowe,2026-04-11
IK-02-00431,Z12,41.2,częściowe,2025-12-01
IK-02-00431,Z07,19.7,brak,2025-12-31
IK-02-00431,Z08,29.7,częściowe,2025-03-14
IK-02-00431,Z04,43.4,pełne,2025-02-05
IK-02-00432,Z12,67.1,pełne,2024-12-10
IK-02-00432,Z07,29.4,pełne,2026-02-16
IK-02-00432,Z08,38.4,częściowe,2025-06-14
IK-02-00432,Z04,32.4,częściowe,2026-07-02
IK-02-00433,Z12,34.8,częściowe,2026-02-20
IK-02-00433,Z07,22.8,brak,2025-06-26
IK-02-00433,Z08,63.9,częściowe,2024-11-10
IK-02-00433,Z04,44.1,brak,2025-01-02
IK-02-00434,Z12,38.1,częściowe,2024-12-25
IK-02-00434,Z07,26.2,częściowe,2025-05-04
IK-02-00434,Z08,46.0,częściowe,2025-01-01
IK-02-00434,Z04,65.8,brak,2026-02-10
IK-02-00435,Z12,41.4,brak,2024-11-15
IK-02-00435,Z07,56.9,brak,2025-09-13
IK-02-00435,Z08,58.1,częściowe,2026-03-16
IK-02-00435,Z04,48.5,pełne,2026-03-17
IK-02-00436,Z12,62.6,częściowe,2026-07-13
IK-02-00436,Z07,21.1,częściowe,2025-11-16
IK-02-00436,Z08,62.8,częściowe,2024-11-07
IK-02-00436,Z04,23.4,częściowe,2024-12-20
IK-02-00437,Z12,26.8,pełne,2025-06-14
IK-02-00437,Z07,60.9,brak,2026-03-15
IK-02-00437,Z08,67.6,częściowe,2025-12-19
IK-02-00437,Z04,66.4,pełne,2025-11-28
IK-02-00438,Z12,16.1,częściowe,2026-01-05
IK-02-00438,Z07,21.4,częściowe,2025-11-27
IK-02-00438,Z08,69.2,pełne,2026-03-20
IK-02-00438,Z04,66.4,częściowe,2026-04-13
IK-02-00439,Z12,57.7,pełne,2024-10-28
IK-02-00439,Z07,42.9,częściowe,2024-12-23
IK-02-00439,Z08,43.2,pełne,2026-07-26
IK-02-00439,Z04,21.9,częściowe,2026-05-16
IK-02-00440,Z12,51.3,częściowe,2024-11-12
IK-02-00440,Z07,41.1,częściowe,2026-02-18
IK-02-00440,Z08,21.7,brak,2025-04-14
IK-02-00440,Z04,19.3,częściowe,2025-07-18
IK-02-00441,Z12,24.6,częściowe,2026-08-16
IK-02-00441,Z07,22.6,częściowe,2026-05-17
IK-02-00441,Z08,49.4,częściowe,2026-01-19
IK-02-00441,Z04,52.0,częściowe,2026-07-31
IK-02-00442,Z12,52.1,częściowe,2025-11-30
IK-02-00442,Z07,41.0,pełne,2026-04-11
IK-02-00442,Z08,24.7,pełne,2025-07-08
IK-02-00442,Z04,57.8,brak,2026-02-02
IK-02-00443,Z12,42.9,brak,2025-10-09
IK-02-00443,Z07,66.6,pełne,2024-11-03
IK-02-00443,Z08,26.9,brak,2025-06-30
IK-02-00443,Z04,33.8,brak,2025-02-15
IK-02-00444,Z12,36.1,pełne,2026-02-06
IK-02-00444,Z07,42.7,brak,2025-07-14
IK-02-00444,Z08,66.4,częściowe,2024-10-28
IK-02-00444,Z04,39.6,częściowe,2024-12-13
IK-02-00445,Z12,60.5,częściowe,2025-07-09
IK-02-00445,Z07,54.8,częściowe,2024-12-07
IK-02-00445,Z08,53.4,częściowe,2026-05-08
IK-02-00445,Z04,53.1,częściowe,2025-08-04
IK-02-00446,Z12,23.2,częściowe,2025-10-13
IK-02-00446,Z07,35.2,pełne,2026-04-06
IK-02-00446,Z08,66.9,brak,2025-02-17
IK-02-00446,Z04,22.1,częściowe,2026-02-02
IK-02-00447,Z12,40.5,częściowe,2026-01-13
IK-02-00447,Z07,69.5,brak,2026-01-05
IK-02-00447,Z08,36.3,pełne,2026-03-16
IK-02-00447,Z04,68.1,pełne,2025-08-05
IK-02-00448,Z12,64.0,częściowe,2025-06-18
IK-02-00448,Z07,58.6,częściowe,2024-12-15
IK-02-00448,Z08,34.9,częściowe,2025-11-21
IK-02-00448,Z04,47.9,pełne,2025-03-13
IK-02-00449,Z12,35.0,częściowe,2025-08-22
IK-02-00449,Z07,62.5,częściowe,2025-08-27
IK-02-00449,Z08,18.6,częściowe,2026-03-31
IK-02-00449,Z04,54.1,pełne,2024-12-18
IK-02-00450,Z12,33.0,częściowe,2025-01-17
IK-02-00450,Z07,38.8,częściowe,2025-11-23
IK-02-00450,Z08,38.8,brak,2026-05-11
IK-02-00450,Z04,25.0,częściowe,2026-08-11
IK-02-00451,Z12,39.0,częściowe,2025-07-23
IK-02-00451,Z07,22.7,pełne,2026-06-24
IK-02-00451,Z08,66.1,pełne,2025-01-20
IK-02-00451,Z04,64.7,częściowe,2025-08-03
IK-02-00452,Z12,50.7,brak,2026-03-02
IK-02-00452,Z07,59.6,pełne,2025-12-25
IK-02-00452,Z08,46.8,brak,2025-08-18
IK-02-00452,Z04,20.1,brak,2025-08-30
IK-02-00453,Z12,26.3,częściowe,2025-03-13
IK-02-00453,Z07,19.7,pełne,2026-07-29
IK-02-00453,Z08,64.0,częściowe,2026-02-19
IK-02-00453,Z04,27.2,częściowe,2025-03-02
IK-02-00454,Z12,28.3,częściowe,2025-05-30
IK-02-00454,Z07,33.2,brak,2025-09-24
IK-02-00454,Z08,45.5,częściowe,2025-02-04
IK-02-00454,Z04,37.4,częściowe,2026-03-30
IK-02-00455,Z12,65.4,częściowe,2026-02-06
IK-02-00455,Z07,63.1,częściowe,2025-10-15
IK-02-00455,Z08,44.2,częściowe,2026-07-15
IK-02-00455,Z04,43.1,częściowe,2025-11-06
IK-02-00456,Z12,55.8,brak,2026-02-09
IK-02-00456,Z07,16.6,pełne,2024-10-11
IK-02-00456,Z08,43.4,częściowe,2024-10-26
IK-02-00456,Z04,37.3,pełne,2025-05-22
IK-02-00457,Z12,46.4,częściowe,2026-08-02
IK-02-00457,Z07,30.4,częściowe,2026-07-20
IK-02-00457,Z08,35.7,częściowe,2026-02-12
IK-02-00457,Z04,52.5,częściowe,2025-11-20
IK-02-00458,Z12,64.6,brak,2025-03-19
IK-02-00458,Z07,39.7,brak,2026-07-15
IK-02-00458,Z08,36.9,częściowe,2026-02-02
IK-02-00458,Z04,53.8,brak,2024-11-03
IK-02-00459,Z12,67.5,brak,2025-10-04
IK-02-00459,Z07,49.5,częściowe,2025-09-15
IK-02-00459,Z08,62.0,częściowe,2025-01-24
IK-02-00459,Z04,65.9,częściowe,2026-07-31
IK-02-00460,Z12,41.2,pełne,2025-12-16
IK-02-00460,Z07,15.5,pełne,2024-11-05
IK-02-00460,Z08,20.2,brak,2026-04-12
IK-02-00460,Z04,18.1,częściowe,2026-07-05
IK-02-00461,Z12,22.4,brak,2024-12-20
IK-02-00461,Z07,22.4,brak,2026-01-09
IK-02-00461,Z08,23.0,brak,2026-04-04
IK-02-00461,Z04,49.5,częściowe,2025-10-21
IK-02-00462,Z12,17.5,brak,2026-02-19
IK-02-00462,Z07,47.0,częściowe,2025-07-28
IK-02-00462,Z08,32.6,częściowe,2025-04-26
IK-02-00462,Z04,49.8,pełne,2026-04-18
IK-02-00463,Z12,58.0,częściowe,2025-06-03
IK-02-00463,Z07,43.0,brak,2026-02-12
IK-02-00463,Z08,20.4,częściowe,2024-10-31
IK-02-00463,Z04,51.4,pełne,2025-03-08
IK-02-00464,Z12,38.6,częściowe,2026-05-06
IK-02-00464,Z07,67.5,częściowe,2025-07-07
IK-02-00464,Z08,45.9,brak,2025-04-29
IK-02-00464,Z04,39.9,częściowe,2025-11-06
IK-02-00465,Z12,25.0,brak,2026-05-19
IK-02-00465,Z07,45.3,brak,2024-12-10
IK-02-00465,Z08,36.7,pełne,2025-10-02
IK-02-00465,Z04,45.3,częściowe,2024-11-22
IK-02-00466,Z12,23.0,częściowe,2024-11-12
IK-02-00466,Z07,68.2,częściowe,2025-05-08
IK-02-00466,Z08,60.5,brak,2026-02-25
IK-02-00466,Z04,59.5,brak,2025-12-08
IK-02-00467,Z12,41.5,brak,2025-07-09
IK-02-00467,Z07,45.6,brak,2025-11-21
IK-02-00467,Z08,19.2,brak,2026-02-13
IK-02-00467,Z04,46.9,pełne,2026-02-25
IK-02-00468,Z12,21.5,pełne,2025-04-25
IK-02-00468,Z07,60.5,brak,2025-11-17
IK-02-00468,Z08,64.2,pełne,2026-02-22
IK-02-00468,Z04,67.0,brak,2026-04-22
IK-02-00469,Z12,40.7,brak,2026-01-04
IK-02-00469,Z07,56.3,brak,2026-05-13
IK-02-00469,Z08,19.7,brak,2025-03-15
IK-02-00469,Z04,53.4,brak,2025-04-11
IK-02-00470,Z12,50.1,pełne,2026-04-14
IK-02-00470,Z07,60.3,pełne,2025-02-04
IK-02-00470,Z08,39.2,brak,2026-02-06
IK-02-00470,Z04,38.0,brak,2025-09-06
IK-02-00471,Z12,48.7,częściowe,2024-11-04
IK-02-00471,Z07,31.3,częściowe,2025-09-02
IK-02-00471,Z08,38.3,częściowe,2025-03-19
IK-02-00471,Z04,59.0,częściowe,2025-08-04
IK-02-00472,Z12,22.4,brak,2025-11-25
IK-02-00472,Z07,66.6,częściowe,2025-08-05
IK-02-00472,Z08,37.5,pełne,2026-05-18
IK-02-00472,Z04,61.7,częściowe,2026-07-10
IK-02-00473,Z12,26.7,częściowe,2026-03-13
IK-02-00473,Z07,40.4,brak,2025-05-05
IK-02-00473,Z08,66.7,częściowe,2026-05-21
IK-02-00473,Z04,59.1,pełne,2025-03-13
IK-02-00474,Z12,48.1,częściowe,2025-01-17
IK-02-00474,Z07,24.3,częściowe,2026-05-22
IK-02-00474,Z08,17.4,pełne,2026-06-16
IK-02-00474,Z04,53.0,brak,2025-06-20
IK-02-00475,Z12,26.3,częściowe,2025-12-19
IK-02-00475,Z07,34.4,częściowe,2025-01-14
IK-02-00475,Z08,27.1,pełne,2025-08-24
IK-02-00475,Z04,49.5,częściowe,2025-03-29
IK-02-00476,Z12,26.0,brak,2025-05-30
IK-02-00476,Z07,20.8,częściowe,2025-02-01
IK-02-00476,Z08,25.5,brak,2025-08-16
IK-02-00476,Z04,44.7,brak,2025-03-18
IK-02-00477,Z12,38.8,częściowe,2026-07-02
IK-02-00477,Z07,19.9,częściowe,2026-05-13
IK-02-00477,Z08,38.9,częściowe,2024-11-10
IK-02-00477,Z04,49.2,częściowe,2024-10-21
IK-02-00478,Z12,32.5,brak,2024-11-14
IK-02-00478,Z07,69.9,częściowe,2024-10-10
IK-02-00478,Z08,33.6,pełne,2025-09-03
IK-02-00478,Z04,25.7,brak,2026-03-29
IK-02-00479,Z12,47.3,brak,2025-06-13
IK-02-00479,Z07,57.9,brak,2026-01-22
IK-02-00479,Z08,34.5,częściowe,2025-11-26
IK-02-00479,Z04,28.7,brak,2025-07-04
IK-02-00480,Z12,41.5,brak,2026-03-05
IK-02-00480,Z07,69.5,brak,2025-06-01
IK-02-00480,Z08,31.7,brak,2026-02-20
IK-02-00480,Z04,48.3,częściowe,2025-03-26
IK-02-00481,Z12,56.5,częściowe,2025-08-27
IK-02-00481,Z07,20.9,częściowe,2025-07-02
IK-02-00481,Z08,28.1,częściowe,2025-04-25
IK-02-00481,Z04,55.8,częściowe,2025-04-24
IK-02-00482,Z12,49.6,pełne,2025-10-03
IK-02-00482,Z07,20.9,pełne,2026-04-12
IK-02-00482,Z08,55.5,brak,2025-05-16
IK-02-00482,Z04,45.7,brak,2025-06-15
IK-02-00483,Z12,16.0,pełne,2025-02-01
IK-02-00483,Z07,57.8,częściowe,2025-06-27
IK-02-00483,Z08,40.5,pełne,2025-12-04
IK-02-00483,Z04,30.9,brak,2026-07-22
IK-02-00484,Z12,24.6,częściowe,2026-07-23
IK-02-00484,Z07,21.7,częściowe,2025-06-28
IK-02-00484,Z08,17.3,brak,2025-10-24
IK-02-00484,Z04,65.7,brak,2025-02-11
IK-02-00485,Z12,61.4,częściowe,2025-03-17
IK-02-00485,Z07,34.6,częściowe,2025-07-22
IK-02-00485,Z08,19.4,częściowe,2025-03-11
IK-02-00485,Z04,25.1,częściowe,2025-12-01
IK-02-00486,Z12,59.4,brak,2025-11-15
IK-02-00486,Z07,40.8,częściowe,2025-01-31
IK-02-00486,Z08,31.9,brak,2025-02-17
IK-02-00486,Z04,49.5,częściowe,2025-05-04
IK-02-00487,Z12,47.0,brak,2025-10-14
IK-02-00487,Z07,30.4,częściowe,2024-11-30
IK-02-00487,Z08,33.2,pełne,2026-08-08
IK-02-00487,Z04,27.1,pełne,2026-07-19
IK-02-00488,Z12,40.8,częściowe,2025-12-05
IK-02-00488,Z07,25.4,pełne,2025-02-09
IK-02-00488,Z08,43.8,pełne,2025-01-22
IK-02-00488,Z04,58.2,brak,2026-01-26
IK-02-00489,Z12,50.1,częściowe,2024-12-28
IK-02-00489,Z07,24.0,częściowe,2026-07-19
IK-02-00489,Z08,57.0,pełne,2026-06-01
IK-02-00489,Z04,21.4,pełne,2025-05-18
IK-02-00490,Z12,31.6,częściowe,2025-11-14
IK-02-00490,Z07,40.9,częściowe,2026-02-20
IK-02-00490,Z08,16.4,brak,2025-05-03
IK-02-00490,Z04,24.2,częściowe,2025-08-27
IK-02-00491,Z12,55.4,częściowe,2025-09-29
IK-02-00491,Z07,58.3,brak,2025-08-15
IK-02-00491,Z08,49.6,brak,2026-06-16
IK-02-00491,Z04,67.5,brak,2024-12-11
IK-02-00492,Z12,49.2,częściowe,2026-01-20
IK-02-00492,Z07,34.5,brak,2025-06-22
IK-02-00492,Z08,66.4,częściowe,2025-08-21
IK-02-00492,Z04,28.7,brak,2025-02-13
IK-02-00493,Z12,29.5,częściowe,2026-06-09
IK-02-00493,Z07,34.3,częściowe,2025-04-04
IK-02-00493,Z08,60.2,brak,2025-01-31
IK-02-00493,Z04,21.4,częściowe,2024-12-06
IK-02-00494,Z12,43.6,częściowe,2026-04-11
IK-02-00494,Z07,45.3,brak,2024-12-25
IK-02-00494,Z08,23.0,brak,2025-02-24
IK-02-00494,Z04,26.3,częściowe,2025-03-01
IK-02-00495,Z12,42.2,brak,2026-03-03
IK-02-00495,Z07,63.9,brak,2024-11-01
IK-02-00495,Z08,48.5,częściowe,2024-10-27
IK-02-00495,Z04,36.2,częściowe,2026-05-10
IK-02-00496,Z12,28.0,pełne,2026-04-20
IK-02-00496,Z07,56.9,częściowe,2025-05-19
IK-02-00496,Z08,49.3,częściowe,2026-01-18
IK-02-00496,Z04,32.2,częściowe,2025-07-05
IK-02-00497,Z12,39.9,częściowe,2025-09-27
IK-02-00497,Z07,65.0,częściowe,2024-10-22
IK-02-00497,Z08,54.2,częściowe,2024-11-12
IK-02-00497,Z04,53.9,pełne,2025-01-08
IK-02-00498,Z12,50.1,brak,2025-04-02
IK-02-00498,Z07,28.6,brak,2025-03-25
IK-02-00498,Z08,68.0,częściowe,2025-06-03
IK-02-00498,Z04,17.4,brak,2025-11-01
IK-02-00499,Z12,25.3,brak,2025-05-02
IK-02-00499,Z07,51.6,brak,2025-05-29
IK-02-00499,Z08,44.8,częściowe,2025-08-27
IK-02-00499,Z04,49.9,częściowe,2025-09-16
IK-02-00500,Z12,54.7,częściowe,2025-08-12
IK-02-00500,Z07,26.3,brak,2026-04-09
IK-02-00500,Z08,17.0,brak,2025-11-10
IK-02-00500,Z04,35.5,brak,2025-07-08
IK-02-00501,Z12,66.5,częściowe,2026-08-01
IK-02-00501,Z07,46.1,częściowe,2026-01-08
IK-02-00501,Z08,34.0,brak,2026-07-15
IK-02-00501,Z04,35.0,częściowe,2025-12-24
IK-02-00502,Z12,48.6,brak,2025-10-25
IK-02-00502,Z07,23.1,pełne,2025-12-17
IK-02-00502,Z08,24.1,brak,2026-05-24
IK-02-00502,Z04,38.9,częściowe,2025-08-29
IK-02-00503,Z12,63.0,częściowe,2026-04-04
IK-02-00503,Z07,29.6,częściowe,2026-07-28
IK-02-00503,Z08,53.1,brak,2026-07-29
IK-02-00503,Z04,19.2,częściowe,2025-05-14
IK-02-00504,Z12,28.6,pełne,2025-09-06
IK-02-00504,Z07,67.8,częściowe,2026-03-22
IK-02-00504,Z08,65.6,częściowe,2024-10-27
IK-02-00504,Z04,23.1,częściowe,2024-10-22
IK-02-00505,Z12,53.2,częściowe,2025-09-27
IK-02-00505,Z07,56.3,brak,2025-09-01
IK-02-00505,Z08,26.6,częściowe,2024-12-28
IK-02-00505,Z04,21.2,częściowe,2026-08-05
IK-02-00506,Z12,42.8,brak,2026-03-04
IK-02-00506,Z07,16.9,częściowe,2024-10-23
IK-02-00506,Z08,47.3,pełne,2026-05-13
IK-02-00506,Z04,19.0,częściowe,2026-04-12
IK-02-00507,Z12,49.3,częściowe,2026-02-05
IK-02-00507,Z07,55.9,pełne,2025-12-12
IK-02-00507,Z08,35.3,pełne,2025-09-20
IK-02-00507,Z04,55.3,pełne,2026-06-18
IK-02-00508,Z12,50.9,brak,2024-11-29
IK-02-00508,Z07,53.3,brak,2024-12-15
IK-02-00508,Z08,15.7,pełne,2026-02-17
IK-02-00508,Z04,45.4,brak,2025-02-04
IK-02-00509,Z12,15.6,pełne,2026-04-19
IK-02-00509,Z07,57.4,pełne,2025-02-22
IK-02-00509,Z08,70.0,częściowe,2025-09-18
IK-02-00509,Z04,57.8,brak,2025-09-29
IK-02-00510,Z12,54.2,brak,2026-08-24
IK-02-00510,Z07,24.6,częściowe,2025-09-20
IK-02-00510,Z08,39.4,pełne,2024-12-08
IK-02-00510,Z04,31.8,pełne,2026-05-10
IK-02-00511,Z12,63.0,częściowe,2026-05-18
IK-02-00511,Z07,60.5,brak,2026-03-05
IK-02-00511,Z08,16.8,częściowe,2025-02-28
IK-02-00511,Z04,55.7,brak,2025-09-25
IK-02-00512,Z12,62.6,pełne,2026-03-28
IK-02-00512,Z07,58.8,brak,2026-08-08
IK-02-00512,Z08,64.0,brak,2026-06-02
IK-02-00512,Z04,17.9,częściowe,2026-05-12
IK-02-00513,Z12,26.2,brak,2026-05-05
IK-02-00513,Z07,25.5,częściowe,2026-03-16
IK-02-00513,Z08,47.5,częściowe,2025-06-01
IK-02-00513,Z04,54.7,częściowe,2026-03-05
IK-02-00514,Z12,43.3,częściowe,2025-10-03
IK-02-00514,Z07,62.7,pełne,2025-10-17
IK-02-00514,Z08,47.8,częściowe,2025-04-09
IK-02-00514,Z04,19.9,brak,2026-02-25
IK-02-00515,Z12,44.6,częściowe,2025-10-04
IK-02-00515,Z07,52.1,brak,2025-04-01
IK-02-00515,Z08,59.3,częściowe,2024-12-22
IK-02-00515,Z04,43.6,pełne,2025-03-10
IK-02-00516,Z12,29.6,pełne,2024-12-09
IK-02-00516,Z07,39.2,częściowe,2025-02-07
IK-02-00516,Z08,22.6,częściowe,2024-12-16
IK-02-00516,Z04,26.3,częściowe,2024-12-22
IK-02-00517,Z12,24.2,brak,2026-07-21
IK-02-00517,Z07,26.4,częściowe,2026-04-17
IK-02-00517,Z08,30.2,częściowe,2025-03-11
IK-02-00517,Z04,26.7,częściowe,2025-08-03
IK-02-00518,Z12,62.6,częściowe,2025-08-07
IK-02-00518,Z07,41.0,częściowe,2025-11-04
IK-02-00518,Z08,53.0,brak,2025-09-17
IK-02-00518,Z04,32.4,częściowe,2026-07-18
IK-02-00519,Z12,52.7,częściowe,2025-08-14
IK-02-00519,Z07,20.1,częściowe,2025-12-06
IK-02-00519,Z08,42.0,pełne,2026-08-16
IK-02-00519,Z04,63.5,brak,2026-03-30
IK-02-00520,Z12,21.6,częściowe,2025-01-11
IK-02-00520,Z07,45.8,pełne,2026-07-04
IK-02-00520,Z08,26.0,częściowe,2024-12-02
IK-02-00520,Z04,24.8,brak,2025-01-14
IK-02-00521,Z12,41.1,częściowe,2025-12-05
IK-02-00521,Z07,17.8,brak,2025-03-29
IK-02-00521,Z08,70.0,częściowe,2025-05-17
IK-02-00521,Z04,33.5,częściowe,2025-03-18
IK-02-00522,Z12,40.9,częściowe,2026-02-05
IK-02-00522,Z07,36.7,częściowe,2026-05-11
IK-02-00522,Z08,32.3,częściowe,2026-04-02
IK-02-00522,Z04,57.4,pełne,2026-01-27
IK-02-00523,Z12,59.1,częściowe,2025-05-22
IK-02-00523,Z07,21.4,częściowe,2025-12-18
IK-02-00523,Z08,17.4,częściowe,2025-04-03
IK-02-00523,Z04,20.7,pełne,2024-11-12
IK-02-00524,Z12,50.9,częściowe,2025-10-04
IK-02-00524,Z07,58.7,częściowe,2026-06-25
IK-02-00524,Z08,34.8,pełne,2024-10-19
IK-02-00524,Z04,16.4,brak,2026-01-12
IK-02-00525,Z12,68.0,brak,2026-05-28
IK-02-00525,Z07,23.2,pełne,2025-09-28
IK-02-00525,Z08,22.0,częściowe,2025-05-01
IK-02-00525,Z04,26.4,częściowe,2025-05-16
IK-02-00526,Z12,42.3,częściowe,2026-02-27
IK-02-00526,Z07,36.1,brak,2026-04-15
IK-02-00526,Z08,57.1,częściowe,2025-06-08
IK-02-00526,Z04,27.6,brak,2026-08-06
IK-02-00527,Z12,65.7,częściowe,2024-12-20
IK-02-00527,Z07,63.6,częściowe,2025-05-31
IK-02-00527,Z08,16.3,pełne,2026-08-02
IK-02-00527,Z04,58.0,częściowe,2025-01-01
IK-02-00528,Z12,21.9,brak,2026-08-19
IK-02-00528,Z07,36.3,częściowe,2025-10-26
IK-02-00528,Z08,62.5,brak,2025-08-08
IK-02-00528,Z04,55.6,brak,2025-05-29
IK-02-00529,Z12,65.3,brak,2025-06-15
IK-02-00529,Z07,18.8,częściowe,2026-01-23
IK-02-00529,Z08,39.0,brak,2026-07-16
IK-02-00529,Z04,52.2,częściowe,2024-11-20
IK-02-00530,Z12,17.0,częściowe,2025-12-07
IK-02-00530,Z07,44.7,częściowe,2024-10-20
IK-02-00530,Z08,36.8,brak,2025-10-19
IK-02-00530,Z04,44.5,częściowe,2025-09-21
IK-02-00531,Z12,65.6,częściowe,2026-04-14
IK-02-00531,Z07,51.4,brak,2025-12-19
IK-02-00531,Z08,21.3,częściowe,2025-10-29
IK-02-00531,Z04,66.1,częściowe,2025-11-08
IK-02-00532,Z12,57.0,częściowe,2024-12-11
IK-02-00532,Z07,22.1,częściowe,2024-11-27
IK-02-00532,Z08,40.7,częściowe,2024-10-10
IK-02-00532,Z04,20.2,brak,2025-08-31
IK-02-00533,Z12,43.6,częściowe,2026-01-09
IK-02-00533,Z07,15.5,pełne,2025-12-08
IK-02-00533,Z08,21.0,brak,2025-08-27
IK-02-00533,Z04,21.0,brak,2025-09-25
IK-02-00534,Z12,37.0,brak,2025-03-18
IK-02-00534,Z07,39.2,brak,2024-10-18
IK-02-00534,Z08,46.1,częściowe,2026-03-29
IK-02-00534,Z04,20.9,częściowe,2025-11-13
IK-02-00535,Z12,59.5,brak,2024-11-04
IK-02-00535,Z07,39.4,brak,2025-04-10
IK-02-00535,Z08,25.5,brak,2025-04-05
IK-02-00535,Z04,33.1,brak,2025-04-12
IK-02-00536,Z12,41.8,brak,2025-04-03
IK-02-00536,Z07,38.2,pełne,2026-03-03
IK-02-00536,Z08,65.1,częściowe,2025-11-09
IK-02-00536,Z04,36.3,brak,2026-02-02
IK-02-00537,Z12,42.9,częściowe,2025-08-21
IK-02-00537,Z07,68.3,brak,2026-02-12
IK-02-00537,Z08,20.8,pełne,2025-11-02
IK-02-00537,Z04,49.6,częściowe,2026-06-02
IK-02-00538,Z12,48.5,częściowe,2026-03-21
IK-02-00538,Z07,19.2,częściowe,2026-02-12
IK-02-00538,Z08,22.2,brak,2024-10-12
IK-02-00538,Z04,37.0,pełne,2026-03-26
IK-02-00539,Z12,45.8,częściowe,2026-02-23
IK-02-00539,Z07,53.3,częściowe,2025-06-27
IK-02-00539,Z08,17.7,brak,2025-04-24
IK-02-00539,Z04,17.4,brak,2025-08-16
IK-02-00540,Z12,50.8,częściowe,2026-03-05
IK-02-00540,Z07,48.4,częściowe,2026-01-19
IK-02-00540,Z08,41.2,częściowe,2026-01-06
IK-02-00540,Z04,20.4,brak,2025-02-13
IK-02-00541,Z12,44.4,brak,2026-01-19
IK-02-00541,Z07,15.7,pełne,2026-01-24
IK-02-00541,Z08,44.6,częściowe,2025-03-15
IK-02-00541,Z04,48.8,częściowe,2025-03-08
IK-02-00542,Z12,17.6,pełne,2025-08-07
IK-02-00542,Z07,54.4,częściowe,2025-06-08
IK-02-00542,Z08,19.0,brak,2025-10-30
IK-02-00542,Z04,31.4,częściowe,2025-12-04
IK-02-00543,Z12,56.2,brak,2025-06-23
IK-02-00543,Z07,26.4,częściowe,2025-12-16
IK-02-00543,Z08,44.2,częściowe,2024-11-24
IK-02-00543,Z04,36.6,pełne,2025-03-23
IK-02-00544,Z12,64.3,częściowe,2024-11-21
IK-02-00544,Z07,21.4,częściowe,2025-06-06
IK-02-00544,Z08,68.7,brak,2025-09-26
IK-02-00544,Z04,28.0,pełne,2025-04-17
IK-02-00545,Z12,32.0,pełne,2026-06-17
IK-02-00545,Z07,16.2,brak,2025-10-06
IK-02-00545,Z08,64.2,częściowe,2026-07-23
IK-02-00545,Z04,24.4,brak,2026-07-01
IK-02-00546,Z12,44.5,częściowe,2025-07-10
IK-02-00546,Z07,66.6,częściowe,2025-02-26
IK-02-00546,Z08,21.3,brak,2025-07-11
IK-02-00546,Z04,53.5,pełne,2026-08-15
IK-02-00547,Z12,29.9,częściowe,2026-06-20
IK-02-00547,Z07,15.2,brak,2026-05-27
IK-02-00547,Z08,68.0,brak,2025-12-21
IK-02-00547,Z04,33.9,częściowe,2025-04-10
IK-02-00548,Z12,47.9,częściowe,2025-08-20
IK-02-00548,Z07,65.2,brak,2024-12-24
IK-02-00548,Z08,44.4,częściowe,2025-05-16
IK-02-00548,Z04,56.7,częściowe,2024-11-21
IK-02-00549,Z12,45.1,częściowe,2025-11-15
IK-02-00549,Z07,66.5,brak,2025-12-07
IK-02-00549,Z08,25.7,częściowe,2025-11-11
IK-02-00549,Z04,22.3,częściowe,2025-08-18
IK-02-00550,Z12,22.3,częściowe,2025-02-22
IK-02-00550,Z07,32.1,częściowe,2026-07-15
IK-02-00550,Z08,58.9,częściowe,2025-12-19
IK-02-00550,Z04,60.8,częściowe,2026-04-21
IK-02-00551,Z12,69.7,brak,2025-04-04
IK-02-00551,Z07,58.3,częściowe,2025-08-31
IK-02-00551,Z08,51.7,pełne,2025-01-28
IK-02-00551,Z04,30.7,częściowe,2025-10-15
IK-02-00552,Z12,51.9,częściowe,2025-02-05
IK-02-00552,Z07,35.3,częściowe,2026-03-21
IK-02-00552,Z08,23.5,częściowe,2025-03-18
IK-02-00552,Z04,24.1,pełne,2025-07-26
IK-02-00553,Z12,59.1,pełne,2026-02-23
IK-02-00553,Z07,54.2,częściowe,2025-10-04
IK-02-00553,Z08,40.0,brak,2025-10-11
IK-02-00553,Z04,63.7,częściowe,2025-03-13
IK-02-00554,Z12,40.8,częściowe,2026-05-21
IK-02-00554,Z07,54.6,brak,2025-12-15
IK-02-00554,Z08,68.1,częściowe,2024-12-06
IK-02-00554,Z04,56.1,brak,2026-04-27
IK-02-00555,Z12,15.2,pełne,2025-01-18
IK-02-00555,Z07,58.8,częściowe,2024-10-22
IK-02-00555,Z08,67.0,brak,2026-08-13
IK-02-00555,Z04,17.8,częściowe,2026-06-13
IK-02-00556,Z12,39.0,częściowe,2025-02-16
IK-02-00556,Z07,18.0,częściowe,2026-07-16
IK-02-00556,Z08,20.0,brak,2025-02-26
IK-02-00556,Z04,20.4,brak,2026-07-14
IK-02-00557,Z12,35.2,pełne,2025-11-24
IK-02-00557,Z07,20.7,częściowe,2025-09-16
IK-02-00557,Z08,50.2,brak,2026-08-11
IK-02-00557,Z04,31.2,brak,2025-07-05
IK-02-00558,Z12,31.7,częściowe,2025-09-14
IK-02-00558,Z07,31.5,częściowe,2024-10-20
IK-02-00558,Z08,64.8,pełne,2024-11-03
IK-02-00558,Z04,24.9,pełne,2026-04-08
IK-02-00559,Z12,62.3,pełne,2026-08-08
IK-02-00559,Z07,57.1,brak,2025-07-06
IK-02-00559,Z08,46.7,pełne,2025-11-08
IK-02-00559,Z04,16.6,częściowe,2024-10-28
IK-02-00560,Z12,23.3,częściowe,2025-03-03
IK-02-00560,Z07,51.9,częściowe,2026-06-10
IK-02-00560,Z08,32.3,pełne,2025-11-16
IK-02-00560,Z04,21.8,brak,2025-03-05
IK-02-00561,Z12,27.7,brak,2026-01-01
IK-02-00561,Z07,69.6,częściowe,2026-07-11
IK-02-00561,Z08,54.5,częściowe,2026-08-22
IK-02-00561,Z04,50.6,pełne,2026-06-12
IK-02-00562,Z12,39.2,brak,2024-11-12
IK-02-00562,Z07,22.4,częściowe,2024-12-06
IK-02-00562,Z08,16.5,częściowe,2026-05-23
IK-02-00562,Z04,66.6,częściowe,2026-05-12
IK-02-00563,Z12,66.1,częściowe,2025-08-04
IK-02-00563,Z07,43.8,brak,2026-07-10
IK-02-00563,Z08,52.6,brak,2026-03-03
IK-02-00563,Z04,15.9,pełne,2026-08-23
IK-02-00564,Z12,18.7,brak,2025-08-02
IK-02-00564,Z07,66.7,częściowe,2025-04-30
IK-02-00564,Z08,18.7,częściowe,2026-01-01
IK-02-00564,Z04,40.7,częściowe,2026-05-19
IK-02-00565,Z12,39.3,częściowe,2026-03-09
IK-02-00565,Z07,26.0,brak,2026-04-02
IK-02-00565,Z08,22.7,częściowe,2024-10-18
IK-02-00565,Z04,61.3,brak,2026-03-07
IK-02-00566,Z12,40.2,częściowe,2026-02-13
IK-02-00566,Z07,61.3,częściowe,2024-12-05
IK-02-00566,Z08,44.1,brak,2025-09-01
IK-02-00566,Z04,24.0,pełne,2025-02-07
IK-02-00567,Z12,50.2,brak,2024-11-29
IK-02-00567,Z07,49.1,częściowe,2024-11-19
IK-02-00567,Z08,42.0,brak,2025-07-10
IK-02-00567,Z04,22.5,częściowe,2025-06-02
IK-02-00568,Z12,31.2,pełne,2025-05-21
IK-02-00568,Z07,21.5,brak,2026-03-06
IK-02-00568,Z08,53.9,brak,2025-03-11
IK-02-00568,Z04,63.0,pełne,2025-06-17
IK-02-00569,Z12,53.4,częściowe,2026-04-07
IK-02-00569,Z07,22.7,częściowe,2025-02-15
IK-02-00569,Z08,18.6,pełne,2025-02-05
IK-02-00569,Z04,22.2,częściowe,2025-12-15
IK-02-00570,Z12,57.2,pełne,2026-07-07
IK-02-00570,Z07,66.6,częściowe,2025-11-02
IK-02-00570,Z08,19.8,brak,2026-03-13
IK-02-00570,Z04,55.0,częściowe,2024-11-15
IK-02-00571,Z12,59.2,częściowe,2026-03-21
IK-02-00571,Z07,35.0,pełne,2025-09-22
IK-02-00571,Z08,54.8,częściowe,2026-05-14
IK-02-00571,Z04,16.4,brak,2024-10-24
IK-02-00572,Z12,47.8,pełne,2024-12-02
IK-02-00572,Z07,37.0,brak,2026-03-09
IK-02-00572,Z08,46.6,częściowe,2025-03-11
IK-02-00572,Z04,15.6,częściowe,2026-03-30
IK-02-00573,Z12,18.8,częściowe,2026-07-11
IK-02-00573,Z07,17.5,pełne,2026-08-08
IK-02-00573,Z08,24.1,pełne,2026-02-18
IK-02-00573,Z04,39.9,pełne,2025-10-25
IK-02-00574,Z12,15.7,częściowe,2025-03-17
IK-02-00574,Z07,28.9,brak,2026-08-07
IK-02-00574,Z08,17.7,częściowe,2026-06-13
IK-02-00574,Z04,16.9,pełne,2026-04-07
IK-02-00575,Z12,19.8,częściowe,2026-04-27
IK-02-00575,Z07,22.4,brak,2025-05-30
IK-02-00575,Z08,39.5,częściowe,2025-03-01
IK-02-00575,Z04,18.2,brak,2025-02-18
IK-02-00576,Z12,29.9,częściowe,2025-04-19
IK-02-00576,Z07,24.5,brak,2025-06-23
IK-02-00576,Z08,43.6,częściowe,2024-10-15
IK-02-00576,Z04,67.2,częściowe,2025-05-08
IK-02-00577,Z12,68.6,pełne,2025-02-22
IK-02-00577,Z07,63.2,częściowe,2026-05-06
IK-02-00577,Z08,17.9,brak,2025-09-29
IK-02-00577,Z04,40.8,częściowe,2025-10-21
IK-02-00578,Z12,19.6,pełne,2025-11-30
IK-02-00578,Z07,57.8,brak,2026-01-21
IK-02-00578,Z08,26.8,częściowe,2024-12-08
IK-02-00578,Z04,68.0,częściowe,2025-06-25
IK-02-00579,Z12,17.9,częściowe,2024-11-12
IK-02-00579,Z07,29.6,częściowe,2026-08-15
IK-02-00579,Z08,20.3,częściowe,2026-01-31
IK-02-00579,Z04,37.6,częściowe,2026-06-29
IK-02-00580,Z12,50.9,częściowe,2026-08-23
IK-02-00580,Z07,21.0,pełne,2025-04-04
IK-02-00580,Z08,46.4,częściowe,2025-01-22
IK-02-00580,Z04,48.9,pełne,2025-04-21
IK-02-00581,Z12,40.5,brak,2025-04-05
IK-02-00581,Z07,57.9,częściowe,2025-10-27
IK-02-00581,Z08,27.7,brak,2026-06-11
IK-02-00581,Z04,18.3,brak,2026-04-20
IK-02-00582,Z12,37.1,pełne,2025-01-09
IK-02-00582,Z07,43.8,częściowe,2025-05-27
IK-02-00582,Z08,19.7,częściowe,2026-01-24
IK-02-00582,Z04,35.4,częściowe,2024-10-15
IK-02-00583,Z12,15.2,częściowe,2025-06-19
IK-02-00583,Z07,15.4,pełne,2025-07-07
IK-02-00583,Z08,64.6,pełne,2025-06-02
IK-02-00583,Z04,33.1,brak,2025-07-10
IK-02-00584,Z12,33.5,pełne,2025-03-03
IK-02-00584,Z07,38.1,brak,2026-06-16
IK-02-00584,Z08,42.6,częściowe,2025-07-25
IK-02-00584,Z04,52.3,częściowe,2026-05-14
IK-02-00585,Z12,32.5,częściowe,2025-02-16
IK-02-00585,Z07,28.6,częściowe,2026-07-10
IK-02-00585,Z08,17.0,pełne,2025-02-06
IK-02-00585,Z04,40.3,brak,2024-12-10
IK-02-00586,Z12,67.8,brak,2025-05-27
IK-02-00586,Z07,17.3,pełne,2025-07-01
IK-02-00586,Z08,24.5,brak,2026-07-13
IK-02-00586,Z04,15.5,częściowe,2025-08-26
IK-02-00587,Z12,48.7,pełne,2026-04-09
IK-02-00587,Z07,32.5,częściowe,2025-01-04
IK-02-00587,Z08,61.2,częściowe,2025-12-06
IK-02-00587,Z04,29.0,pełne,2024-11-30
IK-02-00588,Z12,41.0,brak,2026-07-30
IK-02-00588,Z07,30.7,częściowe,2026-01-23
IK-02-00588,Z08,15.5,częściowe,2026-03-24
IK-02-00588,Z04,58.6,częściowe,2026-03-21
IK-02-00589,Z12,64.5,częściowe,2024-10-26
IK-02-00589,Z07,17.0,częściowe,2026-02-05
IK-02-00589,Z08,56.3,częściowe,2025-02-18
IK-02-00589,Z04,30.6,pełne,2025-05-01
IK-02-00590,Z12,59.8,brak,2024-12-14
IK-02-00590,Z07,20.1,pełne,2025-03-24
IK-02-00590,Z08,41.8,częściowe,2026-07-21
IK-02-00590,Z04,24.2,brak,2026-05-03
IK-02-00591,Z12,35.6,częściowe,2025-09-25
IK-02-00591,Z07,60.6,częściowe,2026-05-09
IK-02-00591,Z08,39.4,pełne,2025-02-14
IK-02-00591,Z04,45.1,częściowe,2025-01-06
IK-02-00592,Z12,48.0,częściowe,2024-11-21
IK-02-00592,Z07,25.1,brak,2025-07-31
IK-02-00592,Z08,22.5,brak,2025-12-15
IK-02-00592,Z04,51.9,brak,2026-02-02
IK-02-00593,Z12,62.6,pełne,2025-01-23
IK-02-00593,Z07,19.6,częściowe,2026-05-12
IK-02-00593,Z08,61.6,brak,2026-01-06
IK-02-00593,Z04,28.9,brak,2025-12-23
IK-02-00594,Z12,15.5,brak,2025-02-22
IK-02-00594,Z07,17.3,częściowe,2026-04-10
IK-02-00594,Z08,53.1,częściowe,2026-01-14
IK-02-00594,Z04,56.3,pełne,2026-07-09
IK-02-00595,Z12,52.7,częściowe,2024-12-02
IK-02-00595,Z07,69.6,częściowe,2026-08-03
IK-02-00595,Z08,68.9,brak,2025-09-11
IK-02-00595,Z04,28.5,brak,2024-11-15
IK-02-00596,Z12,51.8,pełne,2025-05-12
IK-02-00596,Z07,33.4,brak,2025-10-22
IK-02-00596,Z08,38.4,częściowe,2026-01-08
IK-02-00596,Z04,21.0,częściowe,2025-05-06
IK-02-00597,Z12,39.4,częściowe,2026-05-20
IK-02-00597,Z07,48.6,brak,2024-11-22
IK-02-00597,Z08,65.5,brak,2026-04-10
IK-02-00597,Z04,46.2,brak,2026-08-08
IK-02-00598,Z12,53.3,brak,2026-03-20
IK-02-00598,Z07,21.8,częściowe,2026-01-06
IK-02-00598,Z08,19.9,brak,2026-04-11
IK-02-00598,Z04,25.6,częściowe,2025-08-21
IK-02-00599,Z12,17.8,częściowe,2025-06-21
IK-02-00599,Z07,59.3,brak,2025-02-03
IK-02-00599,Z08,56.1,częściowe,2026-02-08
IK-02-00599,Z04,43.4,częściowe,2025-08-15
IK-02-00600,Z12,45.2,brak,2025-07-26
IK-02-00600,Z07,51.3,częściowe,2025-03-14
IK-02-00600,Z08,22.9,częściowe,2025-04-19
IK-02-00600,Z04,52.6,brak,2025-12-30
IK-02-00601,Z12,45.3,częściowe,2025-09-10
IK-02-00601,Z07,30.3,częściowe,2024-11-25
IK-02-00601,Z08,54.7,częściowe,2026-03-19
IK-02-00601,Z04,56.6,pełne,2025-04-26
IK-02-00602,Z12,50.3,brak,2024-10-21
IK-02-00602,Z07,58.0,częściowe,2024-12-25
IK-02-00602,Z08,59.9,brak,2025-02-18
IK-02-00602,Z04,18.8,częściowe,2025-10-24
IK-02-00603,Z12,45.1,częściowe,2026-02-08
IK-02-00603,Z07,66.1,brak,2025-10-01
IK-02-00603,Z08,52.3,częściowe,2025-08-10
IK-02-00603,Z04,53.4,częściowe,2025-03-01
IK-02-00604,Z12,50.0,częściowe,2025-06-15
IK-02-00604,Z07,18.7,pełne,2024-12-08
IK-02-00604,Z08,63.1,częściowe,2025-07-13
IK-02-00604,Z04,69.6,brak,2025-02-21
IK-02-00605,Z12,22.5,pełne,2025-06-02
IK-02-00605,Z07,28.4,częściowe,2025-01-25
IK-02-00605,Z08,18.4,brak,2025-08-19
IK-02-00605,Z04,23.2,brak,2026-03-06
IK-02-00606,Z12,30.8,częściowe,2026-05-23
IK-02-00606,Z07,51.1,pełne,2024-12-07
IK-02-00606,Z08,46.4,brak,2026-02-20
IK-02-00606,Z04,64.4,pełne,2025-01-05
IK-02-00607,Z12,68.0,częściowe,2025-04-11
IK-02-00607,Z07,60.0,częściowe,2025-01-02
IK-02-00607,Z08,16.8,brak,2026-07-16
IK-02-00607,Z04,36.6,brak,2025-08-09
IK-02-00608,Z12,18.4,częściowe,2025-12-28
IK-02-00608,Z07,38.6,częściowe,2026-06-24
IK-02-00608,Z08,67.0,częściowe,2025-04-10
IK-02-00608,Z04,57.5,pełne,2025-10-18
IK-02-00609,Z12,26.7,brak,2025-01-22
IK-02-00609,Z07,61.4,częściowe,2026-03-17
IK-02-00609,Z08,31.0,częściowe,2026-07-23
IK-02-00609,Z04,15.1,pełne,2025-06-07
IK-02-00610,Z12,16.5,brak,2025-08-08
IK-02-00610,Z07,47.4,pełne,2025-10-04
IK-02-00610,Z08,19.3,częściowe,2026-06-27
IK-02-00610,Z04,18.6,pełne,2025-03-04
IK-02-00611,Z12,51.2,częściowe,2026-04-23
IK-02-00611,Z07,39.2,brak,2025-05-21
IK-02-00611,Z08,40.4,częściowe,2024-12-22
IK-02-00611,Z04,44.4,częściowe,2026-08-24
IK-02-00612,Z12,31.6,częściowe,2024-12-30
IK-02-00612,Z07,20.9,brak,2026-03-23
IK-02-00612,Z08,48.7,częściowe,2025-12-25
IK-02-00612,Z04,21.9,częściowe,2025-01-16
IK-02-00613,Z12,55.1,częściowe,2025-06-12
IK-02-00613,Z07,15.5,częściowe,2025-10-01
IK-02-00613,Z08,41.9,pełne,2025-01-26
IK-02-00613,Z04,67.7,brak,2025-01-23
IK-02-00614,Z12,40.7,brak,2026-07-07
IK-02-00614,Z07,33.9,częściowe,2025-10-21
IK-02-00614,Z08,35.8,brak,2025-02-10
IK-02-00614,Z04,19.4,częściowe,2025-10-03
IK-02-00615,Z12,50.6,częściowe,2025-10-08
IK-02-00615,Z07,51.3,częściowe,2025-12-24
IK-02-00615,Z08,49.8,częściowe,2026-06-19
IK-02-00615,Z04,30.5,brak,2024-12-26
IK-02-00616,Z12,66.5,częściowe,2025-09-19
IK-02-00616,Z07,49.2,pełne,2025-05-31
IK-02-00616,Z08,45.5,częściowe,2025-06-16
IK-02-00616,Z04,15.4,brak,2026-04-08
IK-02-00617,Z12,45.7,pełne,2025-08-31
IK-02-00617,Z07,61.6,częściowe,2024-12-07
IK-02-00617,Z08,19.3,częściowe,2026-07-24
IK-02-00617,Z04,41.3,pełne,2026-01-25
IK-02-00618,Z12,41.9,pełne,2024-11-17
IK-02-00618,Z07,52.5,brak,2026-04-21
IK-02-00618,Z08,41.6,brak,2024-11-23
IK-02-00618,Z04,28.8,brak,2025-01-14
IK-02-00619,Z12,65.0,częściowe,2026-06-05
IK-02-00619,Z07,37.8,częściowe,2025-02-06
IK-02-00619,Z08,59.5,częściowe,2025-11-01
IK-02-00619,Z04,39.9,częściowe,2025-06-17
IK-02-00620,Z12,43.1,brak,2026-08-15
IK-02-00620,Z07,27.5,brak,2025-08-15
IK-02-00620,Z08,23.4,brak,2025-02-01
IK-02-00620,Z04,19.8,częściowe,2025-03-05
IK-02-00621,Z12,52.9,brak,2026-04-11
IK-02-00621,Z07,39.0,częściowe,2024-12-31
IK-02-00621,Z08,57.6,częściowe,2025-10-27
IK-02-00621,Z04,30.6,brak,2025-01-10
IK-02-00622,Z12,28.8,częściowe,2025-08-12
IK-02-00622,Z07,64.9,częściowe,2025-08-26
IK-02-00622,Z08,53.2,brak,2025-11-16
IK-02-00622,Z04,37.0,częściowe,2026-04-22
IK-02-00623,Z12,46.9,częściowe,2024-10-13
IK-02-00623,Z07,25.6,częściowe,2025-12-14
IK-02-00623,Z08,59.6,częściowe,2026-05-11
IK-02-00623,Z04,58.2,brak,2025-05-10
IK-02-00624,Z12,23.9,brak,2026-07-03
IK-02-00624,Z07,20.3,pełne,2026-05-13
IK-02-00624,Z08,51.0,brak,2026-07-16
IK-02-00624,Z04,61.9,brak,2024-12-15
IK-02-00625,Z12,29.3,brak,2025-06-23
IK-02-00625,Z07,41.4,brak,2026-01-07
IK-02-00625,Z08,16.1,częściowe,2026-05-18
IK-02-00625,Z04,27.0,częściowe,2025-05-22
IK-02-00626,Z12,59.8,pełne,2025-04-29
IK-02-00626,Z07,23.5,częściowe,2025-09-06
IK-02-00626,Z08,56.2,częściowe,2026-02-21
IK-02-00626,Z04,62.0,pełne,2025-02-18
IK-02-00627,Z12,20.8,częściowe,2025-05-28
IK-02-00627,Z07,17.8,częściowe,2025-10-07
IK-02-00627,Z08,67.7,brak,2026-08-20
IK-02-00627,Z04,57.0,brak,2025-10-10
IK-02-00628,Z12,28.8,pełne,2025-07-20
IK-02-00628,Z07,41.5,częściowe,2026-04-04
IK-02-00628,Z08,48.4,częściowe,2024-12-03
IK-02-00628,Z04,34.2,pełne,2026-02-20
IK-02-00629,Z12,37.8,pełne,2026-08-21
IK-02-00629,Z07,28.2,częściowe,2026-08-19
IK-02-00629,Z08,57.5,częściowe,2025-12-05
IK-02-00629,Z04,55.5,częściowe,2025-02-15
IK-02-00630,Z12,22.7,pełne,2026-02-28
IK-02-00630,Z07,32.1,częściowe,2026-05-20
IK-02-00630,Z08,26.8,brak,2025-11-19
IK-02-00630,Z04,27.2,częściowe,2026-08-10
IK-02-00631,Z12,41.7,brak,2025-10-16
IK-02-00631,Z07,19.9,częściowe,2025-07-05
IK-02-00631,Z08,35.7,brak,2026-02-02
IK-02-00631,Z04,22.3,częściowe,2025-12-10
IK-02-00632,Z12,67.1,brak,2026-06-06
IK-02-00632,Z07,21.2,pełne,2024-10-14
IK-02-00632,Z08,30.0,częściowe,2025-09-25
IK-02-00632,Z04,58.4,pełne,2026-08-18
IK-02-00633,Z12,38.0,częściowe,2024-11-21
IK-02-00633,Z07,42.2,częściowe,2024-10-22
IK-02-00633,Z08,18.8,pełne,2025-04-12
IK-02-00633,Z04,58.1,brak,2025-02-09
IK-02-00634,Z12,26.1,częściowe,2024-12-03
IK-02-00634,Z07,66.3,częściowe,2026-04-23
IK-02-00634,Z08,69.8,brak,2025-08-29
IK-02-00634,Z04,24.4,częściowe,2025-04-22
IK-02-00635,Z12,25.9,częściowe,2026-04-14
IK-02-00635,Z07,19.7,częściowe,2025-05-26
IK-02-00635,Z08,26.0,częściowe,2025-07-16
IK-02-00635,Z04,44.8,częściowe,2026-08-20
IK-02-00636,Z12,48.9,pełne,2026-05-07
IK-02-00636,Z07,20.3,częściowe,2024-10-31
IK-02-00636,Z08,65.4,pełne,2025-02-24
IK-02-00636,Z04,63.5,pełne,2026-01-29
IK-02-00637,Z12,52.3,częściowe,2025-10-06
IK-02-00637,Z07,63.6,brak,2026-01-11
IK-02-00637,Z08,47.8,częściowe,2026-08-07
IK-02-00637,Z04,64.0,brak,2025-06-04
IK-02-00638,Z12,40.0,pełne,2025-12-03
IK-02-00638,Z07,19.4,brak,2026-06-09
IK-02-00638,Z08,32.8,brak,2024-12-09
IK-02-00638,Z04,67.3,pełne,2025-01-15
IK-02-00639,Z12,46.0,częściowe,2026-03-08
IK-02-00639,Z07,28.6,częściowe,2025-07-31
IK-02-00639,Z08,63.6,pełne,2025-09-27
IK-02-00639,Z04,41.5,brak,2025-12-01
IK-02-00640,Z12,67.8,częściowe,2025-04-14
IK-02-00640,Z07,57.0,częściowe,2025-02-26
IK-02-00640,Z08,39.8,częściowe,2026-04-13
IK-02-00640,Z04,34.2,częściowe,2026-05-19
IK-02-00641,Z12,38.8,pełne,2025-04-20
IK-02-00641,Z07,57.3,częściowe,2025-02-25
IK-02-00641,Z08,65.6,częściowe,2026-07-02
IK-02-00641,Z04,39.3,brak,2026-07-07
IK-02-00642,Z12,60.7,częściowe,2025-05-17
IK-02-00642,Z07,27.7,częściowe,2025-10-09
IK-02-00642,Z08,58.9,pełne,2024-12-21
IK-02-00642,Z04,34.9,pełne,2026-07-22
IK-02-00643,Z12,52.8,częściowe,2025-11-30
IK-02-00643,Z07,61.1,brak,2026-05-08
IK-02-00643,Z08,36.9,częściowe,2024-10-25
IK-02-00643,Z04,67.2,brak,2025-12-08
IK-02-00644,Z12,23.1,częściowe,2025-10-16
IK-02-00644,Z07,43.1,brak,2025-10-31
IK-02-00644,Z08,20.3,częściowe,2025-01-17
IK-02-00644,Z04,44.3,częściowe,2026-01-21
IK-02-00645,Z12,65.7,częściowe,2026-02-18
IK-02-00645,Z07,45.7,pełne,2025-10-08
IK-02-00645,Z08,52.1,brak,2026-08-08
IK-02-00645,Z04,23.1,pełne,2026-05-18
IK-02-00646,Z12,41.3,brak,2025-09-21
IK-02-00646,Z07,32.5,częściowe,2025-06-24
IK-02-00646,Z08,19.5,brak,2026-08-25
IK-02-00646,Z04,53.5,częściowe,2025-03-26
IK-02-00647,Z12,65.0,częściowe,2024-11-10
IK-02-00647,Z07,55.7,częściowe,2025-03-01
IK-02-00647,Z08,43.8,brak,2026-01-01
IK-02-00647,Z04,52.9,częściowe,2024-11-21
IK-02-00648,Z12,21.1,częściowe,2025-08-15
IK-02-00648,Z07,27.4,częściowe,2025-03-11
IK-02-00648,Z08,59.4,brak,2025-06-26
IK-02-00648,Z04,22.2,częściowe,2024-10-16
IK-02-00649,Z12,19.4,częściowe,2025-04-17
IK-02-00649,Z07,58.9,brak,2025-03-09
IK-02-00649,Z08,52.1,brak,2025-11-11
IK-02-00649,Z04,62.2,częściowe,2025-10-11
IK-02-00650,Z12,51.4,pełne,2024-11-11
IK-02-00650,Z07,33.4,częściowe,2025-01-11
IK-02-00650,Z08,33.8,częściowe,2026-06-13
IK-02-00650,Z04,52.8,pełne,2025-07-03
IK-02-00651,Z12,22.4,brak,2026-02-11
IK-02-00651,Z07,60.8,brak,2026-05-09
IK-02-00651,Z08,46.6,brak,2025-09-02
IK-02-00651,Z04,33.3,częściowe,2026-03-22
IK-02-00652,Z12,60.0,częściowe,2024-12-27
IK-02-00652,Z07,48.3,częściowe,2026-04-02
IK-02-00652,Z08,43.0,częściowe,2025-11-21
IK-02-00652,Z04,56.9,brak,2024-11-09
IK-02-00653,Z12,54.4,częściowe,2026-01-11
IK-02-00653,Z07,67.1,pełne,2025-03-28
IK-02-00653,Z08,29.1,brak,2025-03-14
IK-02-00653,Z04,30.9,brak,2026-08-02
IK-02-00654,Z12,65.2,brak,2025-04-03
IK-02-00654,Z07,23.6,częściowe,2025-05-04
IK-02-00654,Z08,33.7,częściowe,2024-10-14
IK-02-00654,Z04,24.0,częściowe,2025-07-10
IK-02-00655,Z12,47.9,częściowe,2024-10-28
IK-02-00655,Z07,55.0,pełne,2026-07-06
IK-02-00655,Z08,31.5,pełne,2025-05-31
IK-02-00655,Z04,15.8,brak,2025-11-06
IK-02-00656,Z12,50.5,częściowe,2026-02-23
IK-02-00656,Z07,63.1,częściowe,2025-05-13
IK-02-00656,Z08,55.0,częściowe,2025-08-31
IK-02-00656,Z04,38.1,brak,2025-05-19
IK-02-00657,Z12,19.0,pełne,2025-02-17
IK-02-00657,Z07,16.2,brak,2025-06-10
IK-02-00657,Z08,51.2,częściowe,2025-02-19
IK-02-00657,Z04,18.3,pełne,2026-07-05
IK-02-00658,Z12,46.2,pełne,2025-01-07
IK-02-00658,Z07,54.8,pełne,2024-12-03
IK-02-00658,Z08,53.5,częściowe,2025-08-30
IK-02-00658,Z04,40.3,częściowe,2025-02-27
IK-02-00659,Z12,55.1,częściowe,2026-03-14
IK-02-00659,Z07,67.2,częściowe,2025-10-02
IK-02-00659,Z08,54.2,pełne,2025-09-04
IK-02-00659,Z04,35.1,brak,2026-01-31
IK-02-00660,Z12,50.2,pełne,2024-12-06
IK-02-00660,Z07,23.6,częściowe,2025-10-04
IK-02-00660,Z08,49.8,częściowe,2026-04-24
IK-02-00660,Z04,15.9,brak,2025-06-28
IK-02-00661,Z12,36.0,częściowe,2026-04-05
IK-02-00661,Z07,24.9,częściowe,2025-04-11
IK-02-00661,Z08,61.9,pełne,2025-11-04
IK-02-00661,Z04,37.4,częściowe,2025-08-02
IK-02-00662,Z12,69.3,brak,2025-07-04
IK-02-00662,Z07,65.9,pełne,2025-06-15
IK-02-00662,Z08,70.0,pełne,2025-06-27
IK-02-00662,Z04,34.9,częściowe,2025-10-15
IK-02-00663,Z12,62.8,częściowe,2026-06-19
IK-02-00663,Z07,40.4,częściowe,2026-08-18
IK-02-00663,Z08,50.4,brak,2026-03-02
IK-02-00663,Z04,52.7,częściowe,2025-02-16
IK-02-00664,Z12,16.1,częściowe,2025-01-12
IK-02-00664,Z07,50.9,brak,2025-05-20
IK-02-00664,Z08,15.5,brak,2025-12-09
IK-02-00664,Z04,40.8,częściowe,2026-02-02
IK-02-00665,Z12,49.8,częściowe,2025-05-17
IK-02-00665,Z07,44.9,pełne,2025-05-16
IK-02-00665,Z08,69.6,brak,2026-01-19
IK-02-00665,Z04,24.1,pełne,2025-05-13
IK-02-00666,Z12,55.1,brak,2026-04-24
IK-02-00666,Z07,24.2,częściowe,2026-03-31
IK-02-00666,Z08,49.7,częściowe,2025-09-15
IK-02-00666,Z04,67.1,pełne,2025-09-07
IK-02-00667,Z12,47.1,brak,2025-06-01
IK-02-00667,Z07,22.5,pełne,2025-09-02
IK-02-00667,Z08,62.4,częściowe,2025-05-01
IK-02-00667,Z04,37.9,brak,2026-01-20
IK-02-00668,Z12,42.7,częściowe,2025-10-08
IK-02-00668,Z07,29.2,częściowe,2024-11-08
IK-02-00668,Z08,52.7,brak,2025-05-12
IK-02-00668,Z04,16.4,częściowe,2025-04-29
IK-02-00669,Z12,36.6,częściowe,2026-04-02
IK-02-00669,Z07,23.0,częściowe,2026-07-29
IK-02-00669,Z08,19.3,częściowe,2026-04-01
IK-02-00669,Z04,53.1,brak,2026-03-05
IK-02-00670,Z12,23.2,częściowe,2025-01-19
IK-02-00670,Z07,46.5,pełne,2025-11-28
IK-02-00670,Z08,26.2,pełne,2026-08-02
IK-02-00670,Z04,45.6,częściowe,2026-03-01
IK-02-00671,Z12,53.5,częściowe,2025-02-03
IK-02-00671,Z07,35.0,pełne,2025-10-04
IK-02-00671,Z08,61.7,brak,2025-06-05
IK-02-00671,Z04,29.9,częściowe,2025-02-01
IK-02-00672,Z12,54.4,brak,2026-07-27
IK-02-00672,Z07,18.9,brak,2025-06-24
IK-02-00672,Z08,18.5,częściowe,2025-10-12
IK-02-00672,Z04,23.0,częściowe,2026-08-25
IK-02-00673,Z12,21.5,pełne,2026-03-07
IK-02-00673,Z07,37.2,częściowe,2026-06-17
IK-02-00673,Z08,54.7,pełne,2025-11-20
IK-02-00673,Z04,45.3,częściowe,2025-10-16
IK-02-00674,Z12,33.5,częściowe,2026-01-31
IK-02-00674,Z07,33.2,częściowe,2025-06-01
IK-02-00674,Z08,32.1,pełne,2025-11-05
IK-02-00674,Z04,39.2,pełne,2024-11-16
IK-02-00675,Z12,39.6,częściowe,2026-04-28
IK-02-00675,Z07,65.7,pełne,2026-07-07
IK-02-00675,Z08,35.3,częściowe,2025-11-13
IK-02-00675,Z04,51.9,częściowe,2025-05-17
IK-02-00676,Z12,63.7,częściowe,2025-01-11
IK-02-00676,Z07,23.5,częściowe,2025-01-01
IK-02-00676,Z08,21.0,brak,2025-04-20
IK-02-00676,Z04,30.1,pełne,2024-12-24
IK-02-00677,Z12,61.0,częściowe,2026-07-29
IK-02-00677,Z07,34.2,pełne,2025-11-19
IK-02-00677,Z08,24.8,brak,2025-05-19
IK-02-00677,Z04,18.5,pełne,2024-10-28
IK-02-00678,Z12,43.8,częściowe,2024-10-12
IK-02-00678,Z07,38.0,częściowe,2025-04-20
IK-02-00678,Z08,31.3,brak,2025-09-16
IK-02-00678,Z04,25.7,pełne,2026-05-10
IK-02-00679,Z12,67.0,częściowe,2025-02-08
IK-02-00679,Z07,16.8,częściowe,2025-11-16
IK-02-00679,Z08,36.5,częściowe,2025-12-10
IK-02-00679,Z04,49.0,brak,2025-07-03
IK-02-00680,Z12,20.2,brak,2024-12-17
IK-02-00680,Z07,55.4,brak,2026-02-28
IK-02-00680,Z08,69.2,brak,2026-04-06
IK-02-00680,Z04,19.7,częściowe,2025-09-08
IK-03-00681,Z03,63.1,częściowe,2025-10-14
IK-03-00681,Z07,55.4,brak,2025-10-30
IK-03-00681,Z04,28.5,częściowe,2026-06-26
IK-03-00681,Z16,29.7,częściowe,2025-01-05
IK-03-00682,Z03,53.2,pełne,2026-04-05
IK-03-00682,Z07,35.1,pełne,2025-11-24
IK-03-00682,Z04,25.5,częściowe,2026-03-11
IK-03-00682,Z16,39.2,brak,2025-01-28
IK-03-00683,Z03,37.9,brak,2025-10-13
IK-03-00683,Z07,22.9,brak,2026-06-11
IK-03-00683,Z04,35.3,częściowe,2025-06-16
IK-03-00683,Z16,47.9,częściowe,2026-07-27
IK-03-00684,Z03,25.3,częściowe,2026-07-16
IK-03-00684,Z07,50.6,częściowe,2025-04-14
IK-03-00684,Z04,40.9,częściowe,2025-01-04
IK-03-00684,Z16,57.6,brak,2026-04-09
IK-03-00685,Z03,69.6,pełne,2025-09-22
IK-03-00685,Z07,54.9,częściowe,2025-04-25
IK-03-00685,Z04,25.8,pełne,2025-01-29
IK-03-00685,Z16,19.6,częściowe,2025-11-23
IK-03-00686,Z03,19.5,brak,2024-11-21
IK-03-00686,Z07,28.8,częściowe,2025-10-23
IK-03-00686,Z04,50.5,brak,2025-07-04
IK-03-00686,Z16,38.6,częściowe,2024-11-25
IK-03-00687,Z03,21.9,brak,2026-06-30
IK-03-00687,Z07,40.2,brak,2026-04-06
IK-03-00687,Z04,40.5,pełne,2025-10-07
IK-03-00687,Z16,64.6,częściowe,2025-08-17
IK-03-00688,Z03,65.1,brak,2025-03-31
IK-03-00688,Z07,23.5,częściowe,2025-06-13
IK-03-00688,Z04,24.2,brak,2024-10-11
IK-03-00688,Z16,54.9,częściowe,2026-02-01
IK-03-00689,Z03,61.2,częściowe,2025-11-26
IK-03-00689,Z07,61.5,częściowe,2025-06-03
IK-03-00689,Z04,28.2,częściowe,2025-03-05
IK-03-00689,Z16,30.0,brak,2025-05-16
IK-03-00690,Z03,51.0,pełne,2026-01-05
IK-03-00690,Z07,48.5,pełne,2026-08-06
IK-03-00690,Z04,64.0,pełne,2025-06-04
IK-03-00690,Z16,62.5,brak,2026-02-27
IK-03-00691,Z03,18.0,pełne,2026-02-20
IK-03-00691,Z07,38.1,pełne,2025-06-02
IK-03-00691,Z04,16.5,częściowe,2026-06-06
IK-03-00691,Z16,23.8,brak,2025-06-12
IK-03-00692,Z03,42.3,brak,2024-12-02
IK-03-00692,Z07,21.8,brak,2026-03-10
IK-03-00692,Z04,21.1,częściowe,2026-03-21
IK-03-00692,Z16,25.9,brak,2025-06-20
IK-03-00693,Z03,32.0,brak,2025-02-06
IK-03-00693,Z07,22.0,brak,2026-04-09
IK-03-00693,Z04,15.2,częściowe,2026-04-11
IK-03-00693,Z16,57.3,pełne,2025-09-30
IK-03-00694,Z03,18.8,częściowe,2025-07-20
IK-03-00694,Z07,63.9,brak,2026-04-30
IK-03-00694,Z04,65.2,częściowe,2024-11-29
IK-03-00694,Z16,49.5,częściowe,2024-11-05
IK-03-00695,Z03,15.9,brak,2026-07-14
IK-03-00695,Z07,27.1,częściowe,2026-05-30
IK-03-00695,Z04,34.4,częściowe,2025-09-29
IK-03-00695,Z16,24.8,pełne,2025-12-29
IK-03-00696,Z03,24.7,pełne,2026-03-24
IK-03-00696,Z07,20.0,częściowe,2024-11-10
IK-03-00696,Z04,16.1,pełne,2025-01-20
IK-03-00696,Z16,45.7,częściowe,2026-08-09
IK-03-00697,Z03,27.2,brak,2025-10-11
IK-03-00697,Z07,40.6,częściowe,2025-10-01
IK-03-00697,Z04,64.7,częściowe,2025-06-28
IK-03-00697,Z16,32.2,brak,2026-05-07
IK-03-00698,Z03,52.4,częściowe,2026-04-23
IK-03-00698,Z07,47.1,brak,2025-08-28
IK-03-00698,Z04,40.6,brak,2026-06-01
IK-03-00698,Z16,21.6,częściowe,2025-02-09
IK-03-00699,Z03,67.4,częściowe,2025-03-15
IK-03-00699,Z07,25.3,częściowe,2026-04-23
IK-03-00699,Z04,27.7,częściowe,2024-12-04
IK-03-00699,Z16,47.9,częściowe,2025-04-05
IK-03-00700,Z03,20.7,pełne,2025-02-17
IK-03-00700,Z07,69.4,częściowe,2025-01-04
IK-03-00700,Z04,42.4,częściowe,2025-11-01
IK-03-00700,Z16,43.2,częściowe,2026-08-10
IK-03-00701,Z03,46.9,brak,2025-09-09
IK-03-00701,Z07,16.9,częściowe,2026-04-13
IK-03-00701,Z04,41.8,częściowe,2025-12-17
IK-03-00701,Z16,28.6,pełne,2025-01-05
IK-03-00702,Z03,35.3,pełne,2025-01-07
IK-03-00702,Z07,48.5,pełne,2024-12-14
IK-03-00702,Z04,46.3,częściowe,2025-06-16
IK-03-00702,Z16,67.9,pełne,2026-01-13
IK-03-00703,Z03,53.4,częściowe,2026-02-15
IK-03-00703,Z07,17.6,częściowe,2026-06-16
IK-03-00703,Z04,48.9,częściowe,2025-04-04
IK-03-00703,Z16,20.9,brak,2026-02-22
IK-03-00704,Z03,55.2,pełne,2026-02-05
IK-03-00704,Z07,39.7,częściowe,2025-01-10
IK-03-00704,Z04,31.6,częściowe,2025-11-21
IK-03-00704,Z16,52.3,częściowe,2026-05-24
IK-03-00705,Z03,15.8,częściowe,2025-12-13
IK-03-00705,Z07,67.6,częściowe,2025-05-15
IK-03-00705,Z04,36.4,brak,2025-07-06
IK-03-00705,Z16,18.1,częściowe,2025-04-14
IK-03-00706,Z03,33.8,pełne,2026-03-16
IK-03-00706,Z07,50.5,częściowe,2025-10-17
IK-03-00706,Z04,31.5,częściowe,2025-11-15
IK-03-00706,Z16,54.8,pełne,2025-06-08
IK-03-00707,Z03,23.5,brak,2026-01-28
IK-03-00707,Z07,52.7,częściowe,2025-01-25
IK-03-00707,Z04,69.5,pełne,2026-01-30
IK-03-00707,Z16,56.9,częściowe,2025-03-11
IK-03-00708,Z03,16.0,częściowe,2024-10-14
IK-03-00708,Z07,32.0,pełne,2025-11-09
IK-03-00708,Z04,57.5,częściowe,2025-06-01
IK-03-00708,Z16,43.1,brak,2025-06-01
IK-03-00709,Z03,35.0,częściowe,2025-08-17
IK-03-00709,Z07,32.2,brak,2026-06-18
IK-03-00709,Z04,48.2,częściowe,2026-06-19
IK-03-00709,Z16,21.4,częściowe,2026-02-05
IK-03-00710,Z03,15.9,brak,2026-05-14
IK-03-00710,Z07,27.3,częściowe,2024-12-11
IK-03-00710,Z04,66.3,brak,2025-12-05
IK-03-00710,Z16,38.5,pełne,2026-08-10
IK-03-00711,Z03,42.2,pełne,2025-12-22
IK-03-00711,Z07,20.4,pełne,2025-11-28
IK-03-00711,Z04,63.2,brak,2024-12-16
IK-03-00711,Z16,56.5,pełne,2024-12-04
IK-03-00712,Z03,20.9,częściowe,2025-02-24
IK-03-00712,Z07,31.2,częściowe,2026-03-06
IK-03-00712,Z04,66.9,częściowe,2025-08-16
IK-03-00712,Z16,39.0,częściowe,2025-02-24
IK-03-00713,Z03,42.7,częściowe,2025-05-14
IK-03-00713,Z07,18.4,brak,2025-02-25
IK-03-00713,Z04,36.6,częściowe,2025-08-15
IK-03-00713,Z16,65.2,częściowe,2026-07-21
IK-03-00714,Z03,39.3,brak,2025-07-03
IK-03-00714,Z07,68.9,częściowe,2026-04-25
IK-03-00714,Z04,63.3,pełne,2026-05-08
IK-03-00714,Z16,65.8,brak,2025-09-11
IK-03-00715,Z03,25.0,brak,2025-11-27
IK-03-00715,Z07,57.5,częściowe,2025-03-20
IK-03-00715,Z04,47.6,brak,2025-05-12
IK-03-00715,Z16,30.5,częściowe,2025-11-27
IK-03-00716,Z03,50.4,częściowe,2025-05-09
IK-03-00716,Z07,22.2,częściowe,2026-01-16
IK-03-00716,Z04,61.9,częściowe,2026-07-21
IK-03-00716,Z16,31.4,brak,2025-02-24
IK-03-00717,Z03,15.4,pełne,2026-03-16
IK-03-00717,Z07,46.1,pełne,2026-03-15
IK-03-00717,Z04,52.8,brak,2025-04-06
IK-03-00717,Z16,62.2,brak,2025-11-22
IK-03-00718,Z03,29.4,brak,2026-01-18
IK-03-00718,Z07,50.6,częściowe,2024-11-17
IK-03-00718,Z04,56.2,częściowe,2025-12-07
IK-03-00718,Z16,70.0,częściowe,2025-08-21
IK-03-00719,Z03,24.1,częściowe,2025-11-04
IK-03-00719,Z07,29.5,brak,2025-10-18
IK-03-00719,Z04,29.9,częściowe,2025-09-26
IK-03-00719,Z16,46.5,brak,2025-02-15
IK-03-00720,Z03,20.7,częściowe,2025-11-22
IK-03-00720,Z07,22.9,częściowe,2024-11-27
IK-03-00720,Z04,54.1,pełne,2025-11-19
IK-03-00720,Z16,60.4,częściowe,2025-05-18
IK-03-00721,Z03,50.1,częściowe,2026-05-02
IK-03-00721,Z07,26.1,brak,2025-12-07
IK-03-00721,Z04,44.7,częściowe,2026-06-19
IK-03-00721,Z16,43.8,brak,2026-08-03
IK-03-00722,Z03,24.5,pełne,2026-03-21
IK-03-00722,Z07,37.7,pełne,2025-06-10
IK-03-00722,Z04,56.8,pełne,2025-11-15
IK-03-00722,Z16,42.4,częściowe,2025-07-17
IK-03-00723,Z03,51.2,częściowe,2026-01-15
IK-03-00723,Z07,65.8,częściowe,2026-03-27
IK-03-00723,Z04,18.9,częściowe,2025-04-11
IK-03-00723,Z16,18.2,częściowe,2026-01-02
IK-03-00724,Z03,47.2,częściowe,2026-08-23
IK-03-00724,Z07,18.1,częściowe,2025-12-08
IK-03-00724,Z04,51.7,częściowe,2025-09-25
IK-03-00724,Z16,20.9,pełne,2024-11-07
IK-03-00725,Z03,27.1,częściowe,2026-01-10
IK-03-00725,Z07,52.4,brak,2026-02-20
IK-03-00725,Z04,36.3,brak,2025-01-14
IK-03-00725,Z16,40.5,częściowe,2025-03-27
IK-03-00726,Z03,16.3,częściowe,2025-03-15
IK-03-00726,Z07,32.6,częściowe,2026-04-28
IK-03-00726,Z04,49.9,częściowe,2026-01-19
IK-03-00726,Z16,50.2,brak,2025-05-16
IK-03-00727,Z03,18.4,częściowe,2026-07-20
IK-03-00727,Z07,49.9,brak,2025-12-16
IK-03-00727,Z04,50.2,częściowe,2025-01-11
IK-03-00727,Z16,38.4,brak,2025-07-25
IK-03-00728,Z03,15.5,częściowe,2025-12-04
IK-03-00728,Z07,29.4,brak,2025-08-07
IK-03-00728,Z04,34.4,częściowe,2025-04-10
IK-03-00728,Z16,41.3,częściowe,2025-07-12
IK-03-00729,Z03,38.8,częściowe,2025-04-07
IK-03-00729,Z07,57.1,pełne,2025-11-21
IK-03-00729,Z04,42.2,częściowe,2025-03-08
IK-03-00729,Z16,20.2,częściowe,2025-06-27
IK-03-00730,Z03,48.6,częściowe,2026-07-05
IK-03-00730,Z07,57.4,pełne,2026-07-17
IK-03-00730,Z04,15.6,brak,2026-01-21
IK-03-00730,Z16,44.1,pełne,2025-04-02
IK-03-00731,Z03,53.9,pełne,2024-11-03
IK-03-00731,Z07,43.9,częściowe,2026-03-11
IK-03-00731,Z04,61.4,częściowe,2025-12-24
IK-03-00731,Z16,16.4,brak,2026-04-02
IK-03-00732,Z03,56.4,pełne,2025-07-28
IK-03-00732,Z07,23.3,częściowe,2025-05-01
IK-03-00732,Z04,33.8,częściowe,2025-03-12
IK-03-00732,Z16,17.1,brak,2025-11-13
IK-03-00733,Z03,36.0,częściowe,2026-01-23
IK-03-00733,Z07,69.6,częściowe,2026-06-22
IK-03-00733,Z04,69.0,brak,2025-09-11
IK-03-00733,Z16,41.4,brak,2025-08-02
IK-03-00734,Z03,68.1,pełne,2026-07-04
IK-03-00734,Z07,22.3,brak,2025-05-25
IK-03-00734,Z04,26.7,częściowe,2024-11-02
IK-03-00734,Z16,67.1,brak,2025-06-03
IK-03-00735,Z03,33.3,brak,2025-07-15
IK-03-00735,Z07,56.7,brak,2026-06-06
IK-03-00735,Z04,26.3,brak,2024-12-22
IK-03-00735,Z16,52.9,częściowe,2026-06-21
IK-03-00736,Z03,45.0,częściowe,2025-11-16
IK-03-00736,Z07,17.9,brak,2025-10-28
IK-03-00736,Z04,15.7,częściowe,2025-11-11
IK-03-00736,Z16,48.1,brak,2025-11-13
IK-03-00737,Z03,63.2,pełne,2025-09-09
IK-03-00737,Z07,41.8,częściowe,2025-07-13
IK-03-00737,Z04,24.7,brak,2026-08-03
IK-03-00737,Z16,48.6,częściowe,2026-05-10
IK-03-00738,Z03,34.5,pełne,2026-06-14
IK-03-00738,Z07,36.9,częściowe,2026-05-11
IK-03-00738,Z04,55.5,częściowe,2026-03-09
IK-03-00738,Z16,22.3,pełne,2026-07-03
IK-03-00739,Z03,47.2,częściowe,2025-02-10
IK-03-00739,Z07,23.5,częściowe,2025-08-13
IK-03-00739,Z04,48.1,brak,2025-03-16
IK-03-00739,Z16,19.6,częściowe,2025-06-18
IK-03-00740,Z03,54.9,pełne,2026-07-28
IK-03-00740,Z07,56.7,częściowe,2026-06-09
IK-03-00740,Z04,28.3,pełne,2025-05-23
IK-03-00740,Z16,51.9,brak,2026-03-24
IK-03-00741,Z03,51.4,pełne,2024-10-19
IK-03-00741,Z07,68.1,częściowe,2026-02-22
IK-03-00741,Z04,36.4,brak,2025-04-30
IK-03-00741,Z16,26.0,brak,2025-11-21
IK-03-00742,Z03,18.2,brak,2026-04-18
IK-03-00742,Z07,33.4,częściowe,2025-02-10
IK-03-00742,Z04,42.0,pełne,2026-04-27
IK-03-00742,Z16,20.9,częściowe,2025-03-06
IK-03-00743,Z03,49.0,częściowe,2025-12-25
IK-03-00743,Z07,60.9,brak,2025-12-20
IK-03-00743,Z04,36.4,brak,2026-07-30
IK-03-00743,Z16,35.5,brak,2024-11-10
IK-03-00744,Z03,16.7,częściowe,2026-07-07
IK-03-00744,Z07,22.1,częściowe,2025-08-16
IK-03-00744,Z04,22.7,częściowe,2025-10-18
IK-03-00744,Z16,30.8,częściowe,2025-09-29
IK-03-00745,Z03,44.9,brak,2024-10-21
IK-03-00745,Z07,64.5,częściowe,2025-05-31
IK-03-00745,Z04,30.8,pełne,2025-07-20
IK-03-00745,Z16,56.9,brak,2025-09-10
IK-03-00746,Z03,47.1,brak,2025-02-12
IK-03-00746,Z07,19.7,częściowe,2025-12-21
IK-03-00746,Z04,25.5,częściowe,2025-10-26
IK-03-00746,Z16,48.8,brak,2026-07-31
IK-03-00747,Z03,42.8,częściowe,2026-06-27
IK-03-00747,Z07,67.2,pełne,2026-02-01
IK-03-00747,Z04,42.6,częściowe,2024-10-13
IK-03-00747,Z16,35.2,pełne,2024-10-16
IK-03-00748,Z03,49.2,częściowe,2025-03-05
IK-03-00748,Z07,66.3,brak,2026-01-25
IK-03-00748,Z04,29.1,częściowe,2026-02-03
IK-03-00748,Z16,50.0,pełne,2026-04-13
IK-03-00749,Z03,32.9,brak,2025-01-22
IK-03-00749,Z07,21.7,brak,2025-01-05
IK-03-00749,Z04,18.4,częściowe,2025-08-02
IK-03-00749,Z16,31.7,częściowe,2026-08-07
IK-03-00750,Z03,59.3,brak,2025-04-01
IK-03-00750,Z07,64.7,częściowe,2024-12-02
IK-03-00750,Z04,66.2,brak,2026-03-29
IK-03-00750,Z16,45.4,częściowe,2026-02-02
IK-03-00751,Z03,34.3,brak,2025-10-29
IK-03-00751,Z07,65.0,częściowe,2025-04-29
IK-03-00751,Z04,24.1,częściowe,2026-04-09
IK-03-00751,Z16,39.7,brak,2025-09-29
IK-03-00752,Z03,64.9,częściowe,2025-07-16
IK-03-00752,Z07,62.4,częściowe,2024-12-27
IK-03-00752,Z04,56.0,częściowe,2024-10-21
IK-03-00752,Z16,69.8,częściowe,2024-12-05
IK-03-00753,Z03,22.2,brak,2025-09-24
IK-03-00753,Z07,45.4,częściowe,2024-12-09
IK-03-00753,Z04,29.8,częściowe,2026-06-23
IK-03-00753,Z16,42.3,częściowe,2025-08-01
IK-03-00754,Z03,44.8,brak,2026-07-18
IK-03-00754,Z07,50.5,częściowe,2025-12-14
IK-03-00754,Z04,52.2,częściowe,2025-09-22
IK-03-00754,Z16,57.4,pełne,2026-07-14
IK-03-00755,Z03,45.0,pełne,2025-08-02
IK-03-00755,Z07,50.8,pełne,2025-01-04
IK-03-00755,Z04,69.6,pełne,2025-03-27
IK-03-00755,Z16,39.3,częściowe,2025-04-04
IK-03-00756,Z03,28.1,częściowe,2026-01-03
IK-03-00756,Z07,42.4,częściowe,2025-06-18
IK-03-00756,Z04,38.8,częściowe,2025-06-03
IK-03-00756,Z16,65.4,częściowe,2025-02-04
IK-03-00757,Z03,40.1,częściowe,2026-06-16
IK-03-00757,Z07,63.4,brak,2026-08-04
IK-03-00757,Z04,17.4,pełne,2025-07-21
IK-03-00757,Z16,33.2,pełne,2025-10-22
IK-03-00758,Z03,34.9,częściowe,2025-11-19
IK-03-00758,Z07,62.1,częściowe,2025-06-13
IK-03-00758,Z04,54.6,częściowe,2025-12-10
IK-03-00758,Z16,57.4,brak,2025-10-31
IK-03-00759,Z03,50.5,częściowe,2024-10-26
IK-03-00759,Z07,33.4,brak,2025-09-23
IK-03-00759,Z04,41.8,pełne,2025-12-14
IK-03-00759,Z16,52.7,częściowe,2025-03-05
IK-03-00760,Z03,59.4,częściowe,2025-05-23
IK-03-00760,Z07,68.4,częściowe,2024-10-20
IK-03-00760,Z04,65.5,brak,2025-05-08
IK-03-00760,Z16,69.6,pełne,2025-03-27
IK-03-00761,Z03,41.1,pełne,2025-10-05
IK-03-00761,Z07,59.4,pełne,2026-05-19
IK-03-00761,Z04,24.5,częściowe,2026-01-25
IK-03-00761,Z16,64.6,częściowe,2025-09-08
IK-03-00762,Z03,58.1,brak,2025-02-10
IK-03-00762,Z07,27.8,brak,2026-01-21
IK-03-00762,Z04,48.5,brak,2026-03-15
IK-03-00762,Z16,57.0,pełne,2025-03-25
IK-03-00763,Z03,57.1,częściowe,2026-04-22
IK-03-00763,Z07,53.6,częściowe,2026-08-24
IK-03-00763,Z04,51.2,częściowe,2025-09-24
IK-03-00763,Z16,69.9,częściowe,2025-11-24
IK-03-00764,Z03,39.7,częściowe,2026-03-11
IK-03-00764,Z07,18.3,częściowe,2026-07-08
IK-03-00764,Z04,38.4,częściowe,2025-06-04
IK-03-00764,Z16,69.9,brak,2025-06-30
IK-03-00765,Z03,39.0,brak,2026-01-23
IK-03-00765,Z07,61.4,częściowe,2025-07-29
IK-03-00765,Z04,54.0,brak,2026-06-02
IK-03-00765,Z16,50.2,częściowe,2024-12-09
IK-03-00766,Z03,66.6,brak,2025-01-17
IK-03-00766,Z07,22.0,częściowe,2025-06-12
IK-03-00766,Z04,33.9,brak,2026-06-07
IK-03-00766,Z16,59.0,pełne,2025-10-12
IK-03-00767,Z03,31.3,częściowe,2026-03-02
IK-03-00767,Z07,27.3,częściowe,2025-09-22
IK-03-00767,Z04,35.6,brak,2026-08-16
IK-03-00767,Z16,66.7,pełne,2026-02-15
IK-03-00768,Z03,64.7,częściowe,2026-04-24
IK-03-00768,Z07,21.7,brak,2025-04-12
IK-03-00768,Z04,66.8,częściowe,2026-01-31
IK-03-00768,Z16,18.0,pełne,2026-05-10
IK-03-00769,Z03,17.4,brak,2025-07-16
IK-03-00769,Z07,23.9,częściowe,2026-02-15
IK-03-00769,Z04,24.4,częściowe,2026-01-03
IK-03-00769,Z16,63.5,częściowe,2026-02-12
IK-03-00770,Z03,64.8,częściowe,2024-10-21
IK-03-00770,Z07,58.0,częściowe,2024-12-13
IK-03-00770,Z04,51.3,brak,2026-03-14
IK-03-00770,Z16,69.7,brak,2025-07-18
IK-03-00771,Z03,32.2,brak,2026-06-15
IK-03-00771,Z07,18.6,częściowe,2025-04-10
IK-03-00771,Z04,19.8,pełne,2025-05-24
IK-03-00771,Z16,62.1,pełne,2025-07-21
IK-03-00772,Z03,64.6,częściowe,2025-05-01
IK-03-00772,Z07,30.6,częściowe,2026-08-07
IK-03-00772,Z04,62.1,częściowe,2025-12-12
IK-03-00772,Z16,24.1,brak,2025-08-13
IK-03-00773,Z03,40.1,częściowe,2026-08-16
IK-03-00773,Z07,57.7,częściowe,2025-03-03
IK-03-00773,Z04,62.2,częściowe,2026-06-01
IK-03-00773,Z16,32.0,brak,2026-08-11
IK-03-00774,Z03,31.7,brak,2025-10-17
IK-03-00774,Z07,39.0,pełne,2026-03-01
IK-03-00774,Z04,37.8,częściowe,2025-04-19
IK-03-00774,Z16,39.0,częściowe,2025-11-25
IK-03-00775,Z03,32.2,częściowe,2025-02-26
IK-03-00775,Z07,46.4,częściowe,2024-10-22
IK-03-00775,Z04,40.5,brak,2025-01-21
IK-03-00775,Z16,29.1,częściowe,2026-03-14
IK-03-00776,Z03,56.8,brak,2026-05-21
IK-03-00776,Z07,32.9,częściowe,2025-11-14
IK-03-00776,Z04,25.2,częściowe,2025-04-15
IK-03-00776,Z16,34.9,brak,2024-10-13
IK-03-00777,Z03,25.6,częściowe,2025-06-20
IK-03-00777,Z07,64.7,pełne,2025-04-07
IK-03-00777,Z04,56.6,częściowe,2025-03-04
IK-03-00777,Z16,55.3,częściowe,2025-12-14
IK-03-00778,Z03,32.5,pełne,2026-06-02
IK-03-00778,Z07,20.6,pełne,2025-09-25
IK-03-00778,Z04,30.7,pełne,2025-07-31
IK-03-00778,Z16,19.0,brak,2025-09-11
IK-03-00779,Z03,55.4,częściowe,2025-02-23
IK-03-00779,Z07,44.2,częściowe,2025-11-16
IK-03-00779,Z04,40.3,częściowe,2025-06-07
IK-03-00779,Z16,50.0,brak,2025-04-26
IK-03-00780,Z03,53.8,częściowe,2024-11-09
IK-03-00780,Z07,49.5,częściowe,2026-03-19
IK-03-00780,Z04,43.7,pełne,2025-11-19
IK-03-00780,Z16,18.1,brak,2026-07-06
IK-03-00781,Z03,47.0,częściowe,2025-07-11
IK-03-00781,Z07,57.5,częściowe,2025-07-21
IK-03-00781,Z04,57.1,pełne,2025-10-02
IK-03-00781,Z16,38.6,pełne,2025-10-17
IK-03-00782,Z03,36.4,częściowe,2025-12-23
IK-03-00782,Z07,52.9,częściowe,2024-11-18
IK-03-00782,Z04,34.2,częściowe,2025-12-17
IK-03-00782,Z16,44.7,częściowe,2025-05-01
IK-03-00783,Z03,46.7,częściowe,2026-06-24
IK-03-00783,Z07,48.4,brak,2024-12-07
IK-03-00783,Z04,64.8,pełne,2024-10-28
IK-03-00783,Z16,57.1,częściowe,2025-08-27
IK-03-00784,Z03,44.0,częściowe,2025-06-14
IK-03-00784,Z07,38.7,częściowe,2025-08-03
IK-03-00784,Z04,51.2,brak,2024-12-19
IK-03-00784,Z16,52.6,częściowe,2026-07-10
IK-03-00785,Z03,43.7,brak,2024-12-04
IK-03-00785,Z07,15.6,częściowe,2025-04-16
IK-03-00785,Z04,31.0,częściowe,2025-02-06
IK-03-00785,Z16,40.5,częściowe,2025-08-02
IK-03-00786,Z03,21.0,częściowe,2025-09-23
IK-03-00786,Z07,37.2,pełne,2026-07-20
IK-03-00786,Z04,37.9,częściowe,2024-11-27
IK-03-00786,Z16,66.7,pełne,2025-12-08
IK-03-00787,Z03,26.3,częściowe,2026-08-18
IK-03-00787,Z07,25.0,częściowe,2025-04-22
IK-03-00787,Z04,17.5,częściowe,2026-01-21
IK-03-00787,Z16,61.4,częściowe,2025-06-26
IK-03-00788,Z03,33.2,brak,2026-03-21
IK-03-00788,Z07,49.7,częściowe,2025-08-18
IK-03-00788,Z04,51.8,częściowe,2026-05-04
IK-03-00788,Z16,64.3,częściowe,2025-07-08
IK-03-00789,Z03,25.1,brak,2025-12-07
IK-03-00789,Z07,67.1,częściowe,2025-04-05
IK-03-00789,Z04,34.2,brak,2025-10-26
IK-03-00789,Z16,48.8,częściowe,2025-03-10
IK-03-00790,Z03,30.2,brak,2026-04-19
IK-03-00790,Z07,63.2,częściowe,2025-11-21
IK-03-00790,Z04,41.4,brak,2025-11-12
IK-03-00790,Z16,69.8,pełne,2026-02-06
IK-03-00791,Z03,31.6,częściowe,2024-10-12
IK-03-00791,Z07,26.0,brak,2026-07-28
IK-03-00791,Z04,68.2,częściowe,2026-07-05
IK-03-00791,Z16,62.4,pełne,2026-01-25
IK-03-00792,Z03,63.0,częściowe,2026-01-02
IK-03-00792,Z07,55.4,pełne,2026-08-11
IK-03-00792,Z04,44.9,częściowe,2025-12-04
IK-03-00792,Z16,39.0,brak,2025-06-24
IK-03-00793,Z03,21.9,częściowe,2026-02-27
IK-03-00793,Z07,16.4,częściowe,2026-05-23
IK-03-00793,Z04,29.4,częściowe,2025-04-01
IK-03-00793,Z16,30.5,pełne,2025-06-03
IK-03-00794,Z03,35.9,brak,2025-07-14
IK-03-00794,Z07,49.9,częściowe,2025-07-18
IK-03-00794,Z04,62.3,częściowe,2025-06-06
IK-03-00794,Z16,55.1,pełne,2025-12-22
IK-03-00795,Z03,34.0,brak,2025-07-10
IK-03-00795,Z07,66.2,brak,2025-04-26
IK-03-00795,Z04,33.5,częściowe,2025-10-19
IK-03-00795,Z16,28.7,częściowe,2025-09-20
IK-03-00796,Z03,43.7,częściowe,2025-11-05
IK-03-00796,Z07,59.7,pełne,2025-09-05
IK-03-00796,Z04,58.0,brak,2025-05-06
IK-03-00796,Z16,24.4,częściowe,2025-11-15
IK-03-00797,Z03,28.9,częściowe,2026-01-17
IK-03-00797,Z07,68.3,częściowe,2025-09-16
IK-03-00797,Z04,52.3,częściowe,2026-03-28
IK-03-00797,Z16,69.6,częściowe,2026-02-23
IK-03-00798,Z03,61.0,pełne,2026-07-21
IK-03-00798,Z07,52.6,częściowe,2025-10-26
IK-03-00798,Z04,21.3,brak,2025-10-02
IK-03-00798,Z16,23.9,brak,2024-10-21
IK-03-00799,Z03,61.9,brak,2025-02-26
IK-03-00799,Z07,56.2,częściowe,2025-10-03
IK-03-00799,Z04,33.1,brak,2026-06-29
IK-03-00799,Z16,47.8,brak,2025-09-11
IK-03-00800,Z03,37.7,pełne,2025-07-18
IK-03-00800,Z07,68.7,brak,2025-10-10
IK-03-00800,Z04,39.9,pełne,2025-12-12
IK-03-00800,Z16,41.8,częściowe,2026-05-08
IK-03-00801,Z03,64.8,częściowe,2026-02-17
IK-03-00801,Z07,31.8,częściowe,2026-03-05
IK-03-00801,Z04,29.8,brak,2026-02-20
IK-03-00801,Z16,41.0,pełne,2025-12-14
IK-03-00802,Z03,33.4,częściowe,2026-02-19
IK-03-00802,Z07,33.7,brak,2026-04-20
IK-03-00802,Z04,37.8,brak,2025-08-02
IK-03-00802,Z16,51.0,pełne,2025-09-24
IK-03-00803,Z03,55.6,częściowe,2025-02-28
IK-03-00803,Z07,28.8,pełne,2025-02-06
IK-03-00803,Z04,48.8,brak,2026-04-23
IK-03-00803,Z16,49.1,częściowe,2026-04-22
IK-03-00804,Z03,65.5,pełne,2026-06-24
IK-03-00804,Z07,48.4,częściowe,2025-01-06
IK-03-00804,Z04,30.2,brak,2025-08-12
IK-03-00804,Z16,39.5,częściowe,2026-05-22
IK-03-00805,Z03,36.9,częściowe,2026-06-01
IK-03-00805,Z07,20.8,częściowe,2025-05-20
IK-03-00805,Z04,17.5,pełne,2026-01-06
IK-03-00805,Z16,48.1,częściowe,2025-04-15
IK-03-00806,Z03,34.5,częściowe,2025-11-23
IK-03-00806,Z07,39.4,częściowe,2025-04-03
IK-03-00806,Z04,58.5,brak,2025-11-22
IK-03-00806,Z16,56.1,częściowe,2025-01-29
IK-03-00807,Z03,66.3,częściowe,2026-04-13
IK-03-00807,Z07,22.0,pełne,2026-07-07
IK-03-00807,Z04,58.5,pełne,2025-02-05
IK-03-00807,Z16,38.4,brak,2025-04-13
IK-03-00808,Z03,44.3,częściowe,2025-03-21
IK-03-00808,Z07,33.7,częściowe,2026-04-08
IK-03-00808,Z04,19.3,częściowe,2025-04-17
IK-03-00808,Z16,51.2,brak,2026-08-02
IK-03-00809,Z03,47.6,częściowe,2025-05-27
IK-03-00809,Z07,36.2,pełne,2025-05-03
IK-03-00809,Z04,59.3,brak,2025-06-25
IK-03-00809,Z16,31.9,częściowe,2025-12-10
IK-03-00810,Z03,47.9,brak,2025-03-05
IK-03-00810,Z07,54.7,brak,2025-08-17
IK-03-00810,Z04,40.2,częściowe,2025-10-18
IK-03-00810,Z16,41.9,brak,2024-11-14
IK-03-00811,Z03,15.9,częściowe,2026-04-30
IK-03-00811,Z07,56.9,częściowe,2025-07-26
IK-03-00811,Z04,42.5,brak,2025-07-31
IK-03-00811,Z16,45.3,częściowe,2026-01-27
IK-03-00812,Z03,52.1,pełne,2026-02-17
IK-03-00812,Z07,37.4,częściowe,2025-06-22
IK-03-00812,Z04,36.0,brak,2025-01-03
IK-03-00812,Z16,29.4,brak,2025-02-16
IK-03-00813,Z03,36.2,częściowe,2025-04-15
IK-03-00813,Z07,37.8,pełne,2025-05-29
IK-03-00813,Z04,36.8,częściowe,2026-07-14
IK-03-00813,Z16,43.3,częściowe,2026-06-01
IK-03-00814,Z03,69.4,częściowe,2024-11-19
IK-03-00814,Z07,58.1,częściowe,2025-01-16
IK-03-00814,Z04,41.7,pełne,2024-10-15
IK-03-00814,Z16,65.2,częściowe,2025-02-08
IK-03-00815,Z03,27.0,częściowe,2024-11-09
IK-03-00815,Z07,62.1,brak,2025-09-19
IK-03-00815,Z04,60.2,częściowe,2025-05-04
IK-03-00815,Z16,67.7,brak,2024-12-28
IK-03-00816,Z03,30.8,brak,2025-09-06
IK-03-00816,Z07,23.8,brak,2025-07-21
IK-03-00816,Z04,43.9,częściowe,2025-05-20
IK-03-00816,Z16,38.1,brak,2026-07-06
IK-03-00817,Z03,43.6,częściowe,2026-05-08
IK-03-00817,Z07,26.8,częściowe,2025-05-06
IK-03-00817,Z04,63.3,częściowe,2025-05-15
IK-03-00817,Z16,48.8,częściowe,2026-08-07
IK-03-00818,Z03,65.2,pełne,2024-11-07
IK-03-00818,Z07,43.8,częściowe,2025-01-10
IK-03-00818,Z04,22.9,pełne,2025-07-13
IK-03-00818,Z16,54.1,częściowe,2026-06-20
IK-03-00819,Z03,21.9,częściowe,2025-04-25
IK-03-00819,Z07,39.6,pełne,2026-07-16
IK-03-00819,Z04,25.2,brak,2026-01-25
IK-03-00819,Z16,44.8,brak,2025-02-19
IK-03-00820,Z03,62.0,brak,2025-09-13
IK-03-00820,Z07,65.7,brak,2025-12-02
IK-03-00820,Z04,68.7,pełne,2026-04-15
IK-03-00820,Z16,25.3,częściowe,2025-08-12
IK-03-00821,Z03,17.9,brak,2026-08-13
IK-03-00821,Z07,43.0,częściowe,2024-12-04
IK-03-00821,Z04,26.1,brak,2025-01-30
IK-03-00821,Z16,66.2,brak,2025-12-12
IK-03-00822,Z03,67.8,pełne,2025-11-13
IK-03-00822,Z07,42.8,brak,2026-04-06
IK-03-00822,Z04,59.3,częściowe,2025-01-12
IK-03-00822,Z16,51.1,częściowe,2025-04-18
IK-03-00823,Z03,60.6,częściowe,2024-12-18
IK-03-00823,Z07,48.3,częściowe,2025-02-13
IK-03-00823,Z04,42.0,częściowe,2025-07-18
IK-03-00823,Z16,57.0,brak,2025-02-11
IK-03-00824,Z03,25.8,częściowe,2025-01-01
IK-03-00824,Z07,47.6,częściowe,2025-09-14
IK-03-00824,Z04,68.1,częściowe,2025-01-02
IK-03-00824,Z16,30.0,częściowe,2025-10-02
IK-03-00825,Z03,25.5,pełne,2025-07-18
IK-03-00825,Z07,45.2,częściowe,2024-11-25
IK-03-00825,Z04,28.8,brak,2026-02-28
IK-03-00825,Z16,16.6,częściowe,2025-11-10
IK-03-00826,Z03,15.2,brak,2026-03-19
IK-03-00826,Z07,53.9,brak,2026-01-03
IK-03-00826,Z04,55.3,częściowe,2025-09-18
IK-03-00826,Z16,52.6,brak,2026-08-22
IK-03-00827,Z03,56.7,brak,2024-10-16
IK-03-00827,Z07,23.4,częściowe,2026-03-20
IK-03-00827,Z04,53.8,częściowe,2025-10-03
IK-03-00827,Z16,36.8,częściowe,2025-08-02
IK-03-00828,Z03,46.8,brak,2026-02-20
IK-03-00828,Z07,20.1,brak,2025-02-16
IK-03-00828,Z04,43.2,pełne,2025-06-23
IK-03-00828,Z16,30.7,częściowe,2026-02-17
IK-03-00829,Z03,57.5,brak,2026-01-12
IK-03-00829,Z07,63.8,pełne,2025-06-07
IK-03-00829,Z04,35.1,pełne,2025-10-24
IK-03-00829,Z16,22.9,częściowe,2025-09-13
IK-03-00830,Z03,61.9,częściowe,2025-10-06
IK-03-00830,Z07,65.1,częściowe,2025-06-28
IK-03-00830,Z04,49.8,częściowe,2024-12-08
IK-03-00830,Z16,46.0,pełne,2026-05-26
IK-04-00831,Z03,67.2,pełne,2025-11-17
IK-04-00831,Z07,33.1,brak,2026-05-03
IK-04-00831,Z04,50.5,częściowe,2025-02-11
IK-04-00832,Z03,25.1,pełne,2025-07-31
IK-04-00832,Z07,23.9,pełne,2025-06-07
IK-04-00832,Z04,44.5,brak,2026-05-17
IK-04-00833,Z03,65.2,częściowe,2025-01-01
IK-04-00833,Z07,37.5,brak,2025-09-16
IK-04-00833,Z04,26.5,częściowe,2026-05-10
IK-04-00834,Z03,69.3,częściowe,2024-12-27
IK-04-00834,Z07,54.1,pełne,2026-08-01
IK-04-00834,Z04,65.2,pełne,2025-09-06
IK-04-00835,Z03,43.9,częściowe,2025-01-06
IK-04-00835,Z07,25.3,brak,2026-01-01
IK-04-00835,Z04,22.6,brak,2025-08-09
IK-04-00836,Z03,36.4,częściowe,2025-10-22
IK-04-00836,Z07,26.4,częściowe,2025-04-10
IK-04-00836,Z04,55.1,częściowe,2025-09-11
IK-04-00837,Z03,48.9,pełne,2025-08-25
IK-04-00837,Z07,59.5,częściowe,2025-03-14
IK-04-00837,Z04,22.5,brak,2026-01-09
IK-04-00838,Z03,24.0,brak,2024-10-15
IK-04-00838,Z07,55.6,częściowe,2024-11-26
IK-04-00838,Z04,43.5,brak,2025-08-01
IK-04-00839,Z03,64.6,częściowe,2025-07-19
IK-04-00839,Z07,18.1,częściowe,2025-03-03
IK-04-00839,Z04,49.5,częściowe,2026-01-23
IK-04-00840,Z03,37.7,częściowe,2025-09-21
IK-04-00840,Z07,16.9,brak,2026-04-09
IK-04-00840,Z04,33.0,częściowe,2025-01-01
IK-04-00841,Z03,70.0,częściowe,2025-10-20
IK-04-00841,Z07,59.2,częściowe,2025-02-13
IK-04-00841,Z04,47.6,brak,2026-01-15
IK-04-00842,Z03,28.8,częściowe,2025-02-03
IK-04-00842,Z07,47.6,częściowe,2026-07-31
IK-04-00842,Z04,38.7,częściowe,2025-07-22
IK-04-00843,Z03,46.2,częściowe,2026-07-01
IK-04-00843,Z07,25.3,brak,2025-03-26
IK-04-00843,Z04,68.7,pełne,2025-04-24
IK-04-00844,Z03,53.1,brak,2025-10-08
IK-04-00844,Z07,64.9,pełne,2025-04-06
IK-04-00844,Z04,47.3,brak,2024-10-31
IK-04-00845,Z03,67.8,częściowe,2026-03-09
IK-04-00845,Z07,29.0,częściowe,2025-07-27
IK-04-00845,Z04,45.3,częściowe,2024-12-01
IK-04-00846,Z03,54.9,pełne,2026-06-06
IK-04-00846,Z07,27.9,brak,2025-04-19
IK-04-00846,Z04,35.7,pełne,2025-11-14
IK-04-00847,Z03,28.0,częściowe,2024-10-14
IK-04-00847,Z07,32.5,częściowe,2025-04-19
IK-04-00847,Z04,66.8,częściowe,2026-05-12
IK-04-00848,Z03,39.9,częściowe,2026-08-21
IK-04-00848,Z07,40.5,pełne,2026-04-03
IK-04-00848,Z04,21.6,pełne,2025-07-21
IK-04-00849,Z03,62.3,brak,2024-12-04
IK-04-00849,Z07,36.1,pełne,2026-03-26
IK-04-00849,Z04,46.1,częściowe,2025-11-15
IK-04-00850,Z03,49.2,częściowe,2026-08-22
IK-04-00850,Z07,26.2,brak,2026-04-13
IK-04-00850,Z04,30.8,częściowe,2025-03-23
IK-04-00851,Z03,48.1,częściowe,2026-01-12
IK-04-00851,Z07,63.5,częściowe,2025-09-17
IK-04-00851,Z04,34.6,brak,2025-11-28
IK-04-00852,Z03,44.4,brak,2025-09-15
IK-04-00852,Z07,21.1,częściowe,2025-07-14
IK-04-00852,Z04,41.9,brak,2025-08-18
IK-04-00853,Z03,24.4,brak,2026-05-28
IK-04-00853,Z07,43.1,brak,2025-06-26
IK-04-00853,Z04,22.8,brak,2024-11-01
IK-04-00854,Z03,40.8,częściowe,2025-06-21
IK-04-00854,Z07,64.8,częściowe,2025-06-29
IK-04-00854,Z04,28.4,częściowe,2025-08-22
IK-04-00855,Z03,55.7,częściowe,2024-12-21
IK-04-00855,Z07,60.9,pełne,2025-11-08
IK-04-00855,Z04,39.8,pełne,2025-11-23
IK-04-00856,Z03,42.4,częściowe,2026-04-03
IK-04-00856,Z07,20.7,częściowe,2025-02-02
IK-04-00856,Z04,46.1,brak,2025-11-28
IK-04-00857,Z03,49.0,częściowe,2025-03-06
IK-04-00857,Z07,23.6,pełne,2025-12-11
IK-04-00857,Z04,32.6,brak,2024-11-08
IK-04-00858,Z03,45.0,pełne,2025-09-11
IK-04-00858,Z07,61.3,brak,2026-07-16
IK-04-00858,Z04,44.5,pełne,2026-07-20
IK-04-00859,Z03,25.2,brak,2026-03-19
IK-04-00859,Z07,52.7,brak,2024-12-28
IK-04-00859,Z04,29.9,częściowe,2026-05-24
IK-04-00860,Z03,62.6,częściowe,2025-07-23
IK-04-00860,Z07,23.0,brak,2025-08-05
IK-04-00860,Z04,41.3,brak,2026-01-20
IK-04-00861,Z03,28.7,brak,2025-09-27
IK-04-00861,Z07,25.5,częściowe,2026-05-26
IK-04-00861,Z04,33.2,częściowe,2025-03-04
IK-04-00862,Z03,69.1,pełne,2025-03-23
IK-04-00862,Z07,26.8,pełne,2024-11-13
IK-04-00862,Z04,39.5,częściowe,2025-02-14
IK-04-00863,Z03,21.5,częściowe,2024-12-14
IK-04-00863,Z07,36.5,pełne,2025-07-12
IK-04-00863,Z04,31.9,pełne,2024-12-02
IK-04-00864,Z03,43.1,częściowe,2025-12-14
IK-04-00864,Z07,42.4,częściowe,2025-05-25
IK-04-00864,Z04,20.9,częściowe,2025-11-27
IK-04-00865,Z03,43.4,częściowe,2025-05-31
IK-04-00865,Z07,36.8,częściowe,2024-12-18
IK-04-00865,Z04,44.8,brak,2024-12-19
IK-04-00866,Z03,38.6,częściowe,2025-06-17
IK-04-00866,Z07,58.7,częściowe,2025-01-22
IK-04-00866,Z04,21.5,pełne,2026-08-02
IK-04-00867,Z03,16.5,brak,2025-01-27
IK-04-00867,Z07,20.3,brak,2024-11-21
IK-04-00867,Z04,59.6,pełne,2025-11-17
IK-04-00868,Z03,39.1,brak,2026-06-21
IK-04-00868,Z07,44.9,częściowe,2025-12-21
IK-04-00868,Z04,23.6,brak,2025-03-03
IK-04-00869,Z03,50.7,częściowe,2024-11-27
IK-04-00869,Z07,67.2,częściowe,2025-01-08
IK-04-00869,Z04,69.1,częściowe,2026-03-18
IK-04-00870,Z03,34.1,częściowe,2024-11-28
IK-04-00870,Z07,25.8,pełne,2024-10-15
IK-04-00870,Z04,26.7,częściowe,2025-11-09
IK-04-00871,Z03,66.0,brak,2026-07-26
IK-04-00871,Z07,32.0,pełne,2025-10-15
IK-04-00871,Z04,65.6,częściowe,2025-12-25
IK-04-00872,Z03,42.3,brak,2026-02-02
IK-04-00872,Z07,40.2,częściowe,2025-05-22
IK-04-00872,Z04,41.7,pełne,2025-01-28
IK-04-00873,Z03,34.4,częściowe,2026-02-09
IK-04-00873,Z07,44.7,częściowe,2026-06-01
IK-04-00873,Z04,51.6,częściowe,2025-08-11
IK-04-00874,Z03,51.5,częściowe,2026-03-01
IK-04-00874,Z07,40.4,częściowe,2025-07-18
IK-04-00874,Z04,17.4,pełne,2026-07-27
IK-04-00875,Z03,18.3,częściowe,2026-02-26
IK-04-00875,Z07,60.1,częściowe,2025-11-14
IK-04-00875,Z04,32.7,brak,2025-08-06
IK-04-00876,Z03,61.5,częściowe,2025-06-21
IK-04-00876,Z07,45.8,brak,2025-05-14
IK-04-00876,Z04,31.8,brak,2024-12-01
IK-04-00877,Z03,43.0,brak,2024-11-21
IK-04-00877,Z07,24.6,pełne,2025-08-17
IK-04-00877,Z04,42.5,częściowe,2026-05-22
IK-04-00878,Z03,20.5,częściowe,2025-06-05
IK-04-00878,Z07,50.3,częściowe,2024-11-03
IK-04-00878,Z04,35.4,częściowe,2025-08-31
IK-04-00879,Z03,36.0,częściowe,2025-08-21
IK-04-00879,Z07,68.0,częściowe,2025-01-16
IK-04-00879,Z04,34.5,częściowe,2026-06-27
IK-04-00880,Z03,41.5,pełne,2025-10-15
IK-04-00880,Z07,50.9,częściowe,2026-05-09
IK-04-00880,Z04,34.6,brak,2026-03-14
IK-04-00881,Z03,22.7,częściowe,2025-04-24
IK-04-00881,Z07,25.3,pełne,2026-08-20
IK-04-00881,Z04,17.5,brak,2026-07-25
IK-04-00882,Z03,34.8,częściowe,2026-03-13
IK-04-00882,Z07,18.5,częściowe,2026-07-09
IK-04-00882,Z04,22.4,pełne,2024-11-06
IK-04-00883,Z03,62.1,brak,2025-02-11
IK-04-00883,Z07,57.3,częściowe,2025-04-23
IK-04-00883,Z04,27.2,brak,2025-11-10
IK-04-00884,Z03,27.7,częściowe,2024-11-20
IK-04-00884,Z07,16.2,częściowe,2025-09-08
IK-04-00884,Z04,34.3,częściowe,2026-05-12
IK-04-00885,Z03,19.4,częściowe,2026-06-26
IK-04-00885,Z07,45.8,częściowe,2025-02-16
IK-04-00885,Z04,66.0,częściowe,2026-03-01
IK-04-00886,Z03,18.5,częściowe,2025-07-19
IK-04-00886,Z07,44.5,częściowe,2026-08-23
IK-04-00886,Z04,66.6,brak,2026-07-03
IK-04-00887,Z03,51.1,częściowe,2024-12-04
IK-04-00887,Z07,48.5,częściowe,2025-12-30
IK-04-00887,Z04,56.4,częściowe,2024-10-31
IK-04-00888,Z03,49.5,częściowe,2024-11-20
IK-04-00888,Z07,52.1,brak,2026-02-17
IK-04-00888,Z04,27.4,pełne,2025-11-24
IK-04-00889,Z03,34.4,brak,2026-05-11
IK-04-00889,Z07,63.0,pełne,2025-05-29
IK-04-00889,Z04,51.6,pełne,2026-01-20
IK-04-00890,Z03,52.0,brak,2024-11-08
IK-04-00890,Z07,49.6,częściowe,2026-04-13
IK-04-00890,Z04,48.5,brak,2026-08-17
IK-04-00891,Z03,19.0,częściowe,2025-03-02
IK-04-00891,Z07,47.2,częściowe,2025-09-02
IK-04-00891,Z04,50.5,brak,2025-01-26
IK-04-00892,Z03,41.0,brak,2025-01-06
IK-04-00892,Z07,41.4,częściowe,2026-01-06
IK-04-00892,Z04,33.4,częściowe,2025-08-15
IK-04-00893,Z03,29.9,częściowe,2025-12-28
IK-04-00893,Z07,61.2,częściowe,2026-06-13
IK-04-00893,Z04,17.3,pełne,2026-07-13
IK-04-00894,Z03,30.9,częściowe,2024-10-22
IK-04-00894,Z07,53.6,brak,2025-12-03
IK-04-00894,Z04,36.8,częściowe,2025-04-12
IK-04-00895,Z03,37.6,częściowe,2024-11-03
IK-04-00895,Z07,18.8,brak,2025-07-12
IK-04-00895,Z04,16.2,brak,2026-08-23
IK-04-00896,Z03,43.6,częściowe,2025-04-18
IK-04-00896,Z07,69.9,brak,2026-04-12
IK-04-00896,Z04,35.5,częściowe,2026-02-02
IK-04-00897,Z03,49.9,częściowe,2025-11-08
IK-04-00897,Z07,36.2,częściowe,2025-05-12
IK-04-00897,Z04,21.7,częściowe,2025-01-19
IK-04-00898,Z03,15.1,brak,2026-07-10
IK-04-00898,Z07,35.4,brak,2026-06-03
IK-04-00898,Z04,16.2,częściowe,2026-02-16
IK-04-00899,Z03,51.3,brak,2026-04-02
IK-04-00899,Z07,45.0,pełne,2025-12-25
IK-04-00899,Z04,62.5,częściowe,2025-04-25
IK-04-00900,Z03,26.9,częściowe,2025-12-19
IK-04-00900,Z07,30.3,brak,2025-12-01
IK-04-00900,Z04,27.4,częściowe,2026-07-29
IK-04-00901,Z03,64.6,częściowe,2024-11-05
IK-04-00901,Z07,33.2,brak,2026-05-31
IK-04-00901,Z04,22.1,brak,2026-08-09
IK-04-00902,Z03,35.8,brak,2026-07-16
IK-04-00902,Z07,60.2,częściowe,2025-11-26
IK-04-00902,Z04,52.7,częściowe,2026-07-30
IK-04-00903,Z03,17.7,brak,2026-05-03
IK-04-00903,Z07,68.1,częściowe,2025-04-15
IK-04-00903,Z04,30.2,częściowe,2025-09-10
IK-04-00904,Z03,45.1,częściowe,2025-10-16
IK-04-00904,Z07,27.5,brak,2025-08-12
IK-04-00904,Z04,18.7,pełne,2026-07-25
IK-04-00905,Z03,35.4,częściowe,2026-03-28
IK-04-00905,Z07,43.2,częściowe,2026-04-06
IK-04-00905,Z04,18.5,pełne,2026-04-11
IK-04-00906,Z03,23.4,częściowe,2025-05-12
IK-04-00906,Z07,16.9,częściowe,2025-06-20
IK-04-00906,Z04,52.7,częściowe,2026-03-06
IK-04-00907,Z03,21.3,częściowe,2025-04-25
IK-04-00907,Z07,49.4,pełne,2025-03-13
IK-04-00907,Z04,31.9,częściowe,2025-01-28
IK-04-00908,Z03,65.0,częściowe,2026-06-25
IK-04-00908,Z07,27.8,częściowe,2025-04-16
IK-04-00908,Z04,53.0,częściowe,2025-06-18
IK-04-00909,Z03,44.3,pełne,2026-04-12
IK-04-00909,Z07,31.3,brak,2025-07-21
IK-04-00909,Z04,47.3,pełne,2025-12-30
IK-04-00910,Z03,57.7,brak,2025-02-07
IK-04-00910,Z07,27.3,brak,2025-06-04
IK-04-00910,Z04,52.4,częściowe,2025-03-07
IK-04-00911,Z03,39.0,częściowe,2026-02-25
IK-04-00911,Z07,43.4,brak,2025-09-26
IK-04-00911,Z04,57.8,częściowe,2025-04-08
IK-04-00912,Z03,61.6,częściowe,2025-07-02
IK-04-00912,Z07,60.1,brak,2026-05-01
IK-04-00912,Z04,63.1,brak,2024-12-07
IK-04-00913,Z03,16.1,częściowe,2025-08-18
IK-04-00913,Z07,35.6,brak,2025-12-20
IK-04-00913,Z04,52.8,częściowe,2026-06-26
IK-04-00914,Z03,69.5,brak,2025-08-02
IK-04-00914,Z07,49.0,częściowe,2025-03-05
IK-04-00914,Z04,61.8,brak,2025-08-02
IK-04-00915,Z03,58.5,brak,2024-11-24
IK-04-00915,Z07,41.6,częściowe,2026-05-08
IK-04-00915,Z04,69.5,częściowe,2026-03-19
IK-04-00916,Z03,16.3,częściowe,2025-04-28
IK-04-00916,Z07,18.4,brak,2026-05-02
IK-04-00916,Z04,57.5,pełne,2025-04-11
IK-04-00917,Z03,60.1,brak,2026-02-09
IK-04-00917,Z07,59.3,częściowe,2026-02-06
IK-04-00917,Z04,69.6,częściowe,2026-03-10
IK-04-00918,Z03,47.9,brak,2025-07-27
IK-04-00918,Z07,28.4,częściowe,2026-04-21
IK-04-00918,Z04,15.4,częściowe,2026-03-31
IK-04-00919,Z03,26.8,częściowe,2024-11-13
IK-04-00919,Z07,51.5,częściowe,2026-05-14
IK-04-00919,Z04,17.3,częściowe,2025-09-05
IK-04-00920,Z03,65.6,częściowe,2024-10-31
IK-04-00920,Z07,32.3,brak,2025-12-04
IK-04-00920,Z04,41.3,brak,2024-12-09
IK-05-00921,Z07,62.3,częściowe,2026-05-24
IK-05-00921,Z02,20.1,częściowe,2025-05-11
IK-05-00921,Z09,54.2,brak,2025-01-19
IK-05-00922,Z07,59.3,częściowe,2025-06-13
IK-05-00922,Z02,90.3,częściowe,2026-02-18
IK-05-00922,Z09,62.2,częściowe,2025-06-09
IK-05-00923,Z07,57.8,brak,2025-07-12
IK-05-00923,Z02,21.7,częściowe,2025-04-08
IK-05-00923,Z09,68.5,częściowe,2025-10-16
IK-05-00924,Z07,44.5,brak,2025-01-02
IK-05-00924,Z02,85.5,częściowe,2026-02-04
IK-05-00924,Z09,61.3,pełne,2025-08-14
IK-05-00925,Z07,36.3,częściowe,2025-07-08
IK-05-00925,Z02,94.5,częściowe,2025-04-20
IK-05-00925,Z09,49.4,częściowe,2026-01-28
IK-05-00926,Z07,58.0,pełne,2026-02-09
IK-05-00926,Z02,20.1,pełne,2026-03-04
IK-05-00926,Z09,53.9,brak,2025-06-07
IK-05-00927,Z07,63.2,brak,2025-12-10
IK-05-00927,Z02,56.5,częściowe,2025-11-28
IK-05-00927,Z09,46.1,częściowe,2025-04-21
IK-05-00928,Z07,52.7,pełne,2025-06-21
IK-05-00928,Z02,23.6,brak,2025-09-11
IK-05-00928,Z09,20.2,brak,2025-04-06
IK-05-00929,Z07,68.6,pełne,2024-10-19
IK-05-00929,Z02,78.3,częściowe,2026-05-20
IK-05-00929,Z09,37.4,brak,2025-02-06
IK-05-00930,Z07,41.4,częściowe,2025-07-31
IK-05-00930,Z02,88.9,częściowe,2026-05-25
IK-05-00930,Z09,57.2,pełne,2025-12-17
IK-05-00931,Z07,41.9,częściowe,2025-07-29
IK-05-00931,Z02,53.8,częściowe,2025-06-28
IK-05-00931,Z09,48.9,brak,2025-01-10
IK-05-00932,Z07,56.6,pełne,2026-07-03
IK-05-00932,Z02,41.1,częściowe,2025-04-09
IK-05-00932,Z09,25.5,brak,2026-05-28
IK-05-00933,Z07,27.3,częściowe,2025-11-22
IK-05-00933,Z02,48.2,częściowe,2024-12-26
IK-05-00933,Z09,18.1,częściowe,2025-05-06
IK-05-00934,Z07,53.4,częściowe,2025-02-22
IK-05-00934,Z02,43.3,częściowe,2026-06-14
IK-05-00934,Z09,57.2,brak,2025-02-06
IK-05-00935,Z07,42.7,brak,2025-10-01
IK-05-00935,Z02,16.3,częściowe,2025-04-08
IK-05-00935,Z09,42.7,częściowe,2026-06-26
IK-05-00936,Z07,27.7,częściowe,2025-12-15
IK-05-00936,Z02,40.3,częściowe,2025-12-23
IK-05-00936,Z09,25.2,brak,2025-11-30
IK-05-00937,Z07,70.0,brak,2025-03-29
IK-05-00937,Z02,61.1,częściowe,2026-07-21
IK-05-00937,Z09,56.5,częściowe,2025-06-07
IK-05-00938,Z07,33.8,częściowe,2026-07-06
IK-05-00938,Z02,48.8,brak,2025-06-22
IK-05-00938,Z09,55.9,częściowe,2026-05-11
IK-05-00939,Z07,34.3,brak,2024-12-31
IK-05-00939,Z02,53.0,brak,2026-05-20
IK-05-00939,Z09,28.8,częściowe,2025-09-01
IK-05-00940,Z07,38.9,pełne,2025-12-28
IK-05-00940,Z02,91.8,częściowe,2025-07-22
IK-05-00940,Z09,61.9,częściowe,2025-06-08
IK-05-00941,Z07,57.4,częściowe,2025-03-16
IK-05-00941,Z02,34.2,pełne,2024-11-22
IK-05-00941,Z09,46.8,pełne,2026-04-03
IK-05-00942,Z07,59.9,pełne,2025-01-26
IK-05-00942,Z02,59.5,pełne,2026-06-14
IK-05-00942,Z09,41.7,częściowe,2025-11-04
IK-05-00943,Z07,19.4,brak,2025-02-23
IK-05-00943,Z02,79.8,częściowe,2026-04-28
IK-05-00943,Z09,28.3,brak,2025-03-02
IK-05-00944,Z07,56.4,częściowe,2026-05-15
IK-05-00944,Z02,59.6,częściowe,2025-06-24
IK-05-00944,Z09,60.4,pełne,2025-09-23
IK-05-00945,Z07,65.3,brak,2024-12-27
IK-05-00945,Z02,60.7,częściowe,2026-05-13
IK-05-00945,Z09,16.5,częściowe,2025-03-23
IK-05-00946,Z07,37.6,częściowe,2026-06-09
IK-05-00946,Z02,51.9,częściowe,2026-02-16
IK-05-00946,Z09,26.5,częściowe,2025-09-24
IK-05-00947,Z07,49.7,częściowe,2026-05-28
IK-05-00947,Z02,58.7,brak,2025-01-07
IK-05-00947,Z09,31.3,częściowe,2025-04-17
IK-05-00948,Z07,36.3,częściowe,2024-12-16
IK-05-00948,Z02,64.4,częściowe,2025-01-11
IK-05-00948,Z09,66.4,brak,2026-06-16
IK-05-00949,Z07,34.1,pełne,2026-01-27
IK-05-00949,Z02,61.1,pełne,2025-10-29
IK-05-00949,Z09,52.9,częściowe,2026-04-26
IK-05-00950,Z07,52.3,częściowe,2025-08-10
IK-05-00950,Z02,72.7,pełne,2024-11-09
IK-05-00950,Z09,48.3,częściowe,2025-10-07
IK-05-00951,Z07,22.2,częściowe,2025-10-03
IK-05-00951,Z02,27.6,częściowe,2026-03-24
IK-05-00951,Z09,44.8,częściowe,2024-12-11
IK-05-00952,Z07,27.5,brak,2026-03-24
IK-05-00952,Z02,38.4,częściowe,2025-11-23
IK-05-00952,Z09,30.4,brak,2025-03-03
IK-05-00953,Z07,28.8,pełne,2025-10-23
IK-05-00953,Z02,96.5,brak,2025-09-15
IK-05-00953,Z09,59.4,częściowe,2025-12-25
IK-05-00954,Z07,21.6,brak,2025-11-30
IK-05-00954,Z02,27.0,częściowe,2026-03-19
IK-05-00954,Z09,40.1,brak,2025-03-07
IK-05-00955,Z07,25.7,częściowe,2026-06-13
IK-05-00955,Z02,80.2,brak,2025-06-23
IK-05-00955,Z09,22.9,częściowe,2024-12-16
IK-05-00956,Z07,46.0,brak,2025-08-04
IK-05-00956,Z02,40.1,brak,2026-05-19
IK-05-00956,Z09,32.6,częściowe,2024-10-30
IK-05-00957,Z07,42.7,częściowe,2026-07-15
IK-05-00957,Z02,93.1,brak,2025-06-16
IK-05-00957,Z09,27.1,częściowe,2025-08-05
IK-05-00958,Z07,20.6,częściowe,2025-01-12
IK-05-00958,Z02,18.6,częściowe,2025-12-20
IK-05-00958,Z09,32.9,brak,2025-01-06
IK-05-00959,Z07,58.8,brak,2025-11-25
IK-05-00959,Z02,52.2,częściowe,2025-03-13
IK-05-00959,Z09,26.3,brak,2025-01-29
IK-05-00960,Z07,59.5,częściowe,2025-11-08
IK-05-00960,Z02,84.6,częściowe,2025-08-08
IK-05-00960,Z09,20.6,częściowe,2026-05-12
IK-05-00961,Z07,39.3,częściowe,2024-10-15
IK-05-00961,Z02,60.1,częściowe,2026-01-25
IK-05-00961,Z09,41.8,częściowe,2025-09-13
IK-05-00962,Z07,51.4,częściowe,2025-04-05
IK-05-00962,Z02,67.3,częściowe,2024-10-17
IK-05-00962,Z09,57.9,częściowe,2026-02-28
IK-05-00963,Z07,25.3,częściowe,2025-01-31
IK-05-00963,Z02,63.0,częściowe,2025-01-12
IK-05-00963,Z09,60.0,pełne,2026-03-24
IK-05-00964,Z07,23.1,brak,2026-01-18
IK-05-00964,Z02,61.4,pełne,2025-01-20
IK-05-00964,Z09,39.6,częściowe,2025-07-18
IK-05-00965,Z07,37.7,częściowe,2026-03-04
IK-05-00965,Z02,50.6,brak,2026-06-17
IK-05-00965,Z09,43.6,częściowe,2024-10-18
IK-05-00966,Z07,52.1,częściowe,2024-11-05
IK-05-00966,Z02,75.5,częściowe,2026-04-04
IK-05-00966,Z09,59.8,częściowe,2025-05-15
IK-05-00967,Z07,48.6,brak,2025-01-19
IK-05-00967,Z02,80.0,częściowe,2025-06-30
IK-05-00967,Z09,49.8,pełne,2026-05-28
IK-05-00968,Z07,62.5,brak,2025-10-05
IK-05-00968,Z02,57.8,częściowe,2025-02-23
IK-05-00968,Z09,48.7,częściowe,2025-08-24
IK-05-00969,Z07,51.1,częściowe,2025-06-27
IK-05-00969,Z02,53.3,częściowe,2025-06-03
IK-05-00969,Z09,42.3,częściowe,2025-09-12
IK-05-00970,Z07,67.5,częściowe,2026-06-02
IK-05-00970,Z02,15.9,brak,2025-05-29
IK-05-00970,Z09,66.6,częściowe,2026-08-14
IK-05-00971,Z07,42.2,częściowe,2026-03-03
IK-05-00971,Z02,36.2,częściowe,2025-02-11
IK-05-00971,Z09,38.7,częściowe,2026-03-19
IK-05-00972,Z07,43.0,częściowe,2025-04-29
IK-05-00972,Z02,64.5,częściowe,2026-02-21
IK-05-00972,Z09,44.0,częściowe,2025-05-09
IK-05-00973,Z07,60.6,częściowe,2026-08-21
IK-05-00973,Z02,31.5,pełne,2025-08-17
IK-05-00973,Z09,21.6,częściowe,2026-05-01
IK-05-00974,Z07,49.9,częściowe,2025-12-28
IK-05-00974,Z02,90.6,częściowe,2025-09-10
IK-05-00974,Z09,26.1,pełne,2025-06-28
IK-05-00975,Z07,53.9,brak,2026-08-14
IK-05-00975,Z02,55.6,częściowe,2025-09-01
IK-05-00975,Z09,35.1,brak,2024-12-04
IK-05-00976,Z07,43.9,brak,2025-10-02
IK-05-00976,Z02,34.9,częściowe,2026-03-10
IK-05-00976,Z09,30.2,pełne,2025-07-25
IK-05-00977,Z07,19.2,częściowe,2024-12-11
IK-05-00977,Z02,42.2,pełne,2026-04-25
IK-05-00977,Z09,18.7,pełne,2026-02-21
IK-05-00978,Z07,52.2,częściowe,2025-12-04
IK-05-00978,Z02,43.2,częściowe,2026-04-19
IK-05-00978,Z09,54.8,brak,2025-08-11
IK-05-00979,Z07,21.6,pełne,2025-10-13
IK-05-00979,Z02,38.2,brak,2026-02-26
IK-05-00979,Z09,29.7,częściowe,2026-04-05
IK-05-00980,Z07,64.2,częściowe,2025-10-29
IK-05-00980,Z02,21.3,częściowe,2025-06-03
IK-05-00980,Z09,62.7,częściowe,2026-02-05
IK-05-00981,Z07,46.1,częściowe,2025-03-10
IK-05-00981,Z02,90.9,częściowe,2024-10-30
IK-05-00981,Z09,61.1,częściowe,2025-05-16
IK-05-00982,Z07,23.7,częściowe,2024-11-07
IK-05-00982,Z02,44.5,brak,2024-11-13
IK-05-00982,Z09,48.3,częściowe,2025-11-22
IK-05-00983,Z07,19.4,częściowe,2025-06-16
IK-05-00983,Z02,16.6,częściowe,2025-10-05
IK-05-00983,Z09,32.0,pełne,2026-03-30
IK-05-00984,Z07,40.7,brak,2025-02-09
IK-05-00984,Z02,61.8,pełne,2024-12-14
IK-05-00984,Z09,53.5,częściowe,2026-07-17
IK-05-00985,Z07,18.3,brak,2026-02-11
IK-05-00985,Z02,59.2,pełne,2026-05-11
IK-05-00985,Z09,16.1,częściowe,2025-01-01
IK-05-00986,Z07,66.5,częściowe,2025-12-08
IK-05-00986,Z02,23.5,częściowe,2026-04-29
IK-05-00986,Z09,25.8,brak,2024-11-14
IK-05-00987,Z07,29.8,częściowe,2026-07-06
IK-05-00987,Z02,89.7,częściowe,2025-06-14
IK-05-00987,Z09,64.7,częściowe,2025-12-06
IK-05-00988,Z07,48.3,brak,2025-12-25
IK-05-00988,Z02,34.7,brak,2026-06-03
IK-05-00988,Z09,44.0,brak,2025-05-09
IK-05-00989,Z07,42.6,częściowe,2025-12-21
IK-05-00989,Z02,84.7,częściowe,2026-07-21
IK-05-00989,Z09,32.6,brak,2026-03-26
IK-05-00990,Z07,33.2,częściowe,2025-10-01
IK-05-00990,Z02,75.0,częściowe,2024-12-18
IK-05-00990,Z09,22.1,brak,2026-03-28
IK-05-00991,Z07,15.6,częściowe,2025-06-13
IK-05-00991,Z02,20.2,brak,2025-04-07
IK-05-00991,Z09,36.7,częściowe,2026-06-14
IK-05-00992,Z07,53.9,częściowe,2025-06-08
IK-05-00992,Z02,94.0,pełne,2025-07-29
IK-05-00992,Z09,43.2,brak,2026-06-25
IK-05-00993,Z07,60.2,częściowe,2024-11-13
IK-05-00993,Z02,70.0,częściowe,2025-10-16
IK-05-00993,Z09,53.8,częściowe,2024-11-18
IK-05-00994,Z07,19.2,częściowe,2026-01-05
IK-05-00994,Z02,60.4,brak,2025-09-04
IK-05-00994,Z09,49.7,pełne,2025-01-06
IK-05-00995,Z07,33.2,częściowe,2025-09-29
IK-05-00995,Z02,15.2,częściowe,2025-08-03
IK-05-00995,Z09,38.0,brak,2024-11-30
IK-05-00996,Z07,26.7,częściowe,2024-10-19
IK-05-00996,Z02,52.6,częściowe,2026-07-24
IK-05-00996,Z09,55.1,brak,2026-06-15
IK-05-00997,Z07,39.2,brak,2025-01-16
IK-05-00997,Z02,42.8,brak,2026-01-04
IK-05-00997,Z09,60.0,brak,2024-12-04
IK-05-00998,Z07,34.4,częściowe,2025-01-28
IK-05-00998,Z02,49.8,częściowe,2025-04-23
IK-05-00998,Z09,39.8,częściowe,2026-01-16
IK-05-00999,Z07,51.1,częściowe,2026-03-10
IK-05-00999,Z02,76.1,brak,2026-03-03
IK-05-00999,Z09,48.1,brak,2026-04-02
IK-05-01000,Z07,65.5,częściowe,2025-01-23
IK-05-01000,Z02,66.8,częściowe,2025-10-05
IK-05-01000,Z09,41.0,częściowe,2025-03-10
IK-05-01001,Z07,59.7,pełne,2025-09-17
IK-05-01001,Z02,43.1,pełne,2026-03-03
IK-05-01001,Z09,65.5,pełne,2026-06-26
IK-05-01002,Z07,48.6,brak,2025-07-26
IK-05-01002,Z02,49.2,częściowe,2026-07-10
IK-05-01002,Z09,19.6,brak,2025-02-21
IK-05-01003,Z07,35.6,częściowe,2024-12-04
IK-05-01003,Z02,68.1,częściowe,2024-11-22
IK-05-01003,Z09,45.7,częściowe,2025-03-08
IK-05-01004,Z07,61.8,częściowe,2026-02-01
IK-05-01004,Z02,79.4,częściowe,2026-05-27
IK-05-01004,Z09,67.3,częściowe,2025-04-10
IK-05-01005,Z07,38.8,częściowe,2024-10-10
IK-05-01005,Z02,60.8,pełne,2026-07-01
IK-05-01005,Z09,52.0,pełne,2025-04-01
IK-05-01006,Z07,51.3,częściowe,2025-03-24
IK-05-01006,Z02,96.1,częściowe,2026-08-02
IK-05-01006,Z09,43.9,częściowe,2025-06-25
IK-05-01007,Z07,45.6,pełne,2025-02-06
IK-05-01007,Z02,48.5,częściowe,2025-03-20
IK-05-01007,Z09,19.0,częściowe,2025-09-04
IK-05-01008,Z07,43.2,pełne,2026-02-16
IK-05-01008,Z02,93.4,brak,2026-05-18
IK-05-01008,Z09,56.6,pełne,2025-03-12
IK-05-01009,Z07,40.7,pełne,2024-11-30
IK-05-01009,Z02,80.8,częściowe,2026-02-08
IK-05-01009,Z09,45.7,brak,2025-09-22
IK-05-01010,Z07,69.0,częściowe,2026-02-06
IK-05-01010,Z02,53.9,pełne,2026-07-14
IK-05-01010,Z09,67.8,częściowe,2024-11-03
IK-05-01011,Z07,26.5,częściowe,2026-01-10
IK-05-01011,Z02,40.6,częściowe,2025-04-12
IK-05-01011,Z09,49.7,brak,2025-05-27
IK-05-01012,Z07,18.1,pełne,2025-10-10
IK-05-01012,Z02,52.5,częściowe,2025-03-26
IK-05-01012,Z09,22.3,częściowe,2025-09-26
IK-05-01013,Z07,51.0,częściowe,2025-08-11
IK-05-01013,Z02,63.2,częściowe,2026-05-08
IK-05-01013,Z09,16.2,częściowe,2026-07-06
IK-05-01014,Z07,33.9,częściowe,2025-11-10
IK-05-01014,Z02,90.6,brak,2025-08-07
IK-05-01014,Z09,33.6,brak,2026-02-25
IK-05-01015,Z07,50.0,częściowe,2026-08-19
IK-05-01015,Z02,37.4,brak,2024-10-31
IK-05-01015,Z09,60.9,częściowe,2025-09-25
IK-05-01016,Z07,53.8,częściowe,2025-04-21
IK-05-01016,Z02,28.1,częściowe,2026-03-25
IK-05-01016,Z09,40.8,częściowe,2026-08-05
IK-05-01017,Z07,48.5,częściowe,2026-01-24
IK-05-01017,Z02,79.2,częściowe,2025-10-02
IK-05-01017,Z09,62.3,częściowe,2026-07-14
IK-05-01018,Z07,15.3,częściowe,2026-05-01
IK-05-01018,Z02,20.9,częściowe,2025-06-14
IK-05-01018,Z09,45.8,częściowe,2025-10-26
IK-05-01019,Z07,53.4,brak,2025-02-07
IK-05-01019,Z02,49.9,brak,2025-08-06
IK-05-01019,Z09,21.4,brak,2025-10-30
IK-05-01020,Z07,54.0,brak,2025-10-29
IK-05-01020,Z02,78.4,częściowe,2025-09-07
IK-05-01020,Z09,35.9,brak,2026-02-18
IK-05-01021,Z07,15.2,pełne,2025-01-09
IK-05-01021,Z02,26.3,częściowe,2024-12-14
IK-05-01021,Z09,62.1,częściowe,2026-05-15
IK-05-01022,Z07,30.4,częściowe,2026-07-18
IK-05-01022,Z02,44.9,częściowe,2025-09-26
IK-05-01022,Z09,69.3,częściowe,2026-05-19
IK-05-01023,Z07,45.9,częściowe,2026-02-02
IK-05-01023,Z02,30.3,częściowe,2025-02-19
IK-05-01023,Z09,25.5,częściowe,2024-11-18
IK-05-01024,Z07,27.1,brak,2025-01-22
IK-05-01024,Z02,36.1,częściowe,2026-06-30
IK-05-01024,Z09,27.8,brak,2025-04-05
IK-05-01025,Z07,51.0,częściowe,2025-11-06
IK-05-01025,Z02,44.6,pełne,2024-11-09
IK-05-01025,Z09,29.9,brak,2025-07-04
IK-05-01026,Z07,65.4,brak,2024-11-20
IK-05-01026,Z02,49.3,pełne,2025-04-10
IK-05-01026,Z09,56.4,częściowe,2025-03-29
IK-05-01027,Z07,39.5,brak,2024-12-02
IK-05-01027,Z02,18.7,brak,2026-02-25
IK-05-01027,Z09,17.6,częściowe,2024-11-28
IK-05-01028,Z07,28.1,częściowe,2026-07-20
IK-05-01028,Z02,21.2,pełne,2024-11-16
IK-05-01028,Z09,47.1,częściowe,2026-07-24
IK-05-01029,Z07,33.7,częściowe,2026-07-23
IK-05-01029,Z02,95.5,pełne,2024-10-10
IK-05-01029,Z09,18.6,pełne,2025-02-26
IK-05-01030,Z07,58.0,częściowe,2026-02-27
IK-05-01030,Z02,49.0,częściowe,2025-10-20
IK-05-01030,Z09,61.2,częściowe,2025-12-20
IK-05-01031,Z07,42.5,częściowe,2025-04-15
IK-05-01031,Z02,45.1,częściowe,2024-12-06
IK-05-01031,Z09,47.3,pełne,2024-10-31
IK-05-01032,Z07,19.4,częściowe,2026-01-25
IK-05-01032,Z02,15.7,pełne,2024-12-29
IK-05-01032,Z09,61.8,częściowe,2026-02-09
IK-05-01033,Z07,33.6,częściowe,2025-10-27
IK-05-01033,Z02,82.8,częściowe,2025-01-31
IK-05-01033,Z09,39.0,częściowe,2026-04-18
IK-05-01034,Z07,45.8,brak,2025-01-19
IK-05-01034,Z02,60.8,brak,2025-03-31
IK-05-01034,Z09,35.6,brak,2025-05-01
IK-05-01035,Z07,50.5,brak,2026-06-21
IK-05-01035,Z02,42.6,częściowe,2026-08-06
IK-05-01035,Z09,19.9,częściowe,2025-04-28
IK-05-01036,Z07,59.7,brak,2025-08-13
IK-05-01036,Z02,23.8,brak,2024-12-04
IK-05-01036,Z09,45.0,częściowe,2025-11-28
IK-05-01037,Z07,26.1,częściowe,2026-05-30
IK-05-01037,Z02,15.1,częściowe,2026-08-03
IK-05-01037,Z09,29.0,brak,2024-12-30
IK-05-01038,Z07,40.6,częściowe,2026-01-27
IK-05-01038,Z02,61.7,pełne,2026-06-03
IK-05-01038,Z09,19.6,częściowe,2025-11-13
IK-05-01039,Z07,33.0,pełne,2025-05-01
IK-05-01039,Z02,46.3,częściowe,2026-01-28
IK-05-01039,Z09,50.7,częściowe,2026-06-20
IK-05-01040,Z07,44.7,brak,2026-08-25
IK-05-01040,Z02,28.5,częściowe,2026-07-26
IK-05-01040,Z09,33.6,pełne,2025-03-22
IK-05-01041,Z07,65.4,częściowe,2025-12-23
IK-05-01041,Z02,34.3,brak,2025-11-26
IK-05-01041,Z09,22.4,pełne,2025-01-04
IK-05-01042,Z07,52.1,pełne,2026-04-28
IK-05-01042,Z02,46.4,częściowe,2025-01-17
IK-05-01042,Z09,22.3,brak,2025-08-14
IK-05-01043,Z07,20.8,częściowe,2026-02-25
IK-05-01043,Z02,67.4,częściowe,2025-10-29
IK-05-01043,Z09,38.1,częściowe,2025-12-29
IK-05-01044,Z07,68.2,brak,2024-12-14
IK-05-01044,Z02,95.1,częściowe,2025-12-03
IK-05-01044,Z09,20.2,brak,2025-04-18
IK-05-01045,Z07,55.0,pełne,2025-05-31
IK-05-01045,Z02,22.7,pełne,2025-09-22
IK-05-01045,Z09,28.1,brak,2026-05-13
IK-05-01046,Z07,32.6,częściowe,2025-04-27
IK-05-01046,Z02,67.4,brak,2026-03-05
IK-05-01046,Z09,45.5,pełne,2025-02-10
IK-05-01047,Z07,49.4,brak,2026-03-01
IK-05-01047,Z02,92.2,brak,2024-12-04
IK-05-01047,Z09,39.7,częściowe,2026-08-16
IK-05-01048,Z07,18.6,częściowe,2025-01-06
IK-05-01048,Z02,54.5,pełne,2026-08-11
IK-05-01048,Z09,48.7,pełne,2025-02-18
IK-05-01049,Z07,31.1,brak,2025-08-27
IK-05-01049,Z02,55.6,częściowe,2026-05-16
IK-05-01049,Z09,22.0,brak,2026-06-13
IK-05-01050,Z07,42.6,brak,2025-01-24
IK-05-01050,Z02,36.0,częściowe,2025-09-08
IK-05-01050,Z09,15.9,częściowe,2026-03-16
IK-05-01051,Z07,64.8,brak,2025-04-30
IK-05-01051,Z02,53.5,pełne,2025-07-07
IK-05-01051,Z09,68.6,brak,2024-11-13
IK-05-01052,Z07,18.4,częściowe,2026-03-29
IK-05-01052,Z02,41.7,brak,2025-07-27
IK-05-01052,Z09,18.5,częściowe,2025-11-10
IK-05-01053,Z07,41.0,częściowe,2026-05-14
IK-05-01053,Z02,21.4,częściowe,2025-08-20
IK-05-01053,Z09,53.2,brak,2026-07-06
IK-05-01054,Z07,46.0,częściowe,2026-01-01
IK-05-01054,Z02,50.0,częściowe,2026-02-06
IK-05-01054,Z09,55.5,częściowe,2025-12-23
IK-05-01055,Z07,51.0,brak,2025-11-02
IK-05-01055,Z02,22.4,częściowe,2026-07-17
IK-05-01055,Z09,17.5,pełne,2026-08-08
IK-05-01056,Z07,34.2,częściowe,2025-01-07
IK-05-01056,Z02,44.2,częściowe,2025-04-26
IK-05-01056,Z09,41.0,częściowe,2025-08-29
IK-05-01057,Z07,37.0,częściowe,2026-06-12
IK-05-01057,Z02,29.3,częściowe,2026-01-01
IK-05-01057,Z09,28.0,częściowe,2026-05-12
IK-05-01058,Z07,53.6,pełne,2025-06-09
IK-05-01058,Z02,28.4,brak,2026-04-11
IK-05-01058,Z09,57.5,częściowe,2026-05-24
IK-05-01059,Z07,19.1,brak,2025-07-31
IK-05-01059,Z02,41.7,częściowe,2025-08-13
IK-05-01059,Z09,53.3,częściowe,2025-10-17
IK-05-01060,Z07,65.7,częściowe,2025-02-26
IK-05-01060,Z02,30.1,częściowe,2025-08-12
IK-05-01060,Z09,46.3,częściowe,2026-07-30
IK-06-01061,Z02,36.1,brak,2025-03-28
IK-06-01061,Z07,61.2,częściowe,2025-10-25
IK-06-01061,Z05,34.9,częściowe,2025-10-27
IK-06-01061,Z13,22.5,częściowe,2025-08-21
IK-06-01062,Z02,58.6,częściowe,2026-07-13
IK-06-01062,Z07,32.9,częściowe,2025-09-24
IK-06-01062,Z05,39.0,brak,2025-05-08
IK-06-01062,Z13,45.9,częściowe,2026-03-14
IK-06-01063,Z02,27.4,brak,2025-03-10
IK-06-01063,Z07,19.8,brak,2025-12-23
IK-06-01063,Z05,31.5,pełne,2026-08-19
IK-06-01063,Z13,57.8,częściowe,2025-12-07
IK-06-01064,Z02,75.0,częściowe,2026-03-11
IK-06-01064,Z07,39.3,brak,2025-07-09
IK-06-01064,Z05,37.9,częściowe,2025-01-05
IK-06-01064,Z13,47.2,częściowe,2026-06-15
IK-06-01065,Z02,79.0,brak,2025-07-30
IK-06-01065,Z07,18.2,pełne,2025-02-10
IK-06-01065,Z05,57.9,częściowe,2025-03-28
IK-06-01065,Z13,30.7,częściowe,2025-12-02
IK-06-01066,Z02,42.7,pełne,2025-10-13
IK-06-01066,Z07,61.4,brak,2026-02-25
IK-06-01066,Z05,17.5,brak,2025-07-15
IK-06-01066,Z13,59.3,brak,2025-05-23
IK-06-01067,Z02,26.8,częściowe,2025-12-17
IK-06-01067,Z07,39.8,częściowe,2025-03-15
IK-06-01067,Z05,69.4,częściowe,2026-03-18
IK-06-01067,Z13,32.7,częściowe,2025-12-10
IK-06-01068,Z02,88.5,częściowe,2026-06-13
IK-06-01068,Z07,37.9,pełne,2025-03-15
IK-06-01068,Z05,42.1,brak,2024-10-19
IK-06-01068,Z13,44.7,częściowe,2024-10-22
IK-06-01069,Z02,56.1,częściowe,2026-04-24
IK-06-01069,Z07,55.0,brak,2024-10-24
IK-06-01069,Z05,54.3,częściowe,2026-04-05
IK-06-01069,Z13,26.6,brak,2026-06-07
IK-06-01070,Z02,58.0,brak,2025-11-26
IK-06-01070,Z07,38.9,częściowe,2024-10-21
IK-06-01070,Z05,56.9,częściowe,2025-07-26
IK-06-01070,Z13,21.8,częściowe,2026-08-18
IK-06-01071,Z02,19.3,częściowe,2025-01-15
IK-06-01071,Z07,18.2,częściowe,2026-06-14
IK-06-01071,Z05,16.4,częściowe,2025-05-10
IK-06-01071,Z13,39.2,częściowe,2025-05-23
IK-06-01072,Z02,44.8,brak,2026-05-13
IK-06-01072,Z07,37.1,brak,2026-01-04
IK-06-01072,Z05,23.8,pełne,2026-03-19
IK-06-01072,Z13,22.3,pełne,2025-06-12
IK-06-01073,Z02,63.5,częściowe,2025-12-17
IK-06-01073,Z07,29.4,częściowe,2026-02-13
IK-06-01073,Z05,25.8,częściowe,2025-07-04
IK-06-01073,Z13,28.8,pełne,2026-06-13
IK-06-01074,Z02,69.9,częściowe,2025-08-05
IK-06-01074,Z07,42.1,częściowe,2026-08-09
IK-06-01074,Z05,34.5,częściowe,2025-08-03
IK-06-01074,Z13,48.8,częściowe,2025-03-10
IK-06-01075,Z02,16.6,brak,2025-11-04
IK-06-01075,Z07,51.2,pełne,2026-07-02
IK-06-01075,Z05,53.0,brak,2024-11-23
IK-06-01075,Z13,51.0,częściowe,2025-06-15
IK-06-01076,Z02,81.6,częściowe,2025-10-23
IK-06-01076,Z07,60.1,brak,2026-01-19
IK-06-01076,Z05,33.3,częściowe,2025-07-20
IK-06-01076,Z13,54.6,brak,2024-11-07
IK-06-01077,Z02,53.6,pełne,2025-09-14
IK-06-01077,Z07,57.2,brak,2024-12-12
IK-06-01077,Z05,17.4,częściowe,2025-02-06
IK-06-01077,Z13,35.8,brak,2025-10-16
IK-06-01078,Z02,38.4,pełne,2025-07-22
IK-06-01078,Z07,27.2,brak,2026-02-14
IK-06-01078,Z05,44.9,częściowe,2024-10-30
IK-06-01078,Z13,25.1,częściowe,2025-04-04
IK-06-01079,Z02,30.2,częściowe,2025-03-28
IK-06-01079,Z07,51.8,częściowe,2025-05-27
IK-06-01079,Z05,19.7,częściowe,2025-11-23
IK-06-01079,Z13,42.4,częściowe,2026-07-03
IK-06-01080,Z02,61.0,częściowe,2025-04-23
IK-06-01080,Z07,69.9,brak,2026-03-26
IK-06-01080,Z05,69.9,brak,2025-08-09
IK-06-01080,Z13,67.8,brak,2025-07-08
IK-06-01081,Z02,36.6,częściowe,2025-10-19
IK-06-01081,Z07,53.7,pełne,2025-09-16
IK-06-01081,Z05,18.9,częściowe,2025-12-04
IK-06-01081,Z13,66.5,pełne,2025-03-17
IK-06-01082,Z02,46.4,pełne,2025-08-09
IK-06-01082,Z07,22.2,częściowe,2026-03-28
IK-06-01082,Z05,27.0,częściowe,2024-12-22
IK-06-01082,Z13,62.3,pełne,2026-04-10
IK-06-01083,Z02,22.5,częściowe,2024-11-13
IK-06-01083,Z07,57.8,brak,2024-10-30
IK-06-01083,Z05,55.3,pełne,2024-10-17
IK-06-01083,Z13,17.5,częściowe,2025-06-29
IK-06-01084,Z02,54.5,brak,2025-02-22
IK-06-01084,Z07,21.8,brak,2025-12-06
IK-06-01084,Z05,60.8,częściowe,2026-02-12
IK-06-01084,Z13,48.1,częściowe,2026-01-09
IK-06-01085,Z02,75.2,częściowe,2025-11-04
IK-06-01085,Z07,17.4,częściowe,2025-10-24
IK-06-01085,Z05,48.8,częściowe,2025-12-21
IK-06-01085,Z13,43.7,pełne,2026-07-03
IK-06-01086,Z02,34.8,brak,2026-03-28
IK-06-01086,Z07,57.3,pełne,2026-01-16
IK-06-01086,Z05,41.1,częściowe,2024-12-29
IK-06-01086,Z13,36.3,pełne,2026-04-15
IK-06-01087,Z02,36.2,pełne,2025-05-24
IK-06-01087,Z07,50.6,częściowe,2025-08-28
IK-06-01087,Z05,31.8,częściowe,2025-02-21
IK-06-01087,Z13,58.7,częściowe,2026-01-22
IK-06-01088,Z02,24.9,częściowe,2024-10-20
IK-06-01088,Z07,69.3,częściowe,2025-06-03
IK-06-01088,Z05,58.0,częściowe,2025-07-30
IK-06-01088,Z13,16.9,częściowe,2026-02-24
IK-06-01089,Z02,72.1,częściowe,2026-01-29
IK-06-01089,Z07,40.2,pełne,2025-07-20
IK-06-01089,Z05,48.1,częściowe,2025-07-26
IK-06-01089,Z13,27.7,brak,2025-03-01
IK-06-01090,Z02,83.5,częściowe,2025-05-07
IK-06-01090,Z07,40.0,pełne,2025-03-17
IK-06-01090,Z05,26.6,częściowe,2024-10-20
IK-06-01090,Z13,18.4,częściowe,2024-12-20
IK-06-01091,Z02,50.2,pełne,2025-04-12
IK-06-01091,Z07,41.8,częściowe,2026-01-28
IK-06-01091,Z05,68.2,częściowe,2024-11-01
IK-06-01091,Z13,52.0,częściowe,2025-07-15
IK-06-01092,Z02,50.8,brak,2026-04-11
IK-06-01092,Z07,39.4,częściowe,2025-04-20
IK-06-01092,Z05,15.9,brak,2024-12-10
IK-06-01092,Z13,45.9,częściowe,2024-12-24
IK-06-01093,Z02,65.2,brak,2025-05-21
IK-06-01093,Z07,56.4,pełne,2025-04-08
IK-06-01093,Z05,50.9,brak,2025-05-01
IK-06-01093,Z13,58.7,częściowe,2024-11-05
IK-06-01094,Z02,39.0,pełne,2025-06-30
IK-06-01094,Z07,36.7,brak,2026-02-19
IK-06-01094,Z05,25.0,częściowe,2026-06-20
IK-06-01094,Z13,23.9,częściowe,2026-03-15
IK-06-01095,Z02,18.1,częściowe,2025-02-28
IK-06-01095,Z07,56.8,częściowe,2025-11-29
IK-06-01095,Z05,18.8,pełne,2025-08-30
IK-06-01095,Z13,68.9,brak,2025-06-12
IK-06-01096,Z02,40.0,pełne,2024-11-05
IK-06-01096,Z07,49.2,częściowe,2026-02-17
IK-06-01096,Z05,52.6,częściowe,2025-02-13
IK-06-01096,Z13,36.9,pełne,2026-02-06
IK-06-01097,Z02,85.2,pełne,2026-06-30
IK-06-01097,Z07,43.0,pełne,2024-10-19
IK-06-01097,Z05,24.0,częściowe,2026-03-26
IK-06-01097,Z13,62.2,częściowe,2025-02-24
IK-06-01098,Z02,77.8,częściowe,2025-09-14
IK-06-01098,Z07,65.6,częściowe,2025-10-21
IK-06-01098,Z05,63.6,brak,2025-01-08
IK-06-01098,Z13,57.0,brak,2025-06-04
IK-06-01099,Z02,23.0,brak,2025-12-14
IK-06-01099,Z07,58.0,częściowe,2025-08-02
IK-06-01099,Z05,28.0,brak,2025-02-15
IK-06-01099,Z13,48.0,brak,2026-06-01
IK-06-01100,Z02,65.6,częściowe,2026-08-10
IK-06-01100,Z07,38.4,pełne,2024-10-28
IK-06-01100,Z05,40.7,częściowe,2025-08-14
IK-06-01100,Z13,17.1,częściowe,2025-06-23
IK-06-01101,Z02,44.8,częściowe,2025-08-08
IK-06-01101,Z07,21.9,brak,2025-06-22
IK-06-01101,Z05,60.6,brak,2025-10-22
IK-06-01101,Z13,62.8,częściowe,2025-08-24
IK-06-01102,Z02,45.5,pełne,2024-10-13
IK-06-01102,Z07,35.6,częściowe,2026-01-26
IK-06-01102,Z05,67.5,pełne,2025-04-11
IK-06-01102,Z13,43.0,pełne,2025-10-20
IK-06-01103,Z02,56.7,brak,2026-01-21
IK-06-01103,Z07,65.6,częściowe,2025-02-13
IK-06-01103,Z05,53.1,brak,2025-06-18
IK-06-01103,Z13,23.2,częściowe,2026-02-02
IK-06-01104,Z02,40.3,częściowe,2025-01-24
IK-06-01104,Z07,65.3,częściowe,2026-06-22
IK-06-01104,Z05,68.9,częściowe,2026-04-06
IK-06-01104,Z13,17.1,pełne,2025-09-03
IK-06-01105,Z02,31.3,pełne,2026-07-07
IK-06-01105,Z07,36.5,częściowe,2025-12-02
IK-06-01105,Z05,53.7,częściowe,2025-05-01
IK-06-01105,Z13,16.3,częściowe,2024-10-22
IK-06-01106,Z02,94.9,częściowe,2025-07-06
IK-06-01106,Z07,39.0,brak,2025-01-16
IK-06-01106,Z05,36.5,częściowe,2025-12-06
IK-06-01106,Z13,50.9,brak,2025-10-01
IK-06-01107,Z02,29.5,pełne,2026-03-03
IK-06-01107,Z07,67.8,częściowe,2025-11-24
IK-06-01107,Z05,19.0,częściowe,2025-05-17
IK-06-01107,Z13,17.3,częściowe,2026-04-09
IK-06-01108,Z02,47.6,częściowe,2026-04-05
IK-06-01108,Z07,18.6,brak,2025-09-04
IK-06-01108,Z05,40.4,pełne,2025-08-02
IK-06-01108,Z13,50.5,pełne,2026-04-14
IK-06-01109,Z02,59.5,pełne,2025-03-22
IK-06-01109,Z07,56.5,częściowe,2026-06-13
IK-06-01109,Z05,39.3,częściowe,2025-11-22
IK-06-01109,Z13,39.7,brak,2025-09-08
IK-06-01110,Z02,54.4,brak,2025-07-10
IK-06-01110,Z07,47.3,częściowe,2025-04-25
IK-06-01110,Z05,27.4,brak,2025-11-29
IK-06-01110,Z13,59.8,częściowe,2025-12-08
IK-06-01111,Z02,95.0,pełne,2026-07-10
IK-06-01111,Z07,45.3,brak,2026-02-09
IK-06-01111,Z05,48.6,brak,2025-03-09
IK-06-01111,Z13,42.1,częściowe,2026-05-02
IK-06-01112,Z02,29.4,brak,2026-05-24
IK-06-01112,Z07,41.8,pełne,2026-03-15
IK-06-01112,Z05,31.4,pełne,2025-03-31
IK-06-01112,Z13,54.0,częściowe,2025-07-15
IK-06-01113,Z02,55.0,brak,2025-07-21
IK-06-01113,Z07,33.5,brak,2026-04-04
IK-06-01113,Z05,68.3,pełne,2025-07-23
IK-06-01113,Z13,65.6,brak,2024-12-06
IK-06-01114,Z02,48.5,pełne,2026-01-26
IK-06-01114,Z07,44.3,częściowe,2025-08-07
IK-06-01114,Z05,55.2,brak,2025-04-20
IK-06-01114,Z13,23.8,pełne,2026-07-25
IK-06-01115,Z02,29.9,pełne,2025-07-06
IK-06-01115,Z07,29.5,brak,2025-06-10
IK-06-01115,Z05,22.7,pełne,2026-08-18
IK-06-01115,Z13,64.3,brak,2026-06-20
IK-06-01116,Z02,52.2,pełne,2025-08-27
IK-06-01116,Z07,20.4,pełne,2025-11-10
IK-06-01116,Z05,50.0,brak,2025-06-13
IK-06-01116,Z13,15.4,brak,2025-06-26
IK-06-01117,Z02,91.2,częściowe,2024-10-14
IK-06-01117,Z07,29.0,brak,2025-01-10
IK-06-01117,Z05,39.6,częściowe,2025-09-22
IK-06-01117,Z13,47.8,częściowe,2025-03-14
IK-06-01118,Z02,34.4,brak,2026-03-31
IK-06-01118,Z07,43.1,pełne,2024-10-29
IK-06-01118,Z05,49.4,częściowe,2024-11-20
IK-06-01118,Z13,22.1,częściowe,2025-09-15
IK-06-01119,Z02,79.0,częściowe,2025-03-21
IK-06-01119,Z07,23.9,brak,2026-08-09
IK-06-01119,Z05,65.9,brak,2026-06-27
IK-06-01119,Z13,16.2,pełne,2025-02-23
IK-06-01120,Z02,48.5,częściowe,2026-05-20
IK-06-01120,Z07,40.9,częściowe,2025-07-18
IK-06-01120,Z05,22.9,pełne,2024-11-20
IK-06-01120,Z13,43.6,częściowe,2024-11-23
IK-06-01121,Z02,55.3,brak,2025-08-19
IK-06-01121,Z07,68.0,brak,2025-01-21
IK-06-01121,Z05,21.0,częściowe,2024-10-23
IK-06-01121,Z13,43.9,częściowe,2025-12-05
IK-06-01122,Z02,46.8,częściowe,2025-07-22
IK-06-01122,Z07,41.5,pełne,2024-12-10
IK-06-01122,Z05,57.1,brak,2024-12-30
IK-06-01122,Z13,36.1,częściowe,2025-10-21
IK-06-01123,Z02,29.3,częściowe,2025-12-31
IK-06-01123,Z07,50.0,pełne,2026-01-30
IK-06-01123,Z05,18.0,brak,2025-06-25
IK-06-01123,Z13,52.1,częściowe,2026-01-24
IK-06-01124,Z02,19.9,częściowe,2025-03-25
IK-06-01124,Z07,40.3,brak,2025-08-20
IK-06-01124,Z05,18.6,pełne,2025-09-24
IK-06-01124,Z13,48.0,częściowe,2026-07-04
IK-06-01125,Z02,44.0,brak,2025-07-22
IK-06-01125,Z07,49.3,częściowe,2025-04-19
IK-06-01125,Z05,42.1,częściowe,2026-06-05
IK-06-01125,Z13,32.5,pełne,2025-11-03
IK-06-01126,Z02,17.2,pełne,2024-11-25
IK-06-01126,Z07,46.8,brak,2026-07-03
IK-06-01126,Z05,46.9,pełne,2026-06-25
IK-06-01126,Z13,38.9,częściowe,2026-07-26
IK-06-01127,Z02,67.2,pełne,2026-05-11
IK-06-01127,Z07,57.2,brak,2026-04-19
IK-06-01127,Z05,42.9,pełne,2026-08-03
IK-06-01127,Z13,29.9,brak,2025-03-11
IK-06-01128,Z02,69.1,brak,2025-09-29
IK-06-01128,Z07,49.5,częściowe,2025-12-22
IK-06-01128,Z05,52.6,brak,2024-11-03
IK-06-01128,Z13,44.1,częściowe,2025-05-30
IK-06-01129,Z02,52.2,brak,2025-07-15
IK-06-01129,Z07,55.6,częściowe,2025-05-17
IK-06-01129,Z05,54.9,brak,2024-12-19
IK-06-01129,Z13,65.1,częściowe,2025-05-21
IK-06-01130,Z02,64.4,częściowe,2025-08-20
IK-06-01130,Z07,69.0,częściowe,2026-07-27
IK-06-01130,Z05,58.7,pełne,2025-06-07
IK-06-01130,Z13,48.5,częściowe,2025-07-15
IK-06-01131,Z02,36.4,brak,2025-06-10
IK-06-01131,Z07,35.8,częściowe,2025-11-04
IK-06-01131,Z05,67.2,brak,2024-11-05
IK-06-01131,Z13,23.7,częściowe,2025-07-12
IK-06-01132,Z02,57.4,częściowe,2026-06-04
IK-06-01132,Z07,49.8,częściowe,2025-05-07
IK-06-01132,Z05,29.5,pełne,2025-01-10
IK-06-01132,Z13,59.9,częściowe,2025-06-28
IK-06-01133,Z02,24.2,brak,2024-11-12
IK-06-01133,Z07,26.5,brak,2025-08-16
IK-06-01133,Z05,45.4,częściowe,2026-07-26
IK-06-01133,Z13,59.6,częściowe,2025-06-12
IK-06-01134,Z02,42.4,pełne,2025-11-22
IK-06-01134,Z07,65.1,częściowe,2024-11-26
IK-06-01134,Z05,59.9,brak,2025-01-31
IK-06-01134,Z13,25.4,brak,2025-08-10
IK-06-01135,Z02,50.8,brak,2025-11-10
IK-06-01135,Z07,42.2,częściowe,2025-04-29
IK-06-01135,Z05,68.2,częściowe,2025-08-23
IK-06-01135,Z13,62.0,brak,2026-06-20
IK-06-01136,Z02,64.7,częściowe,2026-03-03
IK-06-01136,Z07,63.8,częściowe,2025-06-21
IK-06-01136,Z05,26.7,częściowe,2026-03-16
IK-06-01136,Z13,25.0,częściowe,2026-01-01
IK-06-01137,Z02,76.1,brak,2026-06-08
IK-06-01137,Z07,16.7,brak,2026-05-05
IK-06-01137,Z05,56.0,częściowe,2026-02-13
IK-06-01137,Z13,48.6,brak,2026-01-31
IK-06-01138,Z02,88.8,częściowe,2024-11-10
IK-06-01138,Z07,54.6,brak,2024-11-26
IK-06-01138,Z05,48.9,pełne,2026-07-03
IK-06-01138,Z13,16.2,częściowe,2026-05-27
IK-06-01139,Z02,54.9,częściowe,2026-01-16
IK-06-01139,Z07,47.9,pełne,2025-01-08
IK-06-01139,Z05,69.5,częściowe,2025-06-18
IK-06-01139,Z13,66.6,pełne,2024-12-25
IK-06-01140,Z02,96.1,częściowe,2025-12-21
IK-06-01140,Z07,40.8,brak,2025-07-10
IK-06-01140,Z05,17.5,częściowe,2026-06-29
IK-06-01140,Z13,36.7,pełne,2024-12-02
IK-06-01141,Z02,89.8,brak,2025-11-01
IK-06-01141,Z07,44.9,częściowe,2026-01-09
IK-06-01141,Z05,69.8,częściowe,2026-02-20
IK-06-01141,Z13,16.4,pełne,2025-06-03
IK-06-01142,Z02,18.1,częściowe,2026-01-30
IK-06-01142,Z07,17.8,brak,2025-07-24
IK-06-01142,Z05,15.3,częściowe,2025-06-23
IK-06-01142,Z13,18.1,pełne,2026-01-17
IK-06-01143,Z02,62.1,częściowe,2025-12-24
IK-06-01143,Z07,41.4,brak,2025-12-13
IK-06-01143,Z05,56.7,częściowe,2026-05-09
IK-06-01143,Z13,32.7,częściowe,2026-01-11
IK-06-01144,Z02,29.8,brak,2025-09-18
IK-06-01144,Z07,26.5,częściowe,2024-10-26
IK-06-01144,Z05,52.6,częściowe,2024-10-17
IK-06-01144,Z13,40.4,częściowe,2025-06-10
IK-06-01145,Z02,56.9,częściowe,2025-11-26
IK-06-01145,Z07,19.4,częściowe,2026-04-24
IK-06-01145,Z05,50.1,brak,2025-10-24
IK-06-01145,Z13,63.1,brak,2026-02-28
IK-06-01146,Z02,46.4,częściowe,2025-08-14
IK-06-01146,Z07,30.7,częściowe,2026-04-21
IK-06-01146,Z05,47.8,częściowe,2025-08-06
IK-06-01146,Z13,36.0,częściowe,2024-11-25
IK-06-01147,Z02,89.2,częściowe,2025-05-17
IK-06-01147,Z07,56.5,częściowe,2025-08-09
IK-06-01147,Z05,42.6,pełne,2025-01-23
IK-06-01147,Z13,38.7,brak,2025-11-25
IK-06-01148,Z02,59.7,pełne,2025-02-28
IK-06-01148,Z07,40.5,częściowe,2025-12-01
IK-06-01148,Z05,28.8,częściowe,2026-04-23
IK-06-01148,Z13,26.6,brak,2026-08-16
IK-06-01149,Z02,59.4,częściowe,2024-10-18
IK-06-01149,Z07,55.8,pełne,2024-12-06
IK-06-01149,Z05,39.0,częściowe,2025-02-06
IK-06-01149,Z13,21.8,częściowe,2025-05-17
IK-06-01150,Z02,76.7,częściowe,2025-04-13
IK-06-01150,Z07,38.1,częściowe,2025-07-08
IK-06-01150,Z05,25.1,pełne,2025-12-07
IK-06-01150,Z13,65.1,brak,2025-08-17
IK-06-01151,Z02,45.3,częściowe,2025-07-16
IK-06-01151,Z07,34.5,pełne,2025-09-05
IK-06-01151,Z05,15.7,brak,2025-01-30
IK-06-01151,Z13,33.2,częściowe,2026-03-10
IK-06-01152,Z02,40.0,brak,2025-10-23
IK-06-01152,Z07,31.5,częściowe,2024-12-02
IK-06-01152,Z05,32.2,pełne,2026-08-14
IK-06-01152,Z13,26.8,brak,2026-01-18
IK-06-01153,Z02,38.8,pełne,2026-08-03
IK-06-01153,Z07,55.4,pełne,2025-03-31
IK-06-01153,Z05,15.2,częściowe,2024-10-19
IK-06-01153,Z13,36.6,pełne,2025-03-17
IK-06-01154,Z02,16.1,częściowe,2026-04-11
IK-06-01154,Z07,63.1,brak,2024-10-16
IK-06-01154,Z05,34.7,częściowe,2025-02-19
IK-06-01154,Z13,50.1,częściowe,2025-05-15
IK-06-01155,Z02,76.5,częściowe,2024-12-22
IK-06-01155,Z07,51.9,częściowe,2026-04-02
IK-06-01155,Z05,19.1,częściowe,2026-04-18
IK-06-01155,Z13,26.8,pełne,2025-02-09
IK-06-01156,Z02,57.2,brak,2025-08-07
IK-06-01156,Z07,55.7,częściowe,2026-05-12
IK-06-01156,Z05,19.4,pełne,2025-01-01
IK-06-01156,Z13,17.7,częściowe,2026-06-15
IK-06-01157,Z02,51.3,częściowe,2026-05-03
IK-06-01157,Z07,35.0,brak,2026-05-04
IK-06-01157,Z05,63.9,pełne,2026-02-04
IK-06-01157,Z13,24.0,częściowe,2026-01-20
IK-06-01158,Z02,51.8,brak,2026-07-09
IK-06-01158,Z07,55.1,częściowe,2026-05-09
IK-06-01158,Z05,39.5,częściowe,2025-12-12
IK-06-01158,Z13,27.8,brak,2024-11-24
IK-06-01159,Z02,41.8,częściowe,2025-02-20
IK-06-01159,Z07,50.7,brak,2025-01-19
IK-06-01159,Z05,26.3,pełne,2025-08-20
IK-06-01159,Z13,45.9,pełne,2026-07-08
IK-06-01160,Z02,46.3,brak,2024-10-24
IK-06-01160,Z07,58.5,częściowe,2026-03-31
IK-06-01160,Z05,28.0,brak,2026-04-01
IK-06-01160,Z13,54.1,częściowe,2024-10-29
IK-06-01161,Z02,48.3,częściowe,2025-08-08
IK-06-01161,Z07,15.4,częściowe,2025-06-03
IK-06-01161,Z05,34.8,pełne,2026-02-27
IK-06-01161,Z13,65.7,pełne,2025-01-09
IK-06-01162,Z02,25.5,pełne,2025-01-24
IK-06-01162,Z07,35.5,brak,2024-12-18
IK-06-01162,Z05,53.3,pełne,2025-11-28
IK-06-01162,Z13,27.2,pełne,2025-01-03
IK-06-01163,Z02,22.5,częściowe,2026-02-06
IK-06-01163,Z07,49.3,brak,2025-10-06
IK-06-01163,Z05,46.2,częściowe,2025-09-11
IK-06-01163,Z13,65.5,częściowe,2025-05-17
IK-06-01164,Z02,21.3,brak,2025-06-29
IK-06-01164,Z07,23.8,częściowe,2024-11-03
IK-06-01164,Z05,66.3,częściowe,2026-02-17
IK-06-01164,Z13,59.6,częściowe,2025-03-24
IK-06-01165,Z02,63.1,częściowe,2025-09-18
IK-06-01165,Z07,51.5,częściowe,2026-06-09
IK-06-01165,Z05,34.0,brak,2024-12-23
IK-06-01165,Z13,43.9,częściowe,2025-12-08
IK-06-01166,Z02,47.9,częściowe,2026-07-13
IK-06-01166,Z07,48.6,częściowe,2025-05-01
IK-06-01166,Z05,27.5,pełne,2026-04-11
IK-06-01166,Z13,62.4,brak,2025-12-20
IK-06-01167,Z02,54.3,brak,2025-01-18
IK-06-01167,Z07,28.1,częściowe,2025-10-14
IK-06-01167,Z05,60.8,częściowe,2024-10-14
IK-06-01167,Z13,64.7,pełne,2026-03-08
IK-06-01168,Z02,88.6,brak,2025-01-23
IK-06-01168,Z07,23.4,pełne,2026-03-26
IK-06-01168,Z05,28.0,częściowe,2025-01-17
IK-06-01168,Z13,52.8,częściowe,2025-08-09
IK-06-01169,Z02,41.5,pełne,2025-11-27
IK-06-01169,Z07,23.3,częściowe,2025-03-04
IK-06-01169,Z05,66.5,brak,2025-06-14
IK-06-01169,Z13,33.3,brak,2025-07-11
IK-06-01170,Z02,83.1,pełne,2025-05-19
IK-06-01170,Z07,30.8,częściowe,2025-02-18
IK-06-01170,Z05,49.3,częściowe,2025-10-01
IK-06-01170,Z13,68.5,częściowe,2025-04-12
IK-06-01171,Z02,20.0,częściowe,2025-07-13
IK-06-01171,Z07,35.0,częściowe,2025-06-26
IK-06-01171,Z05,36.6,częściowe,2025-10-26
IK-06-01171,Z13,33.5,częściowe,2025-11-07
IK-06-01172,Z02,44.1,częściowe,2026-05-21
IK-06-01172,Z07,61.7,brak,2026-03-11
IK-06-01172,Z05,61.0,częściowe,2026-04-17
IK-06-01172,Z13,19.1,częściowe,2026-06-23
IK-06-01173,Z02,38.0,brak,2026-08-07
IK-06-01173,Z07,48.1,częściowe,2025-05-25
IK-06-01173,Z05,26.4,częściowe,2024-11-29
IK-06-01173,Z13,16.1,brak,2025-08-13
IK-06-01174,Z02,24.1,częściowe,2024-12-02
IK-06-01174,Z07,55.2,brak,2026-02-15
IK-06-01174,Z05,56.4,częściowe,2025-06-01
IK-06-01174,Z13,24.3,brak,2026-06-02
IK-06-01175,Z02,86.3,pełne,2025-09-24
IK-06-01175,Z07,58.3,pełne,2026-06-28
IK-06-01175,Z05,52.2,pełne,2025-07-18
IK-06-01175,Z13,31.2,częściowe,2025-04-25
IK-06-01176,Z02,79.6,brak,2026-05-05
IK-06-01176,Z07,19.9,częściowe,2025-11-03
IK-06-01176,Z05,25.8,częściowe,2025-08-01
IK-06-01176,Z13,49.1,brak,2026-06-30
IK-06-01177,Z02,59.2,częściowe,2024-10-13
IK-06-01177,Z07,52.7,brak,2024-10-24
IK-06-01177,Z05,62.2,pełne,2026-04-17
IK-06-01177,Z13,59.1,brak,2026-01-01
IK-06-01178,Z02,27.4,częściowe,2025-02-15
IK-06-01178,Z07,35.8,częściowe,2025-08-11
IK-06-01178,Z05,52.8,częściowe,2025-08-09
IK-06-01178,Z13,57.8,częściowe,2025-07-20
IK-06-01179,Z02,27.7,brak,2026-06-16
IK-06-01179,Z07,32.3,brak,2024-12-22
IK-06-01179,Z05,18.8,brak,2025-01-02
IK-06-01179,Z13,16.8,częściowe,2025-11-28
IK-06-01180,Z02,51.1,częściowe,2024-12-26
IK-06-01180,Z07,55.7,częściowe,2026-04-18
IK-06-01180,Z05,65.0,częściowe,2025-03-08
IK-06-01180,Z13,51.5,częściowe,2025-07-18
IK-06-01181,Z02,74.2,częściowe,2026-05-07
IK-06-01181,Z07,37.6,brak,2025-11-04
IK-06-01181,Z05,36.2,częściowe,2025-09-28
IK-06-01181,Z13,43.2,pełne,2025-06-24
IK-06-01182,Z02,65.0,częściowe,2025-10-18
IK-06-01182,Z07,54.2,częściowe,2025-03-25
IK-06-01182,Z05,64.8,brak,2026-01-28
IK-06-01182,Z13,65.5,pełne,2025-10-01
IK-06-01183,Z02,37.8,częściowe,2025-10-06
IK-06-01183,Z07,58.5,częściowe,2026-02-09
IK-06-01183,Z05,59.0,pełne,2026-01-26
IK-06-01183,Z13,49.9,pełne,2025-11-17
IK-06-01184,Z02,62.7,brak,2024-12-30
IK-06-01184,Z07,57.0,pełne,2026-08-06
IK-06-01184,Z05,34.2,brak,2025-10-17
IK-06-01184,Z13,22.6,częściowe,2024-11-26
IK-06-01185,Z02,50.4,częściowe,2025-11-03
IK-06-01185,Z07,23.0,brak,2025-03-24
IK-06-01185,Z05,63.1,częściowe,2026-07-30
IK-06-01185,Z13,16.7,pełne,2025-11-21
IK-06-01186,Z02,51.1,częściowe,2025-03-14
IK-06-01186,Z07,66.6,częściowe,2026-08-22
IK-06-01186,Z05,43.2,częściowe,2025-02-28
IK-06-01186,Z13,51.7,brak,2025-01-01
IK-06-01187,Z02,85.5,częściowe,2025-12-08
IK-06-01187,Z07,19.4,pełne,2026-01-15
IK-06-01187,Z05,29.0,pełne,2025-07-21
IK-06-01187,Z13,69.1,brak,2024-12-13
IK-06-01188,Z02,17.0,pełne,2026-01-06
IK-06-01188,Z07,26.2,częściowe,2026-03-03
IK-06-01188,Z05,43.3,częściowe,2026-03-16
IK-06-01188,Z13,69.0,częściowe,2025-10-15
IK-06-01189,Z02,34.5,brak,2025-10-19
IK-06-01189,Z07,58.8,brak,2025-07-15
IK-06-01189,Z05,15.8,częściowe,2026-03-12
IK-06-01189,Z13,53.1,pełne,2025-03-02
IK-06-01190,Z02,65.0,częściowe,2026-02-16
IK-06-01190,Z07,46.2,pełne,2024-11-03
IK-06-01190,Z05,55.4,częściowe,2024-11-12
IK-06-01190,Z13,61.4,częściowe,2024-10-19
IK-06-01191,Z02,47.0,częściowe,2026-07-09
IK-06-01191,Z07,35.4,brak,2026-05-17
IK-06-01191,Z05,63.2,częściowe,2025-07-06
IK-06-01191,Z13,63.8,brak,2026-06-29
IK-06-01192,Z02,92.2,częściowe,2025-08-24
IK-06-01192,Z07,31.9,częściowe,2025-11-23
IK-06-01192,Z05,68.3,częściowe,2025-07-12
IK-06-01192,Z13,52.7,brak,2025-07-18
IK-06-01193,Z02,66.0,częściowe,2025-01-02
IK-06-01193,Z07,19.5,brak,2025-10-04
IK-06-01193,Z05,28.7,pełne,2026-04-13
IK-06-01193,Z13,57.0,pełne,2025-06-25
IK-06-01194,Z02,42.8,częściowe,2025-10-14
IK-06-01194,Z07,52.5,częściowe,2025-06-12
IK-06-01194,Z05,17.3,częściowe,2025-10-21
IK-06-01194,Z13,63.2,częściowe,2025-10-04
IK-06-01195,Z02,18.3,pełne,2026-02-14
IK-06-01195,Z07,45.3,częściowe,2025-05-20
IK-06-01195,Z05,54.6,brak,2026-02-09
IK-06-01195,Z13,63.9,brak,2024-12-23
IK-06-01196,Z02,60.2,pełne,2025-06-16
IK-06-01196,Z07,24.8,częściowe,2025-11-02
IK-06-01196,Z05,54.5,brak,2026-08-09
IK-06-01196,Z13,23.2,brak,2025-03-27
IK-06-01197,Z02,55.7,pełne,2026-08-14
IK-06-01197,Z07,44.8,brak,2025-04-05
IK-06-01197,Z05,62.1,częściowe,2026-03-22
IK-06-01197,Z13,24.8,częściowe,2024-12-15
IK-06-01198,Z02,24.7,częściowe,2025-07-27
IK-06-01198,Z07,65.6,pełne,2026-06-23
IK-06-01198,Z05,24.0,częściowe,2025-06-24
IK-06-01198,Z13,20.1,brak,2025-08-24
IK-06-01199,Z02,47.5,częściowe,2025-06-02
IK-06-01199,Z07,27.8,częściowe,2025-11-09
IK-06-01199,Z05,52.4,częściowe,2026-04-06
IK-06-01199,Z13,41.9,pełne,2025-10-08
IK-06-01200,Z02,68.2,brak,2026-08-05
IK-06-01200,Z07,69.6,częściowe,2026-01-22
IK-06-01200,Z05,61.1,częściowe,2025-01-15
IK-06-01200,Z13,34.4,częściowe,2026-05-07
IK-06-01201,Z02,90.3,częściowe,2025-04-29
IK-06-01201,Z07,30.4,pełne,2026-02-24
IK-06-01201,Z05,55.5,brak,2025-10-23
IK-06-01201,Z13,55.4,brak,2025-03-12
IK-06-01202,Z02,42.3,częściowe,2025-01-05
IK-06-01202,Z07,47.5,częściowe,2025-04-03
IK-06-01202,Z05,62.2,częściowe,2026-01-30
IK-06-01202,Z13,48.7,częściowe,2025-04-28
IK-06-01203,Z02,49.0,brak,2024-11-24
IK-06-01203,Z07,47.5,częściowe,2026-02-06
IK-06-01203,Z05,68.6,pełne,2026-07-13
IK-06-01203,Z13,21.6,częściowe,2024-11-15
IK-06-01204,Z02,36.7,częściowe,2026-03-27
IK-06-01204,Z07,57.5,częściowe,2026-03-23
IK-06-01204,Z05,45.8,pełne,2025-11-15
IK-06-01204,Z13,22.1,brak,2024-12-26
IK-06-01205,Z02,49.2,częściowe,2025-07-31
IK-06-01205,Z07,47.2,częściowe,2025-09-28
IK-06-01205,Z05,59.9,częściowe,2024-12-10
IK-06-01205,Z13,15.0,częściowe,2025-01-24
IK-06-01206,Z02,62.0,częściowe,2025-11-13
IK-06-01206,Z07,57.1,brak,2024-10-23
IK-06-01206,Z05,25.8,częściowe,2024-12-11
IK-06-01206,Z13,20.4,pełne,2026-02-03
IK-06-01207,Z02,82.4,częściowe,2025-10-18
IK-06-01207,Z07,57.3,częściowe,2024-12-15
IK-06-01207,Z05,34.5,częściowe,2025-03-07
IK-06-01207,Z13,40.0,częściowe,2026-03-01
IK-06-01208,Z02,33.4,brak,2025-05-31
IK-06-01208,Z07,16.6,częściowe,2025-08-09
IK-06-01208,Z05,49.3,brak,2025-11-21
IK-06-01208,Z13,27.4,częściowe,2024-12-26
IK-06-01209,Z02,33.9,częściowe,2026-07-11
IK-06-01209,Z07,53.3,częściowe,2024-12-09
IK-06-01209,Z05,15.7,pełne,2025-07-28
IK-06-01209,Z13,21.7,częściowe,2025-11-17
IK-06-01210,Z02,28.0,częściowe,2025-12-22
IK-06-01210,Z07,19.8,pełne,2025-03-18
IK-06-01210,Z05,33.3,brak,2026-07-22
IK-06-01210,Z13,57.3,częściowe,2026-05-09
IK-06-01211,Z02,84.1,częściowe,2025-11-20
IK-06-01211,Z07,64.9,częściowe,2026-05-25
IK-06-01211,Z05,62.8,częściowe,2025-03-26
IK-06-01211,Z13,60.7,brak,2025-03-03
IK-06-01212,Z02,69.8,pełne,2024-11-23
IK-06-01212,Z07,62.7,częściowe,2025-08-21
IK-06-01212,Z05,63.2,częściowe,2025-01-21
IK-06-01212,Z13,24.7,częściowe,2025-10-01
IK-06-01213,Z02,91.6,częściowe,2026-06-27
IK-06-01213,Z07,54.4,brak,2025-05-23
IK-06-01213,Z05,25.3,brak,2025-12-27
IK-06-01213,Z13,31.9,brak,2026-06-15
IK-06-01214,Z02,44.8,brak,2026-03-21
IK-06-01214,Z07,25.6,częściowe,2026-03-31
IK-06-01214,Z05,69.2,częściowe,2024-11-23
IK-06-01214,Z13,34.8,częściowe,2025-03-26
IK-06-01215,Z02,75.8,częściowe,2025-07-04
IK-06-01215,Z07,26.6,częściowe,2025-11-27
IK-06-01215,Z05,16.3,brak,2026-04-08
IK-06-01215,Z13,29.3,częściowe,2025-02-18
IK-06-01216,Z02,95.5,brak,2026-04-30
IK-06-01216,Z07,28.9,brak,2025-09-28
IK-06-01216,Z05,50.3,częściowe,2025-03-13
IK-06-01216,Z13,56.4,pełne,2024-11-14
IK-06-01217,Z02,23.5,częściowe,2026-03-07
IK-06-01217,Z07,46.0,pełne,2025-02-07
IK-06-01217,Z05,40.2,brak,2025-07-07
IK-06-01217,Z13,44.7,częściowe,2026-04-23
IK-06-01218,Z02,55.6,częściowe,2025-02-12
IK-06-01218,Z07,67.4,brak,2025-12-09
IK-06-01218,Z05,24.3,częściowe,2025-12-16
IK-06-01218,Z13,42.9,pełne,2026-08-11
IK-06-01219,Z02,88.1,częściowe,2026-01-24
IK-06-01219,Z07,37.6,pełne,2025-11-02
IK-06-01219,Z05,40.0,częściowe,2025-11-26
IK-06-01219,Z13,30.1,częściowe,2026-06-04
IK-06-01220,Z02,39.6,pełne,2026-01-28
IK-06-01220,Z07,63.7,częściowe,2025-03-20
IK-06-01220,Z05,29.9,brak,2026-06-25
IK-06-01220,Z13,35.1,pełne,2026-05-10
IK-06-01221,Z02,83.3,brak,2026-06-28
IK-06-01221,Z07,38.3,brak,2025-07-02
IK-06-01221,Z05,29.0,pełne,2026-05-04
IK-06-01221,Z13,59.2,brak,2026-07-01
IK-06-01222,Z02,55.6,brak,2025-10-25
IK-06-01222,Z07,25.4,częściowe,2025-01-17
IK-06-01222,Z05,61.8,brak,2026-08-07
IK-06-01222,Z13,61.5,pełne,2024-12-15
IK-06-01223,Z02,80.7,częściowe,2026-05-26
IK-06-01223,Z07,44.6,pełne,2024-11-01
IK-06-01223,Z05,57.3,brak,2026-02-03
IK-06-01223,Z13,39.6,częściowe,2026-01-26
IK-06-01224,Z02,36.1,pełne,2025-11-19
IK-06-01224,Z07,23.2,pełne,2025-02-26
IK-06-01224,Z05,40.3,częściowe,2026-07-17
IK-06-01224,Z13,62.5,częściowe,2024-12-26
IK-06-01225,Z02,59.8,częściowe,2025-01-04
IK-06-01225,Z07,46.9,pełne,2026-06-14
IK-06-01225,Z05,32.7,brak,2025-06-14
IK-06-01225,Z13,46.8,brak,2024-10-29
IK-06-01226,Z02,64.6,częściowe,2026-04-28
IK-06-01226,Z07,60.5,częściowe,2026-04-24
IK-06-01226,Z05,37.8,częściowe,2026-05-05
IK-06-01226,Z13,60.2,pełne,2025-09-27
IK-06-01227,Z02,26.0,częściowe,2025-04-10
IK-06-01227,Z07,17.8,brak,2026-05-06
IK-06-01227,Z05,44.7,częściowe,2025-09-02
IK-06-01227,Z13,66.1,częściowe,2025-05-04
IK-06-01228,Z02,57.3,częściowe,2024-12-12
IK-06-01228,Z07,43.0,częściowe,2025-06-28
IK-06-01228,Z05,40.1,częściowe,2025-04-11
IK-06-01228,Z13,59.3,pełne,2025-10-30
IK-06-01229,Z02,34.6,brak,2024-11-24
IK-06-01229,Z07,64.1,częściowe,2026-01-22
IK-06-01229,Z05,62.9,brak,2026-04-13
IK-06-01229,Z13,51.0,częściowe,2025-04-08
IK-06-01230,Z02,35.0,częściowe,2025-03-15
IK-06-01230,Z07,58.2,pełne,2025-03-19
IK-06-01230,Z05,42.8,częściowe,2025-07-18
IK-06-01230,Z13,21.5,częściowe,2025-12-03
IK-06-01231,Z02,46.8,częściowe,2026-02-16
IK-06-01231,Z07,50.0,brak,2025-09-03
IK-06-01231,Z05,15.7,pełne,2025-09-19
IK-06-01231,Z13,60.2,pełne,2025-06-24
IK-06-01232,Z02,47.4,częściowe,2024-11-18
IK-06-01232,Z07,69.8,częściowe,2025-10-20
IK-06-01232,Z05,48.8,brak,2026-01-02
IK-06-01232,Z13,27.2,pełne,2025-02-25
IK-06-01233,Z02,95.1,brak,2025-12-31
IK-06-01233,Z07,22.1,częściowe,2024-11-28
IK-06-01233,Z05,68.0,częściowe,2025-10-20
IK-06-01233,Z13,31.4,pełne,2025-04-13
IK-06-01234,Z02,88.3,pełne,2026-03-11
IK-06-01234,Z07,54.1,brak,2026-06-20
IK-06-01234,Z05,60.2,brak,2026-07-28
IK-06-01234,Z13,60.4,pełne,2025-09-11
IK-06-01235,Z02,52.1,częściowe,2026-06-30
IK-06-01235,Z07,38.5,częściowe,2025-07-25
IK-06-01235,Z05,50.9,częściowe,2025-03-09
IK-06-01235,Z13,21.5,brak,2024-10-27
IK-06-01236,Z02,24.3,pełne,2025-02-20
IK-06-01236,Z07,69.2,brak,2025-05-28
IK-06-01236,Z05,42.5,częściowe,2025-05-01
IK-06-01236,Z13,67.8,częściowe,2025-11-27
IK-06-01237,Z02,30.3,pełne,2026-05-28
IK-06-01237,Z07,38.2,częściowe,2026-01-12
IK-06-01237,Z05,43.6,częściowe,2025-02-25
IK-06-01237,Z13,37.1,brak,2026-07-19
IK-06-01238,Z02,75.1,częściowe,2026-06-06
IK-06-01238,Z07,31.9,pełne,2025-10-14
IK-06-01238,Z05,21.1,brak,2026-06-05
IK-06-01238,Z13,34.7,brak,2024-12-06
IK-06-01239,Z02,42.1,pełne,2025-04-03
IK-06-01239,Z07,24.1,brak,2025-08-31
IK-06-01239,Z05,46.2,częściowe,2026-08-14
IK-06-01239,Z13,48.3,częściowe,2026-03-10
IK-06-01240,Z02,21.5,częściowe,2026-05-20
IK-06-01240,Z07,62.5,brak,2025-03-01
IK-06-01240,Z05,68.9,częściowe,2025-06-18
IK-06-01240,Z13,51.5,częściowe,2024-12-20
IK-06-01241,Z02,23.0,częściowe,2025-04-08
IK-06-01241,Z07,19.3,częściowe,2026-06-27
IK-06-01241,Z05,61.2,częściowe,2026-04-25
IK-06-01241,Z13,27.2,brak,2025-03-20
IK-06-01242,Z02,74.4,częściowe,2026-05-15
IK-06-01242,Z07,28.8,częściowe,2024-10-29
IK-06-01242,Z05,61.6,częściowe,2026-03-09
IK-06-01242,Z13,59.1,częściowe,2025-03-19
IK-06-01243,Z02,49.6,pełne,2024-10-31
IK-06-01243,Z07,27.1,częściowe,2026-04-01
IK-06-01243,Z05,66.3,pełne,2025-01-25
IK-06-01243,Z13,51.9,pełne,2025-08-11
IK-06-01244,Z02,44.2,brak,2025-09-01
IK-06-01244,Z07,53.7,częściowe,2026-01-03
IK-06-01244,Z05,62.3,częściowe,2025-06-18
IK-06-01244,Z13,23.9,częściowe,2026-03-18
IK-06-01245,Z02,18.6,brak,2026-05-25
IK-06-01245,Z07,52.8,brak,2024-12-15
IK-06-01245,Z05,54.1,częściowe,2026-03-08
IK-06-01245,Z13,36.9,brak,2026-07-19
IK-06-01246,Z02,18.2,brak,2025-03-06
IK-06-01246,Z07,33.8,pełne,2025-05-11
IK-06-01246,Z05,68.9,częściowe,2025-12-28
IK-06-01246,Z13,22.8,pełne,2025-04-19
IK-06-01247,Z02,25.0,pełne,2026-06-26
IK-06-01247,Z07,28.7,brak,2026-06-03
IK-06-01247,Z05,68.4,pełne,2026-07-06
IK-06-01247,Z13,30.8,częściowe,2024-10-20
IK-06-01248,Z02,78.4,częściowe,2025-02-20
IK-06-01248,Z07,41.5,brak,2025-09-13
IK-06-01248,Z05,39.7,częściowe,2025-09-30
IK-06-01248,Z13,29.2,częściowe,2026-07-02
IK-06-01249,Z02,40.0,częściowe,2025-01-08
IK-06-01249,Z07,49.4,częściowe,2026-03-31
IK-06-01249,Z05,23.5,częściowe,2026-02-08
IK-06-01249,Z13,56.7,częściowe,2025-12-22
IK-06-01250,Z02,94.8,pełne,2025-05-10
IK-06-01250,Z07,15.6,brak,2026-02-09
IK-06-01250,Z05,42.8,częściowe,2025-06-20
IK-06-01250,Z13,21.8,brak,2026-03-27
IK-06-01251,Z02,16.0,częściowe,2025-03-20
IK-06-01251,Z07,36.2,brak,2025-07-20
IK-06-01251,Z05,32.8,brak,2026-02-23
IK-06-01251,Z13,57.0,brak,2025-12-07
IK-06-01252,Z02,27.8,brak,2024-12-03
IK-06-01252,Z07,69.7,częściowe,2025-09-10
IK-06-01252,Z05,17.7,częściowe,2026-06-09
IK-06-01252,Z13,52.6,brak,2025-06-01
IK-06-01253,Z02,38.3,częściowe,2025-09-29
IK-06-01253,Z07,51.9,brak,2025-02-19
IK-06-01253,Z05,54.2,brak,2026-06-27
IK-06-01253,Z13,45.1,pełne,2026-05-29
IK-06-01254,Z02,24.2,brak,2025-09-14
IK-06-01254,Z07,38.3,częściowe,2026-07-02
IK-06-01254,Z05,20.4,częściowe,2025-02-20
IK-06-01254,Z13,68.4,brak,2026-08-25
IK-06-01255,Z02,76.6,brak,2025-06-19
IK-06-01255,Z07,33.9,pełne,2026-05-15
IK-06-01255,Z05,21.2,brak,2026-06-21
IK-06-01255,Z13,53.8,częściowe,2026-01-05
IK-06-01256,Z02,28.2,częściowe,2026-06-11
IK-06-01256,Z07,65.8,częściowe,2025-03-10
IK-06-01256,Z05,17.1,częściowe,2025-04-24
IK-06-01256,Z13,19.2,częściowe,2025-08-20
IK-06-01257,Z02,45.3,brak,2026-01-19
IK-06-01257,Z07,42.4,brak,2026-07-31
IK-06-01257,Z05,38.5,częściowe,2025-06-28
IK-06-01257,Z13,25.0,częściowe,2024-11-08
IK-06-01258,Z02,21.0,częściowe,2025-11-25
IK-06-01258,Z07,22.7,pełne,2026-07-06
IK-06-01258,Z05,47.2,brak,2025-07-21
IK-06-01258,Z13,47.8,częściowe,2024-10-28
IK-06-01259,Z02,50.9,brak,2024-11-23
IK-06-01259,Z07,24.6,częściowe,2025-06-30
IK-06-01259,Z05,67.0,brak,2026-07-16
IK-06-01259,Z13,23.6,częściowe,2024-10-15
IK-06-01260,Z02,28.7,pełne,2025-05-24
IK-06-01260,Z07,65.5,częściowe,2025-07-31
IK-06-01260,Z05,47.0,częściowe,2026-02-26
IK-06-01260,Z13,35.9,pełne,2025-12-10
IK-06-01261,Z02,37.0,częściowe,2026-08-16
IK-06-01261,Z07,57.4,częściowe,2024-11-26
IK-06-01261,Z05,59.0,pełne,2026-08-10
IK-06-01261,Z13,32.0,pełne,2026-07-27
IK-06-01262,Z02,58.1,częściowe,2025-09-01
IK-06-01262,Z07,29.4,brak,2026-06-05
IK-06-01262,Z05,60.3,pełne,2026-03-09
IK-06-01262,Z13,44.9,pełne,2025-08-08
IK-06-01263,Z02,31.2,brak,2025-05-16
IK-06-01263,Z07,62.6,częściowe,2026-06-23
IK-06-01263,Z05,25.0,częściowe,2025-07-27
IK-06-01263,Z13,47.6,brak,2025-08-30
IK-06-01264,Z02,41.2,brak,2026-07-12
IK-06-01264,Z07,15.3,brak,2025-02-14
IK-06-01264,Z05,34.9,brak,2026-06-16
IK-06-01264,Z13,17.7,częściowe,2025-05-03
IK-06-01265,Z02,65.7,częściowe,2026-08-09
IK-06-01265,Z07,47.7,częściowe,2025-12-09
IK-06-01265,Z05,15.5,częściowe,2025-08-31
IK-06-01265,Z13,26.4,pełne,2025-08-21
IK-06-01266,Z02,33.5,częściowe,2024-12-06
IK-06-01266,Z07,54.5,pełne,2024-11-21
IK-06-01266,Z05,50.5,częściowe,2025-08-18
IK-06-01266,Z13,24.8,brak,2024-10-17
IK-06-01267,Z02,18.3,brak,2025-04-21
IK-06-01267,Z07,16.3,brak,2025-03-17
IK-06-01267,Z05,57.9,pełne,2025-01-17
IK-06-01267,Z13,27.5,częściowe,2025-09-13
IK-06-01268,Z02,50.2,częściowe,2024-11-18
IK-06-01268,Z07,25.4,brak,2025-09-21
IK-06-01268,Z05,59.3,brak,2025-07-13
IK-06-01268,Z13,28.5,pełne,2026-02-08
IK-06-01269,Z02,53.3,częściowe,2026-07-21
IK-06-01269,Z07,33.9,pełne,2025-11-11
IK-06-01269,Z05,45.8,częściowe,2024-10-26
IK-06-01269,Z13,21.8,częściowe,2025-05-31
IK-06-01270,Z02,64.2,częściowe,2025-10-30
IK-06-01270,Z07,25.7,pełne,2025-12-13
IK-06-01270,Z05,22.1,brak,2025-10-08
IK-06-01270,Z13,18.5,częściowe,2024-12-18
IK-06-01271,Z02,54.0,pełne,2026-07-20
IK-06-01271,Z07,63.3,częściowe,2026-08-12
IK-06-01271,Z05,65.1,częściowe,2025-07-13
IK-06-01271,Z13,18.4,częściowe,2026-02-23
IK-06-01272,Z02,17.2,częściowe,2026-02-08
IK-06-01272,Z07,50.3,częściowe,2024-11-07
IK-06-01272,Z05,67.4,częściowe,2024-11-18
IK-06-01272,Z13,59.1,brak,2025-09-30
IK-06-01273,Z02,78.3,częściowe,2026-04-11
IK-06-01273,Z07,30.4,częściowe,2026-06-25
IK-06-01273,Z05,45.1,częściowe,2026-05-31
IK-06-01273,Z13,68.7,częściowe,2025-05-06
IK-06-01274,Z02,58.2,częściowe,2025-08-16
IK-06-01274,Z07,65.6,częściowe,2026-06-27
IK-06-01274,Z05,61.5,częściowe,2026-01-19
IK-06-01274,Z13,64.1,częściowe,2026-03-31
IK-06-01275,Z02,27.5,częściowe,2026-03-24
IK-06-01275,Z07,57.3,częściowe,2025-08-31
IK-06-01275,Z05,20.3,częściowe,2025-04-23
IK-06-01275,Z13,43.5,częściowe,2025-04-28
IK-06-01276,Z02,43.0,częściowe,2026-01-23
IK-06-01276,Z07,19.2,częściowe,2025-06-28
IK-06-01276,Z05,22.0,brak,2026-05-02
IK-06-01276,Z13,23.3,pełne,2026-04-27
IK-06-01277,Z02,87.0,brak,2026-03-28
IK-06-01277,Z07,56.0,brak,2026-05-26
IK-06-01277,Z05,61.7,pełne,2026-08-19
IK-06-01277,Z13,24.3,częściowe,2026-06-20
IK-06-01278,Z02,35.3,częściowe,2025-09-16
IK-06-01278,Z07,19.7,brak,2025-06-01
IK-06-01278,Z05,34.1,częściowe,2025-02-26
IK-06-01278,Z13,43.6,brak,2024-10-16
IK-06-01279,Z02,87.3,brak,2026-08-10
IK-06-01279,Z07,63.9,pełne,2025-12-24
IK-06-01279,Z05,67.3,częściowe,2025-06-12
IK-06-01279,Z13,65.5,częściowe,2026-03-17
IK-06-01280,Z02,57.7,częściowe,2025-09-14
IK-06-01280,Z07,60.4,pełne,2026-05-11
IK-06-01280,Z05,24.8,częściowe,2025-10-22
IK-06-01280,Z13,57.8,częściowe,2026-08-19
IK-06-01281,Z02,34.0,częściowe,2026-07-09
IK-06-01281,Z07,39.4,pełne,2024-12-02
IK-06-01281,Z05,48.6,częściowe,2025-05-19
IK-06-01281,Z13,61.4,częściowe,2025-04-02
IK-06-01282,Z02,24.8,brak,2026-06-12
IK-06-01282,Z07,63.8,brak,2026-04-08
IK-06-01282,Z05,31.1,częściowe,2026-03-14
IK-06-01282,Z13,18.9,brak,2025-06-15
IK-06-01283,Z02,51.7,brak,2024-12-13
IK-06-01283,Z07,58.9,częściowe,2026-04-20
IK-06-01283,Z05,55.8,częściowe,2025-03-15
IK-06-01283,Z13,23.3,częściowe,2025-07-19
IK-06-01284,Z02,73.1,częściowe,2025-07-12
IK-06-01284,Z07,35.9,częściowe,2026-01-22
IK-06-01284,Z05,40.6,brak,2025-03-07
IK-06-01284,Z13,54.9,częściowe,2024-10-12
IK-06-01285,Z02,36.6,pełne,2025-05-08
IK-06-01285,Z07,35.2,brak,2025-01-23
IK-06-01285,Z05,34.9,częściowe,2026-04-15
IK-06-01285,Z13,55.4,pełne,2026-07-13
IK-06-01286,Z02,26.1,częściowe,2025-11-22
IK-06-01286,Z07,34.0,pełne,2026-03-17
IK-06-01286,Z05,60.2,częściowe,2026-05-09
IK-06-01286,Z13,45.3,brak,2025-01-13
IK-06-01287,Z02,65.9,częściowe,2026-04-22
IK-06-01287,Z07,48.3,brak,2025-11-06
IK-06-01287,Z05,66.1,pełne,2025-06-02
IK-06-01287,Z13,40.4,częściowe,2025-09-02
IK-06-01288,Z02,94.0,brak,2025-05-29
IK-06-01288,Z07,40.1,częściowe,2026-04-18
IK-06-01288,Z05,58.7,częściowe,2025-03-31
IK-06-01288,Z13,58.0,brak,2025-09-08
IK-06-01289,Z02,61.0,pełne,2025-11-11
IK-06-01289,Z07,19.4,częściowe,2025-01-17
IK-06-01289,Z05,26.4,częściowe,2026-04-01
IK-06-01289,Z13,29.5,pełne,2024-12-11
IK-06-01290,Z02,53.9,częściowe,2026-05-09
IK-06-01290,Z07,66.5,pełne,2025-08-28
IK-06-01290,Z05,29.0,częściowe,2025-09-19
IK-06-01290,Z13,37.5,pełne,2025-02-19
IK-06-01291,Z02,28.2,częściowe,2026-06-24
IK-06-01291,Z07,44.8,brak,2025-09-23
IK-06-01291,Z05,21.1,pełne,2025-10-22
IK-06-01291,Z13,65.0,częściowe,2026-04-16
IK-06-01292,Z02,51.6,pełne,2025-10-30
IK-06-01292,Z07,34.5,brak,2025-04-30
IK-06-01292,Z05,44.7,częściowe,2025-03-22
IK-06-01292,Z13,22.9,brak,2026-07-30
IK-06-01293,Z02,68.7,brak,2025-02-17
IK-06-01293,Z07,42.0,częściowe,2026-04-04
IK-06-01293,Z05,66.2,brak,2025-09-30
IK-06-01293,Z13,24.1,częściowe,2025-06-04
IK-06-01294,Z02,83.6,brak,2026-07-17
IK-06-01294,Z07,61.3,częściowe,2025-10-04
IK-06-01294,Z05,45.6,brak,2025-06-08
IK-06-01294,Z13,35.1,brak,2025-03-19
IK-06-01295,Z02,53.3,brak,2026-05-19
IK-06-01295,Z07,57.2,częściowe,2025-11-05
IK-06-01295,Z05,55.4,brak,2024-11-17
IK-06-01295,Z13,34.6,częściowe,2026-01-04
IK-06-01296,Z02,60.3,brak,2026-07-22
IK-06-01296,Z07,48.9,częściowe,2025-07-12
IK-06-01296,Z05,67.7,pełne,2026-01-25
IK-06-01296,Z13,43.7,częściowe,2026-03-26
IK-06-01297,Z02,25.8,częściowe,2026-02-25
IK-06-01297,Z07,48.5,częściowe,2026-03-14
IK-06-01297,Z05,21.3,częściowe,2025-07-07
IK-06-01297,Z13,28.4,pełne,2026-05-15
IK-06-01298,Z02,42.9,brak,2026-03-13
IK-06-01298,Z07,52.5,częściowe,2024-11-07
IK-06-01298,Z05,50.9,częściowe,2025-03-13
IK-06-01298,Z13,19.9,pełne,2025-12-15
IK-06-01299,Z02,58.8,brak,2025-07-27
IK-06-01299,Z07,55.6,brak,2026-07-30
IK-06-01299,Z05,35.0,pełne,2025-04-04
IK-06-01299,Z13,43.6,brak,2025-10-03
IK-06-01300,Z02,28.5,częściowe,2026-06-18
IK-06-01300,Z07,30.4,brak,2025-05-25
IK-06-01300,Z05,23.0,częściowe,2026-03-11
IK-06-01300,Z13,60.9,brak,2025-12-22
IK-06-01301,Z02,37.9,brak,2026-05-12
IK-06-01301,Z07,17.0,częściowe,2024-11-04
IK-06-01301,Z05,16.0,brak,2025-08-13
IK-06-01301,Z13,25.6,częściowe,2024-12-20
IK-06-01302,Z02,26.9,brak,2025-10-20
IK-06-01302,Z07,24.9,częściowe,2025-03-08
IK-06-01302,Z05,48.8,częściowe,2026-01-31
IK-06-01302,Z13,63.2,częściowe,2026-07-26
IK-06-01303,Z02,46.4,częściowe,2025-12-31
IK-06-01303,Z07,35.0,częściowe,2025-10-22
IK-06-01303,Z05,32.2,częściowe,2026-03-26
IK-06-01303,Z13,68.6,częściowe,2026-02-26
IK-06-01304,Z02,31.8,pełne,2026-05-30
IK-06-01304,Z07,40.2,częściowe,2026-03-16
IK-06-01304,Z05,29.2,częściowe,2026-04-24
IK-06-01304,Z13,29.6,brak,2026-02-21
IK-06-01305,Z02,94.2,brak,2025-03-27
IK-06-01305,Z07,16.2,brak,2026-04-21
IK-06-01305,Z05,57.8,pełne,2025-12-13
IK-06-01305,Z13,34.5,brak,2025-10-20
IK-06-01306,Z02,44.3,brak,2026-04-21
IK-06-01306,Z07,36.2,częściowe,2025-08-09
IK-06-01306,Z05,61.8,pełne,2025-09-14
IK-06-01306,Z13,35.1,brak,2025-01-25
IK-06-01307,Z02,27.2,częściowe,2026-05-06
IK-06-01307,Z07,23.6,pełne,2025-09-26
IK-06-01307,Z05,30.5,częściowe,2026-06-02
IK-06-01307,Z13,36.1,brak,2025-12-06
IK-06-01308,Z02,84.7,częściowe,2025-12-02
IK-06-01308,Z07,48.6,częściowe,2025-07-01
IK-06-01308,Z05,59.1,częściowe,2024-10-20
IK-06-01308,Z13,23.6,brak,2026-07-04
IK-06-01309,Z02,39.0,częściowe,2026-08-18
IK-06-01309,Z07,26.3,pełne,2025-09-29
IK-06-01309,Z05,31.5,częściowe,2025-08-28
IK-06-01309,Z13,44.9,częściowe,2026-05-08
IK-06-01310,Z02,41.2,brak,2025-04-12
IK-06-01310,Z07,49.7,częściowe,2025-05-11
IK-06-01310,Z05,29.9,częściowe,2026-03-21
IK-06-01310,Z13,23.4,brak,2025-03-23
IK-06-01311,Z02,49.7,brak,2025-01-16
IK-06-01311,Z07,27.9,częściowe,2025-06-27
IK-06-01311,Z05,25.7,brak,2025-11-09
IK-06-01311,Z13,49.1,częściowe,2026-06-13
IK-06-01312,Z02,35.0,częściowe,2025-07-22
IK-06-01312,Z07,49.9,częściowe,2024-10-10
IK-06-01312,Z05,15.5,brak,2025-11-29
IK-06-01312,Z13,15.8,pełne,2025-12-12
IK-06-01313,Z02,94.9,częściowe,2025-03-08
IK-06-01313,Z07,29.6,brak,2025-04-02
IK-06-01313,Z05,24.8,brak,2025-10-18
IK-06-01313,Z13,21.6,brak,2025-01-01
IK-06-01314,Z02,54.0,częściowe,2025-01-18
IK-06-01314,Z07,31.6,częściowe,2026-03-11
IK-06-01314,Z05,17.6,pełne,2025-05-17
IK-06-01314,Z13,17.2,częściowe,2026-05-01
IK-06-01315,Z02,43.6,brak,2025-05-24
IK-06-01315,Z07,44.3,częściowe,2025-10-21
IK-06-01315,Z05,18.6,brak,2026-04-17
IK-06-01315,Z13,21.8,pełne,2025-02-19
IK-06-01316,Z02,60.8,częściowe,2025-02-22
IK-06-01316,Z07,39.4,częściowe,2026-01-17
IK-06-01316,Z05,50.9,częściowe,2025-05-21
IK-06-01316,Z13,46.1,częściowe,2025-07-07
IK-06-01317,Z02,37.0,częściowe,2026-03-18
IK-06-01317,Z07,18.6,pełne,2025-10-01
IK-06-01317,Z05,23.9,brak,2026-03-05
IK-06-01317,Z13,52.0,częściowe,2025-04-11
IK-06-01318,Z02,33.5,brak,2025-10-03
IK-06-01318,Z07,59.3,pełne,2025-03-01
IK-06-01318,Z05,44.0,częściowe,2026-01-26
IK-06-01318,Z13,29.7,częściowe,2024-10-23
IK-06-01319,Z02,72.2,pełne,2026-08-06
IK-06-01319,Z07,60.0,częściowe,2026-05-15
IK-06-01319,Z05,49.6,pełne,2025-07-23
IK-06-01319,Z13,52.3,brak,2026-04-17
IK-06-01320,Z02,24.0,częściowe,2026-08-01
IK-06-01320,Z07,69.9,częściowe,2025-11-20
IK-06-01320,Z05,32.4,pełne,2026-03-22
IK-06-01320,Z13,15.3,częściowe,2025-05-17
IK-06-01321,Z02,31.5,brak,2025-08-15
IK-06-01321,Z07,61.1,brak,2026-01-28
IK-06-01321,Z05,24.4,częściowe,2026-01-06
IK-06-01321,Z13,24.0,częściowe,2026-01-17
IK-06-01322,Z02,41.2,częściowe,2026-06-13
IK-06-01322,Z07,24.8,brak,2026-02-20
IK-06-01322,Z05,38.7,częściowe,2025-01-10
IK-06-01322,Z13,32.0,pełne,2025-10-06
IK-06-01323,Z02,68.2,pełne,2026-02-17
IK-06-01323,Z07,54.3,pełne,2026-05-18
IK-06-01323,Z05,44.0,brak,2026-06-12
IK-06-01323,Z13,52.1,częściowe,2025-12-05
IK-06-01324,Z02,23.5,brak,2025-01-11
IK-06-01324,Z07,60.8,częściowe,2024-11-26
IK-06-01324,Z05,55.9,pełne,2024-10-11
IK-06-01324,Z13,66.7,częściowe,2024-11-07
IK-06-01325,Z02,26.1,częściowe,2025-04-09
IK-06-01325,Z07,58.5,pełne,2024-12-26
IK-06-01325,Z05,38.9,częściowe,2025-01-05
IK-06-01325,Z13,45.9,częściowe,2025-08-27
IK-06-01326,Z02,43.5,częściowe,2024-12-11
IK-06-01326,Z07,49.2,brak,2025-11-08
IK-06-01326,Z05,60.3,częściowe,2025-01-09
IK-06-01326,Z13,51.6,brak,2024-11-11
IK-06-01327,Z02,67.1,częściowe,2025-11-30
IK-06-01327,Z07,50.8,częściowe,2024-11-04
IK-06-01327,Z05,30.6,pełne,2026-07-15
IK-06-01327,Z13,64.7,częściowe,2025-09-04
IK-06-01328,Z02,22.0,częściowe,2025-07-02
IK-06-01328,Z07,67.0,częściowe,2025-04-04
IK-06-01328,Z05,54.5,częściowe,2026-01-17
IK-06-01328,Z13,54.7,pełne,2024-11-14
IK-06-01329,Z02,69.3,częściowe,2025-05-11
IK-06-01329,Z07,49.5,częściowe,2024-11-05
IK-06-01329,Z05,48.0,częściowe,2024-12-31
IK-06-01329,Z13,57.4,częściowe,2024-12-19
IK-06-01330,Z02,47.9,częściowe,2025-07-07
IK-06-01330,Z07,18.9,częściowe,2025-04-23
IK-06-01330,Z05,67.5,częściowe,2026-08-09
IK-06-01330,Z13,19.9,pełne,2025-11-07
IK-06-01331,Z02,35.8,pełne,2024-11-25
IK-06-01331,Z07,69.8,pełne,2025-09-07
IK-06-01331,Z05,48.0,częściowe,2025-05-04
IK-06-01331,Z13,19.0,brak,2026-07-25
IK-06-01332,Z02,93.6,częściowe,2025-11-30
IK-06-01332,Z07,69.1,pełne,2025-12-22
IK-06-01332,Z05,15.8,częściowe,2025-12-01
IK-06-01332,Z13,68.7,pełne,2025-08-16
IK-06-01333,Z02,41.6,częściowe,2025-09-17
IK-06-01333,Z07,32.6,pełne,2025-09-12
IK-06-01333,Z05,59.0,brak,2025-04-06
IK-06-01333,Z13,38.5,brak,2024-11-26
IK-06-01334,Z02,75.5,częściowe,2024-12-18
IK-06-01334,Z07,31.9,brak,2025-05-20
IK-06-01334,Z05,20.8,pełne,2025-12-06
IK-06-01334,Z13,44.9,częściowe,2025-06-29
IK-06-01335,Z02,46.2,częściowe,2025-06-24
IK-06-01335,Z07,41.2,częściowe,2025-04-07
IK-06-01335,Z05,36.0,częściowe,2025-01-27
IK-06-01335,Z13,54.8,częściowe,2025-04-05
IK-06-01336,Z02,44.0,brak,2025-01-05
IK-06-01336,Z07,43.0,częściowe,2025-06-27
IK-06-01336,Z05,49.4,brak,2024-12-31
IK-06-01336,Z13,59.8,częściowe,2025-11-25
IK-06-01337,Z02,53.9,częściowe,2026-03-04
IK-06-01337,Z07,69.0,częściowe,2025-04-24
IK-06-01337,Z05,42.7,częściowe,2026-08-18
IK-06-01337,Z13,36.8,częściowe,2024-11-12
IK-06-01338,Z02,65.0,częściowe,2025-06-08
IK-06-01338,Z07,46.4,częściowe,2025-08-03
IK-06-01338,Z05,63.1,brak,2025-08-25
IK-06-01338,Z13,26.0,brak,2024-11-10
IK-06-01339,Z02,22.1,brak,2026-03-16
IK-06-01339,Z07,34.7,brak,2025-03-11
IK-06-01339,Z05,22.6,pełne,2024-12-27
IK-06-01339,Z13,34.2,pełne,2026-03-20
IK-06-01340,Z02,57.5,częściowe,2026-02-01
IK-06-01340,Z07,42.9,brak,2026-07-06
IK-06-01340,Z05,16.0,pełne,2026-03-11
IK-06-01340,Z13,68.0,częściowe,2025-05-04
IK-06-01341,Z02,34.6,częściowe,2025-12-15
IK-06-01341,Z07,63.7,pełne,2024-12-01
IK-06-01341,Z05,34.2,częściowe,2025-09-27
IK-06-01341,Z13,33.2,brak,2026-04-05
IK-06-01342,Z02,65.4,częściowe,2025-08-01
IK-06-01342,Z07,42.4,częściowe,2025-11-07
IK-06-01342,Z05,23.1,pełne,2026-06-14
IK-06-01342,Z13,65.9,częściowe,2026-03-22
IK-06-01343,Z02,65.3,częściowe,2025-10-22
IK-06-01343,Z07,53.5,brak,2026-02-03
IK-06-01343,Z05,52.8,częściowe,2025-07-10
IK-06-01343,Z13,54.3,częściowe,2025-11-10
IK-06-01344,Z02,64.2,brak,2024-11-11
IK-06-01344,Z07,45.3,pełne,2025-03-13
IK-06-01344,Z05,49.9,brak,2025-11-22
IK-06-01344,Z13,56.2,brak,2025-01-29
IK-06-01345,Z02,66.6,pełne,2025-01-25
IK-06-01345,Z07,18.2,częściowe,2025-01-27
IK-06-01345,Z05,54.4,częściowe,2025-04-07
IK-06-01345,Z13,60.9,częściowe,2026-05-26
IK-06-01346,Z02,79.2,częściowe,2025-04-25
IK-06-01346,Z07,66.3,częściowe,2026-01-22
IK-06-01346,Z05,69.3,pełne,2025-08-19
IK-06-01346,Z13,43.7,brak,2025-08-21
IK-06-01347,Z02,44.7,brak,2026-03-17
IK-06-01347,Z07,18.8,pełne,2025-06-13
IK-06-01347,Z05,31.3,pełne,2025-08-09
IK-06-01347,Z13,27.9,brak,2025-07-02
IK-06-01348,Z02,48.5,brak,2024-10-18
IK-06-01348,Z07,57.3,pełne,2024-12-17
IK-06-01348,Z05,44.4,częściowe,2025-12-12
IK-06-01348,Z13,37.6,częściowe,2026-02-15
IK-06-01349,Z02,75.6,częściowe,2025-11-17
IK-06-01349,Z07,65.4,częściowe,2024-10-10
IK-06-01349,Z05,49.0,pełne,2024-11-18
IK-06-01349,Z13,30.4,częściowe,2025-06-21
IK-06-01350,Z02,36.5,częściowe,2024-12-16
IK-06-01350,Z07,67.3,częściowe,2026-04-07
IK-06-01350,Z05,59.8,częściowe,2026-07-07
IK-06-01350,Z13,34.9,brak,2026-02-05
IK-06-01351,Z02,15.6,częściowe,2025-11-27
IK-06-01351,Z07,29.6,częściowe,2026-02-23
IK-06-01351,Z05,23.5,częściowe,2024-10-27
IK-06-01351,Z13,16.3,częściowe,2024-12-06
IK-06-01352,Z02,82.4,brak,2026-07-03
IK-06-01352,Z07,23.3,częściowe,2025-11-24
IK-06-01352,Z05,58.6,brak,2025-08-02
IK-06-01352,Z13,52.6,częściowe,2026-01-15
IK-06-01353,Z02,32.4,częściowe,2024-12-12
IK-06-01353,Z07,27.5,pełne,2024-12-11
IK-06-01353,Z05,60.8,brak,2025-02-13
IK-06-01353,Z13,62.9,pełne,2025-04-03
IK-06-01354,Z02,69.3,pełne,2024-11-20
IK-06-01354,Z07,55.1,brak,2025-07-26
IK-06-01354,Z05,46.4,częściowe,2026-02-21
IK-06-01354,Z13,48.9,częściowe,2024-12-21
IK-06-01355,Z02,78.6,częściowe,2026-08-03
IK-06-01355,Z07,20.4,częściowe,2026-07-26
IK-06-01355,Z05,50.9,częściowe,2025-06-22
IK-06-01355,Z13,28.3,pełne,2025-01-30
IK-06-01356,Z02,47.5,częściowe,2026-03-30
IK-06-01356,Z07,51.2,częściowe,2025-08-31
IK-06-01356,Z05,27.7,częściowe,2025-02-26
IK-06-01356,Z13,57.9,pełne,2026-03-26
IK-06-01357,Z02,17.7,częściowe,2025-01-12
IK-06-01357,Z07,18.9,brak,2025-05-07
IK-06-01357,Z05,20.7,częściowe,2026-01-20
IK-06-01357,Z13,33.8,pełne,2026-03-12
IK-06-01358,Z02,83.4,pełne,2025-06-05
IK-06-01358,Z07,57.4,brak,2025-11-05
IK-06-01358,Z05,29.8,częściowe,2025-01-06
IK-06-01358,Z13,53.5,brak,2025-07-13
IK-06-01359,Z02,75.1,częściowe,2026-02-12
IK-06-01359,Z07,15.3,częściowe,2025-06-03
IK-06-01359,Z05,42.3,brak,2026-06-06
IK-06-01359,Z13,59.8,pełne,2025-12-21
IK-06-01360,Z02,55.0,częściowe,2026-02-23
IK-06-01360,Z07,24.3,brak,2025-05-09
IK-06-01360,Z05,32.1,pełne,2024-11-28
IK-06-01360,Z13,25.7,częściowe,2026-02-09
IK-06-01361,Z02,38.2,częściowe,2026-04-06
IK-06-01361,Z07,34.2,częściowe,2025-11-07
IK-06-01361,Z05,58.7,brak,2026-08-08
IK-06-01361,Z13,58.7,pełne,2025-05-09
IK-06-01362,Z02,59.5,pełne,2025-12-25
IK-06-01362,Z07,67.0,brak,2026-03-27
IK-06-01362,Z05,50.8,częściowe,2025-01-19
IK-06-01362,Z13,66.1,częściowe,2025-02-25
IK-06-01363,Z02,86.0,brak,2025-11-21
IK-06-01363,Z07,45.1,częściowe,2025-10-01
IK-06-01363,Z05,63.1,częściowe,2026-07-22
IK-06-01363,Z13,36.3,częściowe,2026-07-11
IK-06-01364,Z02,30.6,brak,2026-03-25
IK-06-01364,Z07,48.1,częściowe,2025-10-24
IK-06-01364,Z05,57.5,częściowe,2025-11-26
IK-06-01364,Z13,38.7,częściowe,2026-08-20
IK-07-01365,Z01,31.0,pełne,2026-02-10
IK-07-01365,Z07,30.1,częściowe,2025-04-08
IK-07-01365,Z02,27.9,częściowe,2025-08-29
IK-07-01365,Z12,42.7,brak,2026-04-29
IK-07-01366,Z01,17.9,częściowe,2024-10-23
IK-07-01366,Z07,63.6,brak,2025-05-05
IK-07-01366,Z02,25.8,brak,2024-12-18
IK-07-01366,Z12,63.4,częściowe,2025-09-20
IK-07-01367,Z01,61.9,brak,2026-07-02
IK-07-01367,Z07,25.3,częściowe,2025-03-08
IK-07-01367,Z02,96.6,częściowe,2025-08-10
IK-07-01367,Z12,22.3,częściowe,2026-03-13
IK-07-01368,Z01,37.7,pełne,2025-02-01
IK-07-01368,Z07,40.9,pełne,2026-05-14
IK-07-01368,Z02,49.1,pełne,2025-12-16
IK-07-01368,Z12,28.9,brak,2025-11-28
IK-07-01369,Z01,40.3,brak,2025-12-28
IK-07-01369,Z07,60.0,częściowe,2025-03-02
IK-07-01369,Z02,73.1,brak,2025-09-21
IK-07-01369,Z12,27.5,brak,2024-12-05
IK-07-01370,Z01,37.3,brak,2025-11-05
IK-07-01370,Z07,33.4,częściowe,2026-06-09
IK-07-01370,Z02,56.9,brak,2025-05-29
IK-07-01370,Z12,39.7,brak,2026-07-20
IK-07-01371,Z01,48.9,brak,2025-02-24
IK-07-01371,Z07,60.2,częściowe,2026-02-10
IK-07-01371,Z02,82.7,częściowe,2026-01-19
IK-07-01371,Z12,21.4,częściowe,2025-01-19
IK-07-01372,Z01,25.6,pełne,2025-04-24
IK-07-01372,Z07,32.3,brak,2025-06-03
IK-07-01372,Z02,85.1,częściowe,2026-04-14
IK-07-01372,Z12,54.3,pełne,2025-06-19
IK-07-01373,Z01,36.0,pełne,2025-04-06
IK-07-01373,Z07,65.5,częściowe,2025-07-18
IK-07-01373,Z02,67.3,częściowe,2026-01-22
IK-07-01373,Z12,44.6,częściowe,2025-06-18
IK-07-01374,Z01,55.8,częściowe,2025-06-07
IK-07-01374,Z07,27.4,brak,2024-12-11
IK-07-01374,Z02,35.5,brak,2025-08-18
IK-07-01374,Z12,68.2,pełne,2026-08-10
IK-07-01375,Z01,60.0,pełne,2025-03-17
IK-07-01375,Z07,62.8,brak,2026-07-04
IK-07-01375,Z02,53.9,częściowe,2024-11-01
IK-07-01375,Z12,61.8,brak,2025-01-12
IK-07-01376,Z01,28.6,częściowe,2024-10-29
IK-07-01376,Z07,33.6,częściowe,2026-02-07
IK-07-01376,Z02,53.2,brak,2025-01-16
IK-07-01376,Z12,41.8,częściowe,2025-05-30
IK-07-01377,Z01,44.9,częściowe,2026-01-04
IK-07-01377,Z07,32.9,częściowe,2025-10-21
IK-07-01377,Z02,86.3,brak,2025-07-05
IK-07-01377,Z12,23.8,pełne,2025-03-19
IK-07-01378,Z01,28.6,częściowe,2026-05-08
IK-07-01378,Z07,27.3,częściowe,2025-11-21
IK-07-01378,Z02,48.6,częściowe,2026-03-20
IK-07-01378,Z12,27.5,częściowe,2025-04-23
IK-07-01379,Z01,15.7,częściowe,2026-06-26
IK-07-01379,Z07,69.0,częściowe,2025-07-06
IK-07-01379,Z02,33.0,pełne,2026-01-15
IK-07-01379,Z12,17.6,częściowe,2025-06-17
IK-07-01380,Z01,46.3,częściowe,2026-06-02
IK-07-01380,Z07,46.2,brak,2025-08-07
IK-07-01380,Z02,41.7,pełne,2026-04-21
IK-07-01380,Z12,62.6,brak,2025-10-21
IK-07-01381,Z01,15.7,pełne,2025-08-14
IK-07-01381,Z07,37.9,częściowe,2025-12-12
IK-07-01381,Z02,81.7,brak,2025-12-18
IK-07-01381,Z12,21.7,brak,2026-06-25
IK-07-01382,Z01,21.6,częściowe,2025-05-14
IK-07-01382,Z07,44.2,brak,2025-07-08
IK-07-01382,Z02,28.7,pełne,2026-06-23
IK-07-01382,Z12,65.0,częściowe,2026-04-18
IK-07-01383,Z01,47.2,brak,2026-02-26
IK-07-01383,Z07,29.6,częściowe,2025-01-25
IK-07-01383,Z02,41.1,pełne,2025-03-12
IK-07-01383,Z12,23.8,częściowe,2026-03-02
IK-07-01384,Z01,36.4,częściowe,2024-12-05
IK-07-01384,Z07,63.9,częściowe,2026-08-23
IK-07-01384,Z02,75.1,brak,2026-02-20
IK-07-01384,Z12,62.9,brak,2025-10-10
IK-07-01385,Z01,67.7,częściowe,2024-11-01
IK-07-01385,Z07,68.6,brak,2026-08-24
IK-07-01385,Z02,89.7,brak,2025-11-04
IK-07-01385,Z12,64.9,pełne,2025-03-28
IK-07-01386,Z01,37.5,częściowe,2025-01-16
IK-07-01386,Z07,52.7,częściowe,2025-03-19
IK-07-01386,Z02,32.9,brak,2026-02-06
IK-07-01386,Z12,64.0,brak,2025-02-06
IK-07-01387,Z01,46.2,częściowe,2026-06-23
IK-07-01387,Z07,49.4,pełne,2025-02-10
IK-07-01387,Z02,87.5,brak,2024-11-12
IK-07-01387,Z12,17.1,częściowe,2025-05-08
IK-07-01388,Z01,20.3,częściowe,2025-12-01
IK-07-01388,Z07,58.4,częściowe,2025-11-15
IK-07-01388,Z02,18.5,pełne,2025-12-10
IK-07-01388,Z12,27.0,częściowe,2026-08-16
IK-07-01389,Z01,62.3,pełne,2025-03-31
IK-07-01389,Z07,31.2,częściowe,2024-12-26
IK-07-01389,Z02,52.5,częściowe,2024-12-25
IK-07-01389,Z12,15.1,częściowe,2025-05-01
IK-07-01390,Z01,35.6,pełne,2026-05-13
IK-07-01390,Z07,34.0,częściowe,2026-05-15
IK-07-01390,Z02,29.6,częściowe,2025-09-22
IK-07-01390,Z12,69.2,pełne,2026-07-04
IK-07-01391,Z01,42.6,częściowe,2025-10-17
IK-07-01391,Z07,27.9,częściowe,2026-05-18
IK-07-01391,Z02,17.0,częściowe,2024-12-22
IK-07-01391,Z12,18.5,częściowe,2026-02-01
IK-07-01392,Z01,28.6,pełne,2024-10-13
IK-07-01392,Z07,51.9,częściowe,2025-10-31
IK-07-01392,Z02,73.4,częściowe,2025-10-04
IK-07-01392,Z12,22.5,częściowe,2026-03-10
IK-07-01393,Z01,34.1,częściowe,2025-10-07
IK-07-01393,Z07,27.9,częściowe,2026-04-27
IK-07-01393,Z02,65.5,brak,2024-11-02
IK-07-01393,Z12,62.7,brak,2025-06-12
IK-07-01394,Z01,44.9,częściowe,2025-08-11
IK-07-01394,Z07,34.2,częściowe,2025-02-10
IK-07-01394,Z02,85.7,pełne,2026-01-28
IK-07-01394,Z12,60.9,częściowe,2024-11-18
IK-07-01395,Z01,28.4,częściowe,2025-06-29
IK-07-01395,Z07,43.9,pełne,2024-11-10
IK-07-01395,Z02,38.2,częściowe,2026-03-21
IK-07-01395,Z12,49.5,pełne,2026-02-09
IK-07-01396,Z01,46.8,częściowe,2025-12-19
IK-07-01396,Z07,65.3,brak,2025-02-06
IK-07-01396,Z02,56.1,częściowe,2025-08-10
IK-07-01396,Z12,22.3,częściowe,2026-04-21
IK-07-01397,Z01,44.5,pełne,2025-05-20
IK-07-01397,Z07,48.9,pełne,2026-05-12
IK-07-01397,Z02,23.9,częściowe,2025-07-22
IK-07-01397,Z12,19.6,częściowe,2026-03-19
IK-07-01398,Z01,61.0,pełne,2024-11-08
IK-07-01398,Z07,34.1,brak,2025-07-18
IK-07-01398,Z02,36.8,częściowe,2026-04-21
IK-07-01398,Z12,61.6,częściowe,2026-05-25
IK-07-01399,Z01,31.8,pełne,2026-05-25
IK-07-01399,Z07,34.8,pełne,2026-07-08
IK-07-01399,Z02,82.2,brak,2026-06-05
IK-07-01399,Z12,56.0,pełne,2025-01-13
IK-07-01400,Z01,28.4,brak,2026-03-06
IK-07-01400,Z07,38.8,brak,2026-01-17
IK-07-01400,Z02,23.9,częściowe,2026-07-04
IK-07-01400,Z12,32.0,brak,2026-02-11
IK-07-01401,Z01,25.4,brak,2024-11-05
IK-07-01401,Z07,38.4,częściowe,2026-02-19
IK-07-01401,Z02,89.0,brak,2026-05-22
IK-07-01401,Z12,43.0,pełne,2026-07-11
IK-07-01402,Z01,27.9,pełne,2025-11-30
IK-07-01402,Z07,46.1,brak,2026-08-25
IK-07-01402,Z02,26.0,brak,2025-08-04
IK-07-01402,Z12,29.3,częściowe,2025-06-08
IK-07-01403,Z01,28.3,częściowe,2025-08-10
IK-07-01403,Z07,47.5,częściowe,2025-07-17
IK-07-01403,Z02,61.7,pełne,2025-10-26
IK-07-01403,Z12,69.3,częściowe,2026-04-12
IK-07-01404,Z01,35.3,częściowe,2025-12-17
IK-07-01404,Z07,23.5,częściowe,2024-10-30
IK-07-01404,Z02,67.4,brak,2025-06-15
IK-07-01404,Z12,31.0,pełne,2024-11-03
IK-07-01405,Z01,26.2,częściowe,2025-02-06
IK-07-01405,Z07,22.6,częściowe,2025-07-08
IK-07-01405,Z02,96.6,brak,2025-05-28
IK-07-01405,Z12,58.8,częściowe,2025-03-20
IK-07-01406,Z01,63.0,częściowe,2024-11-30
IK-07-01406,Z07,54.4,brak,2025-05-10
IK-07-01406,Z02,55.3,częściowe,2026-07-26
IK-07-01406,Z12,20.5,pełne,2025-11-30
IK-07-01407,Z01,48.6,częściowe,2025-07-20
IK-07-01407,Z07,27.9,częściowe,2025-02-24
IK-07-01407,Z02,25.0,częściowe,2025-12-24
IK-07-01407,Z12,22.6,częściowe,2024-11-08
IK-07-01408,Z01,45.2,częściowe,2026-03-27
IK-07-01408,Z07,20.2,częściowe,2025-04-05
IK-07-01408,Z02,45.8,częściowe,2025-07-14
IK-07-01408,Z12,17.4,częściowe,2025-05-17
IK-07-01409,Z01,38.1,częściowe,2026-02-28
IK-07-01409,Z07,45.6,częściowe,2025-10-05
IK-07-01409,Z02,17.2,brak,2025-05-26
IK-07-01409,Z12,62.3,częściowe,2024-12-21
IK-07-01410,Z01,61.9,częściowe,2025-06-04
IK-07-01410,Z07,58.3,brak,2025-09-04
IK-07-01410,Z02,59.1,częściowe,2024-12-14
IK-07-01410,Z12,59.9,brak,2024-11-04
IK-07-01411,Z01,21.6,pełne,2026-01-09
IK-07-01411,Z07,43.0,częściowe,2026-05-20
IK-07-01411,Z02,54.0,pełne,2025-02-15
IK-07-01411,Z12,15.7,pełne,2025-01-30
IK-07-01412,Z01,38.8,częściowe,2026-03-07
IK-07-01412,Z07,53.2,pełne,2025-11-08
IK-07-01412,Z02,45.5,częściowe,2025-11-16
IK-07-01412,Z12,53.5,częściowe,2025-02-22
IK-07-01413,Z01,41.4,częściowe,2025-12-04
IK-07-01413,Z07,50.4,częściowe,2026-03-16
IK-07-01413,Z02,27.5,częściowe,2025-11-01
IK-07-01413,Z12,23.3,pełne,2025-06-08
IK-07-01414,Z01,26.7,pełne,2024-11-18
IK-07-01414,Z07,43.5,częściowe,2025-11-04
IK-07-01414,Z02,87.2,częściowe,2025-02-24
IK-07-01414,Z12,60.5,pełne,2025-11-08
IK-07-01415,Z01,22.7,częściowe,2026-07-09
IK-07-01415,Z07,29.1,częściowe,2026-08-15
IK-07-01415,Z02,44.3,pełne,2026-02-10
IK-07-01415,Z12,59.1,brak,2025-06-16
IK-07-01416,Z01,48.2,częściowe,2026-01-23
IK-07-01416,Z07,58.5,pełne,2026-06-07
IK-07-01416,Z02,15.7,częściowe,2026-03-21
IK-07-01416,Z12,43.7,pełne,2025-04-29
IK-07-01417,Z01,42.2,częściowe,2025-11-03
IK-07-01417,Z07,17.4,brak,2025-04-02
IK-07-01417,Z02,37.6,częściowe,2025-07-06
IK-07-01417,Z12,15.8,częściowe,2024-11-19
IK-07-01418,Z01,63.3,częściowe,2026-05-30
IK-07-01418,Z07,64.9,pełne,2025-06-07
IK-07-01418,Z02,92.2,pełne,2024-11-08
IK-07-01418,Z12,28.7,częściowe,2025-08-27
IK-07-01419,Z01,40.9,brak,2026-03-11
IK-07-01419,Z07,39.2,częściowe,2024-12-01
IK-07-01419,Z02,22.5,brak,2025-06-16
IK-07-01419,Z12,15.8,częściowe,2026-07-12
IK-07-01420,Z01,26.6,częściowe,2026-02-25
IK-07-01420,Z07,34.3,częściowe,2025-08-14
IK-07-01420,Z02,63.1,częściowe,2026-03-11
IK-07-01420,Z12,40.6,częściowe,2025-03-05
IK-07-01421,Z01,27.7,brak,2026-03-05
IK-07-01421,Z07,50.1,brak,2025-11-14
IK-07-01421,Z02,16.3,częściowe,2025-02-26
IK-07-01421,Z12,51.0,częściowe,2024-12-24
IK-07-01422,Z01,67.9,częściowe,2025-02-16
IK-07-01422,Z07,34.9,częściowe,2025-05-28
IK-07-01422,Z02,72.2,pełne,2025-05-15
IK-07-01422,Z12,20.7,częściowe,2026-07-17
IK-07-01423,Z01,36.6,częściowe,2026-07-01
IK-07-01423,Z07,37.0,pełne,2026-02-10
IK-07-01423,Z02,37.3,brak,2026-06-29
IK-07-01423,Z12,43.3,pełne,2025-12-28
IK-07-01424,Z01,66.5,brak,2024-12-19
IK-07-01424,Z07,60.1,pełne,2025-09-01
IK-07-01424,Z02,57.9,częściowe,2024-12-17
IK-07-01424,Z12,28.2,częściowe,2025-11-13
IK-07-01425,Z01,16.7,brak,2025-04-24
IK-07-01425,Z07,27.0,pełne,2026-07-18
IK-07-01425,Z02,63.2,częściowe,2026-04-14
IK-07-01425,Z12,60.4,częściowe,2026-06-14
IK-07-01426,Z01,40.1,brak,2025-06-07
IK-07-01426,Z07,22.9,częściowe,2025-06-09
IK-07-01426,Z02,58.7,częściowe,2024-10-25
IK-07-01426,Z12,43.8,pełne,2026-06-25
IK-07-01427,Z01,20.7,częściowe,2025-09-24
IK-07-01427,Z07,47.4,brak,2025-01-17
IK-07-01427,Z02,45.0,częściowe,2025-01-15
IK-07-01427,Z12,43.1,brak,2026-02-20
IK-07-01428,Z01,16.1,częściowe,2025-08-25
IK-07-01428,Z07,26.8,częściowe,2025-09-30
IK-07-01428,Z02,64.1,częściowe,2026-05-31
IK-07-01428,Z12,43.1,częściowe,2026-02-20
IK-07-01429,Z01,15.2,pełne,2026-02-24
IK-07-01429,Z07,23.8,częściowe,2025-04-04
IK-07-01429,Z02,69.9,częściowe,2025-09-27
IK-07-01429,Z12,51.6,brak,2026-02-06
IK-07-01430,Z01,67.8,częściowe,2024-10-16
IK-07-01430,Z07,34.2,częściowe,2025-03-25
IK-07-01430,Z02,65.6,pełne,2026-07-02
IK-07-01430,Z12,49.9,częściowe,2026-04-02
IK-07-01431,Z01,56.0,brak,2026-05-22
IK-07-01431,Z07,60.7,częściowe,2025-12-24
IK-07-01431,Z02,41.0,częściowe,2024-11-22
IK-07-01431,Z12,26.8,częściowe,2025-01-12
IK-07-01432,Z01,64.3,częściowe,2025-04-27
IK-07-01432,Z07,38.6,brak,2025-08-25
IK-07-01432,Z02,27.9,brak,2026-01-26
IK-07-01432,Z12,31.0,częściowe,2026-06-16
IK-07-01433,Z01,36.9,częściowe,2025-05-10
IK-07-01433,Z07,54.8,brak,2025-07-11
IK-07-01433,Z02,17.4,pełne,2025-04-29
IK-07-01433,Z12,28.7,częściowe,2024-11-12
IK-07-01434,Z01,52.3,brak,2026-06-15
IK-07-01434,Z07,38.0,częściowe,2025-02-19
IK-07-01434,Z02,39.1,częściowe,2025-03-17
IK-07-01434,Z12,37.4,brak,2026-07-24
IK-07-01435,Z01,66.5,częściowe,2025-09-14
IK-07-01435,Z07,64.4,częściowe,2025-12-16
IK-07-01435,Z02,53.5,częściowe,2024-12-07
IK-07-01435,Z12,25.8,częściowe,2024-12-27
IK-07-01436,Z01,51.8,częściowe,2024-11-24
IK-07-01436,Z07,41.8,brak,2026-06-18
IK-07-01436,Z02,54.8,częściowe,2026-04-01
IK-07-01436,Z12,67.7,częściowe,2026-05-07
IK-07-01437,Z01,40.8,częściowe,2025-03-24
IK-07-01437,Z07,63.7,częściowe,2025-10-23
IK-07-01437,Z02,62.3,pełne,2025-06-30
IK-07-01437,Z12,51.8,brak,2024-12-06
IK-07-01438,Z01,51.4,brak,2025-12-15
IK-07-01438,Z07,55.8,brak,2026-03-21
IK-07-01438,Z02,49.2,częściowe,2025-05-02
IK-07-01438,Z12,68.2,brak,2026-01-02
IK-07-01439,Z01,41.7,częściowe,2024-12-12
IK-07-01439,Z07,51.6,częściowe,2025-04-17
IK-07-01439,Z02,15.6,brak,2025-02-24
IK-07-01439,Z12,48.4,częściowe,2025-10-17
IK-07-01440,Z01,70.0,brak,2026-07-30
IK-07-01440,Z07,52.5,częściowe,2026-05-12
IK-07-01440,Z02,39.0,brak,2024-12-21
IK-07-01440,Z12,23.7,częściowe,2025-10-07
IK-07-01441,Z01,44.2,częściowe,2025-01-18
IK-07-01441,Z07,37.8,częściowe,2026-07-25
IK-07-01441,Z02,37.3,częściowe,2026-01-17
IK-07-01441,Z12,69.9,brak,2026-04-29
IK-07-01442,Z01,54.2,brak,2025-08-09
IK-07-01442,Z07,55.8,brak,2024-11-09
IK-07-01442,Z02,42.2,częściowe,2026-06-01
IK-07-01442,Z12,24.2,pełne,2025-07-02
IK-07-01443,Z01,23.4,brak,2025-04-15
IK-07-01443,Z07,26.2,brak,2025-09-26
IK-07-01443,Z02,57.4,częściowe,2025-11-09
IK-07-01443,Z12,19.8,brak,2026-02-03
IK-07-01444,Z01,47.2,częściowe,2025-10-17
IK-07-01444,Z07,29.4,częściowe,2025-08-10
IK-07-01444,Z02,22.1,częściowe,2024-12-23
IK-07-01444,Z12,55.7,brak,2025-06-21
IK-07-01445,Z01,25.4,częściowe,2026-01-16
IK-07-01445,Z07,51.1,pełne,2025-04-02
IK-07-01445,Z02,73.6,pełne,2025-06-14
IK-07-01445,Z12,51.3,brak,2024-11-02
IK-07-01446,Z01,29.2,częściowe,2024-12-16
IK-07-01446,Z07,46.9,częściowe,2025-01-02
IK-07-01446,Z02,23.8,częściowe,2024-11-07
IK-07-01446,Z12,54.7,częściowe,2025-01-18
IK-07-01447,Z01,30.4,częściowe,2026-06-04
IK-07-01447,Z07,37.0,częściowe,2025-08-18
IK-07-01447,Z02,15.4,brak,2026-05-12
IK-07-01447,Z12,28.0,częściowe,2025-10-02
IK-07-01448,Z01,23.5,częściowe,2025-05-13
IK-07-01448,Z07,27.3,brak,2026-06-23
IK-07-01448,Z02,56.8,brak,2025-02-12
IK-07-01448,Z12,22.6,brak,2025-12-23
IK-07-01449,Z01,24.3,brak,2026-02-01
IK-07-01449,Z07,37.2,częściowe,2025-06-05
IK-07-01449,Z02,49.2,częściowe,2025-10-08
IK-07-01449,Z12,55.1,brak,2026-07-21
IK-07-01450,Z01,68.0,pełne,2024-12-10
IK-07-01450,Z07,54.7,częściowe,2025-03-05
IK-07-01450,Z02,82.1,pełne,2024-10-31
IK-07-01450,Z12,56.9,częściowe,2026-05-11
IK-07-01451,Z01,55.8,brak,2026-08-11
IK-07-01451,Z07,56.0,brak,2026-06-02
IK-07-01451,Z02,96.5,częściowe,2025-10-02
IK-07-01451,Z12,19.4,częściowe,2024-10-17
IK-07-01452,Z01,61.0,brak,2025-06-10
IK-07-01452,Z07,45.2,częściowe,2026-05-08
IK-07-01452,Z02,78.8,częściowe,2026-08-09
IK-07-01452,Z12,44.5,pełne,2025-04-18
IK-07-01453,Z01,49.2,częściowe,2025-07-12
IK-07-01453,Z07,37.2,brak,2025-05-09
IK-07-01453,Z02,78.4,brak,2026-07-08
IK-07-01453,Z12,56.4,pełne,2026-04-27
IK-07-01454,Z01,28.7,częściowe,2025-09-24
IK-07-01454,Z07,39.5,częściowe,2025-12-18
IK-07-01454,Z02,60.9,częściowe,2025-06-03
IK-07-01454,Z12,27.1,częściowe,2025-01-24
IK-07-01455,Z01,37.5,pełne,2025-01-30
IK-07-01455,Z07,68.7,częściowe,2026-03-11
IK-07-01455,Z02,44.3,częściowe,2025-10-12
IK-07-01455,Z12,20.0,brak,2026-08-25
IK-07-01456,Z01,62.1,brak,2026-03-06
IK-07-01456,Z07,64.8,częściowe,2025-11-26
IK-07-01456,Z02,51.5,brak,2024-10-18
IK-07-01456,Z12,59.8,pełne,2025-08-25
IK-07-01457,Z01,55.2,brak,2025-02-21
IK-07-01457,Z07,19.7,częściowe,2025-07-23
IK-07-01457,Z02,92.8,częściowe,2025-04-27
IK-07-01457,Z12,20.6,częściowe,2024-12-21
IK-07-01458,Z01,68.5,częściowe,2025-01-13
IK-07-01458,Z07,27.0,brak,2025-10-30
IK-07-01458,Z02,91.4,częściowe,2025-03-11
IK-07-01458,Z12,32.9,częściowe,2026-08-25
IK-07-01459,Z01,40.8,częściowe,2026-05-18
IK-07-01459,Z07,16.1,częściowe,2025-01-21
IK-07-01459,Z02,95.3,brak,2025-11-28
IK-07-01459,Z12,27.4,pełne,2024-11-19
IK-07-01460,Z01,49.0,pełne,2026-02-21
IK-07-01460,Z07,48.9,brak,2025-10-03
IK-07-01460,Z02,94.6,brak,2025-11-12
IK-07-01460,Z12,45.0,brak,2025-04-11
IK-07-01461,Z01,69.9,pełne,2025-08-13
IK-07-01461,Z07,23.2,pełne,2024-11-20
IK-07-01461,Z02,50.0,brak,2025-02-19
IK-07-01461,Z12,61.5,pełne,2024-11-22
IK-07-01462,Z01,64.2,częściowe,2025-11-27
IK-07-01462,Z07,19.3,częściowe,2025-06-29
IK-07-01462,Z02,15.9,pełne,2025-10-12
IK-07-01462,Z12,48.9,częściowe,2026-01-31
IK-07-01463,Z01,65.9,brak,2025-07-19
IK-07-01463,Z07,49.5,częściowe,2025-11-28
IK-07-01463,Z02,44.3,częściowe,2025-11-23
IK-07-01463,Z12,32.3,częściowe,2026-03-17
IK-07-01464,Z01,35.5,pełne,2025-01-26
IK-07-01464,Z07,51.8,pełne,2025-03-20
IK-07-01464,Z02,41.1,brak,2025-04-20
IK-07-01464,Z12,31.4,częściowe,2024-10-15
IK-07-01465,Z01,55.3,pełne,2025-01-22
IK-07-01465,Z07,39.8,pełne,2026-06-11
IK-07-01465,Z02,57.8,częściowe,2025-08-31
IK-07-01465,Z12,47.2,pełne,2025-10-02
IK-07-01466,Z01,41.3,pełne,2026-03-16
IK-07-01466,Z07,62.9,pełne,2026-03-24
IK-07-01466,Z02,90.6,częściowe,2024-11-05
IK-07-01466,Z12,53.1,częściowe,2024-11-13
IK-07-01467,Z01,18.6,częściowe,2025-03-03
IK-07-01467,Z07,42.8,brak,2025-06-20
IK-07-01467,Z02,86.8,brak,2026-07-22
IK-07-01467,Z12,45.8,brak,2025-05-21
IK-07-01468,Z01,23.4,brak,2025-08-21
IK-07-01468,Z07,16.4,częściowe,2025-06-16
IK-07-01468,Z02,23.8,pełne,2025-08-15
IK-07-01468,Z12,41.9,brak,2025-02-25
IK-07-01469,Z01,47.5,częściowe,2026-07-19
IK-07-01469,Z07,46.1,brak,2026-01-05
IK-07-01469,Z02,17.1,częściowe,2026-01-04
IK-07-01469,Z12,64.7,pełne,2026-08-09
IK-07-01470,Z01,30.7,częściowe,2025-04-29
IK-07-01470,Z07,43.4,brak,2025-02-21
IK-07-01470,Z02,73.6,pełne,2025-12-07
IK-07-01470,Z12,42.6,pełne,2026-07-14
IK-07-01471,Z01,33.4,częściowe,2025-04-07
IK-07-01471,Z07,20.9,brak,2024-10-25
IK-07-01471,Z02,36.8,pełne,2025-09-20
IK-07-01471,Z12,48.8,częściowe,2026-08-16
IK-07-01472,Z01,20.2,częściowe,2025-10-19
IK-07-01472,Z07,54.5,brak,2025-05-16
IK-07-01472,Z02,77.5,pełne,2026-04-24
IK-07-01472,Z12,31.8,częściowe,2025-06-02
IK-07-01473,Z01,31.7,brak,2026-05-12
IK-07-01473,Z07,64.0,brak,2025-01-16
IK-07-01473,Z02,29.8,brak,2026-06-08
IK-07-01473,Z12,55.7,pełne,2025-07-12
IK-07-01474,Z01,33.7,częściowe,2025-09-13
IK-07-01474,Z07,59.9,częściowe,2026-05-12
IK-07-01474,Z02,43.8,brak,2025-02-15
IK-07-01474,Z12,16.5,częściowe,2026-02-16
IK-07-01475,Z01,62.2,częściowe,2025-02-16
IK-07-01475,Z07,45.5,częściowe,2025-10-25
IK-07-01475,Z02,22.4,brak,2026-05-03
IK-07-01475,Z12,34.6,brak,2026-06-30
IK-07-01476,Z01,27.6,częściowe,2025-12-20
IK-07-01476,Z07,24.7,brak,2026-08-02
IK-07-01476,Z02,51.0,częściowe,2025-08-21
IK-07-01476,Z12,68.1,pełne,2026-03-07
IK-07-01477,Z01,64.5,częściowe,2024-12-27
IK-07-01477,Z07,58.5,pełne,2026-01-01
IK-07-01477,Z02,24.9,częściowe,2024-12-04
IK-07-01477,Z12,38.6,brak,2025-10-11
IK-07-01478,Z01,63.0,brak,2026-04-04
IK-07-01478,Z07,23.9,częściowe,2025-11-21
IK-07-01478,Z02,53.4,częściowe,2025-02-08
IK-07-01478,Z12,32.7,częściowe,2025-06-13
IK-07-01479,Z01,55.8,częściowe,2025-09-26
IK-07-01479,Z07,23.5,częściowe,2025-06-13
IK-07-01479,Z02,26.1,brak,2025-12-21
IK-07-01479,Z12,48.0,brak,2025-05-29
IK-07-01480,Z01,16.9,pełne,2026-04-02
IK-07-01480,Z07,20.1,brak,2026-03-03
IK-07-01480,Z02,68.6,częściowe,2025-11-28
IK-07-01480,Z12,42.9,brak,2025-09-29
IK-07-01481,Z01,23.1,częściowe,2026-01-24
IK-07-01481,Z07,68.0,pełne,2025-10-09
IK-07-01481,Z02,62.6,pełne,2026-08-17
IK-07-01481,Z12,63.4,częściowe,2025-09-30
IK-07-01482,Z01,38.2,pełne,2024-11-14
IK-07-01482,Z07,36.0,częściowe,2025-07-02
IK-07-01482,Z02,52.4,brak,2025-12-13
IK-07-01482,Z12,20.7,pełne,2025-05-02
IK-07-01483,Z01,64.4,brak,2026-01-19
IK-07-01483,Z07,56.9,częściowe,2026-03-07
IK-07-01483,Z02,66.8,częściowe,2025-09-11
IK-07-01483,Z12,68.6,częściowe,2026-02-06
IK-07-01484,Z01,57.6,częściowe,2024-10-13
IK-07-01484,Z07,20.8,brak,2025-04-10
IK-07-01484,Z02,40.5,częściowe,2025-03-11
IK-07-01484,Z12,64.2,częściowe,2025-10-05
IK-07-01485,Z01,42.0,częściowe,2025-03-28
IK-07-01485,Z07,38.3,brak,2025-12-04
IK-07-01485,Z02,68.0,częściowe,2026-03-31
IK-07-01485,Z12,42.4,częściowe,2025-07-01
IK-07-01486,Z01,57.0,brak,2026-07-20
IK-07-01486,Z07,62.0,częściowe,2026-02-14
IK-07-01486,Z02,78.6,częściowe,2026-02-25
IK-07-01486,Z12,42.6,częściowe,2026-06-20
IK-07-01487,Z01,56.9,częściowe,2025-12-15
IK-07-01487,Z07,68.0,pełne,2026-01-13
IK-07-01487,Z02,44.5,częściowe,2025-07-20
IK-07-01487,Z12,21.8,częściowe,2025-01-20
IK-07-01488,Z01,45.0,częściowe,2026-04-23
IK-07-01488,Z07,38.9,częściowe,2024-10-25
IK-07-01488,Z02,89.6,częściowe,2025-03-25
IK-07-01488,Z12,60.7,częściowe,2026-01-04
IK-07-01489,Z01,39.3,pełne,2025-01-27
IK-07-01489,Z07,51.5,częściowe,2025-12-05
IK-07-01489,Z02,94.7,częściowe,2026-03-15
IK-07-01489,Z12,64.4,częściowe,2026-07-11
IK-07-01490,Z01,44.8,częściowe,2024-10-24
IK-07-01490,Z07,67.6,pełne,2025-05-24
IK-07-01490,Z02,67.9,brak,2026-04-23
IK-07-01490,Z12,57.0,brak,2025-01-18
IK-07-01491,Z01,46.3,częściowe,2025-08-23
IK-07-01491,Z07,39.2,pełne,2026-03-24
IK-07-01491,Z02,78.1,częściowe,2024-10-21
IK-07-01491,Z12,46.0,częściowe,2025-07-09
IK-07-01492,Z01,54.5,częściowe,2024-11-26
IK-07-01492,Z07,62.6,pełne,2025-06-19
IK-07-01492,Z02,86.4,brak,2024-11-17
IK-07-01492,Z12,34.1,częściowe,2025-07-07
IK-07-01493,Z01,51.4,brak,2025-12-06
IK-07-01493,Z07,57.8,pełne,2026-01-11
IK-07-01493,Z02,64.9,brak,2025-04-30
IK-07-01493,Z12,47.2,częściowe,2026-03-06
IK-07-01494,Z01,62.4,brak,2025-11-24
IK-07-01494,Z07,38.1,częściowe,2025-07-21
IK-07-01494,Z02,53.2,brak,2024-12-31
IK-07-01494,Z12,41.3,częściowe,2025-11-23
IK-07-01495,Z01,69.6,brak,2026-05-07
IK-07-01495,Z07,64.9,brak,2025-12-09
IK-07-01495,Z02,55.8,brak,2025-07-03
IK-07-01495,Z12,64.6,pełne,2025-11-11
IK-07-01496,Z01,23.3,częściowe,2025-06-13
IK-07-01496,Z07,53.9,brak,2024-11-10
IK-07-01496,Z02,83.2,brak,2024-12-29
IK-07-01496,Z12,59.5,częściowe,2024-11-26
IK-07-01497,Z01,45.2,częściowe,2025-12-23
IK-07-01497,Z07,45.7,brak,2025-02-13
IK-07-01497,Z02,87.9,częściowe,2025-04-17
IK-07-01497,Z12,27.0,częściowe,2026-04-14
IK-07-01498,Z01,54.7,częściowe,2026-06-09
IK-07-01498,Z07,64.1,częściowe,2026-02-15
IK-07-01498,Z02,44.3,częściowe,2025-11-16
IK-07-01498,Z12,57.1,częściowe,2026-05-23
IK-07-01499,Z01,56.2,częściowe,2025-02-14
IK-07-01499,Z07,65.0,częściowe,2025-06-06
IK-07-01499,Z02,56.0,częściowe,2024-11-28
IK-07-01499,Z12,42.7,pełne,2025-03-15
IK-07-01500,Z01,57.0,brak,2026-03-22
IK-07-01500,Z07,39.7,częściowe,2025-11-06
IK-07-01500,Z02,90.9,brak,2025-05-29
IK-07-01500,Z12,41.6,częściowe,2026-06-24
IK-07-01501,Z01,15.7,częściowe,2025-01-31
IK-07-01501,Z07,38.8,częściowe,2025-09-16
IK-07-01501,Z02,18.4,pełne,2025-10-27
IK-07-01501,Z12,30.5,pełne,2025-12-26
IK-07-01502,Z01,64.1,częściowe,2026-06-26
IK-07-01502,Z07,19.8,częściowe,2025-10-29
IK-07-01502,Z02,37.0,pełne,2025-08-30
IK-07-01502,Z12,65.4,częściowe,2025-06-12
IK-07-01503,Z01,63.0,częściowe,2026-02-16
IK-07-01503,Z07,49.8,częściowe,2025-10-29
IK-07-01503,Z02,68.2,częściowe,2026-03-10
IK-07-01503,Z12,63.6,brak,2026-05-15
IK-07-01504,Z01,61.6,częściowe,2025-02-14
IK-07-01504,Z07,68.2,pełne,2024-12-07
IK-07-01504,Z02,86.0,brak,2026-07-17
IK-07-01504,Z12,29.9,brak,2026-05-04
IK-07-01505,Z01,58.7,częściowe,2026-01-22
IK-07-01505,Z07,40.1,brak,2024-12-31
IK-07-01505,Z02,56.1,pełne,2024-12-13
IK-07-01505,Z12,39.9,częściowe,2026-04-07
IK-07-01506,Z01,15.2,brak,2024-11-04
IK-07-01506,Z07,29.7,częściowe,2025-03-10
IK-07-01506,Z02,16.9,brak,2026-07-06
IK-07-01506,Z12,34.7,pełne,2025-12-28
IK-07-01507,Z01,54.6,częściowe,2026-06-11
IK-07-01507,Z07,31.6,brak,2025-12-18
IK-07-01507,Z02,15.4,częściowe,2026-08-03
IK-07-01507,Z12,19.0,częściowe,2025-03-08
IK-07-01508,Z01,33.8,częściowe,2026-06-12
IK-07-01508,Z07,67.5,częściowe,2026-03-10
IK-07-01508,Z02,48.3,częściowe,2025-04-17
IK-07-01508,Z12,52.2,pełne,2026-08-06
IK-07-01509,Z01,63.6,częściowe,2025-02-21
IK-07-01509,Z07,43.8,częściowe,2025-05-25
IK-07-01509,Z02,33.0,częściowe,2025-07-04
IK-07-01509,Z12,17.3,pełne,2025-06-27
IK-07-01510,Z01,27.4,częściowe,2026-03-20
IK-07-01510,Z07,54.1,częściowe,2024-12-03
IK-07-01510,Z02,88.8,brak,2024-10-22
IK-07-01510,Z12,51.9,częściowe,2024-12-17
IK-07-01511,Z01,47.5,częściowe,2024-10-28
IK-07-01511,Z07,47.5,częściowe,2025-09-21
IK-07-01511,Z02,79.9,częściowe,2026-07-03
IK-07-01511,Z12,50.3,częściowe,2025-03-14
IK-07-01512,Z01,22.2,częściowe,2025-01-25
IK-07-01512,Z07,63.6,pełne,2026-03-15
IK-07-01512,Z02,82.2,pełne,2025-07-08
IK-07-01512,Z12,45.6,częściowe,2026-01-10
IK-07-01513,Z01,18.6,pełne,2025-06-09
IK-07-01513,Z07,42.5,częściowe,2025-10-27
IK-07-01513,Z02,59.8,pełne,2026-06-19
IK-07-01513,Z12,36.3,częściowe,2026-04-02
IK-07-01514,Z01,44.0,brak,2025-07-15
IK-07-01514,Z07,53.6,brak,2025-02-17
IK-07-01514,Z02,17.5,brak,2025-09-05
IK-07-01514,Z12,27.0,brak,2025-12-29
IK-07-01515,Z01,21.8,pełne,2026-06-08
IK-07-01515,Z07,46.4,częściowe,2026-02-18
IK-07-01515,Z02,59.9,brak,2026-08-02
IK-07-01515,Z12,33.5,częściowe,2024-12-27
IK-07-01516,Z01,27.7,częściowe,2026-03-12
IK-07-01516,Z07,51.7,częściowe,2025-07-28
IK-07-01516,Z02,92.7,częściowe,2025-03-25
IK-07-01516,Z12,33.2,częściowe,2025-11-27
IK-07-01517,Z01,46.2,częściowe,2024-12-19
IK-07-01517,Z07,33.4,częściowe,2025-05-30
IK-07-01517,Z02,29.0,częściowe,2025-07-26
IK-07-01517,Z12,53.9,częściowe,2024-11-01
IK-07-01518,Z01,48.7,brak,2025-02-06
IK-07-01518,Z07,65.7,częściowe,2026-02-11
IK-07-01518,Z02,78.8,częściowe,2026-01-02
IK-07-01518,Z12,35.5,częściowe,2025-12-21
IK-07-01519,Z01,16.9,brak,2025-01-31
IK-07-01519,Z07,29.3,częściowe,2025-11-18
IK-07-01519,Z02,39.9,brak,2026-03-02
IK-07-01519,Z12,33.5,brak,2025-08-06
IK-07-01520,Z01,16.7,brak,2026-05-22
IK-07-01520,Z07,21.5,częściowe,2024-11-28
IK-07-01520,Z02,90.2,częściowe,2025-11-02
IK-07-01520,Z12,50.5,częściowe,2024-12-31
IK-07-01521,Z01,28.2,częściowe,2025-11-25
IK-07-01521,Z07,37.1,brak,2025-05-28
IK-07-01521,Z02,56.0,brak,2025-05-07
IK-07-01521,Z12,19.8,częściowe,2025-11-28
IK-07-01522,Z01,44.0,brak,2026-06-22
IK-07-01522,Z07,49.3,częściowe,2026-07-28
IK-07-01522,Z02,94.1,pełne,2025-10-30
IK-07-01522,Z12,16.9,brak,2025-09-16
IK-07-01523,Z01,50.1,częściowe,2025-01-16
IK-07-01523,Z07,17.5,częściowe,2025-02-02
IK-07-01523,Z02,56.0,częściowe,2026-03-22
IK-07-01523,Z12,52.4,pełne,2025-03-22
IK-07-01524,Z01,42.0,brak,2026-02-18
IK-07-01524,Z07,41.9,częściowe,2025-06-08
IK-07-01524,Z02,35.7,brak,2024-11-19
IK-07-01524,Z12,42.3,częściowe,2026-07-22
IK-07-01525,Z01,58.1,częściowe,2025-01-10
IK-07-01525,Z07,17.0,częściowe,2026-07-22
IK-07-01525,Z02,24.3,brak,2025-06-02
IK-07-01525,Z12,42.5,częściowe,2026-02-04
IK-07-01526,Z01,60.6,częściowe,2025-10-10
IK-07-01526,Z07,58.0,brak,2026-08-05
IK-07-01526,Z02,54.3,pełne,2026-02-04
IK-07-01526,Z12,25.6,częściowe,2025-09-18
IK-07-01527,Z01,19.7,częściowe,2025-11-03
IK-07-01527,Z07,33.3,częściowe,2026-05-09
IK-07-01527,Z02,44.2,częściowe,2026-01-18
IK-07-01527,Z12,45.7,pełne,2025-12-29
IK-07-01528,Z01,63.5,brak,2024-10-13
IK-07-01528,Z07,64.2,brak,2026-05-29
IK-07-01528,Z02,25.7,brak,2026-05-16
IK-07-01528,Z12,55.4,pełne,2025-09-22
IK-07-01529,Z01,53.3,częściowe,2025-02-02
IK-07-01529,Z07,54.3,brak,2025-03-24
IK-07-01529,Z02,15.9,częściowe,2025-10-18
IK-07-01529,Z12,35.9,częściowe,2025-09-20
IK-07-01530,Z01,66.0,częściowe,2025-05-06
IK-07-01530,Z07,29.1,częściowe,2024-11-10
IK-07-01530,Z02,54.2,pełne,2026-05-10
IK-07-01530,Z12,56.2,częściowe,2026-03-16
IK-07-01531,Z01,31.5,częściowe,2026-07-08
IK-07-01531,Z07,16.5,częściowe,2025-04-12
IK-07-01531,Z02,53.7,brak,2025-11-17
IK-07-01531,Z12,55.6,częściowe,2025-11-10
IK-07-01532,Z01,20.0,częściowe,2026-04-22
IK-07-01532,Z07,51.6,brak,2025-01-08
IK-07-01532,Z02,35.4,brak,2025-07-17
IK-07-01532,Z12,31.3,pełne,2026-01-04
IK-07-01533,Z01,47.4,częściowe,2026-02-05
IK-07-01533,Z07,54.2,częściowe,2026-07-30
IK-07-01533,Z02,58.3,częściowe,2024-10-15
IK-07-01533,Z12,22.7,brak,2026-03-05
IK-07-01534,Z01,68.4,pełne,2025-09-22
IK-07-01534,Z07,53.2,brak,2025-06-17
IK-07-01534,Z02,49.8,brak,2025-10-14
IK-07-01534,Z12,59.1,brak,2026-03-08
IK-07-01535,Z01,41.5,brak,2025-05-31
IK-07-01535,Z07,47.6,brak,2026-02-26
IK-07-01535,Z02,63.6,częściowe,2025-05-07
IK-07-01535,Z12,54.1,częściowe,2025-03-12
IK-07-01536,Z01,29.7,częściowe,2026-02-28
IK-07-01536,Z07,60.7,częściowe,2026-02-15
IK-07-01536,Z02,59.0,pełne,2026-02-07
IK-07-01536,Z12,67.2,częściowe,2025-01-13
IK-07-01537,Z01,35.1,częściowe,2025-08-01
IK-07-01537,Z07,46.0,brak,2025-07-11
IK-07-01537,Z02,31.7,brak,2026-03-23
IK-07-01537,Z12,69.1,brak,2025-08-16
IK-07-01538,Z01,66.5,częściowe,2026-01-12
IK-07-01538,Z07,28.5,częściowe,2025-09-04
IK-07-01538,Z02,60.9,częściowe,2025-11-26
IK-07-01538,Z12,46.0,częściowe,2025-01-16
IK-07-01539,Z01,40.7,częściowe,2025-06-09
IK-07-01539,Z07,33.1,brak,2026-04-23
IK-07-01539,Z02,15.8,częściowe,2025-01-07
IK-07-01539,Z12,22.0,brak,2025-10-29
IK-07-01540,Z01,43.5,częściowe,2026-01-21
IK-07-01540,Z07,63.8,częściowe,2026-03-08
IK-07-01540,Z02,21.8,pełne,2025-01-30
IK-07-01540,Z12,22.6,częściowe,2025-10-28
IK-07-01541,Z01,46.3,brak,2025-05-03
IK-07-01541,Z07,20.7,częściowe,2026-01-22
IK-07-01541,Z02,48.0,brak,2024-12-11
IK-07-01541,Z12,26.6,częściowe,2025-08-22
IK-07-01542,Z01,68.2,częściowe,2026-04-29
IK-07-01542,Z07,48.9,brak,2025-03-03
IK-07-01542,Z02,66.9,brak,2026-08-19
IK-07-01542,Z12,41.6,częściowe,2025-04-01
IK-07-01543,Z01,68.0,częściowe,2025-05-19
IK-07-01543,Z07,22.5,pełne,2025-06-12
IK-07-01543,Z02,20.4,brak,2026-07-07
IK-07-01543,Z12,34.5,częściowe,2026-06-23
IK-07-01544,Z01,15.5,pełne,2026-03-10
IK-07-01544,Z07,39.0,brak,2025-08-08
IK-07-01544,Z02,35.0,częściowe,2026-08-12
IK-07-01544,Z12,38.3,częściowe,2025-11-04
IK-07-01545,Z01,69.4,pełne,2025-09-09
IK-07-01545,Z07,65.7,brak,2025-11-12
IK-07-01545,Z02,82.7,brak,2026-07-09
IK-07-01545,Z12,61.7,częściowe,2026-07-28
IK-07-01546,Z01,26.7,częściowe,2026-07-28
IK-07-01546,Z07,62.9,częściowe,2026-07-16
IK-07-01546,Z02,51.2,pełne,2025-02-13
IK-07-01546,Z12,30.9,pełne,2026-04-26
IK-07-01547,Z01,56.0,częściowe,2024-12-09
IK-07-01547,Z07,54.7,częściowe,2026-06-02
IK-07-01547,Z02,40.2,brak,2025-08-14
IK-07-01547,Z12,50.4,częściowe,2025-01-29
IK-07-01548,Z01,69.0,częściowe,2026-07-25
IK-07-01548,Z07,33.9,brak,2025-01-15
IK-07-01548,Z02,41.5,częściowe,2025-01-08
IK-07-01548,Z12,23.4,częściowe,2024-11-20
IK-07-01549,Z01,37.9,częściowe,2024-11-28
IK-07-01549,Z07,34.3,pełne,2025-07-27
IK-07-01549,Z02,77.2,brak,2026-05-31
IK-07-01549,Z12,63.0,pełne,2025-11-02
IK-07-01550,Z01,46.5,częściowe,2025-07-02
IK-07-01550,Z07,24.2,pełne,2026-02-02
IK-07-01550,Z02,76.5,częściowe,2026-02-05
IK-07-01550,Z12,16.8,częściowe,2026-07-08
IK-07-01551,Z01,53.4,pełne,2025-06-27
IK-07-01551,Z07,44.2,częściowe,2024-12-26
IK-07-01551,Z02,30.4,brak,2025-09-27
IK-07-01551,Z12,30.2,częściowe,2026-04-08
IK-07-01552,Z01,31.8,częściowe,2026-06-19
IK-07-01552,Z07,65.8,brak,2025-07-08
IK-07-01552,Z02,27.3,częściowe,2024-11-05
IK-07-01552,Z12,47.7,częściowe,2025-12-22
IK-07-01553,Z01,39.4,częściowe,2025-02-19
IK-07-01553,Z07,23.6,częściowe,2026-06-07
IK-07-01553,Z02,46.8,częściowe,2025-10-04
IK-07-01553,Z12,47.4,częściowe,2025-07-05
IK-07-01554,Z01,59.8,brak,2025-07-20
IK-07-01554,Z07,39.8,brak,2026-04-16
IK-07-01554,Z02,40.6,częściowe,2025-10-15
IK-07-01554,Z12,54.0,częściowe,2026-03-31
IK-07-01555,Z01,32.2,pełne,2026-03-23
IK-07-01555,Z07,38.2,częściowe,2025-06-27
IK-07-01555,Z02,28.2,pełne,2024-10-28
IK-07-01555,Z12,42.1,częściowe,2026-04-06
IK-07-01556,Z01,28.2,pełne,2025-09-25
IK-07-01556,Z07,48.9,pełne,2025-05-21
IK-07-01556,Z02,58.4,częściowe,2024-10-29
IK-07-01556,Z12,63.5,częściowe,2026-05-26
IK-07-01557,Z01,43.8,częściowe,2025-05-02
IK-07-01557,Z07,68.9,pełne,2025-06-05
IK-07-01557,Z02,94.0,częściowe,2026-08-12
IK-07-01557,Z12,60.7,częściowe,2026-01-15
IK-07-01558,Z01,66.5,częściowe,2025-04-26
IK-07-01558,Z07,42.4,częściowe,2026-04-19
IK-07-01558,Z02,64.2,częściowe,2025-10-26
IK-07-01558,Z12,53.3,brak,2025-12-24
IK-07-01559,Z01,20.6,częściowe,2025-12-12
IK-07-01559,Z07,51.3,częściowe,2026-01-31
IK-07-01559,Z02,39.3,pełne,2024-11-28
IK-07-01559,Z12,45.4,częściowe,2025-05-31
IK-07-01560,Z01,66.1,częściowe,2025-10-22
IK-07-01560,Z07,49.3,brak,2026-06-04
IK-07-01560,Z02,40.1,częściowe,2025-07-15
IK-07-01560,Z12,62.1,pełne,2024-11-29
IK-07-01561,Z01,32.4,pełne,2026-05-15
IK-07-01561,Z07,46.6,częściowe,2025-01-31
IK-07-01561,Z02,74.3,brak,2025-04-28
IK-07-01561,Z12,49.6,pełne,2026-05-03
IK-07-01562,Z01,42.4,częściowe,2026-06-10
IK-07-01562,Z07,64.1,brak,2026-05-26
IK-07-01562,Z02,96.1,brak,2025-08-25
IK-07-01562,Z12,25.1,pełne,2026-02-18
IK-07-01563,Z01,63.0,brak,2025-06-23
IK-07-01563,Z07,26.7,częściowe,2025-03-29
IK-07-01563,Z02,34.3,częściowe,2025-07-13
IK-07-01563,Z12,53.8,brak,2026-01-20
IK-07-01564,Z01,26.8,częściowe,2026-07-15
IK-07-01564,Z07,60.0,częściowe,2026-07-04
IK-07-01564,Z02,15.6,brak,2025-02-22
IK-07-01564,Z12,32.0,częściowe,2025-07-05
IK-07-01565,Z01,38.3,częściowe,2025-07-12
IK-07-01565,Z07,24.1,częściowe,2026-07-10
IK-07-01565,Z02,42.6,częściowe,2025-04-16
IK-07-01565,Z12,39.8,brak,2025-12-06
IK-07-01566,Z01,15.3,częściowe,2026-01-30
IK-07-01566,Z07,43.6,częściowe,2024-11-28
IK-07-01566,Z02,38.9,częściowe,2025-05-07
IK-07-01566,Z12,18.4,brak,2025-01-08
IK-07-01567,Z01,39.6,częściowe,2025-01-12
IK-07-01567,Z07,30.3,częściowe,2025-07-27
IK-07-01567,Z02,76.0,brak,2025-03-11
IK-07-01567,Z12,51.8,częściowe,2025-04-29
IK-07-01568,Z01,37.5,częściowe,2025-10-10
IK-07-01568,Z07,25.2,brak,2026-06-18
IK-07-01568,Z02,37.2,częściowe,2025-05-01
IK-07-01568,Z12,55.5,częściowe,2026-03-08
IK-07-01569,Z01,19.4,częściowe,2026-08-18
IK-07-01569,Z07,63.8,pełne,2025-12-01
IK-07-01569,Z02,33.6,częściowe,2026-01-06
IK-07-01569,Z12,31.5,częściowe,2025-03-22
IK-07-01570,Z01,50.5,częściowe,2024-12-01
IK-07-01570,Z07,43.7,częściowe,2025-08-08
IK-07-01570,Z02,73.3,pełne,2026-03-31
IK-07-01570,Z12,56.5,częściowe,2026-05-26
IK-07-01571,Z01,69.9,częściowe,2024-12-28
IK-07-01571,Z07,29.6,brak,2026-03-01
IK-07-01571,Z02,36.1,brak,2025-04-22
IK-07-01571,Z12,50.1,brak,2025-12-22
IK-07-01572,Z01,39.6,częściowe,2024-11-19
IK-07-01572,Z07,20.4,częściowe,2025-06-23
IK-07-01572,Z02,55.8,częściowe,2024-10-28
IK-07-01572,Z12,67.3,brak,2025-03-15
IK-07-01573,Z01,51.0,pełne,2025-11-18
IK-07-01573,Z07,47.0,brak,2025-07-27
IK-07-01573,Z02,20.0,częściowe,2026-01-28
IK-07-01573,Z12,64.0,pełne,2026-01-12
IK-07-01574,Z01,63.6,częściowe,2026-06-09
IK-07-01574,Z07,51.9,pełne,2024-11-10
IK-07-01574,Z02,27.3,częściowe,2025-01-14
IK-07-01574,Z12,46.8,częściowe,2025-02-02
IK-07-01575,Z01,20.3,brak,2026-07-26
IK-07-01575,Z07,49.3,pełne,2026-07-16
IK-07-01575,Z02,51.2,częściowe,2025-06-14
IK-07-01575,Z12,66.5,częściowe,2026-01-26
IK-07-01576,Z01,24.7,brak,2026-03-03
IK-07-01576,Z07,35.3,częściowe,2026-05-12
IK-07-01576,Z02,42.4,częściowe,2026-07-26
IK-07-01576,Z12,53.0,brak,2025-10-10
IK-07-01577,Z01,25.9,brak,2026-04-17
IK-07-01577,Z07,42.6,częściowe,2025-09-04
IK-07-01577,Z02,64.8,pełne,2026-05-12
IK-07-01577,Z12,63.4,brak,2025-02-20
IK-07-01578,Z01,63.1,brak,2025-09-10
IK-07-01578,Z07,42.7,brak,2026-06-18
IK-07-01578,Z02,62.9,częściowe,2025-11-06
IK-07-01578,Z12,65.4,brak,2025-02-06
IK-07-01579,Z01,17.3,brak,2024-10-22
IK-07-01579,Z07,21.4,częściowe,2025-11-11
IK-07-01579,Z02,21.7,częściowe,2025-03-02
IK-07-01579,Z12,69.2,brak,2025-08-08
IK-07-01580,Z01,56.6,częściowe,2025-12-15
IK-07-01580,Z07,61.0,brak,2025-08-22
IK-07-01580,Z02,74.1,brak,2026-07-08
IK-07-01580,Z12,19.3,pełne,2025-06-22
IK-07-01581,Z01,35.5,częściowe,2024-12-05
IK-07-01581,Z07,69.2,częściowe,2025-12-17
IK-07-01581,Z02,22.0,brak,2024-11-15
IK-07-01581,Z12,31.7,brak,2025-01-22
IK-07-01582,Z01,41.4,częściowe,2025-09-21
IK-07-01582,Z07,38.1,częściowe,2024-12-26
IK-07-01582,Z02,52.2,pełne,2025-09-19
IK-07-01582,Z12,25.9,częściowe,2024-12-28
IK-07-01583,Z01,33.2,brak,2024-11-29
IK-07-01583,Z07,35.5,brak,2025-07-05
IK-07-01583,Z02,39.3,częściowe,2025-06-01
IK-07-01583,Z12,62.7,częściowe,2025-04-23
IK-07-01584,Z01,35.7,brak,2025-10-09
IK-07-01584,Z07,55.3,pełne,2026-02-24
IK-07-01584,Z02,47.8,częściowe,2025-03-16
IK-07-01584,Z12,66.7,częściowe,2025-04-04
IK-07-01585,Z01,27.6,brak,2026-03-05
IK-07-01585,Z07,30.0,brak,2025-03-24
IK-07-01585,Z02,28.5,częściowe,2025-04-04
IK-07-01585,Z12,30.8,częściowe,2025-04-19
IK-07-01586,Z01,15.7,pełne,2025-07-23
IK-07-01586,Z07,34.9,częściowe,2025-11-09
IK-07-01586,Z02,80.7,brak,2026-04-14
IK-07-01586,Z12,44.3,brak,2025-12-21
IK-07-01587,Z01,42.1,częściowe,2025-01-15
IK-07-01587,Z07,53.3,brak,2026-05-05
IK-07-01587,Z02,65.2,częściowe,2025-08-17
IK-07-01587,Z12,23.7,pełne,2025-02-27
IK-07-01588,Z01,45.4,pełne,2026-06-23
IK-07-01588,Z07,36.9,brak,2026-04-18
IK-07-01588,Z02,63.2,brak,2025-05-09
IK-07-01588,Z12,66.7,częściowe,2026-06-06
IK-07-01589,Z01,33.5,częściowe,2026-02-23
IK-07-01589,Z07,42.2,pełne,2025-06-27
IK-07-01589,Z02,45.4,pełne,2025-07-04
IK-07-01589,Z12,19.9,częściowe,2025-06-22
IK-07-01590,Z01,26.0,brak,2025-06-21
IK-07-01590,Z07,56.3,pełne,2025-03-28
IK-07-01590,Z02,45.5,częściowe,2025-03-19
IK-07-01590,Z12,17.4,częściowe,2024-11-16
IK-07-01591,Z01,64.6,brak,2025-06-12
IK-07-01591,Z07,65.2,pełne,2025-11-02
IK-07-01591,Z02,91.3,pełne,2025-05-06
IK-07-01591,Z12,63.1,częściowe,2024-10-20
IK-07-01592,Z01,19.9,brak,2026-04-30
IK-07-01592,Z07,40.5,częściowe,2025-03-06
IK-07-01592,Z02,30.9,brak,2026-04-18
IK-07-01592,Z12,38.9,częściowe,2025-04-25
IK-07-01593,Z01,47.3,częściowe,2026-05-22
IK-07-01593,Z07,60.2,pełne,2025-03-08
IK-07-01593,Z02,83.0,częściowe,2025-02-09
IK-07-01593,Z12,52.2,brak,2025-11-16
IK-07-01594,Z01,67.1,częściowe,2026-02-01
IK-07-01594,Z07,30.7,częściowe,2026-02-23
IK-07-01594,Z02,50.6,częściowe,2025-07-01
IK-07-01594,Z12,17.6,brak,2025-10-23
IK-07-01595,Z01,19.0,brak,2026-04-24
IK-07-01595,Z07,35.8,brak,2025-07-07
IK-07-01595,Z02,49.3,pełne,2026-02-02
IK-07-01595,Z12,33.8,częściowe,2025-03-28
IK-07-01596,Z01,47.0,brak,2025-08-27
IK-07-01596,Z07,65.8,częściowe,2025-11-09
IK-07-01596,Z02,88.9,brak,2025-07-14
IK-07-01596,Z12,67.2,częściowe,2025-12-07
IK-07-01597,Z01,33.5,brak,2025-11-21
IK-07-01597,Z07,66.7,częściowe,2025-08-28
IK-07-01597,Z02,48.5,pełne,2026-02-22
IK-07-01597,Z12,16.8,częściowe,2025-11-24
IK-07-01598,Z01,58.5,pełne,2026-06-12
IK-07-01598,Z07,20.0,pełne,2026-06-27
IK-07-01598,Z02,87.8,częściowe,2026-01-22
IK-07-01598,Z12,15.5,częściowe,2024-12-22
IK-07-01599,Z01,52.3,częściowe,2025-10-18
IK-07-01599,Z07,49.2,brak,2025-09-02
IK-07-01599,Z02,53.0,częściowe,2026-05-30
IK-07-01599,Z12,60.7,brak,2025-05-31
IK-07-01600,Z01,21.0,częściowe,2024-10-27
IK-07-01600,Z07,61.5,częściowe,2026-03-25
IK-07-01600,Z02,18.9,brak,2025-10-16
IK-07-01600,Z12,40.0,częściowe,2024-10-23
IK-07-01601,Z01,34.4,częściowe,2026-02-09
IK-07-01601,Z07,30.7,częściowe,2025-10-26
IK-07-01601,Z02,60.4,częściowe,2026-08-08
IK-07-01601,Z12,30.8,częściowe,2025-06-29
IK-07-01602,Z01,57.9,brak,2026-01-06
IK-07-01602,Z07,47.3,pełne,2025-04-27
IK-07-01602,Z02,39.4,brak,2026-07-24
IK-07-01602,Z12,26.4,brak,2025-01-22
IK-07-01603,Z01,64.9,brak,2025-04-17
IK-07-01603,Z07,67.0,częściowe,2025-07-13
IK-07-01603,Z02,66.5,częściowe,2025-09-15
IK-07-01603,Z12,33.4,częściowe,2026-06-29
IK-07-01604,Z01,51.0,brak,2026-04-23
IK-07-01604,Z07,45.1,brak,2026-05-29
IK-07-01604,Z02,33.8,częściowe,2025-06-30
IK-07-01604,Z12,26.0,brak,2024-10-10
IK-07-01605,Z01,21.1,brak,2026-07-03
IK-07-01605,Z07,28.4,częściowe,2025-10-17
IK-07-01605,Z02,59.5,brak,2025-08-21
IK-07-01605,Z12,50.9,częściowe,2026-08-14
IK-07-01606,Z01,37.4,częściowe,2025-03-04
IK-07-01606,Z07,65.3,brak,2024-11-25
IK-07-01606,Z02,59.0,częściowe,2026-07-28
IK-07-01606,Z12,38.4,brak,2025-11-04
IK-07-01607,Z01,16.2,brak,2025-01-05
IK-07-01607,Z07,68.7,brak,2024-11-28
IK-07-01607,Z02,26.6,częściowe,2025-08-06
IK-07-01607,Z12,46.8,pełne,2025-10-06
IK-07-01608,Z01,44.7,brak,2025-09-11
IK-07-01608,Z07,48.3,częściowe,2025-10-01
IK-07-01608,Z02,58.4,brak,2026-01-11
IK-07-01608,Z12,19.1,brak,2025-11-15
IK-07-01609,Z01,30.2,pełne,2025-04-19
IK-07-01609,Z07,48.2,częściowe,2026-06-05
IK-07-01609,Z02,43.0,częściowe,2025-06-05
IK-07-01609,Z12,33.7,częściowe,2026-05-15
IK-07-01610,Z01,65.2,pełne,2025-05-30
IK-07-01610,Z07,47.3,pełne,2025-01-05
IK-07-01610,Z02,15.9,częściowe,2025-11-22
IK-07-01610,Z12,17.8,częściowe,2025-03-03
IK-07-01611,Z01,65.3,częściowe,2025-09-29
IK-07-01611,Z07,29.0,częściowe,2025-07-23
IK-07-01611,Z02,20.2,brak,2026-03-18
IK-07-01611,Z12,22.3,brak,2025-04-08
IK-07-01612,Z01,40.6,pełne,2025-06-22
IK-07-01612,Z07,65.2,częściowe,2026-08-11
IK-07-01612,Z02,57.5,brak,2025-07-01
IK-07-01612,Z12,50.1,częściowe,2026-05-09
IK-07-01613,Z01,41.3,brak,2025-09-07
IK-07-01613,Z07,40.6,częściowe,2026-06-27
IK-07-01613,Z02,35.4,częściowe,2025-01-26
IK-07-01613,Z12,66.5,częściowe,2026-03-20
IK-07-01614,Z01,27.5,częściowe,2025-04-13
IK-07-01614,Z07,68.5,częściowe,2025-05-27
IK-07-01614,Z02,75.5,brak,2025-10-01
IK-07-01614,Z12,45.2,częściowe,2025-05-02
IK-08-01615,Z02,59.8,brak,2025-05-27
IK-08-01615,Z08,65.4,częściowe,2025-10-01
IK-08-01615,Z19,26.7,częściowe,2025-01-20
IK-08-01615,Z07,62.2,brak,2025-09-26
IK-08-01616,Z02,22.5,brak,2024-11-10
IK-08-01616,Z08,37.4,pełne,2025-07-25
IK-08-01616,Z19,47.4,częściowe,2026-03-05
IK-08-01616,Z07,46.8,pełne,2026-05-13
IK-08-01617,Z02,86.7,częściowe,2026-08-24
IK-08-01617,Z08,36.5,brak,2026-04-25
IK-08-01617,Z19,40.0,częściowe,2025-05-17
IK-08-01617,Z07,67.2,pełne,2025-06-02
IK-08-01618,Z02,19.5,brak,2025-05-25
IK-08-01618,Z08,62.2,częściowe,2024-11-14
IK-08-01618,Z19,36.4,częściowe,2025-09-02
IK-08-01618,Z07,29.5,częściowe,2025-08-07
IK-08-01619,Z02,92.4,częściowe,2025-09-15
IK-08-01619,Z08,64.0,częściowe,2026-08-20
IK-08-01619,Z19,44.2,częściowe,2026-03-31
IK-08-01619,Z07,41.2,częściowe,2025-07-01
IK-08-01620,Z02,28.4,brak,2026-05-22
IK-08-01620,Z08,42.6,częściowe,2025-12-10
IK-08-01620,Z19,38.5,brak,2025-03-08
IK-08-01620,Z07,16.7,pełne,2025-07-21
IK-08-01621,Z02,54.2,brak,2025-02-04
IK-08-01621,Z08,65.2,częściowe,2025-08-16
IK-08-01621,Z19,42.2,częściowe,2024-10-25
IK-08-01621,Z07,59.7,częściowe,2026-07-31
IK-08-01622,Z02,66.8,częściowe,2026-04-29
IK-08-01622,Z08,36.0,częściowe,2025-07-01
IK-08-01622,Z19,45.2,częściowe,2025-08-11
IK-08-01622,Z07,19.6,pełne,2025-01-08
IK-08-01623,Z02,18.1,częściowe,2026-04-22
IK-08-01623,Z08,24.2,częściowe,2025-01-31
IK-08-01623,Z19,53.7,częściowe,2025-06-20
IK-08-01623,Z07,28.2,częściowe,2024-12-07
IK-08-01624,Z02,66.5,częściowe,2026-06-17
IK-08-01624,Z08,52.7,pełne,2025-02-17
IK-08-01624,Z19,44.3,częściowe,2025-05-23
IK-08-01624,Z07,47.0,brak,2026-03-26
IK-08-01625,Z02,82.3,pełne,2025-03-01
IK-08-01625,Z08,63.9,brak,2025-06-12
IK-08-01625,Z19,25.7,pełne,2025-05-07
IK-08-01625,Z07,15.2,brak,2026-07-28
IK-08-01626,Z02,81.0,brak,2026-01-23
IK-08-01626,Z08,59.2,brak,2026-06-07
IK-08-01626,Z19,20.5,pełne,2026-03-17
IK-08-01626,Z07,50.6,pełne,2025-08-09
IK-08-01627,Z02,64.6,brak,2025-09-25
IK-08-01627,Z08,52.3,pełne,2025-11-02
IK-08-01627,Z19,15.8,częściowe,2026-03-16
IK-08-01627,Z07,39.4,częściowe,2025-09-03
IK-08-01628,Z02,31.3,brak,2026-08-22
IK-08-01628,Z08,51.3,częściowe,2024-12-04
IK-08-01628,Z19,46.1,częściowe,2025-05-13
IK-08-01628,Z07,52.4,brak,2026-05-28
IK-08-01629,Z02,89.5,częściowe,2026-08-15
IK-08-01629,Z08,60.3,częściowe,2025-04-08
IK-08-01629,Z19,39.5,częściowe,2026-04-26
IK-08-01629,Z07,35.1,częściowe,2025-01-02
IK-08-01630,Z02,81.0,częściowe,2025-07-03
IK-08-01630,Z08,38.3,brak,2024-12-22
IK-08-01630,Z19,26.5,częściowe,2026-05-02
IK-08-01630,Z07,31.6,częściowe,2024-10-21
IK-08-01631,Z02,65.0,brak,2025-03-31
IK-08-01631,Z08,44.6,pełne,2025-01-28
IK-08-01631,Z19,30.7,pełne,2025-08-06
IK-08-01631,Z07,28.9,brak,2026-07-09
IK-08-01632,Z02,63.8,częściowe,2025-06-21
IK-08-01632,Z08,27.8,częściowe,2026-02-12
IK-08-01632,Z19,18.1,częściowe,2024-12-16
IK-08-01632,Z07,45.0,brak,2025-09-05
IK-08-01633,Z02,52.8,brak,2024-10-18
IK-08-01633,Z08,20.8,pełne,2025-01-08
IK-08-01633,Z19,35.5,brak,2025-08-03
IK-08-01633,Z07,25.5,brak,2025-06-30
IK-08-01634,Z02,29.9,częściowe,2025-12-09
IK-08-01634,Z08,16.9,brak,2025-02-27
IK-08-01634,Z19,64.1,częściowe,2025-08-24
IK-08-01634,Z07,32.9,częściowe,2025-03-06
IK-08-01635,Z02,34.1,pełne,2026-03-05
IK-08-01635,Z08,15.4,pełne,2026-03-12
IK-08-01635,Z19,53.9,pełne,2026-07-10
IK-08-01635,Z07,25.1,brak,2025-02-26
IK-08-01636,Z02,36.9,częściowe,2025-06-27
IK-08-01636,Z08,19.9,pełne,2025-10-18
IK-08-01636,Z19,30.9,częściowe,2025-03-04
IK-08-01636,Z07,62.1,brak,2026-02-08
IK-08-01637,Z02,20.8,pełne,2025-04-07
IK-08-01637,Z08,40.0,pełne,2026-03-16
IK-08-01637,Z19,22.6,brak,2026-06-29
IK-08-01637,Z07,67.5,częściowe,2026-04-09
IK-08-01638,Z02,62.8,częściowe,2025-07-26
IK-08-01638,Z08,30.0,częściowe,2026-05-30
IK-08-01638,Z19,62.9,brak,2025-01-25
IK-08-01638,Z07,39.3,brak,2025-12-28
IK-08-01639,Z02,25.0,częściowe,2024-12-20
IK-08-01639,Z08,23.0,częściowe,2025-08-16
IK-08-01639,Z19,43.8,brak,2026-03-20
IK-08-01639,Z07,41.2,częściowe,2024-12-04
IK-08-01640,Z02,60.2,częściowe,2025-01-07
IK-08-01640,Z08,35.2,częściowe,2025-07-28
IK-08-01640,Z19,66.8,częściowe,2025-05-05
IK-08-01640,Z07,32.9,częściowe,2024-10-12
IK-08-01641,Z02,96.6,częściowe,2025-12-18
IK-08-01641,Z08,40.1,częściowe,2026-01-19
IK-08-01641,Z19,17.2,częściowe,2026-05-13
IK-08-01641,Z07,23.7,częściowe,2026-08-15
IK-08-01642,Z02,29.8,częściowe,2025-12-09
IK-08-01642,Z08,33.0,częściowe,2024-12-23
IK-08-01642,Z19,54.4,pełne,2026-08-09
IK-08-01642,Z07,43.9,częściowe,2024-11-15
IK-08-01643,Z02,61.2,częściowe,2025-02-08
IK-08-01643,Z08,29.0,częściowe,2025-11-14
IK-08-01643,Z19,57.5,częściowe,2026-06-11
IK-08-01643,Z07,51.4,częściowe,2025-06-11
IK-08-01644,Z02,33.2,częściowe,2025-01-01
IK-08-01644,Z08,36.4,częściowe,2025-09-19
IK-08-01644,Z19,64.7,pełne,2026-07-08
IK-08-01644,Z07,21.2,brak,2024-11-25
IK-08-01645,Z02,54.0,pełne,2025-01-27
IK-08-01645,Z08,54.3,częściowe,2026-02-27
IK-08-01645,Z19,29.1,częściowe,2026-06-27
IK-08-01645,Z07,37.6,częściowe,2025-10-25
IK-08-01646,Z02,59.9,częściowe,2026-03-25
IK-08-01646,Z08,65.2,brak,2025-12-27
IK-08-01646,Z19,20.7,częściowe,2025-07-30
IK-08-01646,Z07,28.0,brak,2026-03-18
IK-08-01647,Z02,29.1,częściowe,2025-10-09
IK-08-01647,Z08,36.4,brak,2025-07-12
IK-08-01647,Z19,40.2,brak,2025-02-15
IK-08-01647,Z07,60.4,brak,2024-10-17
IK-08-01648,Z02,38.8,brak,2025-12-19
IK-08-01648,Z08,22.1,brak,2025-03-31
IK-08-01648,Z19,32.7,częściowe,2025-02-16
IK-08-01648,Z07,68.8,brak,2024-11-24
IK-08-01649,Z02,62.3,częściowe,2025-02-28
IK-08-01649,Z08,59.6,pełne,2025-06-10
IK-08-01649,Z19,22.8,częściowe,2026-01-17
IK-08-01649,Z07,47.8,częściowe,2025-11-23
IK-08-01650,Z02,47.7,pełne,2025-11-09
IK-08-01650,Z08,49.7,brak,2026-02-20
IK-08-01650,Z19,30.6,pełne,2025-08-24
IK-08-01650,Z07,41.3,brak,2025-03-28
IK-08-01651,Z02,44.7,brak,2026-07-23
IK-08-01651,Z08,68.7,częściowe,2024-11-17
IK-08-01651,Z19,59.3,częściowe,2026-01-20
IK-08-01651,Z07,39.8,brak,2025-11-01
IK-08-01652,Z02,91.2,pełne,2026-06-09
IK-08-01652,Z08,30.3,brak,2025-04-12
IK-08-01652,Z19,40.0,częściowe,2025-04-13
IK-08-01652,Z07,19.1,brak,2025-05-19
IK-08-01653,Z02,20.9,częściowe,2025-06-04
IK-08-01653,Z08,66.1,pełne,2025-02-07
IK-08-01653,Z19,24.8,częściowe,2026-04-14
IK-08-01653,Z07,62.1,częściowe,2024-12-06
IK-08-01654,Z02,23.1,częściowe,2025-11-08
IK-08-01654,Z08,42.0,częściowe,2026-05-17
IK-08-01654,Z19,58.3,pełne,2025-06-21
IK-08-01654,Z07,60.2,częściowe,2025-09-23
IK-08-01655,Z02,22.3,częściowe,2026-07-13
IK-08-01655,Z08,55.1,pełne,2026-03-09
IK-08-01655,Z19,43.0,częściowe,2026-08-20
IK-08-01655,Z07,61.0,częściowe,2025-11-18
IK-08-01656,Z02,22.7,częściowe,2026-07-16
IK-08-01656,Z08,64.7,brak,2025-11-19
IK-08-01656,Z19,65.1,częściowe,2026-08-09
IK-08-01656,Z07,38.5,częściowe,2025-12-17
IK-08-01657,Z02,19.2,częściowe,2024-10-18
IK-08-01657,Z08,16.0,brak,2026-04-01
IK-08-01657,Z19,44.3,częściowe,2026-07-04
IK-08-01657,Z07,23.1,pełne,2024-10-18
IK-08-01658,Z02,67.3,brak,2025-03-29
IK-08-01658,Z08,17.8,brak,2025-11-20
IK-08-01658,Z19,23.8,częściowe,2026-07-08
IK-08-01658,Z07,26.3,częściowe,2025-10-19
IK-08-01659,Z02,51.8,częściowe,2025-08-27
IK-08-01659,Z08,57.6,częściowe,2026-03-16
IK-08-01659,Z19,26.5,częściowe,2026-04-17
IK-08-01659,Z07,43.7,częściowe,2025-07-19
IK-08-01660,Z02,59.2,pełne,2026-07-27
IK-08-01660,Z08,43.3,częściowe,2025-07-05
IK-08-01660,Z19,64.8,pełne,2026-05-10
IK-08-01660,Z07,63.5,brak,2024-12-30
IK-08-01661,Z02,28.0,brak,2025-02-06
IK-08-01661,Z08,50.2,brak,2025-04-20
IK-08-01661,Z19,61.7,częściowe,2026-03-21
IK-08-01661,Z07,25.6,pełne,2025-06-19
IK-08-01662,Z02,30.8,brak,2025-04-18
IK-08-01662,Z08,45.4,pełne,2025-09-27
IK-08-01662,Z19,38.5,pełne,2025-12-15
IK-08-01662,Z07,61.9,częściowe,2025-01-12
IK-08-01663,Z02,56.2,częściowe,2024-11-12
IK-08-01663,Z08,56.9,częściowe,2025-10-24
IK-08-01663,Z19,62.2,częściowe,2025-07-28
IK-08-01663,Z07,48.3,częściowe,2025-07-06
IK-08-01664,Z02,27.9,częściowe,2025-09-29
IK-08-01664,Z08,52.7,brak,2025-12-25
IK-08-01664,Z19,64.6,częściowe,2026-03-25
IK-08-01664,Z07,33.8,pełne,2025-05-12
IK-08-01665,Z02,84.0,częściowe,2025-11-24
IK-08-01665,Z08,34.4,częściowe,2025-12-22
IK-08-01665,Z19,59.0,pełne,2025-12-29
IK-08-01665,Z07,33.0,brak,2025-01-16
IK-08-01666,Z02,26.3,częściowe,2026-05-23
IK-08-01666,Z08,61.4,częściowe,2025-08-23
IK-08-01666,Z19,20.8,częściowe,2025-09-11
IK-08-01666,Z07,15.0,pełne,2025-09-25
IK-08-01667,Z02,47.6,częściowe,2025-10-06
IK-08-01667,Z08,35.5,częściowe,2026-03-01
IK-08-01667,Z19,32.7,częściowe,2025-10-04
IK-08-01667,Z07,52.4,częściowe,2025-09-23
IK-08-01668,Z02,20.5,pełne,2026-04-10
IK-08-01668,Z08,30.3,pełne,2025-06-03
IK-08-01668,Z19,56.3,częściowe,2025-05-29
IK-08-01668,Z07,58.8,brak,2026-06-13
IK-08-01669,Z02,53.0,częściowe,2025-09-19
IK-08-01669,Z08,63.8,brak,2026-06-19
IK-08-01669,Z19,19.1,brak,2024-12-20
IK-08-01669,Z07,25.3,częściowe,2026-05-24
IK-08-01670,Z02,25.5,częściowe,2025-10-19
IK-08-01670,Z08,37.5,częściowe,2024-12-06
IK-08-01670,Z19,23.9,częściowe,2024-12-02
IK-08-01670,Z07,55.9,pełne,2025-08-15
IK-08-01671,Z02,68.8,brak,2025-03-29
IK-08-01671,Z08,21.5,brak,2025-07-12
IK-08-01671,Z19,21.9,częściowe,2025-05-05
IK-08-01671,Z07,57.1,brak,2024-11-29
IK-08-01672,Z02,91.8,częściowe,2024-11-05
IK-08-01672,Z08,35.6,pełne,2026-06-20
IK-08-01672,Z19,16.2,pełne,2025-10-13
IK-08-01672,Z07,33.7,częściowe,2024-10-27
IK-08-01673,Z02,21.9,częściowe,2025-04-23
IK-08-01673,Z08,38.0,brak,2025-02-16
IK-08-01673,Z19,49.1,brak,2025-05-15
IK-08-01673,Z07,29.3,częściowe,2025-01-12
IK-08-01674,Z02,76.1,brak,2025-11-06
IK-08-01674,Z08,32.6,częściowe,2025-01-20
IK-08-01674,Z19,41.8,pełne,2025-08-02
IK-08-01674,Z07,64.7,częściowe,2025-04-16
IK-08-01675,Z02,34.1,pełne,2025-06-22
IK-08-01675,Z08,43.8,częściowe,2026-06-28
IK-08-01675,Z19,15.7,częściowe,2026-07-25
IK-08-01675,Z07,37.5,brak,2025-11-30
IK-08-01676,Z02,82.2,brak,2025-11-04
IK-08-01676,Z08,28.0,częściowe,2025-04-07
IK-08-01676,Z19,43.6,brak,2026-03-12
IK-08-01676,Z07,49.2,pełne,2026-01-15
IK-08-01677,Z02,38.2,brak,2026-08-07
IK-08-01677,Z08,47.7,brak,2026-04-06
IK-08-01677,Z19,28.6,brak,2026-01-13
IK-08-01677,Z07,37.9,pełne,2025-11-27
IK-08-01678,Z02,64.4,częściowe,2026-01-30
IK-08-01678,Z08,49.6,pełne,2025-04-06
IK-08-01678,Z19,21.2,pełne,2026-01-04
IK-08-01678,Z07,17.7,częściowe,2026-01-26
IK-08-01679,Z02,44.6,brak,2026-08-22
IK-08-01679,Z08,16.6,częściowe,2026-06-06
IK-08-01679,Z19,34.6,pełne,2025-12-15
IK-08-01679,Z07,38.4,brak,2025-04-03
IK-08-01680,Z02,19.8,częściowe,2025-12-23
IK-08-01680,Z08,39.7,brak,2025-08-21
IK-08-01680,Z19,67.9,częściowe,2025-07-23
IK-08-01680,Z07,52.6,pełne,2026-05-23
IK-08-01681,Z02,93.2,brak,2026-05-08
IK-08-01681,Z08,37.2,częściowe,2025-01-23
IK-08-01681,Z19,56.1,częściowe,2025-06-14
IK-08-01681,Z07,64.2,częściowe,2025-11-30
IK-08-01682,Z02,73.1,brak,2026-02-11
IK-08-01682,Z08,64.7,częściowe,2026-04-18
IK-08-01682,Z19,46.0,częściowe,2024-11-28
IK-08-01682,Z07,61.8,częściowe,2025-03-11
IK-08-01683,Z02,17.6,brak,2025-07-20
IK-08-01683,Z08,66.6,częściowe,2026-06-12
IK-08-01683,Z19,48.5,częściowe,2024-11-15
IK-08-01683,Z07,36.7,pełne,2025-04-20
IK-08-01684,Z02,28.3,częściowe,2025-12-16
IK-08-01684,Z08,26.8,częściowe,2026-06-18
IK-08-01684,Z19,20.6,pełne,2026-01-12
IK-08-01684,Z07,62.9,częściowe,2024-11-28
IK-08-01685,Z02,56.5,pełne,2026-06-05
IK-08-01685,Z08,43.7,częściowe,2026-08-10
IK-08-01685,Z19,28.2,pełne,2025-05-08
IK-08-01685,Z07,16.2,częściowe,2026-07-05
IK-08-01686,Z02,54.4,brak,2025-01-24
IK-08-01686,Z08,47.4,częściowe,2025-12-09
IK-08-01686,Z19,57.6,częściowe,2025-06-04
IK-08-01686,Z07,22.1,brak,2025-10-22
IK-08-01687,Z02,88.2,brak,2025-11-03
IK-08-01687,Z08,52.6,pełne,2026-04-11
IK-08-01687,Z19,38.6,brak,2025-12-31
IK-08-01687,Z07,54.6,pełne,2025-03-01
IK-08-01688,Z02,29.4,brak,2025-11-07
IK-08-01688,Z08,45.3,częściowe,2025-04-05
IK-08-01688,Z19,52.0,częściowe,2026-01-06
IK-08-01688,Z07,20.7,częściowe,2025-11-28
IK-08-01689,Z02,17.0,częściowe,2025-02-28
IK-08-01689,Z08,30.5,brak,2025-03-01
IK-08-01689,Z19,47.4,częściowe,2024-11-17
IK-08-01689,Z07,67.3,częściowe,2025-01-26
IK-08-01690,Z02,68.3,pełne,2025-12-20
IK-08-01690,Z08,43.7,częściowe,2025-02-20
IK-08-01690,Z19,29.6,częściowe,2026-01-14
IK-08-01690,Z07,27.4,częściowe,2026-08-14
IK-08-01691,Z02,28.0,częściowe,2025-03-09
IK-08-01691,Z08,49.5,częściowe,2025-08-30
IK-08-01691,Z19,68.9,pełne,2026-06-12
IK-08-01691,Z07,66.6,częściowe,2025-12-01
IK-08-01692,Z02,59.4,częściowe,2026-03-06
IK-08-01692,Z08,24.6,częściowe,2025-04-28
IK-08-01692,Z19,49.0,częściowe,2026-08-08
IK-08-01692,Z07,58.5,brak,2025-07-15
IK-08-01693,Z02,46.9,pełne,2026-05-11
IK-08-01693,Z08,25.9,częściowe,2024-11-04
IK-08-01693,Z19,24.1,częściowe,2026-05-24
IK-08-01693,Z07,69.8,pełne,2025-04-15
IK-08-01694,Z02,73.3,częściowe,2025-08-10
IK-08-01694,Z08,56.1,pełne,2025-06-01
IK-08-01694,Z19,43.1,częściowe,2026-08-20
IK-08-01694,Z07,42.3,pełne,2026-03-22
IK-08-01695,Z02,31.9,częściowe,2026-05-05
IK-08-01695,Z08,42.6,pełne,2026-03-29
IK-08-01695,Z19,17.6,częściowe,2025-10-16
IK-08-01695,Z07,57.1,częściowe,2025-04-21
IK-08-01696,Z02,69.2,częściowe,2026-03-10
IK-08-01696,Z08,31.2,pełne,2025-01-01
IK-08-01696,Z19,31.7,częściowe,2025-01-03
IK-08-01696,Z07,54.8,pełne,2025-10-25
IK-08-01697,Z02,96.0,brak,2026-07-26
IK-08-01697,Z08,61.8,pełne,2025-05-01
IK-08-01697,Z19,53.0,brak,2026-04-29
IK-08-01697,Z07,59.9,brak,2024-12-03
IK-08-01698,Z02,39.0,brak,2026-05-24
IK-08-01698,Z08,66.8,pełne,2025-04-27
IK-08-01698,Z19,67.0,częściowe,2026-08-10
IK-08-01698,Z07,56.3,brak,2024-12-17
IK-08-01699,Z02,49.9,brak,2026-04-01
IK-08-01699,Z08,25.5,częściowe,2025-08-14
IK-08-01699,Z19,40.2,częściowe,2025-11-19
IK-08-01699,Z07,23.4,brak,2026-05-25
IK-08-01700,Z02,23.7,brak,2026-07-01
IK-08-01700,Z08,19.8,brak,2025-10-06
IK-08-01700,Z19,62.3,brak,2024-12-01
IK-08-01700,Z07,52.2,brak,2024-12-13
IK-08-01701,Z02,95.8,częściowe,2026-04-25
IK-08-01701,Z08,48.2,częściowe,2026-01-17
IK-08-01701,Z19,58.9,częściowe,2026-02-28
IK-08-01701,Z07,61.4,częściowe,2025-04-08
IK-08-01702,Z02,27.8,brak,2025-11-26
IK-08-01702,Z08,16.9,częściowe,2025-02-22
IK-08-01702,Z19,45.3,pełne,2026-04-12
IK-08-01702,Z07,34.2,brak,2026-08-19
IK-08-01703,Z02,89.8,brak,2026-02-21
IK-08-01703,Z08,67.1,częściowe,2025-09-18
IK-08-01703,Z19,43.1,pełne,2026-01-24
IK-08-01703,Z07,25.0,częściowe,2026-07-07
IK-08-01704,Z02,61.5,brak,2025-07-28
IK-08-01704,Z08,51.8,częściowe,2024-11-16
IK-08-01704,Z19,55.9,częściowe,2026-01-03
IK-08-01704,Z07,50.1,częściowe,2025-06-28
IK-08-01705,Z02,65.3,pełne,2026-05-18
IK-08-01705,Z08,51.7,brak,2025-10-31
IK-08-01705,Z19,52.1,częściowe,2026-05-27
IK-08-01705,Z07,39.7,częściowe,2025-11-27
IK-08-01706,Z02,32.6,brak,2025-02-21
IK-08-01706,Z08,22.2,pełne,2024-11-10
IK-08-01706,Z19,29.0,częściowe,2024-11-26
IK-08-01706,Z07,33.8,częściowe,2025-03-14
IK-08-01707,Z02,53.1,pełne,2025-07-15
IK-08-01707,Z08,45.4,częściowe,2025-04-15
IK-08-01707,Z19,37.5,częściowe,2025-06-01
IK-08-01707,Z07,15.6,brak,2025-05-02
IK-08-01708,Z02,54.0,częściowe,2026-06-10
IK-08-01708,Z08,61.4,pełne,2025-07-27
IK-08-01708,Z19,55.7,brak,2026-02-05
IK-08-01708,Z07,57.9,pełne,2025-08-06
IK-08-01709,Z02,24.3,częściowe,2025-01-01
IK-08-01709,Z08,44.2,częściowe,2025-11-27
IK-08-01709,Z19,57.4,pełne,2024-12-05
IK-08-01709,Z07,53.8,częściowe,2026-04-12
IK-08-01710,Z02,30.2,pełne,2025-10-18
IK-08-01710,Z08,36.9,pełne,2026-04-11
IK-08-01710,Z19,25.8,brak,2024-11-12
IK-08-01710,Z07,44.8,brak,2025-10-31
IK-08-01711,Z02,35.4,pełne,2026-04-16
IK-08-01711,Z08,52.1,pełne,2024-11-19
IK-08-01711,Z19,37.2,pełne,2025-06-02
IK-08-01711,Z07,32.5,częściowe,2024-11-15
IK-08-01712,Z02,83.8,częściowe,2026-07-13
IK-08-01712,Z08,39.1,częściowe,2025-01-05
IK-08-01712,Z19,17.2,brak,2025-02-21
IK-08-01712,Z07,32.4,brak,2026-01-27
IK-08-01713,Z02,90.3,brak,2026-01-24
IK-08-01713,Z08,21.0,pełne,2025-04-27
IK-08-01713,Z19,18.1,brak,2024-11-11
IK-08-01713,Z07,39.7,brak,2026-04-18
IK-08-01714,Z02,46.7,brak,2024-10-20
IK-08-01714,Z08,59.7,brak,2025-10-15
IK-08-01714,Z19,42.9,częściowe,2026-01-30
IK-08-01714,Z07,69.4,częściowe,2025-04-06
IK-08-01715,Z02,51.1,pełne,2025-09-08
IK-08-01715,Z08,57.0,pełne,2025-06-28
IK-08-01715,Z19,42.8,brak,2026-01-07
IK-08-01715,Z07,49.8,pełne,2024-12-05
IK-08-01716,Z02,84.2,częściowe,2025-11-28
IK-08-01716,Z08,61.3,częściowe,2026-03-21
IK-08-01716,Z19,24.9,częściowe,2025-09-21
IK-08-01716,Z07,65.3,częściowe,2024-11-04
IK-08-01717,Z02,36.0,częściowe,2025-10-29
IK-08-01717,Z08,65.0,częściowe,2025-01-11
IK-08-01717,Z19,35.8,częściowe,2025-03-15
IK-08-01717,Z07,51.8,częściowe,2024-12-24
IK-08-01718,Z02,32.4,częściowe,2025-02-25
IK-08-01718,Z08,65.5,częściowe,2025-10-12
IK-08-01718,Z19,50.1,pełne,2025-02-04
IK-08-01718,Z07,55.0,pełne,2025-06-08
IK-08-01719,Z02,80.4,częściowe,2025-11-09
IK-08-01719,Z08,47.3,częściowe,2025-01-20
IK-08-01719,Z19,68.6,brak,2025-02-23
IK-08-01719,Z07,25.7,częściowe,2025-08-11
IK-08-01720,Z02,18.8,brak,2025-02-11
IK-08-01720,Z08,46.0,częściowe,2025-05-11
IK-08-01720,Z19,62.7,częściowe,2024-12-11
IK-08-01720,Z07,35.8,brak,2025-01-20
IK-08-01721,Z02,93.2,częściowe,2025-06-14
IK-08-01721,Z08,33.6,brak,2026-07-08
IK-08-01721,Z19,50.8,pełne,2025-02-05
IK-08-01721,Z07,30.9,częściowe,2026-07-26
IK-08-01722,Z02,45.4,brak,2026-05-19
IK-08-01722,Z08,62.8,częściowe,2024-11-07
IK-08-01722,Z19,16.9,brak,2025-04-23
IK-08-01722,Z07,23.1,brak,2025-03-01
IK-08-01723,Z02,65.7,częściowe,2026-06-11
IK-08-01723,Z08,22.9,częściowe,2025-05-27
IK-08-01723,Z19,69.1,częściowe,2025-10-05
IK-08-01723,Z07,25.9,częściowe,2026-06-12
IK-08-01724,Z02,19.1,częściowe,2026-01-07
IK-08-01724,Z08,24.6,pełne,2025-12-13
IK-08-01724,Z19,69.6,częściowe,2025-01-22
IK-08-01724,Z07,57.7,częściowe,2025-08-24
IK-08-01725,Z02,31.4,brak,2025-12-27
IK-08-01725,Z08,42.1,brak,2026-02-27
IK-08-01725,Z19,57.8,brak,2025-09-13
IK-08-01725,Z07,41.4,pełne,2025-06-20
IK-08-01726,Z02,84.4,pełne,2026-07-04
IK-08-01726,Z08,18.6,brak,2025-06-13
IK-08-01726,Z19,49.4,częściowe,2026-05-28
IK-08-01726,Z07,26.3,częściowe,2024-11-05
IK-08-01727,Z02,27.7,brak,2026-05-01
IK-08-01727,Z08,54.5,brak,2025-10-25
IK-08-01727,Z19,41.7,częściowe,2026-08-01
IK-08-01727,Z07,55.0,częściowe,2026-05-15
IK-08-01728,Z02,91.2,częściowe,2025-08-05
IK-08-01728,Z08,69.1,pełne,2026-02-27
IK-08-01728,Z19,23.8,częściowe,2025-12-09
IK-08-01728,Z07,19.9,częściowe,2024-11-02
IK-08-01729,Z02,29.5,częściowe,2025-07-23
IK-08-01729,Z08,60.3,częściowe,2026-05-21
IK-08-01729,Z19,53.3,częściowe,2026-07-30
IK-08-01729,Z07,66.6,częściowe,2025-09-10
IK-08-01730,Z02,24.8,brak,2026-02-18
IK-08-01730,Z08,15.5,brak,2025-12-20
IK-08-01730,Z19,38.2,częściowe,2026-05-24
IK-08-01730,Z07,26.8,częściowe,2026-07-22
IK-08-01731,Z02,25.8,brak,2024-11-23
IK-08-01731,Z08,30.9,brak,2025-08-03
IK-08-01731,Z19,19.5,pełne,2025-11-24
IK-08-01731,Z07,24.2,częściowe,2025-05-23
IK-08-01732,Z02,27.5,częściowe,2026-08-20
IK-08-01732,Z08,68.8,brak,2025-08-10
IK-08-01732,Z19,60.2,brak,2025-09-28
IK-08-01732,Z07,51.0,brak,2025-02-12
IK-08-01733,Z02,31.3,brak,2025-08-13
IK-08-01733,Z08,58.9,pełne,2025-07-18
IK-08-01733,Z19,24.9,częściowe,2026-06-15
IK-08-01733,Z07,59.6,częściowe,2024-11-09
IK-08-01734,Z02,46.6,pełne,2026-06-25
IK-08-01734,Z08,56.1,częściowe,2025-09-25
IK-08-01734,Z19,67.7,brak,2026-04-26
IK-08-01734,Z07,20.0,pełne,2026-03-06
IK-08-01735,Z02,50.1,częściowe,2026-03-05
IK-08-01735,Z08,30.8,częściowe,2025-12-29
IK-08-01735,Z19,39.0,częściowe,2026-04-24
IK-08-01735,Z07,25.5,częściowe,2025-06-28
IK-08-01736,Z02,40.7,częściowe,2024-11-14
IK-08-01736,Z08,27.4,brak,2025-10-10
IK-08-01736,Z19,15.1,częściowe,2025-08-26
IK-08-01736,Z07,16.4,częściowe,2026-04-07
IK-08-01737,Z02,16.9,częściowe,2024-10-18
IK-08-01737,Z08,69.5,częściowe,2025-07-28
IK-08-01737,Z19,33.1,pełne,2025-02-13
IK-08-01737,Z07,36.8,częściowe,2025-01-31
IK-08-01738,Z02,51.3,pełne,2024-12-02
IK-08-01738,Z08,69.0,pełne,2025-10-03
IK-08-01738,Z19,49.9,częściowe,2025-10-07
IK-08-01738,Z07,34.2,częściowe,2025-08-06
IK-08-01739,Z02,96.9,częściowe,2025-06-25
IK-08-01739,Z08,22.2,częściowe,2026-02-19
IK-08-01739,Z19,68.4,częściowe,2024-10-21
IK-08-01739,Z07,18.2,pełne,2025-04-27
IK-08-01740,Z02,26.2,brak,2024-11-04
IK-08-01740,Z08,65.3,brak,2025-03-24
IK-08-01740,Z19,18.6,częściowe,2026-05-20
IK-08-01740,Z07,22.2,brak,2026-06-07
IK-08-01741,Z02,66.2,częściowe,2026-08-16
IK-08-01741,Z08,49.3,częściowe,2024-11-26
IK-08-01741,Z19,37.7,częściowe,2025-12-24
IK-08-01741,Z07,50.5,częściowe,2025-08-07
IK-08-01742,Z02,61.7,brak,2025-08-14
IK-08-01742,Z08,52.5,częściowe,2025-05-23
IK-08-01742,Z19,68.5,częściowe,2025-04-26
IK-08-01742,Z07,56.4,brak,2026-05-04
IK-08-01743,Z02,66.9,brak,2025-08-25
IK-08-01743,Z08,35.6,częściowe,2026-04-23
IK-08-01743,Z19,35.4,częściowe,2025-10-11
IK-08-01743,Z07,47.7,częściowe,2025-01-15
IK-08-01744,Z02,49.6,częściowe,2025-04-16
IK-08-01744,Z08,39.2,częściowe,2025-07-10
IK-08-01744,Z19,25.0,częściowe,2026-08-17
IK-08-01744,Z07,30.4,częściowe,2026-07-25
IK-08-01745,Z02,68.9,brak,2025-10-06
IK-08-01745,Z08,26.5,pełne,2025-02-12
IK-08-01745,Z19,30.6,częściowe,2025-05-29
IK-08-01745,Z07,51.5,częściowe,2025-09-01
IK-08-01746,Z02,18.9,brak,2025-04-30
IK-08-01746,Z08,50.4,częściowe,2026-07-12
IK-08-01746,Z19,48.3,częściowe,2025-05-28
IK-08-01746,Z07,32.5,brak,2025-08-14
IK-08-01747,Z02,88.6,brak,2025-06-12
IK-08-01747,Z08,16.7,pełne,2026-03-20
IK-08-01747,Z19,42.1,częściowe,2025-10-29
IK-08-01747,Z07,25.8,pełne,2025-05-01
IK-08-01748,Z02,34.9,częściowe,2025-08-22
IK-08-01748,Z08,60.5,pełne,2026-01-18
IK-08-01748,Z19,68.7,pełne,2024-12-22
IK-08-01748,Z07,36.9,częściowe,2025-09-14
IK-08-01749,Z02,96.4,pełne,2025-04-15
IK-08-01749,Z08,18.9,pełne,2025-04-01
IK-08-01749,Z19,38.1,pełne,2026-08-19
IK-08-01749,Z07,23.6,częściowe,2026-04-13
IK-08-01750,Z02,52.5,częściowe,2025-11-05
IK-08-01750,Z08,41.7,częściowe,2025-04-05
IK-08-01750,Z19,39.8,częściowe,2025-08-05
IK-08-01750,Z07,67.2,brak,2025-12-20
IK-08-01751,Z02,30.4,częściowe,2026-01-31
IK-08-01751,Z08,67.0,brak,2026-04-01
IK-08-01751,Z19,45.8,brak,2025-07-15
IK-08-01751,Z07,58.9,brak,2026-05-28
IK-08-01752,Z02,49.0,częściowe,2025-06-18
IK-08-01752,Z08,48.1,częściowe,2025-02-21
IK-08-01752,Z19,62.5,brak,2025-09-01
IK-08-01752,Z07,52.5,brak,2025-04-08
IK-08-01753,Z02,79.0,pełne,2026-04-04
IK-08-01753,Z08,17.4,częściowe,2026-07-03
IK-08-01753,Z19,25.4,częściowe,2025-09-21
IK-08-01753,Z07,15.4,brak,2025-10-13
IK-08-01754,Z02,51.7,częściowe,2026-05-16
IK-08-01754,Z08,38.1,częściowe,2024-11-11
IK-08-01754,Z19,45.0,brak,2025-08-19
IK-08-01754,Z07,21.6,brak,2024-11-08
IK-08-01755,Z02,36.8,częściowe,2025-12-22
IK-08-01755,Z08,22.7,częściowe,2024-10-18
IK-08-01755,Z19,63.5,częściowe,2026-03-15
IK-08-01755,Z07,43.4,pełne,2025-11-20
IK-08-01756,Z02,60.3,brak,2026-03-07
IK-08-01756,Z08,16.5,częściowe,2024-10-20
IK-08-01756,Z19,34.1,pełne,2025-11-26
IK-08-01756,Z07,40.3,pełne,2026-02-07
IK-08-01757,Z02,23.6,częściowe,2026-07-28
IK-08-01757,Z08,49.0,pełne,2026-01-19
IK-08-01757,Z19,59.1,częściowe,2025-02-27
IK-08-01757,Z07,29.3,brak,2024-11-05
IK-08-01758,Z02,68.6,częściowe,2025-09-14
IK-08-01758,Z08,66.0,pełne,2026-01-30
IK-08-01758,Z19,56.1,częściowe,2025-09-30
IK-08-01758,Z07,68.6,pełne,2025-11-16
IK-08-01759,Z02,16.6,brak,2025-05-09
IK-08-01759,Z08,52.0,częściowe,2025-03-06
IK-08-01759,Z19,20.0,częściowe,2026-07-06
IK-08-01759,Z07,39.7,brak,2026-02-11
IK-08-01760,Z02,28.3,brak,2025-06-20
IK-08-01760,Z08,23.5,pełne,2024-11-24
IK-08-01760,Z19,45.8,brak,2025-02-01
IK-08-01760,Z07,44.4,pełne,2025-08-16
IK-08-01761,Z02,22.6,brak,2026-07-14
IK-08-01761,Z08,65.6,częściowe,2025-09-23
IK-08-01761,Z19,26.5,częściowe,2026-04-06
IK-08-01761,Z07,67.2,brak,2026-07-06
IK-08-01762,Z02,65.7,brak,2025-04-22
IK-08-01762,Z08,63.8,pełne,2025-08-09
IK-08-01762,Z19,68.6,pełne,2026-02-25
IK-08-01762,Z07,27.0,brak,2026-04-29
IK-08-01763,Z02,44.4,częściowe,2026-07-06
IK-08-01763,Z08,59.6,brak,2025-04-30
IK-08-01763,Z19,42.1,pełne,2025-03-18
IK-08-01763,Z07,19.0,częściowe,2026-08-10
IK-08-01764,Z02,61.0,brak,2025-07-20
IK-08-01764,Z08,17.9,pełne,2025-08-05
IK-08-01764,Z19,53.2,częściowe,2025-11-06
IK-08-01764,Z07,38.4,częściowe,2025-06-20
IK-08-01765,Z02,62.2,brak,2025-04-18
IK-08-01765,Z08,56.6,częściowe,2026-02-06
IK-08-01765,Z19,33.2,pełne,2025-09-19
IK-08-01765,Z07,69.8,częściowe,2025-08-09
IK-08-01766,Z02,48.7,brak,2026-03-13
IK-08-01766,Z08,46.4,częściowe,2025-08-05
IK-08-01766,Z19,53.3,częściowe,2025-06-19
IK-08-01766,Z07,58.7,pełne,2025-02-22
IK-08-01767,Z02,57.0,częściowe,2026-06-18
IK-08-01767,Z08,28.3,częściowe,2026-01-06
IK-08-01767,Z19,37.1,pełne,2025-12-14
IK-08-01767,Z07,59.7,częściowe,2025-09-04
IK-08-01768,Z02,81.2,brak,2025-09-09
IK-08-01768,Z08,19.0,częściowe,2025-08-23
IK-08-01768,Z19,44.6,częściowe,2025-11-25
IK-08-01768,Z07,47.5,częściowe,2025-09-05
IK-08-01769,Z02,62.5,pełne,2026-04-09
IK-08-01769,Z08,45.9,częściowe,2025-08-01
IK-08-01769,Z19,52.4,brak,2025-05-04
IK-08-01769,Z07,54.9,pełne,2024-10-30
IK-08-01770,Z02,25.7,częściowe,2024-10-30
IK-08-01770,Z08,22.4,częściowe,2025-11-01
IK-08-01770,Z19,16.8,brak,2024-12-09
IK-08-01770,Z07,34.6,częściowe,2025-02-10
IK-08-01771,Z02,29.7,pełne,2025-02-26
IK-08-01771,Z08,26.3,częściowe,2025-09-27
IK-08-01771,Z19,17.6,brak,2026-06-18
IK-08-01771,Z07,27.1,częściowe,2025-05-24
IK-08-01772,Z02,16.5,brak,2025-11-04
IK-08-01772,Z08,67.1,brak,2025-04-07
IK-08-01772,Z19,21.4,częściowe,2025-09-22
IK-08-01772,Z07,26.5,częściowe,2025-10-11
IK-08-01773,Z02,17.3,częściowe,2025-10-08
IK-08-01773,Z08,59.1,częściowe,2025-11-30
IK-08-01773,Z19,32.0,pełne,2026-02-13
IK-08-01773,Z07,48.2,częściowe,2026-06-21
IK-08-01774,Z02,61.2,pełne,2026-06-26
IK-08-01774,Z08,39.7,brak,2026-01-01
IK-08-01774,Z19,24.3,częściowe,2024-10-19
IK-08-01774,Z07,68.1,brak,2024-10-15
IK-08-01775,Z02,59.1,brak,2026-06-17
IK-08-01775,Z08,31.5,brak,2026-07-07
IK-08-01775,Z19,25.8,brak,2025-12-31
IK-08-01775,Z07,38.2,częściowe,2026-06-06
IK-08-01776,Z02,96.0,pełne,2026-05-01
IK-08-01776,Z08,19.3,brak,2025-04-15
IK-08-01776,Z19,17.8,brak,2026-02-24
IK-08-01776,Z07,59.2,brak,2024-11-13
IK-08-01777,Z02,17.2,brak,2026-05-12
IK-08-01777,Z08,42.0,brak,2025-01-15
IK-08-01777,Z19,55.9,częściowe,2026-04-09
IK-08-01777,Z07,52.5,częściowe,2025-07-22
IK-08-01778,Z02,32.9,częściowe,2024-11-26
IK-08-01778,Z08,25.9,częściowe,2025-09-04
IK-08-01778,Z19,36.8,brak,2025-07-01
IK-08-01778,Z07,51.4,częściowe,2026-06-22
IK-08-01779,Z02,18.3,brak,2025-08-27
IK-08-01779,Z08,20.6,częściowe,2026-02-04
IK-08-01779,Z19,51.6,pełne,2024-11-06
IK-08-01779,Z07,35.1,częściowe,2025-10-09
IK-08-01780,Z02,41.1,częściowe,2025-02-20
IK-08-01780,Z08,64.0,brak,2026-05-07
IK-08-01780,Z19,34.1,częściowe,2025-06-06
IK-08-01780,Z07,67.0,pełne,2025-05-23
IK-08-01781,Z02,21.9,brak,2025-10-12
IK-08-01781,Z08,15.4,częściowe,2025-05-19
IK-08-01781,Z19,67.2,brak,2025-10-07
IK-08-01781,Z07,31.0,częściowe,2026-01-06
IK-08-01782,Z02,96.7,pełne,2026-07-28
IK-08-01782,Z08,65.1,brak,2026-02-04
IK-08-01782,Z19,64.4,częściowe,2025-10-27
IK-08-01782,Z07,23.7,brak,2025-01-17
IK-08-01783,Z02,51.3,brak,2026-07-11
IK-08-01783,Z08,41.0,brak,2025-12-08
IK-08-01783,Z19,23.5,częściowe,2024-12-08
IK-08-01783,Z07,29.6,brak,2024-10-25
IK-08-01784,Z02,62.2,pełne,2025-10-31
IK-08-01784,Z08,58.6,brak,2026-07-15
IK-08-01784,Z19,58.8,częściowe,2025-05-26
IK-08-01784,Z07,46.2,częściowe,2026-02-28
IK-08-01785,Z02,31.4,częściowe,2026-01-14
IK-08-01785,Z08,49.0,pełne,2026-04-03
IK-08-01785,Z19,54.9,brak,2026-07-15
IK-08-01785,Z07,61.1,brak,2025-04-24
IK-08-01786,Z02,54.3,częściowe,2025-03-12
IK-08-01786,Z08,68.9,brak,2025-12-07
IK-08-01786,Z19,67.6,częściowe,2025-01-08
IK-08-01786,Z07,68.4,częściowe,2025-10-20
IK-08-01787,Z02,69.1,częściowe,2025-06-25
IK-08-01787,Z08,59.4,częściowe,2025-04-03
IK-08-01787,Z19,21.3,częściowe,2026-02-05
IK-08-01787,Z07,21.7,częściowe,2026-02-21
IK-08-01788,Z02,23.4,częściowe,2025-04-12
IK-08-01788,Z08,26.3,brak,2025-03-11
IK-08-01788,Z19,35.8,częściowe,2025-04-14
IK-08-01788,Z07,18.8,częściowe,2025-10-31
IK-08-01789,Z02,62.4,brak,2025-02-10
IK-08-01789,Z08,16.1,brak,2025-01-23
IK-08-01789,Z19,47.6,pełne,2025-06-17
IK-08-01789,Z07,49.4,brak,2025-07-12
IK-08-01790,Z02,29.2,brak,2026-03-07
IK-08-01790,Z08,19.8,częściowe,2026-05-02
IK-08-01790,Z19,54.7,brak,2026-02-02
IK-08-01790,Z07,48.7,pełne,2025-09-22
IK-08-01791,Z02,45.7,częściowe,2025-08-01
IK-08-01791,Z08,53.8,pełne,2025-06-01
IK-08-01791,Z19,26.6,brak,2025-11-02
IK-08-01791,Z07,30.2,częściowe,2025-05-11
IK-08-01792,Z02,16.5,częściowe,2025-01-29
IK-08-01792,Z08,56.3,częściowe,2025-02-11
IK-08-01792,Z19,56.4,brak,2025-03-20
IK-08-01792,Z07,57.5,częściowe,2025-12-11
IK-08-01793,Z02,30.9,częściowe,2026-03-26
IK-08-01793,Z08,35.1,częściowe,2026-02-02
IK-08-01793,Z19,54.8,brak,2026-01-05
IK-08-01793,Z07,19.1,częściowe,2026-03-08
IK-08-01794,Z02,29.3,pełne,2025-07-16
IK-08-01794,Z08,32.5,brak,2025-10-15
IK-08-01794,Z19,54.6,częściowe,2024-12-02
IK-08-01794,Z07,51.1,częściowe,2026-07-03
IK-08-01795,Z02,76.6,częściowe,2026-01-11
IK-08-01795,Z08,25.9,częściowe,2026-03-19
IK-08-01795,Z19,62.4,częściowe,2025-08-31
IK-08-01795,Z07,59.7,częściowe,2026-02-04
IK-08-01796,Z02,31.0,częściowe,2025-08-21
IK-08-01796,Z08,15.4,częściowe,2026-08-23
IK-08-01796,Z19,35.2,brak,2025-08-25
IK-08-01796,Z07,47.5,częściowe,2025-01-17
IK-08-01797,Z02,82.4,częściowe,2025-06-07
IK-08-01797,Z08,50.4,brak,2026-02-18
IK-08-01797,Z19,46.9,brak,2026-01-25
IK-08-01797,Z07,45.4,częściowe,2026-08-02
IK-08-01798,Z02,49.7,częściowe,2026-04-20
IK-08-01798,Z08,33.8,częściowe,2025-12-16
IK-08-01798,Z19,58.3,częściowe,2026-07-11
IK-08-01798,Z07,30.8,częściowe,2025-12-14
IK-08-01799,Z02,58.2,brak,2026-07-17
IK-08-01799,Z08,25.2,częściowe,2024-10-20
IK-08-01799,Z19,35.8,częściowe,2026-07-30
IK-08-01799,Z07,41.7,częściowe,2026-08-24
IK-08-01800,Z02,30.6,częściowe,2026-04-01
IK-08-01800,Z08,65.4,brak,2025-02-06
IK-08-01800,Z19,21.4,brak,2025-11-06
IK-08-01800,Z07,26.8,częściowe,2025-01-11
IK-08-01801,Z02,94.1,pełne,2025-04-29
IK-08-01801,Z08,15.9,częściowe,2025-12-18
IK-08-01801,Z19,17.8,częściowe,2026-04-23
IK-08-01801,Z07,63.6,brak,2026-01-06
IK-08-01802,Z02,19.9,częściowe,2025-04-25
IK-08-01802,Z08,68.2,brak,2026-04-14
IK-08-01802,Z19,37.6,brak,2025-06-17
IK-08-01802,Z07,36.1,brak,2025-01-05
IK-08-01803,Z02,43.5,częściowe,2025-10-27
IK-08-01803,Z08,67.6,częściowe,2024-11-15
IK-08-01803,Z19,24.1,brak,2026-06-30
IK-08-01803,Z07,38.3,częściowe,2025-05-19
IK-08-01804,Z02,23.2,brak,2026-06-08
IK-08-01804,Z08,42.9,pełne,2026-08-08
IK-08-01804,Z19,20.2,brak,2025-08-05
IK-08-01804,Z07,28.7,brak,2024-11-21
IK-08-01805,Z02,90.2,częściowe,2025-07-29
IK-08-01805,Z08,35.8,brak,2025-09-12
IK-08-01805,Z19,49.6,częściowe,2024-10-29
IK-08-01805,Z07,42.0,brak,2026-04-12
IK-08-01806,Z02,68.0,częściowe,2026-02-14
IK-08-01806,Z08,33.4,częściowe,2025-03-06
IK-08-01806,Z19,65.2,częściowe,2025-03-07
IK-08-01806,Z07,29.9,brak,2025-01-03
IK-08-01807,Z02,66.4,pełne,2025-03-13
IK-08-01807,Z08,66.3,częściowe,2025-09-27
IK-08-01807,Z19,45.2,częściowe,2024-12-11
IK-08-01807,Z07,22.7,brak,2026-06-20
IK-08-01808,Z02,42.4,brak,2025-08-08
IK-08-01808,Z08,57.3,częściowe,2026-08-08
IK-08-01808,Z19,31.9,brak,2025-07-09
IK-08-01808,Z07,50.7,brak,2026-08-04
IK-08-01809,Z02,48.3,częściowe,2025-04-20
IK-08-01809,Z08,25.0,brak,2026-05-31
IK-08-01809,Z19,55.9,częściowe,2025-10-10
IK-08-01809,Z07,15.4,częściowe,2026-05-14
IK-08-01810,Z02,70.0,częściowe,2025-01-10
IK-08-01810,Z08,64.0,brak,2026-02-08
IK-08-01810,Z19,37.8,częściowe,2026-03-20
IK-08-01810,Z07,38.6,brak,2024-11-04
IK-08-01811,Z02,96.1,brak,2025-10-10
IK-08-01811,Z08,16.6,częściowe,2026-02-13
IK-08-01811,Z19,39.7,częściowe,2024-10-24
IK-08-01811,Z07,46.0,częściowe,2025-03-22
IK-08-01812,Z02,60.9,częściowe,2026-03-04
IK-08-01812,Z08,18.7,częściowe,2026-02-24
IK-08-01812,Z19,27.2,brak,2025-11-06
IK-08-01812,Z07,33.4,częściowe,2026-03-22
IK-08-01813,Z02,32.1,częściowe,2025-11-08
IK-08-01813,Z08,21.7,częściowe,2026-03-18
IK-08-01813,Z19,43.7,częściowe,2025-09-27
IK-08-01813,Z07,65.0,brak,2025-04-25
IK-08-01814,Z02,30.2,pełne,2025-03-20
IK-08-01814,Z08,44.0,pełne,2025-05-30
IK-08-01814,Z19,63.6,brak,2025-02-06
IK-08-01814,Z07,25.1,częściowe,2025-05-06
IK-08-01815,Z02,87.6,częściowe,2026-04-16
IK-08-01815,Z08,19.3,brak,2025-03-29
IK-08-01815,Z19,50.6,częściowe,2026-07-08
IK-08-01815,Z07,66.9,pełne,2026-05-01
IK-08-01816,Z02,68.0,brak,2025-12-19
IK-08-01816,Z08,62.3,częściowe,2025-01-14
IK-08-01816,Z19,67.9,częściowe,2025-09-02
IK-08-01816,Z07,43.7,częściowe,2026-02-11
IK-09-01817,Z02,83.4,częściowe,2025-07-02
IK-09-01817,Z07,53.0,częściowe,2026-06-15
IK-09-01817,Z12,19.2,brak,2026-02-10
IK-09-01817,Z16,61.8,brak,2025-01-14
IK-09-01818,Z02,68.1,częściowe,2025-01-27
IK-09-01818,Z07,60.0,brak,2026-08-07
IK-09-01818,Z12,31.1,brak,2024-11-01
IK-09-01818,Z16,56.3,brak,2026-04-13
IK-09-01819,Z02,21.6,brak,2026-06-16
IK-09-01819,Z07,63.1,częściowe,2025-01-03
IK-09-01819,Z12,45.6,częściowe,2025-05-29
IK-09-01819,Z16,63.9,brak,2025-11-09
IK-09-01820,Z02,54.2,brak,2025-04-22
IK-09-01820,Z07,37.7,brak,2026-08-03
IK-09-01820,Z12,38.6,częściowe,2025-06-05
IK-09-01820,Z16,63.6,częściowe,2025-01-16
IK-09-01821,Z02,44.9,brak,2025-07-08
IK-09-01821,Z07,48.5,brak,2026-06-10
IK-09-01821,Z12,40.3,brak,2025-03-02
IK-09-01821,Z16,69.1,pełne,2025-11-09
IK-09-01822,Z02,69.8,brak,2025-02-27
IK-09-01822,Z07,66.4,częściowe,2025-11-18
IK-09-01822,Z12,28.5,pełne,2025-06-28
IK-09-01822,Z16,51.1,częściowe,2026-04-15
IK-09-01823,Z02,42.5,częściowe,2026-05-21
IK-09-01823,Z07,21.0,brak,2025-04-02
IK-09-01823,Z12,41.5,brak,2026-07-12
IK-09-01823,Z16,42.6,pełne,2025-05-15
IK-09-01824,Z02,30.7,częściowe,2025-10-07
IK-09-01824,Z07,47.2,brak,2025-09-16
IK-09-01824,Z12,45.3,częściowe,2025-12-07
IK-09-01824,Z16,39.4,częściowe,2025-08-03
IK-09-01825,Z02,73.8,częściowe,2025-02-09
IK-09-01825,Z07,44.4,pełne,2026-07-25
IK-09-01825,Z12,62.2,brak,2025-02-04
IK-09-01825,Z16,44.5,częściowe,2025-03-05
IK-09-01826,Z02,50.2,brak,2025-09-02
IK-09-01826,Z07,68.2,brak,2024-10-26
IK-09-01826,Z12,69.7,brak,2026-03-09
IK-09-01826,Z16,50.0,brak,2026-08-14
IK-09-01827,Z02,56.0,pełne,2026-03-13
IK-09-01827,Z07,35.0,brak,2026-06-16
IK-09-01827,Z12,24.1,częściowe,2025-08-10
IK-09-01827,Z16,39.3,częściowe,2025-12-05
IK-09-01828,Z02,84.4,częściowe,2026-06-21
IK-09-01828,Z07,65.7,pełne,2026-04-19
IK-09-01828,Z12,24.3,pełne,2026-01-03
IK-09-01828,Z16,33.9,pełne,2025-09-08
IK-09-01829,Z02,38.3,pełne,2024-10-19
IK-09-01829,Z07,68.8,pełne,2025-12-02
IK-09-01829,Z12,51.5,pełne,2025-02-10
IK-09-01829,Z16,60.9,brak,2026-07-23
IK-09-01830,Z02,45.0,pełne,2026-05-11
IK-09-01830,Z07,40.9,częściowe,2026-06-07
IK-09-01830,Z12,22.3,częściowe,2026-01-12
IK-09-01830,Z16,35.4,pełne,2025-08-09
IK-09-01831,Z02,18.7,częściowe,2025-11-14
IK-09-01831,Z07,27.8,częściowe,2025-06-04
IK-09-01831,Z12,57.2,częściowe,2025-09-09
IK-09-01831,Z16,28.4,brak,2024-12-14
IK-09-01832,Z02,31.8,brak,2026-03-05
IK-09-01832,Z07,41.5,brak,2026-07-25
IK-09-01832,Z12,61.2,częściowe,2026-02-20
IK-09-01832,Z16,24.2,częściowe,2026-06-11
IK-09-01833,Z02,56.0,brak,2025-05-02
IK-09-01833,Z07,26.0,częściowe,2025-06-14
IK-09-01833,Z12,24.4,częściowe,2025-10-05
IK-09-01833,Z16,16.0,częściowe,2026-07-08
IK-09-01834,Z02,74.7,pełne,2025-03-27
IK-09-01834,Z07,63.1,pełne,2026-02-06
IK-09-01834,Z12,17.7,brak,2025-12-21
IK-09-01834,Z16,36.0,częściowe,2025-02-26
IK-09-01835,Z02,37.7,pełne,2025-08-24
IK-09-01835,Z07,46.3,brak,2024-10-28
IK-09-01835,Z12,17.0,częściowe,2025-06-19
IK-09-01835,Z16,45.5,pełne,2025-02-28
IK-09-01836,Z02,57.7,brak,2025-06-19
IK-09-01836,Z07,29.4,częściowe,2026-05-14
IK-09-01836,Z12,65.1,pełne,2025-09-07
IK-09-01836,Z16,43.1,częściowe,2025-11-04
IK-09-01837,Z02,50.4,częściowe,2025-01-14
IK-09-01837,Z07,56.3,brak,2025-08-29
IK-09-01837,Z12,27.3,częściowe,2026-06-10
IK-09-01837,Z16,18.0,częściowe,2024-12-03
IK-09-01838,Z02,42.5,brak,2024-11-02
IK-09-01838,Z07,51.2,brak,2024-10-11
IK-09-01838,Z12,41.5,pełne,2024-11-25
IK-09-01838,Z16,19.3,częściowe,2024-11-11
IK-09-01839,Z02,94.6,częściowe,2025-08-31
IK-09-01839,Z07,35.3,pełne,2025-05-17
IK-09-01839,Z12,68.8,brak,2026-01-04
IK-09-01839,Z16,68.8,częściowe,2025-03-23
IK-09-01840,Z02,47.1,częściowe,2025-02-07
IK-09-01840,Z07,68.5,częściowe,2026-08-20
IK-09-01840,Z12,60.3,brak,2025-12-25
IK-09-01840,Z16,23.8,częściowe,2025-08-14
IK-09-01841,Z02,63.5,brak,2025-07-22
IK-09-01841,Z07,15.2,brak,2025-06-15
IK-09-01841,Z12,42.2,częściowe,2026-04-28
IK-09-01841,Z16,47.2,pełne,2024-10-22
IK-09-01842,Z02,54.1,brak,2024-10-22
IK-09-01842,Z07,43.5,częściowe,2025-06-01
IK-09-01842,Z12,53.1,brak,2026-05-22
IK-09-01842,Z16,33.6,częściowe,2026-04-13
IK-09-01843,Z02,78.7,częściowe,2026-01-29
IK-09-01843,Z07,20.7,częściowe,2025-11-13
IK-09-01843,Z12,66.2,brak,2024-12-30
IK-09-01843,Z16,47.0,częściowe,2026-02-22
IK-09-01844,Z02,36.9,częściowe,2025-12-23
IK-09-01844,Z07,24.3,częściowe,2025-12-31
IK-09-01844,Z12,69.8,częściowe,2026-03-06
IK-09-01844,Z16,36.8,brak,2026-02-08
IK-09-01845,Z02,25.6,brak,2026-02-10
IK-09-01845,Z07,19.7,pełne,2025-06-22
IK-09-01845,Z12,51.5,brak,2025-06-16
IK-09-01845,Z16,50.6,częściowe,2025-09-15
IK-09-01846,Z02,15.3,częściowe,2025-04-15
IK-09-01846,Z07,17.5,częściowe,2025-05-21
IK-09-01846,Z12,65.5,częściowe,2025-03-17
IK-09-01846,Z16,21.8,pełne,2025-02-28
IK-09-01847,Z02,95.9,częściowe,2025-03-19
IK-09-01847,Z07,19.0,brak,2026-03-12
IK-09-01847,Z12,38.2,brak,2025-11-30
IK-09-01847,Z16,57.8,częściowe,2026-05-23
IK-09-01848,Z02,65.2,częściowe,2025-02-05
IK-09-01848,Z07,69.9,brak,2025-10-22
IK-09-01848,Z12,25.5,częściowe,2025-02-19
IK-09-01848,Z16,32.8,częściowe,2024-12-05
IK-09-01849,Z02,64.6,częściowe,2025-07-03
IK-09-01849,Z07,34.2,częściowe,2024-12-14
IK-09-01849,Z12,16.1,pełne,2025-01-27
IK-09-01849,Z16,39.0,częściowe,2026-01-30
IK-09-01850,Z02,69.1,brak,2025-12-21
IK-09-01850,Z07,49.9,częściowe,2025-05-10
IK-09-01850,Z12,50.5,pełne,2025-06-14
IK-09-01850,Z16,52.9,brak,2025-11-27
IK-09-01851,Z02,30.4,brak,2026-07-22
IK-09-01851,Z07,50.9,częściowe,2025-03-28
IK-09-01851,Z12,56.0,częściowe,2026-06-25
IK-09-01851,Z16,45.4,brak,2026-05-14
IK-09-01852,Z02,25.5,pełne,2026-08-10
IK-09-01852,Z07,58.6,częściowe,2026-01-24
IK-09-01852,Z12,38.0,częściowe,2024-11-04
IK-09-01852,Z16,64.1,brak,2026-07-22
IK-09-01853,Z02,20.9,brak,2026-04-24
IK-09-01853,Z07,41.1,pełne,2025-09-19
IK-09-01853,Z12,37.0,częściowe,2024-10-11
IK-09-01853,Z16,29.0,częściowe,2026-08-22
IK-09-01854,Z02,23.6,częściowe,2026-06-17
IK-09-01854,Z07,22.0,częściowe,2026-05-05
IK-09-01854,Z12,60.3,pełne,2025-09-20
IK-09-01854,Z16,33.3,brak,2026-06-17
IK-09-01855,Z02,46.9,brak,2026-03-03
IK-09-01855,Z07,43.9,częściowe,2026-07-28
IK-09-01855,Z12,40.5,częściowe,2025-04-01
IK-09-01855,Z16,21.4,częściowe,2025-01-15
IK-09-01856,Z02,18.2,częściowe,2025-08-14
IK-09-01856,Z07,41.2,częściowe,2026-05-17
IK-09-01856,Z12,20.8,częściowe,2026-04-16
IK-09-01856,Z16,58.6,częściowe,2025-06-30
IK-09-01857,Z02,45.6,brak,2025-10-02
IK-09-01857,Z07,39.6,brak,2025-12-23
IK-09-01857,Z12,28.3,częściowe,2025-03-07
IK-09-01857,Z16,32.8,pełne,2025-01-19
IK-09-01858,Z02,62.2,częściowe,2025-04-28
IK-09-01858,Z07,29.1,częściowe,2024-11-02
IK-09-01858,Z12,62.2,brak,2024-12-01
IK-09-01858,Z16,48.6,częściowe,2025-01-30
IK-09-01859,Z02,60.9,brak,2026-02-11
IK-09-01859,Z07,48.2,brak,2025-11-07
IK-09-01859,Z12,37.3,częściowe,2026-02-22
IK-09-01859,Z16,44.3,brak,2024-10-10
IK-09-01860,Z02,88.8,częściowe,2025-03-04
IK-09-01860,Z07,62.4,częściowe,2025-03-24
IK-09-01860,Z12,15.7,częściowe,2026-06-10
IK-09-01860,Z16,44.2,pełne,2025-04-01
IK-09-01861,Z02,55.0,częściowe,2025-02-22
IK-09-01861,Z07,33.1,brak,2025-08-29
IK-09-01861,Z12,16.9,częściowe,2026-08-10
IK-09-01861,Z16,51.1,brak,2026-01-18
IK-09-01862,Z02,95.0,częściowe,2025-06-11
IK-09-01862,Z07,18.5,częściowe,2025-11-25
IK-09-01862,Z12,63.5,częściowe,2025-08-18
IK-09-01862,Z16,18.2,brak,2026-04-24
IK-09-01863,Z02,85.2,częściowe,2025-02-06
IK-09-01863,Z07,61.3,częściowe,2026-02-11
IK-09-01863,Z12,45.0,brak,2026-07-20
IK-09-01863,Z16,47.1,częściowe,2026-02-16
IK-09-01864,Z02,93.6,częściowe,2026-06-01
IK-09-01864,Z07,63.0,częściowe,2026-05-24
IK-09-01864,Z12,35.1,częściowe,2026-03-09
IK-09-01864,Z16,42.7,pełne,2025-12-05
IK-09-01865,Z02,57.3,częściowe,2025-09-07
IK-09-01865,Z07,51.4,częściowe,2025-11-09
IK-09-01865,Z12,24.4,pełne,2025-09-21
IK-09-01865,Z16,67.1,pełne,2026-02-04
IK-09-01866,Z02,90.2,częściowe,2025-11-18
IK-09-01866,Z07,16.7,brak,2026-07-02
IK-09-01866,Z12,17.9,brak,2025-02-09
IK-09-01866,Z16,18.1,częściowe,2025-05-02
IK-09-01867,Z02,48.1,pełne,2025-01-14
IK-09-01867,Z07,22.7,pełne,2026-03-07
IK-09-01867,Z12,53.1,brak,2026-06-04
IK-09-01867,Z16,64.0,częściowe,2025-08-18
IK-09-01868,Z02,55.0,pełne,2025-06-28
IK-09-01868,Z07,22.0,pełne,2026-01-16
IK-09-01868,Z12,50.0,częściowe,2025-04-23
IK-09-01868,Z16,24.1,brak,2025-12-31
IK-09-01869,Z02,46.5,częściowe,2025-04-11
IK-09-01869,Z07,30.7,pełne,2025-05-29
IK-09-01869,Z12,54.7,częściowe,2026-03-06
IK-09-01869,Z16,55.1,częściowe,2026-07-10
IK-09-01870,Z02,89.3,częściowe,2026-07-14
IK-09-01870,Z07,23.4,pełne,2025-10-31
IK-09-01870,Z12,16.2,brak,2024-12-15
IK-09-01870,Z16,63.4,brak,2025-01-23
IK-09-01871,Z02,35.4,częściowe,2025-10-17
IK-09-01871,Z07,62.8,brak,2025-05-31
IK-09-01871,Z12,19.9,częściowe,2025-09-11
IK-09-01871,Z16,38.4,częściowe,2025-09-13
IK-09-01872,Z02,26.9,brak,2026-07-05
IK-09-01872,Z07,65.5,częściowe,2026-03-07
IK-09-01872,Z12,53.2,brak,2026-08-11
IK-09-01872,Z16,50.6,częściowe,2025-06-24
IK-09-01873,Z02,37.7,częściowe,2025-12-14
IK-09-01873,Z07,56.0,częściowe,2025-03-04
IK-09-01873,Z12,39.0,częściowe,2025-05-22
IK-09-01873,Z16,20.4,częściowe,2026-05-17
IK-09-01874,Z02,58.7,częściowe,2026-05-29
IK-09-01874,Z07,39.7,częściowe,2025-05-01
IK-09-01874,Z12,22.5,częściowe,2026-07-26
IK-09-01874,Z16,34.8,brak,2025-03-14
IK-09-01875,Z02,57.7,pełne,2025-05-07
IK-09-01875,Z07,66.2,częściowe,2025-05-04
IK-09-01875,Z12,18.7,brak,2025-01-22
IK-09-01875,Z16,58.6,częściowe,2025-06-11
IK-09-01876,Z02,31.0,pełne,2026-08-04
IK-09-01876,Z07,31.4,częściowe,2025-04-08
IK-09-01876,Z12,49.9,brak,2026-07-13
IK-09-01876,Z16,64.2,pełne,2025-05-16
IK-09-01877,Z02,67.3,brak,2025-10-23
IK-09-01877,Z07,53.2,częściowe,2024-10-12
IK-09-01877,Z12,46.8,brak,2026-04-05
IK-09-01877,Z16,56.1,częściowe,2025-05-15
IK-09-01878,Z02,59.9,pełne,2025-09-25
IK-09-01878,Z07,54.0,częściowe,2026-02-07
IK-09-01878,Z12,25.6,brak,2025-02-10
IK-09-01878,Z16,58.6,pełne,2026-06-16
IK-09-01879,Z02,46.9,częściowe,2024-12-15
IK-09-01879,Z07,36.9,częściowe,2025-10-03
IK-09-01879,Z12,29.1,pełne,2025-12-17
IK-09-01879,Z16,19.7,brak,2025-07-20
IK-09-01880,Z02,53.3,częściowe,2025-10-13
IK-09-01880,Z07,49.7,częściowe,2025-09-25
IK-09-01880,Z12,16.7,częściowe,2025-05-28
IK-09-01880,Z16,37.0,częściowe,2025-12-12
IK-09-01881,Z02,46.8,brak,2025-08-04
IK-09-01881,Z07,54.4,brak,2024-12-16
IK-09-01881,Z12,59.3,pełne,2024-12-21
IK-09-01881,Z16,25.8,częściowe,2025-03-24
IK-09-01882,Z02,43.2,częściowe,2026-01-31
IK-09-01882,Z07,44.5,częściowe,2025-04-09
IK-09-01882,Z12,67.2,częściowe,2026-08-08
IK-09-01882,Z16,45.1,częściowe,2025-09-05
IK-09-01883,Z02,21.6,pełne,2026-01-28
IK-09-01883,Z07,18.2,częściowe,2026-07-02
IK-09-01883,Z12,23.2,pełne,2026-05-05
IK-09-01883,Z16,24.8,częściowe,2025-05-22
IK-09-01884,Z02,87.3,pełne,2025-03-11
IK-09-01884,Z07,16.8,brak,2025-01-15
IK-09-01884,Z12,42.8,brak,2025-03-16
IK-09-01884,Z16,65.3,brak,2026-04-16
IK-09-01885,Z02,38.0,brak,2026-01-24
IK-09-01885,Z07,38.9,częściowe,2025-06-08
IK-09-01885,Z12,60.0,częściowe,2024-12-26
IK-09-01885,Z16,67.0,pełne,2025-09-22
IK-09-01886,Z02,34.7,brak,2024-12-24
IK-09-01886,Z07,19.9,częściowe,2025-04-18
IK-09-01886,Z12,23.9,brak,2026-01-15
IK-09-01886,Z16,29.3,częściowe,2025-08-28
IK-09-01887,Z02,18.2,częściowe,2025-05-17
IK-09-01887,Z07,29.9,częściowe,2026-03-09
IK-09-01887,Z12,49.3,częściowe,2026-07-10
IK-09-01887,Z16,66.1,częściowe,2026-05-04
IK-09-01888,Z02,96.1,częściowe,2025-03-26
IK-09-01888,Z07,55.3,pełne,2025-11-08
IK-09-01888,Z12,52.3,częściowe,2025-03-17
IK-09-01888,Z16,39.4,brak,2026-02-14
IK-09-01889,Z02,27.6,brak,2025-11-25
IK-09-01889,Z07,63.7,pełne,2024-12-28
IK-09-01889,Z12,34.8,pełne,2024-12-03
IK-09-01889,Z16,31.7,brak,2025-11-19
IK-09-01890,Z02,31.4,częściowe,2026-06-05
IK-09-01890,Z07,50.2,częściowe,2026-06-27
IK-09-01890,Z12,57.2,pełne,2025-10-06
IK-09-01890,Z16,42.6,brak,2026-01-04
IK-09-01891,Z02,16.2,częściowe,2025-01-28
IK-09-01891,Z07,32.9,częściowe,2025-06-20
IK-09-01891,Z12,23.1,częściowe,2025-09-13
IK-09-01891,Z16,38.5,brak,2026-08-18
IK-09-01892,Z02,51.8,częściowe,2025-07-07
IK-09-01892,Z07,24.2,częściowe,2026-03-14
IK-09-01892,Z12,48.7,częściowe,2025-05-25
IK-09-01892,Z16,31.8,pełne,2025-07-15
IK-09-01893,Z02,61.8,brak,2026-06-06
IK-09-01893,Z07,59.8,brak,2025-07-13
IK-09-01893,Z12,65.8,pełne,2026-02-24
IK-09-01893,Z16,31.1,brak,2025-05-20
IK-09-01894,Z02,52.3,brak,2026-02-16
IK-09-01894,Z07,25.0,częściowe,2025-11-10
IK-09-01894,Z12,24.6,częściowe,2025-09-11
IK-09-01894,Z16,40.6,brak,2026-05-12
IK-09-01895,Z02,96.4,częściowe,2026-02-04
IK-09-01895,Z07,27.8,pełne,2025-05-21
IK-09-01895,Z12,60.9,brak,2025-09-14
IK-09-01895,Z16,37.7,częściowe,2024-10-21
IK-09-01896,Z02,63.4,brak,2025-03-18
IK-09-01896,Z07,32.4,brak,2025-04-03
IK-09-01896,Z12,15.4,brak,2024-11-07
IK-09-01896,Z16,68.1,częściowe,2025-05-04
IK-09-01897,Z02,94.9,częściowe,2025-10-13
IK-09-01897,Z07,44.8,częściowe,2026-04-06
IK-09-01897,Z12,45.4,pełne,2025-11-26
IK-09-01897,Z16,16.3,pełne,2026-03-27
IK-09-01898,Z02,81.8,brak,2025-08-26
IK-09-01898,Z07,51.9,pełne,2026-04-18
IK-09-01898,Z12,41.8,pełne,2025-07-17
IK-09-01898,Z16,27.8,częściowe,2025-12-26
IK-09-01899,Z02,51.4,częściowe,2025-08-04
IK-09-01899,Z07,50.8,częściowe,2024-12-23
IK-09-01899,Z12,37.5,brak,2026-02-13
IK-09-01899,Z16,58.5,pełne,2026-08-06
IK-09-01900,Z02,43.9,brak,2025-04-21
IK-09-01900,Z07,55.0,brak,2026-07-12
IK-09-01900,Z12,27.7,pełne,2025-10-02
IK-09-01900,Z16,50.8,częściowe,2026-02-02
IK-09-01901,Z02,25.4,częściowe,2024-12-25
IK-09-01901,Z07,53.4,częściowe,2026-01-17
IK-09-01901,Z12,32.3,częściowe,2024-11-28
IK-09-01901,Z16,20.5,pełne,2026-06-24
IK-09-01902,Z02,44.8,częściowe,2025-10-17
IK-09-01902,Z07,43.8,brak,2024-10-11
IK-09-01902,Z12,68.8,częściowe,2025-06-02
IK-09-01902,Z16,63.3,częściowe,2024-12-13
IK-09-01903,Z02,39.6,częściowe,2025-04-12
IK-09-01903,Z07,49.9,częściowe,2025-08-03
IK-09-01903,Z12,15.5,częściowe,2025-08-19
IK-09-01903,Z16,67.8,pełne,2026-07-27
IK-09-01904,Z02,92.9,częściowe,2025-11-14
IK-09-01904,Z07,29.2,pełne,2026-06-03
IK-09-01904,Z12,17.9,pełne,2024-12-30
IK-09-01904,Z16,29.2,pełne,2025-03-21
IK-09-01905,Z02,58.5,pełne,2025-12-22
IK-09-01905,Z07,20.7,częściowe,2025-03-10
IK-09-01905,Z12,30.7,częściowe,2024-10-20
IK-09-01905,Z16,59.4,częściowe,2025-08-24
IK-09-01906,Z02,58.9,częściowe,2024-10-22
IK-09-01906,Z07,53.2,pełne,2025-08-21
IK-09-01906,Z12,66.7,brak,2025-02-14
IK-09-01906,Z16,22.2,częściowe,2025-11-17
IK-09-01907,Z02,22.5,częściowe,2026-05-20
IK-09-01907,Z07,21.4,pełne,2025-12-12
IK-09-01907,Z12,63.5,częściowe,2024-12-15
IK-09-01907,Z16,57.3,częściowe,2025-08-20
IK-09-01908,Z02,69.6,brak,2026-07-15
IK-09-01908,Z07,59.1,częściowe,2025-11-22
IK-09-01908,Z12,55.4,brak,2026-04-26
IK-09-01908,Z16,21.4,częściowe,2026-03-04
IK-09-01909,Z02,15.5,częściowe,2026-03-10
IK-09-01909,Z07,68.9,brak,2025-02-05
IK-09-01909,Z12,36.3,brak,2025-06-15
IK-09-01909,Z16,25.8,pełne,2025-08-25
IK-09-01910,Z02,72.5,brak,2026-02-26
IK-09-01910,Z07,66.7,pełne,2026-05-25
IK-09-01910,Z12,31.8,brak,2024-11-16
IK-09-01910,Z16,39.5,brak,2025-08-20
IK-09-01911,Z02,24.8,częściowe,2025-12-04
IK-09-01911,Z07,64.7,brak,2025-04-29
IK-09-01911,Z12,46.2,brak,2026-01-29
IK-09-01911,Z16,61.7,brak,2026-02-25
IK-09-01912,Z02,31.2,częściowe,2025-09-17
IK-09-01912,Z07,62.2,brak,2025-02-12
IK-09-01912,Z12,61.8,brak,2025-01-21
IK-09-01912,Z16,67.8,brak,2025-04-18
IK-09-01913,Z02,64.2,częściowe,2025-06-26
IK-09-01913,Z07,38.6,częściowe,2024-11-24
IK-09-01913,Z12,28.3,brak,2026-08-13
IK-09-01913,Z16,22.7,częściowe,2024-10-11
IK-09-01914,Z02,47.0,pełne,2024-11-13
IK-09-01914,Z07,34.6,brak,2025-05-09
IK-09-01914,Z12,30.4,częściowe,2025-04-17
IK-09-01914,Z16,17.2,brak,2026-05-16
IK-09-01915,Z02,68.7,częściowe,2025-11-24
IK-09-01915,Z07,31.0,brak,2025-10-29
IK-09-01915,Z12,25.2,pełne,2025-09-08
IK-09-01915,Z16,43.9,częściowe,2026-03-20
IK-09-01916,Z02,28.5,pełne,2025-02-02
IK-09-01916,Z07,69.3,częściowe,2026-02-20
IK-09-01916,Z12,47.6,częściowe,2026-06-15
IK-09-01916,Z16,56.5,brak,2026-06-16
IK-09-01917,Z02,19.3,częściowe,2026-01-18
IK-09-01917,Z07,33.7,częściowe,2026-01-19
IK-09-01917,Z12,53.1,pełne,2026-05-12
IK-09-01917,Z16,46.8,pełne,2026-07-05
IK-09-01918,Z02,44.0,pełne,2026-04-08
IK-09-01918,Z07,41.5,pełne,2026-01-08
IK-09-01918,Z12,40.6,brak,2026-05-11
IK-09-01918,Z16,51.9,pełne,2024-10-27
IK-09-01919,Z02,31.3,częściowe,2025-07-11
IK-09-01919,Z07,39.7,częściowe,2025-02-26
IK-09-01919,Z12,20.3,częściowe,2026-04-27
IK-09-01919,Z16,46.2,pełne,2026-05-21
IK-09-01920,Z02,24.0,częściowe,2025-05-17
IK-09-01920,Z07,23.9,częściowe,2025-02-01
IK-09-01920,Z12,35.4,częściowe,2026-06-02
IK-09-01920,Z16,69.8,brak,2025-08-09
IK-09-01921,Z02,87.8,pełne,2025-02-11
IK-09-01921,Z07,39.9,brak,2025-09-19
IK-09-01921,Z12,28.1,pełne,2025-03-14
IK-09-01921,Z16,59.4,częściowe,2026-08-20
IK-09-01922,Z02,56.4,brak,2025-01-22
IK-09-01922,Z07,45.1,częściowe,2026-06-10
IK-09-01922,Z12,33.5,brak,2025-01-06
IK-09-01922,Z16,40.3,częściowe,2026-06-13
IK-09-01923,Z02,15.2,częściowe,2025-02-05
IK-09-01923,Z07,22.8,częściowe,2025-10-08
IK-09-01923,Z12,34.4,brak,2026-02-11
IK-09-01923,Z16,19.0,częściowe,2025-12-11
IK-09-01924,Z02,49.0,częściowe,2026-04-14
IK-09-01924,Z07,51.3,częściowe,2025-09-09
IK-09-01924,Z12,60.3,częściowe,2026-05-20
IK-09-01924,Z16,42.8,brak,2026-01-16
IK-09-01925,Z02,57.7,brak,2025-12-08
IK-09-01925,Z07,45.5,częściowe,2025-12-26
IK-09-01925,Z12,45.9,brak,2026-03-02
IK-09-01925,Z16,44.3,częściowe,2026-03-02
IK-09-01926,Z02,75.7,brak,2025-12-19
IK-09-01926,Z07,62.4,brak,2025-02-25
IK-09-01926,Z12,59.1,pełne,2026-05-29
IK-09-01926,Z16,19.1,brak,2025-06-28
IK-10-01927,Z03,44.2,częściowe,2025-03-16
IK-10-01927,Z07,64.8,częściowe,2024-11-12
IK-10-01927,Z04,59.4,brak,2026-05-29
IK-10-01927,Z02,42.8,częściowe,2025-05-07
IK-10-01928,Z03,39.1,częściowe,2026-06-30
IK-10-01928,Z07,41.0,częściowe,2025-07-16
IK-10-01928,Z04,37.7,częściowe,2025-05-11
IK-10-01928,Z02,65.4,pełne,2025-07-12
IK-10-01929,Z03,27.0,brak,2025-05-27
IK-10-01929,Z07,23.7,brak,2026-05-25
IK-10-01929,Z04,53.5,brak,2025-03-24
IK-10-01929,Z02,57.2,częściowe,2025-01-07
IK-10-01930,Z03,37.2,częściowe,2026-04-29
IK-10-01930,Z07,17.6,brak,2025-08-03
IK-10-01930,Z04,40.6,częściowe,2024-12-09
IK-10-01930,Z02,87.3,częściowe,2025-04-02
IK-10-01931,Z03,60.8,częściowe,2026-01-09
IK-10-01931,Z07,19.8,częściowe,2026-01-01
IK-10-01931,Z04,43.4,brak,2026-08-17
IK-10-01931,Z02,64.0,częściowe,2024-10-15
IK-10-01932,Z03,63.2,częściowe,2026-07-13
IK-10-01932,Z07,67.5,częściowe,2025-07-06
IK-10-01932,Z04,45.8,częściowe,2026-03-18
IK-10-01932,Z02,51.2,częściowe,2025-10-31
IK-10-01933,Z03,45.5,brak,2025-05-30
IK-10-01933,Z07,35.8,brak,2025-05-04
IK-10-01933,Z04,68.5,pełne,2026-03-04
IK-10-01933,Z02,59.2,pełne,2024-11-18
IK-10-01934,Z03,16.9,częściowe,2025-07-04
IK-10-01934,Z07,66.4,brak,2026-02-26
IK-10-01934,Z04,59.6,częściowe,2025-06-14
IK-10-01934,Z02,46.5,częściowe,2026-03-05
IK-10-01935,Z03,16.5,częściowe,2025-09-18
IK-10-01935,Z07,42.2,częściowe,2025-02-04
IK-10-01935,Z04,42.0,częściowe,2025-10-07
IK-10-01935,Z02,16.9,częściowe,2026-05-22
IK-10-01936,Z03,66.9,częściowe,2025-09-05
IK-10-01936,Z07,29.4,częściowe,2025-04-12
IK-10-01936,Z04,16.4,częściowe,2025-04-10
IK-10-01936,Z02,62.8,częściowe,2025-06-16
IK-10-01937,Z03,40.9,częściowe,2026-08-12
IK-10-01937,Z07,67.4,częściowe,2025-05-26
IK-10-01937,Z04,41.6,częściowe,2025-11-03
IK-10-01937,Z02,72.3,częściowe,2025-02-15
IK-10-01938,Z03,61.9,pełne,2025-12-14
IK-10-01938,Z07,18.2,częściowe,2024-11-13
IK-10-01938,Z04,50.7,pełne,2025-09-23
IK-10-01938,Z02,62.6,częściowe,2025-04-28
IK-10-01939,Z03,52.1,częściowe,2026-04-17
IK-10-01939,Z07,55.4,częściowe,2025-02-09
IK-10-01939,Z04,36.0,częściowe,2025-04-14
IK-10-01939,Z02,95.8,pełne,2026-05-26
IK-10-01940,Z03,16.3,brak,2025-05-26
IK-10-01940,Z07,20.4,częściowe,2025-04-30
IK-10-01940,Z04,54.0,brak,2026-07-11
IK-10-01940,Z02,68.8,brak,2026-04-01
IK-10-01941,Z03,55.9,częściowe,2025-07-03
IK-10-01941,Z07,27.0,częściowe,2025-05-01
IK-10-01941,Z04,28.1,częściowe,2026-01-17
IK-10-01941,Z02,23.8,pełne,2025-08-10
IK-10-01942,Z03,32.5,brak,2025-10-19
IK-10-01942,Z07,40.0,brak,2024-12-06
IK-10-01942,Z04,33.8,brak,2024-10-22
IK-10-01942,Z02,51.8,brak,2025-01-15
IK-10-01943,Z03,39.8,częściowe,2025-08-09
IK-10-01943,Z07,26.7,pełne,2025-03-16
IK-10-01943,Z04,20.8,częściowe,2025-12-13
IK-10-01943,Z02,32.4,brak,2026-02-08
IK-10-01944,Z03,64.5,pełne,2026-06-01
IK-10-01944,Z07,18.0,częściowe,2024-10-31
IK-10-01944,Z04,64.0,częściowe,2025-10-13
IK-10-01944,Z02,25.4,pełne,2025-02-05
IK-10-01945,Z03,41.1,częściowe,2026-06-23
IK-10-01945,Z07,26.3,częściowe,2025-09-27
IK-10-01945,Z04,36.0,pełne,2026-02-10
IK-10-01945,Z02,45.8,częściowe,2026-05-07
IK-10-01946,Z03,33.7,częściowe,2026-08-22
IK-10-01946,Z07,42.2,brak,2025-10-13
IK-10-01946,Z04,43.9,częściowe,2025-02-27
IK-10-01946,Z02,15.7,pełne,2026-04-21
IK-10-01947,Z03,46.5,brak,2025-03-07
IK-10-01947,Z07,18.6,częściowe,2026-01-29
IK-10-01947,Z04,35.7,częściowe,2024-11-05
IK-10-01947,Z02,49.0,częściowe,2024-10-17
IK-10-01948,Z03,54.8,pełne,2026-04-10
IK-10-01948,Z07,52.2,częściowe,2025-01-25
IK-10-01948,Z04,39.2,częściowe,2025-06-13
IK-10-01948,Z02,31.8,brak,2025-01-08
IK-10-01949,Z03,29.0,częściowe,2025-08-31
IK-10-01949,Z07,34.2,częściowe,2026-03-01
IK-10-01949,Z04,57.8,częściowe,2025-04-01
IK-10-01949,Z02,43.8,brak,2026-06-13
IK-10-01950,Z03,48.0,pełne,2025-09-04
IK-10-01950,Z07,36.1,brak,2024-11-26
IK-10-01950,Z04,41.3,pełne,2025-04-14
IK-10-01950,Z02,24.1,częściowe,2025-05-11
IK-10-01951,Z03,37.4,pełne,2025-04-12
IK-10-01951,Z07,15.1,pełne,2026-08-04
IK-10-01951,Z04,38.3,pełne,2026-02-28
IK-10-01951,Z02,36.1,pełne,2025-02-12
IK-10-01952,Z03,45.4,pełne,2025-06-10
IK-10-01952,Z07,38.6,pełne,2025-10-07
IK-10-01952,Z04,48.7,brak,2025-07-22
IK-10-01952,Z02,45.3,brak,2024-11-13
IK-10-01953,Z03,61.7,częściowe,2025-03-14
IK-10-01953,Z07,30.3,częściowe,2026-01-08
IK-10-01953,Z04,19.4,częściowe,2025-10-26
IK-10-01953,Z02,55.5,częściowe,2025-07-22
IK-10-01954,Z03,49.6,pełne,2025-11-28
IK-10-01954,Z07,26.6,brak,2025-01-20
IK-10-01954,Z04,51.6,częściowe,2025-06-13
IK-10-01954,Z02,32.4,częściowe,2025-09-20
IK-10-01955,Z03,41.8,częściowe,2026-02-09
IK-10-01955,Z07,64.0,częściowe,2025-04-18
IK-10-01955,Z04,48.0,brak,2025-11-11
IK-10-01955,Z02,66.4,częściowe,2025-05-28
IK-10-01956,Z03,55.7,częściowe,2026-03-31
IK-10-01956,Z07,57.2,częściowe,2026-03-27
IK-10-01956,Z04,22.1,częściowe,2026-06-20
IK-10-01956,Z02,67.3,brak,2026-05-26
IK-10-01957,Z03,21.2,pełne,2026-01-21
IK-10-01957,Z07,52.2,brak,2025-02-04
IK-10-01957,Z04,56.5,częściowe,2026-06-24
IK-10-01957,Z02,56.7,częściowe,2025-08-06
IK-10-01958,Z03,67.5,częściowe,2025-07-10
IK-10-01958,Z07,32.6,częściowe,2025-04-04
IK-10-01958,Z04,64.2,brak,2025-05-18
IK-10-01958,Z02,23.8,brak,2025-10-02
IK-10-01959,Z03,64.8,częściowe,2026-01-08
IK-10-01959,Z07,28.7,częściowe,2025-11-15
IK-10-01959,Z04,50.2,pełne,2026-04-04
IK-10-01959,Z02,61.4,częściowe,2024-10-13
IK-10-01960,Z03,28.8,brak,2026-08-15
IK-10-01960,Z07,29.0,brak,2025-04-24
IK-10-01960,Z04,43.2,brak,2024-10-12
IK-10-01960,Z02,30.9,częściowe,2026-05-21
IK-10-01961,Z03,69.5,brak,2025-01-16
IK-10-01961,Z07,55.8,częściowe,2025-10-18
IK-10-01961,Z04,39.1,częściowe,2025-01-07
IK-10-01961,Z02,82.5,częściowe,2026-08-24
IK-10-01962,Z03,29.4,częściowe,2025-05-31
IK-10-01962,Z07,41.7,brak,2026-04-13
IK-10-01962,Z04,64.4,brak,2024-12-12
IK-10-01962,Z02,46.1,pełne,2026-01-04
IK-10-01963,Z03,17.8,częściowe,2026-07-31
IK-10-01963,Z07,58.1,brak,2025-04-18
IK-10-01963,Z04,35.8,brak,2026-07-27
IK-10-01963,Z02,18.8,pełne,2025-10-28
IK-10-01964,Z03,65.6,częściowe,2025-03-29
IK-10-01964,Z07,22.7,częściowe,2025-08-13
IK-10-01964,Z04,55.9,pełne,2025-02-04
IK-10-01964,Z02,26.1,brak,2025-03-10
IK-10-01965,Z03,39.9,brak,2026-05-26
IK-10-01965,Z07,35.5,pełne,2025-10-26
IK-10-01965,Z04,62.6,częściowe,2026-05-07
IK-10-01965,Z02,85.2,częściowe,2025-04-28
IK-10-01966,Z03,59.5,brak,2026-04-27
IK-10-01966,Z07,30.4,częściowe,2026-03-16
IK-10-01966,Z04,42.1,pełne,2025-05-10
IK-10-01966,Z02,17.4,częściowe,2025-09-23
IK-10-01967,Z03,47.2,pełne,2026-02-24
IK-10-01967,Z07,25.6,pełne,2026-08-15
IK-10-01967,Z04,32.3,brak,2025-09-01
IK-10-01967,Z02,25.8,brak,2025-01-29
IK-10-01968,Z03,36.5,częściowe,2025-07-10
IK-10-01968,Z07,23.2,częściowe,2025-06-09
IK-10-01968,Z04,19.1,brak,2026-06-30
IK-10-01968,Z02,67.9,częściowe,2026-08-21
IK-10-01969,Z03,17.2,częściowe,2026-01-09
IK-10-01969,Z07,15.2,pełne,2025-06-05
IK-10-01969,Z04,60.5,częściowe,2025-02-16
IK-10-01969,Z02,68.9,częściowe,2025-05-24
IK-10-01970,Z03,66.5,częściowe,2025-06-30
IK-10-01970,Z07,19.2,pełne,2024-11-02
IK-10-01970,Z04,47.2,częściowe,2025-07-03
IK-10-01970,Z02,77.2,pełne,2025-04-01
IK-10-01971,Z03,37.4,pełne,2025-07-31
IK-10-01971,Z07,59.9,częściowe,2025-01-21
IK-10-01971,Z04,59.9,częściowe,2025-02-21
IK-10-01971,Z02,74.4,brak,2026-02-18
IK-10-01972,Z03,67.2,częściowe,2026-01-02
IK-10-01972,Z07,54.4,częściowe,2025-09-20
IK-10-01972,Z04,68.6,brak,2026-06-25
IK-10-01972,Z02,31.7,pełne,2025-11-14
IK-10-01973,Z03,32.3,częściowe,2025-12-25
IK-10-01973,Z07,52.2,częściowe,2026-06-23
IK-10-01973,Z04,69.8,częściowe,2025-03-04
IK-10-01973,Z02,77.3,brak,2025-01-04
IK-10-01974,Z03,18.8,pełne,2026-01-15
IK-10-01974,Z07,48.5,pełne,2026-02-17
IK-10-01974,Z04,55.3,częściowe,2026-06-18
IK-10-01974,Z02,17.6,częściowe,2025-03-07
IK-10-01975,Z03,48.4,częściowe,2026-03-20
IK-10-01975,Z07,29.4,brak,2026-02-25
IK-10-01975,Z04,58.1,brak,2026-02-11
IK-10-01975,Z02,47.9,brak,2024-12-21
IK-10-01976,Z03,16.0,częściowe,2025-11-12
IK-10-01976,Z07,66.7,częściowe,2026-01-13
IK-10-01976,Z04,49.2,częściowe,2026-02-16
IK-10-01976,Z02,83.2,częściowe,2025-01-31
IK-10-01977,Z03,45.5,częściowe,2024-12-29
IK-10-01977,Z07,67.1,częściowe,2025-01-25
IK-10-01977,Z04,44.4,brak,2024-11-24
IK-10-01977,Z02,58.1,brak,2024-11-08
IK-10-01978,Z03,57.7,częściowe,2025-01-07
IK-10-01978,Z07,22.7,częściowe,2024-11-16
IK-10-01978,Z04,17.7,częściowe,2025-06-30
IK-10-01978,Z02,46.2,brak,2026-06-05
IK-10-01979,Z03,62.2,częściowe,2026-01-19
IK-10-01979,Z07,43.0,częściowe,2026-07-21
IK-10-01979,Z04,49.5,częściowe,2025-05-05
IK-10-01979,Z02,78.0,brak,2025-07-04
IK-10-01980,Z03,16.2,brak,2025-06-29
IK-10-01980,Z07,15.7,brak,2026-05-08
IK-10-01980,Z04,41.8,brak,2025-07-26
IK-10-01980,Z02,90.0,pełne,2025-05-28
IK-10-01981,Z03,19.5,pełne,2026-05-15
IK-10-01981,Z07,26.2,częściowe,2025-08-03
IK-10-01981,Z04,50.5,częściowe,2025-02-03
IK-10-01981,Z02,50.1,brak,2025-02-18
IK-10-01982,Z03,36.7,częściowe,2025-05-19
IK-10-01982,Z07,45.7,pełne,2025-12-04
IK-10-01982,Z04,64.1,brak,2024-11-21
IK-10-01982,Z02,91.6,częściowe,2025-06-02
IK-10-01983,Z03,17.9,brak,2025-01-15
IK-10-01983,Z07,35.8,brak,2025-12-13
IK-10-01983,Z04,49.3,pełne,2024-10-29
IK-10-01983,Z02,30.2,pełne,2025-01-30
IK-10-01984,Z03,49.9,brak,2025-01-31
IK-10-01984,Z07,48.5,brak,2025-07-25
IK-10-01984,Z04,16.0,częściowe,2026-06-19
IK-10-01984,Z02,66.5,brak,2025-09-09
IK-10-01985,Z03,28.6,brak,2025-12-20
IK-10-01985,Z07,54.7,częściowe,2025-03-06
IK-10-01985,Z04,69.2,brak,2024-12-27
IK-10-01985,Z02,61.9,częściowe,2026-01-20
IK-10-01986,Z03,30.2,częściowe,2025-12-18
IK-10-01986,Z07,41.5,brak,2025-10-16
IK-10-01986,Z04,53.6,częściowe,2025-11-20
IK-10-01986,Z02,33.5,częściowe,2026-03-09
IK-10-01987,Z03,68.7,częściowe,2025-02-04
IK-10-01987,Z07,45.3,brak,2025-06-04
IK-10-01987,Z04,18.0,brak,2026-01-27
IK-10-01987,Z02,57.1,brak,2024-10-11
IK-10-01988,Z03,68.7,częściowe,2024-12-01
IK-10-01988,Z07,22.0,częściowe,2026-01-07
IK-10-01988,Z04,56.0,brak,2025-03-21
IK-10-01988,Z02,62.9,brak,2025-04-08
IK-10-01989,Z03,15.4,pełne,2026-06-07
IK-10-01989,Z07,22.8,pełne,2025-07-19
IK-10-01989,Z04,41.3,częściowe,2024-12-06
IK-10-01989,Z02,56.0,brak,2024-10-10
IK-10-01990,Z03,29.5,częściowe,2025-02-03
IK-10-01990,Z07,41.5,częściowe,2025-06-23
IK-10-01990,Z04,39.9,pełne,2025-12-25
IK-10-01990,Z02,50.5,brak,2026-07-12
IK-10-01991,Z03,48.7,brak,2026-03-24
IK-10-01991,Z07,22.1,pełne,2026-06-24
IK-10-01991,Z04,40.3,brak,2025-09-18
IK-10-01991,Z02,92.8,brak,2025-08-22
IK-10-01992,Z03,54.0,brak,2026-07-12
IK-10-01992,Z07,59.2,brak,2026-03-24
IK-10-01992,Z04,47.2,częściowe,2026-08-12
IK-10-01992,Z02,60.6,brak,2026-01-20
IK-10-01993,Z03,43.2,brak,2026-04-08
IK-10-01993,Z07,15.9,częściowe,2025-10-30
IK-10-01993,Z04,60.2,częściowe,2025-11-15
IK-10-01993,Z02,92.9,częściowe,2026-02-17
IK-10-01994,Z03,19.7,brak,2026-07-18
IK-10-01994,Z07,33.2,brak,2024-11-10
IK-10-01994,Z04,33.3,brak,2026-06-16
IK-10-01994,Z02,34.9,brak,2025-05-04
IK-10-01995,Z03,29.9,brak,2026-03-13
IK-10-01995,Z07,33.3,częściowe,2026-05-08
IK-10-01995,Z04,68.5,pełne,2025-11-20
IK-10-01995,Z02,66.5,częściowe,2026-05-28
IK-10-01996,Z03,46.6,brak,2026-06-12
IK-10-01996,Z07,58.8,częściowe,2025-05-20
IK-10-01996,Z04,17.4,brak,2025-01-12
IK-10-01996,Z02,56.8,pełne,2024-10-27
IK-10-01997,Z03,59.1,częściowe,2026-04-14
IK-10-01997,Z07,47.8,częściowe,2025-11-07
IK-10-01997,Z04,45.9,częściowe,2026-05-12
IK-10-01997,Z02,25.6,pełne,2026-06-19
IK-10-01998,Z03,57.3,częściowe,2025-06-26
IK-10-01998,Z07,25.2,częściowe,2025-09-21
IK-10-01998,Z04,62.2,częściowe,2025-07-27
IK-10-01998,Z02,65.8,częściowe,2026-05-01
IK-10-01999,Z03,56.5,pełne,2026-03-07
IK-10-01999,Z07,42.8,brak,2025-02-13
IK-10-01999,Z04,42.6,pełne,2026-04-06
IK-10-01999,Z02,66.4,brak,2026-06-04
IK-10-02000,Z03,36.4,brak,2026-02-15
IK-10-02000,Z07,19.0,częściowe,2025-07-31
IK-10-02000,Z04,25.9,częściowe,2025-11-21
IK-10-02000,Z02,39.0,pełne,2025-01-07
IK-10-02001,Z03,36.1,częściowe,2026-01-10
IK-10-02001,Z07,67.8,częściowe,2026-02-26
IK-10-02001,Z04,52.1,częściowe,2025-07-04
IK-10-02001,Z02,86.4,częściowe,2025-09-21
IK-10-02002,Z03,66.2,częściowe,2026-03-09
IK-10-02002,Z07,37.6,częściowe,2026-05-08
IK-10-02002,Z04,45.1,częściowe,2024-11-08
IK-10-02002,Z02,49.9,częściowe,2026-04-25
IK-10-02003,Z03,55.5,częściowe,2024-11-06
IK-10-02003,Z07,36.6,częściowe,2026-03-15
IK-10-02003,Z04,66.0,pełne,2025-07-06
IK-10-02003,Z02,53.3,brak,2025-07-18
IK-10-02004,Z03,58.8,częściowe,2025-08-01
IK-10-02004,Z07,54.5,brak,2026-03-28
IK-10-02004,Z04,63.7,pełne,2026-02-25
IK-10-02004,Z02,20.4,częściowe,2024-11-11
IK-10-02005,Z03,26.5,pełne,2026-07-17
IK-10-02005,Z07,36.8,częściowe,2026-08-21
IK-10-02005,Z04,31.6,częściowe,2025-10-11
IK-10-02005,Z02,28.4,pełne,2025-07-19
IK-10-02006,Z03,53.5,brak,2025-11-20
IK-10-02006,Z07,20.6,częściowe,2024-11-06
IK-10-02006,Z04,26.8,częściowe,2026-02-01
IK-10-02006,Z02,68.8,brak,2026-04-14
IK-10-02007,Z03,47.0,częściowe,2024-12-22
IK-10-02007,Z07,35.9,brak,2026-01-24
IK-10-02007,Z04,59.7,brak,2025-06-30
IK-10-02007,Z02,38.0,częściowe,2025-03-28
IK-10-02008,Z03,30.7,częściowe,2026-05-06
IK-10-02008,Z07,61.0,brak,2024-11-08
IK-10-02008,Z04,15.4,częściowe,2025-03-06
IK-10-02008,Z02,17.3,pełne,2025-09-11
IK-10-02009,Z03,45.1,częściowe,2025-10-13
IK-10-02009,Z07,16.1,częściowe,2024-11-17
IK-10-02009,Z04,31.8,częściowe,2025-11-16
IK-10-02009,Z02,29.1,częściowe,2025-09-15
IK-10-02010,Z03,21.7,brak,2026-08-11
IK-10-02010,Z07,36.3,brak,2026-02-21
IK-10-02010,Z04,32.1,częściowe,2024-11-03
IK-10-02010,Z02,87.8,częściowe,2024-10-14
IK-10-02011,Z03,18.0,częściowe,2026-04-15
IK-10-02011,Z07,53.5,częściowe,2026-07-03
IK-10-02011,Z04,51.8,brak,2024-12-22
IK-10-02011,Z02,90.0,pełne,2026-04-24
IK-10-02012,Z03,26.1,brak,2026-03-30
IK-10-02012,Z07,55.5,częściowe,2024-12-14
IK-10-02012,Z04,64.9,pełne,2026-02-11
IK-10-02012,Z02,15.2,częściowe,2024-12-23
IK-10-02013,Z03,44.6,pełne,2025-10-08
IK-10-02013,Z07,33.7,częściowe,2026-06-17
IK-10-02013,Z04,31.4,częściowe,2025-01-22
IK-10-02013,Z02,75.6,częściowe,2025-09-08
IK-10-02014,Z03,40.7,brak,2026-06-08
IK-10-02014,Z07,40.7,częściowe,2025-01-18
IK-10-02014,Z04,29.8,częściowe,2024-10-19
IK-10-02014,Z02,15.9,częściowe,2025-08-06
IK-10-02015,Z03,40.0,pełne,2025-10-21
IK-10-02015,Z07,27.1,pełne,2025-08-31
IK-10-02015,Z04,28.8,brak,2026-05-29
IK-10-02015,Z02,64.1,pełne,2026-06-16
IK-10-02016,Z03,17.7,pełne,2025-05-01
IK-10-02016,Z07,67.8,częściowe,2024-12-23
IK-10-02016,Z04,46.6,pełne,2026-05-19
IK-10-02016,Z02,43.6,częściowe,2024-12-23
IK-10-02017,Z03,16.9,brak,2026-06-30
IK-10-02017,Z07,68.4,pełne,2026-03-09
IK-10-02017,Z04,59.7,częściowe,2026-01-07
IK-10-02017,Z02,77.7,częściowe,2024-10-21
IK-10-02018,Z03,29.6,częściowe,2026-02-05
IK-10-02018,Z07,26.1,brak,2025-02-06
IK-10-02018,Z04,48.4,pełne,2025-02-07
IK-10-02018,Z02,82.6,częściowe,2024-12-17
IK-10-02019,Z03,36.4,częściowe,2026-04-26
IK-10-02019,Z07,39.1,częściowe,2025-07-14
IK-10-02019,Z04,30.1,pełne,2025-09-15
IK-10-02019,Z02,32.1,częściowe,2026-06-09
IK-10-02020,Z03,22.7,częściowe,2024-12-11
IK-10-02020,Z07,64.3,brak,2026-07-14
IK-10-02020,Z04,51.3,brak,2025-01-25
IK-10-02020,Z02,56.1,częściowe,2024-11-03
IK-10-02021,Z03,55.2,częściowe,2025-04-17
IK-10-02021,Z07,49.1,częściowe,2025-10-02
IK-10-02021,Z04,20.3,pełne,2025-08-06
IK-10-02021,Z02,50.3,częściowe,2025-05-28
IK-10-02022,Z03,41.9,brak,2025-07-16
IK-10-02022,Z07,59.4,częściowe,2025-06-02
IK-10-02022,Z04,37.9,brak,2026-04-09
IK-10-02022,Z02,93.9,pełne,2026-01-14
IK-10-02023,Z03,68.2,brak,2024-12-26
IK-10-02023,Z07,53.1,częściowe,2025-02-20
IK-10-02023,Z04,61.3,częściowe,2025-08-14
IK-10-02023,Z02,31.5,częściowe,2025-03-19
IK-10-02024,Z03,29.5,częściowe,2025-02-28
IK-10-02024,Z07,62.2,pełne,2025-01-06
IK-10-02024,Z04,30.7,brak,2025-06-15
IK-10-02024,Z02,68.1,pełne,2026-02-20
IK-10-02025,Z03,46.7,częściowe,2026-06-13
IK-10-02025,Z07,17.2,częściowe,2025-03-26
IK-10-02025,Z04,43.0,brak,2025-06-28
IK-10-02025,Z02,29.6,częściowe,2025-11-22
IK-10-02026,Z03,32.6,częściowe,2026-04-19
IK-10-02026,Z07,16.1,częściowe,2025-01-18
IK-10-02026,Z04,53.4,częściowe,2025-04-15
IK-10-02026,Z02,35.7,częściowe,2025-09-10
IK-10-02027,Z03,64.2,częściowe,2025-06-06
IK-10-02027,Z07,48.3,częściowe,2025-03-23
IK-10-02027,Z04,38.0,pełne,2025-12-27
IK-10-02027,Z02,66.6,częściowe,2024-12-07
IK-10-02028,Z03,55.3,częściowe,2025-05-28
IK-10-02028,Z07,69.1,częściowe,2025-11-08
IK-10-02028,Z04,17.5,pełne,2025-11-19
IK-10-02028,Z02,84.2,pełne,2025-01-21
IK-10-02029,Z03,19.7,brak,2025-02-12
IK-10-02029,Z07,27.6,częściowe,2025-10-10
IK-10-02029,Z04,32.4,brak,2026-04-25
IK-10-02029,Z02,68.5,pełne,2025-08-03
IK-10-02030,Z03,27.4,brak,2026-02-08
IK-10-02030,Z07,28.2,częściowe,2026-01-03
IK-10-02030,Z04,42.8,częściowe,2025-02-02
IK-10-02030,Z02,25.6,częściowe,2026-02-23
IK-10-02031,Z03,50.9,częściowe,2025-08-11
IK-10-02031,Z07,46.0,brak,2026-04-27
IK-10-02031,Z04,18.0,częściowe,2025-12-02
IK-10-02031,Z02,15.0,brak,2025-04-21
IK-10-02032,Z03,52.3,brak,2026-04-03
IK-10-02032,Z07,53.7,brak,2026-05-18
IK-10-02032,Z04,19.5,brak,2026-01-15
IK-10-02032,Z02,54.1,pełne,2026-01-19
IK-10-02033,Z03,49.1,częściowe,2026-05-30
IK-10-02033,Z07,40.2,pełne,2026-02-08
IK-10-02033,Z04,33.3,częściowe,2025-10-26
IK-10-02033,Z02,96.7,częściowe,2026-08-17
IK-10-02034,Z03,43.2,częściowe,2025-08-29
IK-10-02034,Z07,42.2,częściowe,2025-12-14
IK-10-02034,Z04,54.3,brak,2024-11-20
IK-10-02034,Z02,39.6,brak,2026-06-19
IK-10-02035,Z03,24.5,brak,2025-02-08
IK-10-02035,Z07,67.4,częściowe,2025-06-08
IK-10-02035,Z04,27.8,częściowe,2025-08-06
IK-10-02035,Z02,29.9,częściowe,2025-12-01
IK-10-02036,Z03,36.3,częściowe,2024-12-21
IK-10-02036,Z07,57.8,brak,2025-10-15
IK-10-02036,Z04,45.9,pełne,2026-05-31
IK-10-02036,Z02,16.7,częściowe,2025-09-16
IK-10-02037,Z03,17.3,częściowe,2026-06-01
IK-10-02037,Z07,60.6,brak,2025-01-13
IK-10-02037,Z04,22.7,częściowe,2026-06-18
IK-10-02037,Z02,68.9,pełne,2024-12-31
IK-10-02038,Z03,54.4,częściowe,2026-04-12
IK-10-02038,Z07,27.2,częściowe,2025-10-12
IK-10-02038,Z04,63.9,częściowe,2025-12-01
IK-10-02038,Z02,28.2,brak,2025-12-26
IK-10-02039,Z03,46.7,częściowe,2025-01-06
IK-10-02039,Z07,62.9,częściowe,2024-12-13
IK-10-02039,Z04,59.5,brak,2026-01-23
IK-10-02039,Z02,94.5,częściowe,2026-01-26
IK-10-02040,Z03,61.1,pełne,2026-04-08
IK-10-02040,Z07,46.1,pełne,2025-07-02
IK-10-02040,Z04,61.4,brak,2026-01-04
IK-10-02040,Z02,83.3,pełne,2025-09-01
IK-10-02041,Z03,61.7,pełne,2026-03-02
IK-10-02041,Z07,37.8,pełne,2026-08-13
IK-10-02041,Z04,62.2,częściowe,2025-10-22
IK-10-02041,Z02,89.8,brak,2025-08-19
IK-10-02042,Z03,48.8,brak,2025-02-23
IK-10-02042,Z07,27.7,częściowe,2025-08-05
IK-10-02042,Z04,65.7,częściowe,2026-04-23
IK-10-02042,Z02,88.7,częściowe,2026-06-29
IK-10-02043,Z03,22.2,częściowe,2026-01-19
IK-10-02043,Z07,33.8,pełne,2026-06-18
IK-10-02043,Z04,19.5,częściowe,2025-06-10
IK-10-02043,Z02,62.3,pełne,2024-11-10
IK-10-02044,Z03,67.2,częściowe,2026-02-02
IK-10-02044,Z07,27.1,brak,2024-10-15
IK-10-02044,Z04,57.4,częściowe,2026-06-28
IK-10-02044,Z02,84.9,częściowe,2025-10-17
IK-10-02045,Z03,19.5,częściowe,2025-07-04
IK-10-02045,Z07,60.8,pełne,2024-10-19
IK-10-02045,Z04,60.4,brak,2024-11-05
IK-10-02045,Z02,15.4,częściowe,2026-07-03
IK-10-02046,Z03,29.7,częściowe,2024-11-01
IK-10-02046,Z07,46.9,częściowe,2025-02-02
IK-10-02046,Z04,50.9,brak,2025-07-16
IK-10-02046,Z02,40.3,pełne,2026-05-29
IK-11-02047,Z13,40.6,częściowe,2024-11-26
IK-11-02047,Z17,57.6,częściowe,2024-10-24
IK-11-02047,Z10,22.4,częściowe,2025-09-12
IK-11-02047,Z02,57.4,częściowe,2025-10-15
IK-11-02048,Z13,58.2,pełne,2026-06-29
IK-11-02048,Z17,60.3,częściowe,2025-10-18
IK-11-02048,Z10,41.1,brak,2025-02-22
IK-11-02048,Z02,59.7,częściowe,2026-08-03
IK-11-02049,Z13,69.7,pełne,2026-07-30
IK-11-02049,Z17,51.6,częściowe,2026-02-16
IK-11-02049,Z10,37.3,częściowe,2025-08-23
IK-11-02049,Z02,65.5,częściowe,2025-11-20
IK-11-02050,Z13,67.8,częściowe,2025-12-08
IK-11-02050,Z17,55.0,częściowe,2026-06-12
IK-11-02050,Z10,24.9,brak,2026-06-14
IK-11-02050,Z02,59.0,brak,2025-08-27
IK-11-02051,Z13,27.3,częściowe,2025-10-14
IK-11-02051,Z17,66.9,częściowe,2026-01-15
IK-11-02051,Z10,38.0,pełne,2026-05-18
IK-11-02051,Z02,37.9,pełne,2026-07-04
IK-11-02052,Z13,39.8,pełne,2025-11-26
IK-11-02052,Z17,34.2,brak,2025-03-10
IK-11-02052,Z10,22.0,pełne,2025-07-15
IK-11-02052,Z02,35.6,pełne,2025-03-10
IK-11-02053,Z13,16.7,częściowe,2025-04-20
IK-11-02053,Z17,68.2,brak,2025-02-01
IK-11-02053,Z10,68.0,brak,2026-02-11
IK-11-02053,Z02,93.7,pełne,2025-06-26
IK-11-02054,Z13,24.8,częściowe,2025-09-01
IK-11-02054,Z17,63.0,brak,2025-03-30
IK-11-02054,Z10,66.0,częściowe,2025-03-16
IK-11-02054,Z02,67.6,brak,2025-08-01
IK-11-02055,Z13,17.0,częściowe,2025-10-06
IK-11-02055,Z17,56.9,częściowe,2026-07-30
IK-11-02055,Z10,69.9,brak,2026-03-31
IK-11-02055,Z02,35.6,częściowe,2026-05-16
IK-11-02056,Z13,69.2,brak,2025-02-22
IK-11-02056,Z17,37.6,pełne,2025-01-05
IK-11-02056,Z10,64.0,brak,2026-05-23
IK-11-02056,Z02,86.7,brak,2025-10-21
IK-11-02057,Z13,30.3,brak,2026-05-06
IK-11-02057,Z17,31.0,częściowe,2025-06-01
IK-11-02057,Z10,42.9,brak,2025-05-02
IK-11-02057,Z02,62.4,częściowe,2025-03-14
IK-11-02058,Z13,17.2,częściowe,2026-07-21
IK-11-02058,Z17,63.9,pełne,2025-04-15
IK-11-02058,Z10,55.5,brak,2026-01-20
IK-11-02058,Z02,56.1,częściowe,2026-03-21
IK-11-02059,Z13,59.3,częściowe,2025-12-26
IK-11-02059,Z17,65.1,częściowe,2026-04-24
IK-11-02059,Z10,30.0,brak,2025-04-16
IK-11-02059,Z02,75.2,częściowe,2024-11-15
IK-11-02060,Z13,53.9,pełne,2026-02-10
IK-11-02060,Z17,57.0,brak,2025-08-02
IK-11-02060,Z10,31.4,pełne,2026-02-09
IK-11-02060,Z02,24.5,częściowe,2026-07-17
IK-11-02061,Z13,41.3,częściowe,2024-10-27
IK-11-02061,Z17,51.3,częściowe,2026-07-25
IK-11-02061,Z10,42.8,brak,2024-11-09
IK-11-02061,Z02,58.9,częściowe,2026-04-04
IK-11-02062,Z13,51.0,brak,2025-06-28
IK-11-02062,Z17,54.8,częściowe,2025-08-14
IK-11-02062,Z10,47.6,częściowe,2025-02-08
IK-11-02062,Z02,45.1,pełne,2026-08-19
IK-11-02063,Z13,28.8,częściowe,2025-04-12
IK-11-02063,Z17,51.6,częściowe,2025-03-17
IK-11-02063,Z10,47.6,częściowe,2026-05-10
IK-11-02063,Z02,29.2,częściowe,2025-08-25
IK-11-02064,Z13,51.0,pełne,2025-07-23
IK-11-02064,Z17,36.6,częściowe,2025-02-27
IK-11-02064,Z10,34.3,brak,2025-06-04
IK-11-02064,Z02,59.1,częściowe,2024-11-21
IK-11-02065,Z13,18.5,brak,2025-07-23
IK-11-02065,Z17,61.9,częściowe,2026-02-17
IK-11-02065,Z10,56.5,częściowe,2026-08-09
IK-11-02065,Z02,41.9,częściowe,2026-04-15
IK-11-02066,Z13,25.3,częściowe,2025-09-21
IK-11-02066,Z17,19.9,pełne,2025-07-17
IK-11-02066,Z10,29.5,pełne,2025-06-19
IK-11-02066,Z02,76.5,częściowe,2026-06-29
IK-11-02067,Z13,43.7,pełne,2025-12-29
IK-11-02067,Z17,22.0,częściowe,2026-04-24
IK-11-02067,Z10,15.2,częściowe,2025-11-17
IK-11-02067,Z02,44.1,pełne,2026-06-30
IK-11-02068,Z13,43.9,pełne,2026-01-29
IK-11-02068,Z17,66.3,częściowe,2026-03-04
IK-11-02068,Z10,39.2,częściowe,2026-04-08
IK-11-02068,Z02,78.1,częściowe,2025-02-19
IK-11-02069,Z13,23.8,częściowe,2025-05-06
IK-11-02069,Z17,52.1,brak,2026-04-27
IK-11-02069,Z10,56.2,pełne,2026-08-18
IK-11-02069,Z02,69.3,brak,2026-05-03
IK-11-02070,Z13,65.3,częściowe,2025-04-21
IK-11-02070,Z17,32.3,częściowe,2026-03-12
IK-11-02070,Z10,68.4,pełne,2026-02-18
IK-11-02070,Z02,37.6,pełne,2024-10-11
IK-11-02071,Z13,61.1,brak,2024-12-04
IK-11-02071,Z17,63.4,częściowe,2024-12-03
IK-11-02071,Z10,51.8,częściowe,2025-07-08
IK-11-02071,Z02,42.8,częściowe,2025-11-12
IK-11-02072,Z13,54.2,częściowe,2026-07-26
IK-11-02072,Z17,54.0,pełne,2026-03-01
IK-11-02072,Z10,43.9,częściowe,2025-08-07
IK-11-02072,Z02,61.0,pełne,2025-07-23
IK-11-02073,Z13,66.9,częściowe,2026-02-26
IK-11-02073,Z17,56.9,częściowe,2026-01-28
IK-11-02073,Z10,48.0,częściowe,2025-03-03
IK-11-02073,Z02,50.6,częściowe,2026-02-07
IK-11-02074,Z13,51.0,brak,2026-03-31
IK-11-02074,Z17,37.3,brak,2025-02-10
IK-11-02074,Z10,59.6,częściowe,2025-01-18
IK-11-02074,Z02,40.4,pełne,2026-03-11
IK-11-02075,Z13,49.1,brak,2024-10-21
IK-11-02075,Z17,17.7,pełne,2025-07-12
IK-11-02075,Z10,34.4,brak,2025-02-14
IK-11-02075,Z02,96.2,brak,2026-01-19
IK-11-02076,Z13,34.9,brak,2026-05-10
IK-11-02076,Z17,45.4,częściowe,2025-03-05
IK-11-02076,Z10,36.8,częściowe,2026-04-15
IK-11-02076,Z02,67.4,częściowe,2025-03-08
IK-11-02077,Z13,34.8,pełne,2026-01-16
IK-11-02077,Z17,67.3,brak,2026-05-02
IK-11-02077,Z10,53.9,brak,2025-04-11
IK-11-02077,Z02,15.5,częściowe,2026-03-31
IK-11-02078,Z13,51.5,pełne,2026-05-04
IK-11-02078,Z17,27.3,pełne,2025-06-25
IK-11-02078,Z10,50.3,brak,2024-11-10
IK-11-02078,Z02,37.2,częściowe,2026-05-12
IK-11-02079,Z13,32.1,częściowe,2025-03-14
IK-11-02079,Z17,31.1,brak,2025-01-11
IK-11-02079,Z10,30.5,częściowe,2026-06-07
IK-11-02079,Z02,16.0,częściowe,2025-03-27
IK-11-02080,Z13,54.5,częściowe,2026-07-30
IK-11-02080,Z17,18.1,częściowe,2026-07-24
IK-11-02080,Z10,42.0,częściowe,2026-01-08
IK-11-02080,Z02,23.9,częściowe,2024-11-07
IK-11-02081,Z13,31.7,częściowe,2025-03-18
IK-11-02081,Z17,64.1,częściowe,2025-05-16
IK-11-02081,Z10,42.2,częściowe,2025-12-01
IK-11-02081,Z02,32.1,częściowe,2025-09-19
IK-11-02082,Z13,35.8,częściowe,2024-10-24
IK-11-02082,Z17,21.7,częściowe,2026-05-21
IK-11-02082,Z10,55.4,częściowe,2025-12-27
IK-11-02082,Z02,57.8,częściowe,2025-09-28
IK-11-02083,Z13,50.7,brak,2025-03-17
IK-11-02083,Z17,42.7,pełne,2026-08-23
IK-11-02083,Z10,45.2,częściowe,2025-04-19
IK-11-02083,Z02,67.6,pełne,2026-05-24
IK-11-02084,Z13,58.9,częściowe,2026-04-07
IK-11-02084,Z17,47.9,pełne,2024-12-17
IK-11-02084,Z10,60.8,częściowe,2026-02-28
IK-11-02084,Z02,62.0,częściowe,2026-04-24
IK-11-02085,Z13,65.6,częściowe,2026-05-04
IK-11-02085,Z17,50.2,częściowe,2026-08-12
IK-11-02085,Z10,20.2,częściowe,2025-12-02
IK-11-02085,Z02,76.5,brak,2025-06-08
IK-11-02086,Z13,42.2,pełne,2025-03-04
IK-11-02086,Z17,50.8,pełne,2026-06-21
IK-11-02086,Z10,21.5,częściowe,2026-06-08
IK-11-02086,Z02,32.6,pełne,2024-10-29
IK-11-02087,Z13,25.2,częściowe,2025-02-28
IK-11-02087,Z17,50.4,pełne,2024-11-11
IK-11-02087,Z10,41.8,brak,2025-11-03
IK-11-02087,Z02,62.6,brak,2025-03-27
IK-11-02088,Z13,59.5,pełne,2025-10-16
IK-11-02088,Z17,36.8,częściowe,2025-12-25
IK-11-02088,Z10,44.0,częściowe,2025-07-04
IK-11-02088,Z02,31.6,brak,2025-07-20
IK-11-02089,Z13,22.5,brak,2025-04-13
IK-11-02089,Z17,59.8,pełne,2025-10-29
IK-11-02089,Z10,30.2,brak,2025-10-07
IK-11-02089,Z02,30.1,częściowe,2025-12-12
IK-11-02090,Z13,48.5,pełne,2025-04-05
IK-11-02090,Z17,24.9,częściowe,2024-11-12
IK-11-02090,Z10,57.9,częściowe,2025-06-19
IK-11-02090,Z02,69.3,częściowe,2025-05-27
IK-11-02091,Z13,20.5,brak,2025-10-02
IK-11-02091,Z17,59.4,częściowe,2024-12-11
IK-11-02091,Z10,64.8,pełne,2025-07-04
IK-11-02091,Z02,30.5,częściowe,2025-03-29
IK-11-02092,Z13,37.9,częściowe,2024-11-18
IK-11-02092,Z17,15.1,częściowe,2026-06-12
IK-11-02092,Z10,67.1,brak,2025-11-02
IK-11-02092,Z02,19.5,częściowe,2025-02-05
IK-11-02093,Z13,40.0,częściowe,2026-01-18
IK-11-02093,Z17,31.4,częściowe,2026-02-09
IK-11-02093,Z10,64.2,częściowe,2026-08-10
IK-11-02093,Z02,92.4,częściowe,2024-10-15
IK-11-02094,Z13,24.1,częściowe,2026-07-28
IK-11-02094,Z17,17.8,częściowe,2025-03-16
IK-11-02094,Z10,33.8,brak,2026-07-26
IK-11-02094,Z02,74.9,brak,2025-08-01
IK-11-02095,Z13,32.5,częściowe,2024-12-07
IK-11-02095,Z17,26.8,częściowe,2025-10-04
IK-11-02095,Z10,32.5,brak,2025-10-28
IK-11-02095,Z02,20.6,pełne,2026-05-02
IK-11-02096,Z13,38.1,częściowe,2025-12-11
IK-11-02096,Z17,50.9,brak,2026-03-27
IK-11-02096,Z10,27.5,brak,2026-06-10
IK-11-02096,Z02,74.6,brak,2026-04-17
IK-11-02097,Z13,17.3,częściowe,2026-01-18
IK-11-02097,Z17,24.5,brak,2025-03-19
IK-11-02097,Z10,48.6,brak,2026-08-20
IK-11-02097,Z02,32.9,brak,2026-01-29
IK-11-02098,Z13,23.7,pełne,2025-10-21
IK-11-02098,Z17,46.5,pełne,2026-03-21
IK-11-02098,Z10,47.3,częściowe,2026-04-11
IK-11-02098,Z02,26.6,częściowe,2026-02-10
IK-11-02099,Z13,33.9,częściowe,2024-10-22
IK-11-02099,Z17,44.1,brak,2026-06-26
IK-11-02099,Z10,60.3,brak,2025-06-30
IK-11-02099,Z02,16.2,brak,2025-06-20
IK-11-02100,Z13,30.0,pełne,2025-06-21
IK-11-02100,Z17,65.1,częściowe,2025-10-07
IK-11-02100,Z10,24.4,pełne,2025-11-28
IK-11-02100,Z02,86.0,częściowe,2026-07-06
IK-11-02101,Z13,69.0,brak,2025-03-30
IK-11-02101,Z17,15.9,częściowe,2025-08-20
IK-11-02101,Z10,51.8,brak,2024-12-18
IK-11-02101,Z02,59.8,częściowe,2026-04-07
IK-11-02102,Z13,39.3,częściowe,2025-03-09
IK-11-02102,Z17,24.7,brak,2025-01-11
IK-11-02102,Z10,47.8,częściowe,2025-10-27
IK-11-02102,Z02,17.4,częściowe,2025-05-01
IK-11-02103,Z13,41.1,brak,2024-11-27
IK-11-02103,Z17,49.3,pełne,2025-05-17
IK-11-02103,Z10,20.8,brak,2025-01-03
IK-11-02103,Z02,26.9,brak,2026-08-03
IK-11-02104,Z13,28.2,brak,2025-10-08
IK-11-02104,Z17,16.3,pełne,2025-07-12
IK-11-02104,Z10,30.0,pełne,2025-05-01
IK-11-02104,Z02,61.0,brak,2026-03-19
IK-11-02105,Z13,34.5,częściowe,2025-11-09
IK-11-02105,Z17,60.4,brak,2025-04-19
IK-11-02105,Z10,53.9,brak,2024-12-17
IK-11-02105,Z02,93.2,częściowe,2026-06-09
IK-11-02106,Z13,35.6,częściowe,2024-10-13
IK-11-02106,Z17,52.9,pełne,2024-12-25
IK-11-02106,Z10,54.1,brak,2025-09-07
IK-11-02106,Z02,36.1,częściowe,2025-08-16
